,Date,Team,Win,Loss,Tie,Diff,Division,Cum_Win,Cum_Loss,Cum_Tie,Cum_Diff,Season,Standing
0,08-22-2025,A-08,4,0,0,40.0,A,4,0,0,40.0,Fall,1
1,08-22-2025,A-02,4,0,0,39.0,A,4,0,0,39.0,Fall,2
2,08-22-2025,A-01,4,0,0,26.0,A,4,0,0,26.0,Fall,3
3,08-22-2025,A-07,4,0,0,25.0,A,4,0,0,25.0,Fall,4
4,08-22-2025,A-18,4,0,0,24.0,A,4,0,0,24.0,Fall,5
5,08-22-2025,A-11,2,1,1,18.0,A,2,1,1,18.0,Fall,6
6,08-22-2025,A-15,2,1,1,1.0,A,2,1,1,1.0,Fall,7
7,08-22-2025,A-06,2,2,0,3.0,A,2,2,0,3.0,Fall,8
8,08-22-2025,A-10,2,2,0,-10.0,A,2,2,0,-10.0,Fall,9
9,08-22-2025,A-16,2,2,0,-20.0,A,2,2,0,-20.0,Fall,10
10,08-22-2025,A-09,1,3,0,-6.0,A,1,3,0,-6.0,Fall,11
11,08-22-2025,A-05,1,3,0,-11.0,A,1,3,0,-11.0,Fall,12
12,08-22-2025,A-17,1,3,0,-19.0,A,1,3,0,-19.0,Fall,13
13,08-22-2025,A-03,1,3,0,-19.0,A,1,3,0,-19.0,Fall,14
14,08-22-2025,A-14,1,3,0,-28.0,A,1,3,0,-28.0,Fall,15
15,08-22-2025,A-13,0,4,0,-16.0,A,0,4,0,-16.0,Fall,16
16,08-22-2025,A-04,0,4,0,-20.0,A,0,4,0,-20.0,Fall,17
17,08-22-2025,A-12,0,4,0,-27.0,A,0,4,0,-27.0,Fall,18
18,09-05-2025,A-08,3,1,0,7.0,A,7,1,0,47.0,Fall,1
19,09-05-2025,A-02,3,1,0,5.0,A,7,1,0,44.0,Fall,2
20,09-05-2025,A-18,3,1,0,14.0,A,7,1,0,38.0,Fall,3
21,09-05-2025,A-07,3,1,0,13.0,A,7,1,0,38.0,Fall,4
22,09-05-2025,A-01,2,2,0,-2.0,A,6,2,0,24.0,Fall,5
23,09-05-2025,A-11,2,2,0,-2.0,A,4,3,1,16.0,Fall,6
24,09-05-2025,A-15,2,2,0,0.0,A,4,3,1,1.0,Fall,7
25,09-05-2025,A-09,3,1,0,14.0,A,4,4,0,8.0,Fall,8
26,09-05-2025,A-12,4,0,0,19.0,A,4,4,0,-8.0,Fall,9
27,09-05-2025,A-10,2,2,0,-8.0,A,4,4,0,-18.0,Fall,10
28,09-05-2025,A-06,1,3,0,-11.0,A,3,5,0,-8.0,Fall,11
29,09-05-2025,A-17,2,2,0,-4.0,A,3,5,0,-23.0,Fall,12
30,09-05-2025,A-16,1,3,0,-3.0,A,3,5,0,-23.0,Fall,13
31,09-05-2025,A-05,1,3,0,-6.0,A,2,6,0,-17.0,Fall,14
32,09-05-2025,A-13,2,2,0,-2.0,A,2,6,0,-18.0,Fall,15
33,09-05-2025,A-14,1,3,0,-7.0,A,2,6,0,-35.0,Fall,16
34,09-05-2025,A-04,1,3,0,-10.0,A,1,7,0,-30.0,Fall,17
35,09-05-2025,A-03,0,4,0,-17.0,A,1,7,0,-36.0,Fall,18
36,09-12-2025,A-07,4,0,0,33.0,A,11,1,0,71.0,Fall,1
37,09-12-2025,A-18,3,1,0,11.0,A,10,2,0,49.0,Fall,2
38,09-12-2025,A-08,2,1,1,2.0,A,9,2,1,49.0,Fall,3
39,09-12-2025,A-11,4,0,0,16.0,A,8,3,1,32.0,Fall,4
40,09-12-2025,A-01,2,1,1,1.0,A,8,3,1,25.0,Fall,5
41,09-12-2025,A-02,1,3,0,-10.0,A,8,4,0,34.0,Fall,6
42,09-12-2025,A-10,3,1,0,21.0,A,7,5,0,3.0,Fall,7
43,09-12-2025,A-15,2,2,0,-11.0,A,6,5,1,-10.0,Fall,8
44,09-12-2025,A-12,2,2,0,4.0,A,6,6,0,-4.0,Fall,9
45,09-12-2025,A-17,2,2,0,14.0,A,5,7,0,-9.0,Fall,10
46,09-12-2025,A-13,2,1,1,-2.0,A,4,7,1,-20.0,Fall,11
47,09-12-2025,A-06,1,3,0,0.0,A,4,8,0,-8.0,Fall,12
48,09-12-2025,A-09,0,4,0,-20.0,A,4,8,0,-12.0,Fall,13
49,09-12-2025,A-04,3,1,0,0.0,A,4,8,0,-30.0,Fall,14
50,09-12-2025,A-16,0,3,1,-12.0,A,3,8,1,-35.0,Fall,15
51,09-12-2025,A-05,1,3,0,0.0,A,3,9,0,-17.0,Fall,16
52,09-12-2025,A-03,2,2,0,0.0,A,3,9,0,-36.0,Fall,17
53,09-12-2025,A-14,0,4,0,-47.0,A,2,10,0,-82.0,Fall,18
54,09-19-2025,A-18,3,1,0,23.0,A,13,3,0,72.0,Fall,1
55,09-19-2025,A-08,3,1,0,0.0,A,12,3,1,49.0,Fall,2
56,09-19-2025,A-01,3,1,0,3.0,A,11,4,1,28.0,Fall,3
57,09-19-2025,A-07,0,4,0,-23.0,A,11,5,0,48.0,Fall,4
58,09-19-2025,A-10,4,0,0,25.0,A,11,5,0,28.0,Fall,5
59,09-19-2025,A-02,2,1,1,4.0,A,10,5,1,38.0,Fall,6
60,09-19-2025,A-11,2,2,0,-3.0,A,10,5,1,29.0,Fall,7
61,09-19-2025,A-12,3,1,0,2.0,A,9,7,0,-2.0,Fall,8
62,09-19-2025,A-15,2,2,0,9.0,A,8,7,1,-1.0,Fall,9
63,09-19-2025,A-05,4,0,0,26.0,A,7,9,0,9.0,Fall,10
64,09-19-2025,A-17,2,2,0,4.0,A,7,9,0,-5.0,Fall,11
65,09-19-2025,A-09,2,1,1,16.0,A,6,9,1,4.0,Fall,12
66,09-19-2025,A-04,2,2,0,-5.0,A,6,10,0,-35.0,Fall,13
67,09-19-2025,A-13,1,3,0,-20.0,A,5,10,1,-40.0,Fall,14
68,09-19-2025,A-06,1,3,0,0.0,A,5,11,0,-8.0,Fall,15
69,09-19-2025,A-16,1,3,0,-11.0,A,4,11,1,-46.0,Fall,16
70,09-19-2025,A-03,0,4,0,-30.0,A,3,13,0,-66.0,Fall,17
71,09-19-2025,A-14,0,4,0,-20.0,A,2,14,0,-102.0,Fall,18
72,09-26-2025,A-18,3,1,0,8.0,A,16,4,0,80.0,Fall,1
73,09-26-2025,A-08,2,2,0,14.0,A,14,5,1,63.0,Fall,2
74,09-26-2025,A-10,3,1,0,4.0,A,14,6,0,32.0,Fall,3
75,09-26-2025,A-02,3,1,0,15.0,A,13,6,1,53.0,Fall,4
76,09-26-2025,A-11,3,1,0,24.0,A,13,6,1,53.0,Fall,5
77,09-26-2025,A-01,2,2,0,2.0,A,13,6,1,30.0,Fall,6
78,09-26-2025,A-15,4,0,0,18.0,A,12,7,1,17.0,Fall,7
79,09-26-2025,A-07,0,4,0,-20.0,A,11,9,0,28.0,Fall,8
80,09-26-2025,A-12,2,2,0,7.0,A,11,9,0,5.0,Fall,9
81,09-26-2025,A-05,2,2,0,0.0,A,9,11,0,9.0,Fall,10
82,09-26-2025,A-16,4,0,0,40.0,A,8,11,1,-6.0,Fall,11
83,09-26-2025,A-09,2,2,0,-13.0,A,8,11,1,-9.0,Fall,12
84,09-26-2025,A-17,1,3,0,-22.0,A,8,12,0,-27.0,Fall,13
85,09-26-2025,A-13,2,2,0,4.0,A,7,12,1,-36.0,Fall,14
86,09-26-2025,A-04,1,3,0,-24.0,A,7,13,0,-59.0,Fall,15
87,09-26-2025,A-06,1,3,0,-18.0,A,6,14,0,-26.0,Fall,16
88,09-26-2025,A-03,1,3,0,-12.0,A,4,16,0,-78.0,Fall,17
89,09-26-2025,A-14,0,4,0,-27.0,A,2,18,0,-129.0,Fall,18
90,10-10-2025,A-18,4,0,0,30.0,A,20,4,0,110.0,Fall,1
91,10-10-2025,A-02,4,0,0,32.0,A,17,6,1,85.0,Fall,2
92,10-10-2025,A-01,4,0,0,31.0,A,17,6,1,61.0,Fall,3
93,10-10-2025,A-10,2,2,0,1.0,A,16,8,0,33.0,Fall,4
94,10-10-2025,A-08,1,3,0,3.0,A,15,8,1,66.0,Fall,5
95,10-10-2025,A-11,2,2,0,1.0,A,15,8,1,54.0,Fall,6
96,10-10-2025,A-15,3,1,0,21.0,A,15,8,1,38.0,Fall,7
97,10-10-2025,A-07,2,2,0,-4.0,A,13,11,0,24.0,Fall,8
98,10-10-2025,A-12,2,2,0,3.0,A,13,11,0,8.0,Fall,9
99,10-10-2025,A-16,3,1,0,23.0,A,11,12,1,17.0,Fall,10
100,10-10-2025,A-09,2,2,0,13.0,A,10,13,1,4.0,Fall,11
101,10-10-2025,A-13,2,2,0,1.0,A,9,14,1,-35.0,Fall,12
102,10-10-2025,A-05,0,4,0,-44.0,A,9,15,0,-35.0,Fall,13
103,10-10-2025,A-17,1,3,0,-23.0,A,9,15,0,-50.0,Fall,14
104,10-10-2025,A-06,2,2,0,0.0,A,8,16,0,-26.0,Fall,15
105,10-10-2025,A-04,1,3,0,-22.0,A,8,16,0,-81.0,Fall,16
106,10-10-2025,A-03,1,3,0,-35.0,A,5,19,0,-113.0,Fall,17
107,10-10-2025,A-14,0,4,0,-31.0,A,2,22,0,-160.0,Fall,18
108,10-17-2025,A-18,3,1,0,39.0,A,23,5,0,149.0,Fall,1
109,10-17-2025,A-01,2,1,1,14.0,A,19,7,2,75.0,Fall,2
110,10-17-2025,A-10,3,1,0,21.0,A,19,9,0,54.0,Fall,3
111,10-17-2025,A-08,3,0,1,26.0,A,18,8,2,92.0,Fall,4
112,10-17-2025,A-11,3,1,0,3.0,A,18,9,1,57.0,Fall,5
113,10-17-2025,A-02,1,3,0,-33.0,A,18,9,1,52.0,Fall,6
114,10-17-2025,A-15,1,3,0,-4.0,A,16,11,1,34.0,Fall,7
115,10-17-2025,A-12,3,1,0,3.0,A,16,12,0,11.0,Fall,8
116,10-17-2025,A-16,4,0,0,18.0,A,15,12,1,35.0,Fall,9
117,10-17-2025,A-07,2,2,0,5.0,A,15,13,0,29.0,Fall,10
118,10-17-2025,A-09,2,2,0,-4.0,A,12,15,1,0.0,Fall,11
119,10-17-2025,A-13,3,1,0,17.0,A,12,15,1,-18.0,Fall,12
120,10-17-2025,A-06,3,1,0,8.0,A,11,17,0,-18.0,Fall,13
121,10-17-2025,A-04,2,2,0,-6.0,A,10,18,0,-87.0,Fall,14
122,10-17-2025,A-05,0,4,0,-23.0,A,9,19,0,-58.0,Fall,15
123,10-17-2025,A-17,0,4,0,-40.0,A,9,19,0,-90.0,Fall,16
124,10-17-2025,A-03,0,4,0,-24.0,A,5,23,0,-137.0,Fall,17
125,10-17-2025,A-14,0,4,0,-20.0,A,2,26,0,-180.0,Fall,18
126,10-24-2025,A-18,4,0,0,33.0,A,27,5,0,182.0,Fall,1
127,10-24-2025,A-01,4,0,0,17.0,A,23,7,2,92.0,Fall,2
128,10-24-2025,A-02,3,1,0,17.0,A,21,10,1,69.0,Fall,3
129,10-24-2025,A-11,3,1,0,4.0,A,21,10,1,61.0,Fall,4
130,10-24-2025,A-10,2,2,0,0.0,A,21,11,0,54.0,Fall,5
131,10-24-2025,A-08,1,2,1,-4.0,A,19,10,3,88.0,Fall,6
132,10-24-2025,A-15,3,1,0,21.0,A,19,12,1,55.0,Fall,7
133,10-24-2025,A-12,2,2,0,0.0,A,18,14,0,11.0,Fall,8
134,10-24-2025,A-16,1,2,1,-4.0,A,16,14,2,31.0,Fall,9
135,10-24-2025,A-07,1,2,1,0.0,A,16,15,1,29.0,Fall,10
136,10-24-2025,A-13,2,1,1,4.0,A,14,16,2,-14.0,Fall,11
137,10-24-2025,A-09,0,4,0,-27.0,A,12,19,1,-27.0,Fall,12
138,10-24-2025,A-06,1,3,0,-11.0,A,12,20,0,-29.0,Fall,13
139,10-24-2025,A-05,3,1,0,11.0,A,12,20,0,-47.0,Fall,14
140,10-24-2025,A-17,2,2,0,-6.0,A,11,21,0,-96.0,Fall,15
141,10-24-2025,A-04,0,4,0,-17.0,A,10,22,0,-104.0,Fall,16
142,10-24-2025,A-03,0,4,0,-32.0,A,5,27,0,-169.0,Fall,17
143,10-24-2025,A-14,2,2,0,-6.0,A,4,28,0,-186.0,Fall,18
144,11-07-2025,A-18,2,2,0,10.0,A,29,7,0,192.0,Fall,1
145,11-07-2025,A-02,4,0,0,32.0,A,25,10,1,101.0,Fall,2
146,11-07-2025,A-11,4,0,0,25.0,A,25,10,1,86.0,Fall,3
147,11-07-2025,A-08,4,0,0,47.0,A,23,10,3,135.0,Fall,4
148,11-07-2025,A-01,0,4,0,-38.0,A,23,11,2,54.0,Fall,5
149,11-07-2025,A-10,1,3,0,-12.0,A,22,14,0,42.0,Fall,6
150,11-07-2025,A-15,2,2,0,-2.0,A,21,14,1,53.0,Fall,7
151,11-07-2025,A-16,4,0,0,25.0,A,20,14,2,56.0,Fall,8
152,11-07-2025,A-12,2,2,0,-1.0,A,20,16,0,10.0,Fall,9
153,11-07-2025,A-07,2,2,0,6.0,A,18,17,1,35.0,Fall,10
154,11-07-2025,A-13,2,2,0,-4.0,A,16,18,2,-18.0,Fall,11
155,11-07-2025,A-05,4,0,0,30.0,A,16,20,0,-17.0,Fall,12
156,11-07-2025,A-09,1,3,0,-35.0,A,13,22,1,-62.0,Fall,13
157,11-07-2025,A-17,2,2,0,-8.0,A,13,23,0,-104.0,Fall,14
158,11-07-2025,A-06,0,4,0,-29.0,A,12,24,0,-58.0,Fall,15
159,11-07-2025,A-04,0,4,0,-21.0,A,10,26,0,-125.0,Fall,16
160,11-07-2025,A-03,2,2,0,28.0,A,7,29,0,-141.0,Fall,17
161,11-07-2025,A-14,0,4,0,-53.0,A,4,32,0,-239.0,Fall,18
162,11-14-2025,A-18,2,2,0,8.0,A,31,9,0,200.0,Fall,1
163,11-14-2025,A-11,4,0,0,28.0,A,29,10,1,114.0,Fall,2
164,11-14-2025,A-08,3,1,0,6.0,A,26,11,3,141.0,Fall,3
165,11-14-2025,A-01,3,1,0,10.0,A,26,12,2,64.0,Fall,4
166,11-14-2025,A-02,0,4,0,-66.0,A,25,14,1,35.0,Fall,5
167,11-14-2025,A-15,1,3,0,-18.0,A,22,17,1,35.0,Fall,6
168,11-14-2025,A-10,0,3,1,-9.0,A,22,17,1,33.0,Fall,7
169,11-14-2025,A-16,1,3,0,-6.0,A,21,17,2,50.0,Fall,8
170,11-14-2025,A-12,1,3,0,-7.0,A,21,19,0,3.0,Fall,9
171,11-14-2025,A-07,1,3,0,-10.0,A,19,20,1,25.0,Fall,10
172,11-14-2025,A-05,3,1,0,10.0,A,19,21,0,-7.0,Fall,11
173,11-14-2025,A-13,2,2,0,-4.0,A,18,20,2,-22.0,Fall,12
174,11-14-2025,A-09,3,1,0,17.0,A,16,23,1,-45.0,Fall,13
175,11-14-2025,A-17,2,1,1,-1.0,A,15,24,1,-105.0,Fall,14
176,11-14-2025,A-06,3,1,0,49.0,A,15,25,0,-9.0,Fall,15
177,11-14-2025,A-04,2,2,0,1.0,A,12,28,0,-124.0,Fall,16
178,11-14-2025,A-03,4,0,0,22.0,A,11,29,0,-119.0,Fall,17
179,11-14-2025,A-14,0,4,0,-30.0,A,4,36,0,-269.0,Fall,18
180,11-21-2025,A-18,3,1,0,20.0,A,34,10,0,220.0,Fall,1
181,11-21-2025,A-11,3,1,0,-4.0,A,32,11,1,110.0,Fall,2
182,11-21-2025,A-01,4,0,0,38.0,A,30,12,2,102.0,Fall,3
183,11-21-2025,A-08,3,1,0,0.0,A,29,12,3,141.0,Fall,4
184,11-21-2025,A-02,2,2,0,19.0,A,27,16,1,54.0,Fall,5
185,11-21-2025,A-16,2,2,0,0.0,A,23,19,2,50.0,Fall,6
186,11-21-2025,A-15,1,3,0,-39.0,A,23,20,1,-4.0,Fall,7
187,11-21-2025,A-10,0,0,4,0.0,A,22,17,5,33.0,Fall,8
188,11-21-2025,A-12,0,0,4,0.0,A,21,19,4,3.0,Fall,9
189,11-21-2025,A-05,0,0,4,0.0,A,19,21,4,-7.0,Fall,10
190,11-21-2025,A-07,0,2,2,-50.0,A,19,22,3,-25.0,Fall,11
191,11-21-2025,A-13,0,4,0,0.0,A,18,24,2,-22.0,Fall,12
192,11-21-2025,A-17,3,1,0,0.0,A,18,25,1,-105.0,Fall,13
193,11-21-2025,A-09,1,3,0,4.0,A,17,26,1,-41.0,Fall,14
194,11-21-2025,A-04,4,0,0,100.0,A,16,28,0,-24.0,Fall,15
195,11-21-2025,A-06,1,3,0,-26.0,A,16,28,0,-35.0,Fall,16
196,11-21-2025,A-03,0,2,2,-50.0,A,11,31,2,-169.0,Fall,17
197,11-21-2025,A-14,1,3,0,-12.0,A,5,39,0,-281.0,Fall,18
198,08-22-2025,C-08 The Quack Pack,4,0,0,43.0,C,4,0,0,43.0,Fall,1
199,08-22-2025,C-12 Blocktopusses,4,0,0,31.0,C,4,0,0,31.0,Fall,2
200,08-22-2025,C-01 Hitty Kitties,4,0,0,12.0,C,4,0,0,12.0,Fall,3
201,08-22-2025,C-17 Fowl Play,3,1,0,24.0,C,3,1,0,24.0,Fall,4
202,08-22-2025,C-03 Balls to the Narwhals,3,1,0,9.0,C,3,1,0,9.0,Fall,5
203,08-22-2025,C-14 Hot Cheetahs,3,1,0,9.0,C,3,1,0,9.0,Fall,6
204,08-22-2025,C-07 Otter Chaos,2,1,1,11.0,C,2,1,1,11.0,Fall,7
205,08-22-2025,C-05 Bumpin Bunnies,2,2,0,10.0,C,2,2,0,10.0,Fall,8
206,08-22-2025,C-18 Digletts,2,2,0,1.0,C,2,2,0,1.0,Fall,9
207,08-22-2025,C-11 Las Vulturistas,2,2,0,-1.0,C,2,2,0,-1.0,Fall,10
208,08-22-2025,C-13 Doggy Style,2,2,0,-2.0,C,2,2,0,-2.0,Fall,11
209,08-22-2025,C-16 No Fox Given,1,2,1,-20.0,C,1,2,1,-20.0,Fall,12
210,08-22-2025,C-02 Glory H Gorillas,1,3,0,-19.0,C,1,3,0,-19.0,Fall,13
211,08-22-2025,"C-15 Dig, Dig, Goose",1,3,0,-23.0,C,1,3,0,-23.0,Fall,14
212,08-22-2025,C-09 Strikalotls,0,3,1,-20.0,C,0,3,1,-20.0,Fall,15
213,08-22-2025,C-04 Panda-Monium,0,3,1,-23.0,C,0,3,1,-23.0,Fall,16
214,08-22-2025,C-10 Duck Around and Find Out,0,4,0,-10.0,C,0,4,0,-10.0,Fall,17
215,08-22-2025,C-06 The GOATs,0,4,0,-32.0,C,0,4,0,-32.0,Fall,18
216,09-05-2025,C-08 The Quack Pack,3,1,0,17.0,C,7,1,0,60.0,Fall,1
217,09-05-2025,C-12 Blocktopusses,3,1,0,25.0,C,7,1,0,56.0,Fall,2
218,09-05-2025,C-07 Otter Chaos,4,0,0,20.0,C,6,1,1,31.0,Fall,3
219,09-05-2025,C-17 Fowl Play,3,1,0,12.0,C,6,2,0,36.0,Fall,4
220,09-05-2025,C-18 Digletts,4,0,0,27.0,C,6,2,0,28.0,Fall,5
221,09-05-2025,C-03 Balls to the Narwhals,3,1,0,14.0,C,6,2,0,23.0,Fall,6
222,09-05-2025,C-05 Bumpin Bunnies,2,2,0,-6.0,C,4,4,0,4.0,Fall,7
223,09-05-2025,C-14 Hot Cheetahs,1,3,0,-14.0,C,4,4,0,-5.0,Fall,8
224,09-05-2025,C-11 Las Vulturistas,2,2,0,-4.0,C,4,4,0,-5.0,Fall,9
225,09-05-2025,C-02 Glory H Gorillas,3,1,0,12.0,C,4,4,0,-7.0,Fall,10
226,09-05-2025,C-01 Hitty Kitties,0,4,0,-39.0,C,4,4,0,-27.0,Fall,11
227,09-05-2025,C-13 Doggy Style,1,3,0,-13.0,C,3,5,0,-15.0,Fall,12
228,09-05-2025,"C-15 Dig, Dig, Goose",2,2,0,-3.0,C,3,5,0,-26.0,Fall,13
229,09-05-2025,C-09 Strikalotls,2,2,0,-6.0,C,2,5,1,-26.0,Fall,14
230,09-05-2025,C-16 No Fox Given,1,3,0,-8.0,C,2,5,1,-28.0,Fall,15
231,09-05-2025,C-04 Panda-Monium,1,3,0,-6.0,C,1,6,1,-29.0,Fall,16
232,09-05-2025,C-06 The GOATs,1,3,0,-7.0,C,1,7,0,-39.0,Fall,17
233,09-05-2025,C-10 Duck Around and Find Out,0,4,0,-21.0,C,0,8,0,-31.0,Fall,18
234,09-12-2025,C-12 Blocktopusses,3,1,0,17.0,C,10,2,0,73.0,Fall,1
235,09-12-2025,C-08 The Quack Pack,3,1,0,9.0,C,10,2,0,69.0,Fall,2
236,09-12-2025,C-07 Otter Chaos,3,1,0,14.0,C,9,2,1,45.0,Fall,3
237,09-12-2025,C-17 Fowl Play,2,2,0,-7.0,C,8,4,0,29.0,Fall,4
238,09-12-2025,C-02 Glory H Gorillas,4,0,0,28.0,C,8,4,0,21.0,Fall,5
239,09-12-2025,C-03 Balls to the Narwhals,2,2,0,-7.0,C,8,4,0,16.0,Fall,6
240,09-12-2025,C-18 Digletts,1,3,0,-19.0,C,7,5,0,9.0,Fall,7
241,09-12-2025,C-01 Hitty Kitties,3,1,0,17.0,C,7,5,0,-10.0,Fall,8
242,09-12-2025,C-11 Las Vulturistas,2,2,0,3.0,C,6,6,0,-2.0,Fall,9
243,09-12-2025,C-13 Doggy Style,2,2,0,9.0,C,5,7,0,-6.0,Fall,10
244,09-12-2025,C-14 Hot Cheetahs,1,3,0,-7.0,C,5,7,0,-12.0,Fall,11
245,09-12-2025,C-05 Bumpin Bunnies,1,3,0,-18.0,C,5,7,0,-14.0,Fall,12
246,09-12-2025,C-16 No Fox Given,2,2,0,2.0,C,4,7,1,-26.0,Fall,13
247,09-12-2025,C-04 Panda-Monium,2,2,0,18.0,C,3,8,1,-11.0,Fall,14
248,09-12-2025,C-09 Strikalotls,1,3,0,-20.0,C,3,8,1,-46.0,Fall,15
249,09-12-2025,C-06 The GOATs,2,2,0,-11.0,C,3,9,0,-50.0,Fall,16
250,09-12-2025,"C-15 Dig, Dig, Goose",0,4,0,-29.0,C,3,9,0,-55.0,Fall,17
251,09-12-2025,C-10 Duck Around and Find Out,2,2,0,1.0,C,2,10,0,-30.0,Fall,18
252,09-19-2025,C-12 Blocktopusses,4,0,0,34.0,C,14,2,0,107.0,Fall,1
253,09-19-2025,C-08 The Quack Pack,4,0,0,11.0,C,14,2,0,80.0,Fall,2
254,09-19-2025,C-02 Glory H Gorillas,2,2,0,-7.0,C,10,6,0,14.0,Fall,3
255,09-19-2025,C-11 Las Vulturistas,4,0,0,16.0,C,10,6,0,14.0,Fall,4
256,09-19-2025,C-03 Balls to the Narwhals,2,2,0,-4.0,C,10,6,0,12.0,Fall,5
257,09-19-2025,C-07 Otter Chaos,0,4,0,-16.0,C,9,6,1,29.0,Fall,6
258,09-19-2025,C-18 Digletts,2,2,0,5.0,C,9,7,0,14.0,Fall,7
259,09-19-2025,C-14 Hot Cheetahs,4,0,0,23.0,C,9,7,0,11.0,Fall,8
260,09-19-2025,C-17 Fowl Play,1,3,0,-19.0,C,9,7,0,10.0,Fall,9
261,09-19-2025,C-05 Bumpin Bunnies,3,1,0,23.0,C,8,8,0,9.0,Fall,10
262,09-19-2025,C-13 Doggy Style,3,1,0,14.0,C,8,8,0,8.0,Fall,11
263,09-19-2025,C-01 Hitty Kitties,1,3,0,-1.0,C,8,8,0,-11.0,Fall,12
264,09-19-2025,C-04 Panda-Monium,2,2,0,2.0,C,5,10,1,-9.0,Fall,13
265,09-19-2025,C-16 No Fox Given,1,3,0,-17.0,C,5,10,1,-43.0,Fall,14
266,09-19-2025,C-09 Strikalotls,1,3,0,-7.0,C,4,11,1,-53.0,Fall,15
267,09-19-2025,C-06 The GOATs,1,3,0,-15.0,C,4,12,0,-65.0,Fall,16
268,09-19-2025,"C-15 Dig, Dig, Goose",1,3,0,-17.0,C,4,12,0,-72.0,Fall,17
269,09-19-2025,C-10 Duck Around and Find Out,0,4,0,-25.0,C,2,14,0,-55.0,Fall,18
270,09-26-2025,C-08 The Quack Pack,4,0,0,46.0,C,18,2,0,126.0,Fall,1
271,09-26-2025,C-12 Blocktopusses,3,1,0,22.0,C,17,3,0,129.0,Fall,2
272,09-26-2025,C-07 Otter Chaos,4,0,0,34.0,C,13,6,1,63.0,Fall,3
273,09-26-2025,C-18 Digletts,2,2,0,17.0,C,11,9,0,31.0,Fall,4
274,09-26-2025,C-14 Hot Cheetahs,2,2,0,18.0,C,11,9,0,29.0,Fall,5
275,09-26-2025,C-13 Doggy Style,3,1,0,4.0,C,11,9,0,12.0,Fall,6
276,09-26-2025,C-17 Fowl Play,2,2,0,-2.0,C,11,9,0,8.0,Fall,7
277,09-26-2025,C-02 Glory H Gorillas,1,3,0,-20.0,C,11,9,0,-6.0,Fall,8
278,09-26-2025,C-03 Balls to the Narwhals,1,3,0,-21.0,C,11,9,0,-9.0,Fall,9
279,09-26-2025,C-05 Bumpin Bunnies,2,2,0,-2.0,C,10,10,0,7.0,Fall,10
280,09-26-2025,C-11 Las Vulturistas,0,4,0,-24.0,C,10,10,0,-10.0,Fall,11
281,09-26-2025,C-01 Hitty Kitties,2,2,0,-4.0,C,10,10,0,-15.0,Fall,12
282,09-26-2025,C-04 Panda-Monium,4,0,0,26.0,C,9,10,1,17.0,Fall,13
283,09-26-2025,C-16 No Fox Given,3,1,0,-3.0,C,8,11,1,-46.0,Fall,14
284,09-26-2025,C-06 The GOATs,2,2,0,-4.0,C,6,14,0,-69.0,Fall,15
285,09-26-2025,C-09 Strikalotls,1,3,0,-15.0,C,5,14,1,-68.0,Fall,16
286,09-26-2025,"C-15 Dig, Dig, Goose",0,4,0,-30.0,C,4,16,0,-102.0,Fall,17
287,09-26-2025,C-10 Duck Around and Find Out,0,4,0,-42.0,C,2,18,0,-97.0,Fall,18
288,10-10-2025,C-08 The Quack Pack,4,0,0,45.0,C,22,2,0,171.0,Fall,1
289,10-10-2025,C-12 Blocktopusses,3,1,0,10.0,C,20,4,0,139.0,Fall,2
290,10-10-2025,C-07 Otter Chaos,2,2,0,15.0,C,15,8,1,78.0,Fall,3
291,10-10-2025,C-14 Hot Cheetahs,3,1,0,18.0,C,14,10,0,47.0,Fall,4
292,10-10-2025,C-05 Bumpin Bunnies,4,0,0,27.0,C,14,10,0,34.0,Fall,5
293,10-10-2025,C-17 Fowl Play,3,1,0,18.0,C,14,10,0,26.0,Fall,6
294,10-10-2025,C-11 Las Vulturistas,3,1,0,15.0,C,13,11,0,5.0,Fall,7
295,10-10-2025,C-02 Glory H Gorillas,2,2,0,0.0,C,13,11,0,-6.0,Fall,8
296,10-10-2025,C-04 Panda-Monium,3,0,1,15.0,C,12,10,2,32.0,Fall,9
297,10-10-2025,C-13 Doggy Style,1,2,1,-16.0,C,12,11,1,-4.0,Fall,10
298,10-10-2025,C-01 Hitty Kitties,2,2,0,7.0,C,12,12,0,-8.0,Fall,11
299,10-10-2025,C-18 Digletts,0,4,0,-33.0,C,11,13,0,-2.0,Fall,12
300,10-10-2025,C-03 Balls to the Narwhals,0,4,0,-45.0,C,11,13,0,-54.0,Fall,13
301,10-10-2025,C-16 No Fox Given,1,3,0,-6.0,C,9,14,1,-52.0,Fall,14
302,10-10-2025,C-06 The GOATs,2,2,0,-12.0,C,8,16,0,-81.0,Fall,15
303,10-10-2025,C-09 Strikalotls,0,4,0,-34.0,C,5,18,1,-102.0,Fall,16
304,10-10-2025,"C-15 Dig, Dig, Goose",1,3,0,1.0,C,5,19,0,-101.0,Fall,17
305,10-10-2025,C-10 Duck Around and Find Out,1,3,0,-25.0,C,3,21,0,-122.0,Fall,18
306,10-17-2025,C-08 The Quack Pack,4,0,0,27.0,C,26,2,0,198.0,Fall,1
307,10-17-2025,C-12 Blocktopusses,2,2,0,-9.0,C,22,6,0,130.0,Fall,2
308,10-17-2025,C-07 Otter Chaos,3,1,0,-6.0,C,18,9,1,72.0,Fall,3
309,10-17-2025,C-05 Bumpin Bunnies,3,1,0,26.0,C,17,11,0,60.0,Fall,4
310,10-17-2025,C-14 Hot Cheetahs,2,2,0,5.0,C,16,12,0,52.0,Fall,5
311,10-17-2025,C-11 Las Vulturistas,3,1,0,15.0,C,16,12,0,20.0,Fall,6
312,10-17-2025,C-04 Panda-Monium,3,1,0,-2.0,C,15,11,2,30.0,Fall,7
313,10-17-2025,C-13 Doggy Style,2,2,0,4.0,C,14,13,1,0.0,Fall,8
314,10-17-2025,C-17 Fowl Play,0,4,0,-19.0,C,14,14,0,7.0,Fall,9
315,10-17-2025,C-01 Hitty Kitties,2,2,0,-8.0,C,14,14,0,-16.0,Fall,10
316,10-17-2025,C-02 Glory H Gorillas,1,3,0,-12.0,C,14,14,0,-18.0,Fall,11
317,10-17-2025,C-03 Balls to the Narwhals,3,1,0,5.0,C,14,14,0,-49.0,Fall,12
318,10-17-2025,C-18 Digletts,2,2,0,14.0,C,13,15,0,12.0,Fall,13
319,10-17-2025,C-06 The GOATs,2,2,0,6.0,C,10,18,0,-75.0,Fall,14
320,10-17-2025,C-16 No Fox Given,0,4,0,-20.0,C,9,18,1,-72.0,Fall,15
321,10-17-2025,C-09 Strikalotls,2,2,0,1.0,C,7,20,1,-101.0,Fall,16
322,10-17-2025,"C-15 Dig, Dig, Goose",2,2,0,-7.0,C,7,21,0,-108.0,Fall,17
323,10-17-2025,C-10 Duck Around and Find Out,0,4,0,-20.0,C,3,25,0,-142.0,Fall,18
324,10-24-2025,C-08 The Quack Pack,4,0,0,34.0,C,30,2,0,232.0,Fall,1
325,10-24-2025,C-12 Blocktopusses,1,3,0,-11.0,C,23,9,0,119.0,Fall,2
326,10-24-2025,C-05 Bumpin Bunnies,4,0,0,39.0,C,21,11,0,99.0,Fall,3
327,10-24-2025,C-07 Otter Chaos,1,3,0,-15.0,C,19,12,1,57.0,Fall,4
328,10-24-2025,C-13 Doggy Style,4,0,0,41.0,C,18,13,1,41.0,Fall,5
329,10-24-2025,C-14 Hot Cheetahs,2,2,0,6.0,C,18,14,0,58.0,Fall,6
330,10-24-2025,C-04 Panda-Monium,2,2,0,0.0,C,17,13,2,30.0,Fall,7
331,10-24-2025,C-11 Las Vulturistas,1,3,0,-19.0,C,17,15,0,1.0,Fall,8
332,10-24-2025,C-01 Hitty Kitties,3,1,0,11.0,C,17,15,0,-5.0,Fall,9
333,10-24-2025,C-18 Digletts,3,1,0,10.0,C,16,16,0,22.0,Fall,10
334,10-24-2025,C-02 Glory H Gorillas,1,2,1,-12.0,C,15,16,1,-30.0,Fall,11
335,10-24-2025,C-17 Fowl Play,1,3,0,-5.0,C,15,17,0,2.0,Fall,12
336,10-24-2025,C-03 Balls to the Narwhals,1,3,0,-4.0,C,15,17,0,-53.0,Fall,13
337,10-24-2025,C-06 The GOATs,2,1,1,6.0,C,12,19,1,-69.0,Fall,14
338,10-24-2025,C-16 No Fox Given,1,3,0,-19.0,C,10,21,1,-91.0,Fall,15
339,10-24-2025,C-09 Strikalotls,2,2,0,-5.0,C,9,22,1,-106.0,Fall,16
340,10-24-2025,"C-15 Dig, Dig, Goose",1,3,0,-35.0,C,8,24,0,-143.0,Fall,17
341,10-24-2025,C-10 Duck Around and Find Out,1,3,0,-22.0,C,4,28,0,-164.0,Fall,18
342,11-07-2025,C-08 The Quack Pack,3,1,0,14.0,C,33,3,0,246.0,Fall,1
343,11-07-2025,C-12 Blocktopusses,3,1,0,2.0,C,26,10,0,121.0,Fall,2
344,11-07-2025,C-05 Bumpin Bunnies,3,1,0,21.0,C,24,12,0,120.0,Fall,3
345,11-07-2025,C-07 Otter Chaos,3,1,0,22.0,C,22,13,1,79.0,Fall,4
346,11-07-2025,C-14 Hot Cheetahs,3,1,0,15.0,C,21,15,0,73.0,Fall,5
347,11-07-2025,C-04 Panda-Monium,3,1,0,9.0,C,20,14,2,39.0,Fall,6
348,11-07-2025,C-13 Doggy Style,2,2,0,9.0,C,20,15,1,50.0,Fall,7
349,11-07-2025,C-18 Digletts,4,0,0,30.0,C,20,16,0,52.0,Fall,8
350,11-07-2025,C-02 Glory H Gorillas,3,1,0,14.0,C,18,17,1,-16.0,Fall,9
351,11-07-2025,C-11 Las Vulturistas,1,3,0,-18.0,C,18,18,0,-17.0,Fall,10
352,11-07-2025,C-01 Hitty Kitties,0,4,0,-36.0,C,17,19,0,-41.0,Fall,11
353,11-07-2025,C-17 Fowl Play,1,3,0,-9.0,C,16,20,0,-7.0,Fall,12
354,11-07-2025,C-03 Balls to the Narwhals,1,3,0,-11.0,C,16,20,0,-64.0,Fall,13
355,11-07-2025,C-06 The GOATs,0,4,0,-23.0,C,12,23,1,-92.0,Fall,14
356,11-07-2025,C-16 No Fox Given,2,2,0,-4.0,C,12,23,1,-95.0,Fall,15
357,11-07-2025,C-09 Strikalotls,1,3,0,-12.0,C,10,25,1,-118.0,Fall,16
358,11-07-2025,"C-15 Dig, Dig, Goose",1,3,0,-21.0,C,9,27,0,-164.0,Fall,17
359,11-07-2025,C-10 Duck Around and Find Out,2,2,0,-2.0,C,6,30,0,-166.0,Fall,18
360,11-14-2025,C-08 The Quack Pack,3,0,1,15.0,C,36,3,1,261.0,Fall,1
361,11-14-2025,C-12 Blocktopusses,2,1,1,4.0,C,28,11,1,125.0,Fall,2
362,11-14-2025,C-05 Bumpin Bunnies,4,0,0,31.0,C,28,12,0,151.0,Fall,3
363,11-14-2025,C-07 Otter Chaos,3,1,0,24.0,C,25,14,1,103.0,Fall,4
364,11-14-2025,C-14 Hot Cheetahs,3,1,0,23.0,C,24,16,0,96.0,Fall,5
365,11-14-2025,C-18 Digletts,3,1,0,19.0,C,23,17,0,71.0,Fall,6
366,11-14-2025,C-13 Doggy Style,2,2,0,0.0,C,22,17,1,50.0,Fall,7
367,11-14-2025,C-01 Hitty Kitties,4,0,0,24.0,C,21,19,0,-17.0,Fall,8
368,11-14-2025,C-04 Panda-Monium,0,4,0,-19.0,C,20,18,2,20.0,Fall,9
369,11-14-2025,C-02 Glory H Gorillas,1,3,0,-4.0,C,19,20,1,-20.0,Fall,10
370,11-14-2025,C-11 Las Vulturistas,1,3,0,-13.0,C,19,21,0,-30.0,Fall,11
371,11-14-2025,C-17 Fowl Play,1,3,0,-13.0,C,17,23,0,-20.0,Fall,12
372,11-14-2025,C-03 Balls to the Narwhals,0,4,0,-42.0,C,16,24,0,-106.0,Fall,13
373,11-14-2025,C-09 Strikalotls,4,0,0,19.0,C,14,25,1,-99.0,Fall,14
374,11-14-2025,C-06 The GOATs,1,3,0,-15.0,C,13,26,1,-107.0,Fall,15
375,11-14-2025,C-16 No Fox Given,0,4,0,-31.0,C,12,27,1,-126.0,Fall,16
376,11-14-2025,"C-15 Dig, Dig, Goose",2,2,0,-11.0,C,11,29,0,-175.0,Fall,17
377,11-14-2025,C-10 Duck Around and Find Out,1,3,0,-11.0,C,7,33,0,-177.0,Fall,18
378,11-21-2025,C-08 The Quack Pack,4,0,0,38.0,C,40,3,1,299.0,Fall,1
379,11-21-2025,C-12 Blocktopusses,3,1,0,22.0,C,31,12,1,147.0,Fall,2
380,11-21-2025,C-05 Bumpin Bunnies,3,1,0,20.0,C,31,13,0,171.0,Fall,3
381,11-21-2025,C-07 Otter Chaos,4,0,0,42.0,C,29,14,1,145.0,Fall,4
382,11-21-2025,C-14 Hot Cheetahs,4,0,0,30.0,C,28,16,0,126.0,Fall,5
383,11-21-2025,C-18 Digletts,4,0,0,40.0,C,27,17,0,111.0,Fall,6
384,11-21-2025,C-13 Doggy Style,1,3,0,-16.0,C,23,20,1,34.0,Fall,7
385,11-21-2025,C-11 Las Vulturistas,3,1,0,16.0,C,22,22,0,-14.0,Fall,8
386,11-21-2025,C-01 Hitty Kitties,1,3,0,-12.0,C,22,22,0,-29.0,Fall,9
387,11-21-2025,C-04 Panda-Monium,1,3,0,-20.0,C,21,21,2,0.0,Fall,10
388,11-21-2025,C-02 Glory H Gorillas,2,2,0,13.0,C,21,22,1,-7.0,Fall,11
389,11-21-2025,C-17 Fowl Play,1,3,0,-22.0,C,18,26,0,-42.0,Fall,12
390,11-21-2025,C-03 Balls to the Narwhals,1,3,0,-22.0,C,17,27,0,-128.0,Fall,13
391,11-21-2025,C-09 Strikalotls,2,2,0,5.0,C,16,27,1,-94.0,Fall,14
392,11-21-2025,C-06 The GOATs,1,3,0,-18.0,C,14,29,1,-125.0,Fall,15
393,11-21-2025,C-16 No Fox Given,1,3,0,-21.0,C,13,30,1,-147.0,Fall,16
394,11-21-2025,"C-15 Dig, Dig, Goose",0,4,0,-53.0,C,11,33,0,-228.0,Fall,17
395,11-21-2025,C-10 Duck Around and Find Out,0,4,0,-42.0,C,7,37,0,-219.0,Fall,18
396,08-22-2025,E-01-Assassins Cream,3,1,0,18.0,E,3,1,0,18.0,Fall,1
397,08-22-2025,E-08-Street Walkers,3,1,0,11.0,E,3,1,0,11.0,Fall,2
398,08-22-2025,E-09-Sonic The Edgedhogs,3,1,0,10.0,E,3,1,0,10.0,Fall,3
399,08-22-2025,E-04-Super Smash Hoes,3,1,0,8.0,E,3,1,0,8.0,Fall,4
400,08-22-2025,E-05-Nintendo 69,2,2,0,-7.0,E,2,2,0,-7.0,Fall,5
401,08-22-2025,E-02-Mortal Cumbat,2,2,0,-7.0,E,2,2,0,-7.0,Fall,6
402,08-22-2025,E-06-Call of Booty: Block Ops,1,3,0,-1.0,E,1,3,0,-1.0,Fall,7
403,08-22-2025,E-03-Donkey Schlong,1,3,0,-11.0,E,1,3,0,-11.0,Fall,8
404,08-22-2025,E-07-Ms. Pac Man,0,4,0,-21.0,E,0,4,0,-21.0,Fall,9
405,09-05-2025,E-01-Assassins Cream,4,0,0,19.0,E,7,1,0,37.0,Fall,1
406,09-05-2025,E-09-Sonic The Edgedhogs,4,0,0,16.0,E,7,1,0,26.0,Fall,2
407,09-05-2025,E-08-Street Walkers,2,2,0,6.0,E,5,3,0,17.0,Fall,3
408,09-05-2025,E-02-Mortal Cumbat,3,1,0,12.0,E,5,3,0,5.0,Fall,4
409,09-05-2025,E-04-Super Smash Hoes,1,3,0,-12.0,E,4,4,0,-4.0,Fall,5
410,09-05-2025,E-05-Nintendo 69,1,3,0,-18.0,E,3,5,0,-25.0,Fall,6
411,09-05-2025,E-06-Call of Booty: Block Ops,1,3,0,-9.0,E,2,6,0,-10.0,Fall,7
412,09-05-2025,E-03-Donkey Schlong,1,3,0,-7.0,E,2,6,0,-18.0,Fall,8
413,09-05-2025,E-07-Ms. Pac Man,1,3,0,-7.0,E,1,7,0,-28.0,Fall,9
414,09-12-2025,E-09-Sonic The Edgedhogs,4,0,0,23.0,E,11,1,0,49.0,Fall,1
415,09-12-2025,E-02-Mortal Cumbat,4,0,0,20.0,E,9,3,0,25.0,Fall,2
416,09-12-2025,E-01-Assassins Cream,1,3,0,-6.0,E,8,4,0,31.0,Fall,3
417,09-12-2025,E-08-Street Walkers,1,3,0,-10.0,E,6,6,0,7.0,Fall,4
418,09-12-2025,E-04-Super Smash Hoes,2,2,0,-5.0,E,6,6,0,-9.0,Fall,5
419,09-12-2025,E-03-Donkey Schlong,3,1,0,15.0,E,5,7,0,-3.0,Fall,6
420,09-12-2025,E-06-Call of Booty: Block Ops,2,2,0,-7.0,E,4,8,0,-17.0,Fall,7
421,09-12-2025,E-05-Nintendo 69,1,3,0,-17.0,E,4,8,0,-42.0,Fall,8
422,09-12-2025,E-07-Ms. Pac Man,0,4,0,-13.0,E,1,11,0,-41.0,Fall,9
423,09-19-2025,E-01-Assassins Cream,4,0,0,25.0,E,12,4,0,56.0,Fall,1
424,09-19-2025,E-09-Sonic The Edgedhogs,1,3,0,-6.0,E,12,4,0,43.0,Fall,2
425,09-19-2025,E-02-Mortal Cumbat,3,1,0,17.0,E,12,4,0,42.0,Fall,3
426,09-19-2025,E-03-Donkey Schlong,3,1,0,6.0,E,8,8,0,3.0,Fall,4
427,09-19-2025,E-04-Super Smash Hoes,2,2,0,-11.0,E,8,8,0,-20.0,Fall,5
428,09-19-2025,E-08-Street Walkers,1,3,0,-9.0,E,7,9,0,-2.0,Fall,6
429,09-19-2025,E-06-Call of Booty: Block Ops,1,3,0,-16.0,E,5,11,0,-33.0,Fall,7
430,09-19-2025,E-05-Nintendo 69,1,3,0,-13.0,E,5,11,0,-55.0,Fall,8
431,09-19-2025,E-07-Ms. Pac Man,2,2,0,7.0,E,3,13,0,-34.0,Fall,9
432,09-26-2025,E-09-Sonic The Edgedhogs,4,0,0,35.0,E,16,4,0,78.0,Fall,1
433,09-26-2025,E-01-Assassins Cream,3,1,0,12.0,E,15,5,0,68.0,Fall,2
434,09-26-2025,E-02-Mortal Cumbat,1,3,0,-18.0,E,13,7,0,24.0,Fall,3
435,09-26-2025,E-03-Donkey Schlong,2,2,0,6.0,E,10,10,0,9.0,Fall,4
436,09-26-2025,E-08-Street Walkers,1,3,0,-19.0,E,8,12,0,-21.0,Fall,5
437,09-26-2025,E-06-Call of Booty: Block Ops,3,1,0,12.0,E,8,12,0,-21.0,Fall,6
438,09-26-2025,E-04-Super Smash Hoes,0,4,0,-18.0,E,8,12,0,-38.0,Fall,7
439,09-26-2025,E-05-Nintendo 69,3,1,0,6.0,E,8,12,0,-49.0,Fall,8
440,09-26-2025,E-07-Ms. Pac Man,1,3,0,-16.0,E,4,16,0,-50.0,Fall,9
441,10-10-2025,E-09-Sonic The Edgedhogs,4,0,0,100.0,E,20,4,0,178.0,Fall,1
442,10-10-2025,E-01-Assassins Cream,2,2,0,5.0,E,17,7,0,73.0,Fall,2
443,10-10-2025,E-02-Mortal Cumbat,1,3,0,-9.0,E,14,10,0,15.0,Fall,3
444,10-10-2025,E-05-Nintendo 69,4,0,0,22.0,E,12,12,0,-27.0,Fall,4
445,10-10-2025,E-03-Donkey Schlong,0,2,2,-50.0,E,10,12,2,-41.0,Fall,5
446,10-10-2025,E-04-Super Smash Hoes,2,2,0,-9.0,E,10,14,0,-47.0,Fall,6
447,10-10-2025,E-08-Street Walkers,1,3,0,-13.0,E,9,15,0,-34.0,Fall,7
448,10-10-2025,E-06-Call of Booty: Block Ops,0,2,2,-50.0,E,8,14,2,-71.0,Fall,8
449,10-10-2025,E-07-Ms. Pac Man,2,2,0,4.0,E,6,18,0,-46.0,Fall,9
450,10-17-2025,E-09-Sonic The Edgedhogs,1,3,0,-7.0,E,21,7,0,171.0,Fall,1
451,10-17-2025,E-01-Assassins Cream,2,2,0,3.0,E,19,9,0,76.0,Fall,2
452,10-17-2025,E-02-Mortal Cumbat,3,1,0,8.0,E,17,11,0,23.0,Fall,3
453,10-17-2025,E-05-Nintendo 69,3,1,0,4.0,E,15,13,0,-23.0,Fall,4
454,10-17-2025,E-03-Donkey Schlong,2,2,0,-8.0,E,12,14,2,-49.0,Fall,5
455,10-17-2025,E-04-Super Smash Hoes,2,2,0,10.0,E,12,16,0,-37.0,Fall,6
456,10-17-2025,E-08-Street Walkers,2,2,0,-2.0,E,11,17,0,-36.0,Fall,7
457,10-17-2025,E-06-Call of Booty: Block Ops,2,2,0,-7.0,E,10,16,2,-78.0,Fall,8
458,10-17-2025,E-07-Ms. Pac Man,1,3,0,-1.0,E,7,21,0,-47.0,Fall,9
459,10-24-2025,E-09-Sonic The Edgedhogs,4,0,0,30.0,E,25,7,0,201.0,Fall,1
460,10-24-2025,E-01-Assassins Cream,0,4,0,-19.0,E,19,13,0,57.0,Fall,2
461,10-24-2025,E-02-Mortal Cumbat,0,4,0,-25.0,E,17,15,0,-2.0,Fall,3
462,10-24-2025,E-05-Nintendo 69,1,3,0,-15.0,E,16,16,0,-38.0,Fall,4
463,10-24-2025,E-03-Donkey Schlong,3,1,0,7.0,E,15,15,2,-42.0,Fall,5
464,10-24-2025,E-06-Call of Booty: Block Ops,4,0,0,20.0,E,14,16,2,-58.0,Fall,6
465,10-24-2025,E-04-Super Smash Hoes,2,2,0,-5.0,E,14,18,0,-42.0,Fall,7
466,10-24-2025,E-08-Street Walkers,2,2,0,-1.0,E,13,19,0,-37.0,Fall,8
467,10-24-2025,E-07-Ms. Pac Man,2,2,0,8.0,E,9,23,0,-39.0,Fall,9
468,11-07-2025,E-09-Sonic The Edgedhogs,3,1,0,18.0,E,28,8,0,219.0,Fall,1
469,11-07-2025,E-01-Assassins Cream,3,1,0,16.0,E,22,14,0,73.0,Fall,2
470,11-07-2025,E-05-Nintendo 69,3,1,0,3.0,E,19,17,0,-35.0,Fall,3
471,11-07-2025,E-03-Donkey Schlong,3,1,0,6.0,E,18,16,2,-36.0,Fall,4
472,11-07-2025,E-06-Call of Booty: Block Ops,3,1,0,21.0,E,17,17,2,-37.0,Fall,5
473,11-07-2025,E-02-Mortal Cumbat,0,4,0,-22.0,E,17,19,0,-24.0,Fall,6
474,11-07-2025,E-08-Street Walkers,2,2,0,-5.0,E,15,21,0,-42.0,Fall,7
475,11-07-2025,E-04-Super Smash Hoes,0,4,0,-24.0,E,14,22,0,-66.0,Fall,8
476,11-07-2025,E-07-Ms. Pac Man,1,3,0,-13.0,E,10,26,0,-52.0,Fall,9
477,11-14-2025,E-09-Sonic The Edgedhogs,0,4,0,-100.0,E,28,12,0,119.0,Fall,1
478,11-14-2025,E-01-Assassins Cream,0,4,0,-100.0,E,22,18,0,-27.0,Fall,2
479,11-14-2025,E-03-Donkey Schlong,3,1,0,50.0,E,21,17,2,14.0,Fall,3
480,11-14-2025,E-06-Call of Booty: Block Ops,3,1,0,50.0,E,20,18,2,13.0,Fall,4
481,11-14-2025,E-02-Mortal Cumbat,3,1,0,50.0,E,20,20,0,26.0,Fall,5
482,11-14-2025,E-05-Nintendo 69,0,4,0,-100.0,E,19,21,0,-135.0,Fall,6
483,11-14-2025,E-08-Street Walkers,3,1,0,50.0,E,18,22,0,8.0,Fall,7
484,11-14-2025,E-04-Super Smash Hoes,3,1,0,52.0,E,17,23,0,-14.0,Fall,8
485,11-14-2025,E-07-Ms. Pac Man,3,1,0,48.0,E,13,27,0,-4.0,Fall,9
486,11-21-2025,E-09-Sonic The Edgedhogs,0,2,2,0.0,E,28,14,2,119.0,Fall,1
487,11-21-2025,E-01-Assassins Cream,4,0,0,0.0,E,26,18,0,-27.0,Fall,2
488,11-21-2025,E-03-Donkey Schlong,0,4,0,0.0,E,21,21,2,14.0,Fall,3
489,11-21-2025,E-04-Super Smash Hoes,4,0,0,5.0,E,21,23,0,-9.0,Fall,4
490,11-21-2025,E-06-Call of Booty: Block Ops,0,0,4,0.0,E,20,18,6,13.0,Fall,5
491,11-21-2025,E-02-Mortal Cumbat,0,0,4,0.0,E,20,20,4,26.0,Fall,6
492,11-21-2025,E-08-Street Walkers,2,2,0,-5.0,E,20,24,0,3.0,Fall,7
493,11-21-2025,E-05-Nintendo 69,0,2,2,0.0,E,19,23,2,-135.0,Fall,8
494,11-21-2025,E-07-Ms. Pac Man,0,0,4,0.0,E,13,27,4,-4.0,Fall,9
495,08-22-2025,I-05 Sugar Rush,4,0,0,55.0,I,4,0,0,55.0,Fall,1
496,08-22-2025,I-08 Fudge Force,4,0,0,39.0,I,4,0,0,39.0,Fall,2
497,08-22-2025,I-07 Sour Patch Aces,3,1,0,21.0,I,3,1,0,21.0,Fall,3
498,08-22-2025,I-04 Pelon PelonetAss,3,1,0,21.0,I,3,1,0,21.0,Fall,4
499,08-22-2025,I-09 Sour Pass Kids,3,1,0,4.0,I,3,1,0,4.0,Fall,5
500,08-22-2025,I-01 Sugar Spikers,2,2,0,4.0,I,2,2,0,4.0,Fall,6
501,08-22-2025,I-03 Volleypops,2,2,0,1.0,I,2,2,0,1.0,Fall,7
502,08-22-2025,I-06 Candy Crushers,2,2,0,-15.0,I,2,2,0,-15.0,Fall,8
503,08-22-2025,I-11 Gummy Bear Spikers,1,3,0,-22.0,I,1,3,0,-22.0,Fall,9
504,08-22-2025,I-02 Spike Tarts,0,4,0,-25.0,I,0,4,0,-25.0,Fall,10
505,08-22-2025,I-10 Volley Ranchers,0,4,0,-40.0,I,0,4,0,-40.0,Fall,11
506,08-22-2025,I-12 Gummy Humpers,0,4,0,-43.0,I,0,4,0,-43.0,Fall,12
507,09-05-2025,I-05 Sugar Rush,3,1,0,27.0,I,7,1,0,82.0,Fall,1
508,09-05-2025,I-08 Fudge Force,3,1,0,23.0,I,7,1,0,62.0,Fall,2
509,09-05-2025,I-09 Sour Pass Kids,3,1,0,14.0,I,6,2,0,18.0,Fall,3
510,09-05-2025,I-03 Volleypops,3,1,0,16.0,I,5,3,0,17.0,Fall,4
511,09-05-2025,I-04 Pelon PelonetAss,2,2,0,-14.0,I,5,3,0,7.0,Fall,5
512,09-05-2025,I-07 Sour Patch Aces,1,3,0,-7.0,I,4,4,0,14.0,Fall,6
513,09-05-2025,I-01 Sugar Spikers,2,2,0,5.0,I,4,4,0,9.0,Fall,7
514,09-05-2025,I-06 Candy Crushers,2,2,0,9.0,I,4,4,0,-6.0,Fall,8
515,09-05-2025,I-11 Gummy Bear Spikers,2,1,1,-1.0,I,3,4,1,-23.0,Fall,9
516,09-05-2025,I-12 Gummy Humpers,2,2,0,-7.0,I,2,6,0,-50.0,Fall,10
517,09-05-2025,I-10 Volley Ranchers,0,3,1,-22.0,I,0,7,1,-62.0,Fall,11
518,09-05-2025,I-02 Spike Tarts,0,4,0,-43.0,I,0,8,0,-68.0,Fall,12
519,09-12-2025,I-05 Sugar Rush,3,0,1,18.0,I,10,1,1,100.0,Fall,1
520,09-12-2025,I-08 Fudge Force,2,2,0,1.0,I,9,3,0,63.0,Fall,2
521,09-12-2025,I-09 Sour Pass Kids,3,1,0,23.0,I,9,3,0,41.0,Fall,3
522,09-12-2025,I-04 Pelon PelonetAss,4,0,0,23.0,I,9,3,0,30.0,Fall,4
523,09-12-2025,I-01 Sugar Spikers,3,1,0,11.0,I,7,5,0,20.0,Fall,5
524,09-12-2025,I-07 Sour Patch Aces,2,2,0,-4.0,I,6,6,0,10.0,Fall,6
525,09-12-2025,I-06 Candy Crushers,1,2,1,-6.0,I,5,6,1,-12.0,Fall,7
526,09-12-2025,I-03 Volleypops,0,4,0,-24.0,I,5,7,0,-7.0,Fall,8
527,09-12-2025,I-10 Volley Ranchers,3,1,0,17.0,I,3,8,1,-45.0,Fall,9
528,09-12-2025,I-11 Gummy Bear Spikers,0,4,0,-34.0,I,3,8,1,-57.0,Fall,10
529,09-12-2025,I-12 Gummy Humpers,1,3,0,-12.0,I,3,9,0,-62.0,Fall,11
530,09-12-2025,I-02 Spike Tarts,1,3,0,-13.0,I,1,11,0,-81.0,Fall,12
531,09-19-2025,I-05 Sugar Rush,4,0,0,35.0,I,14,1,1,135.0,Fall,1
532,09-19-2025,I-08 Fudge Force,4,0,0,36.0,I,13,3,0,99.0,Fall,2
533,09-19-2025,I-04 Pelon PelonetAss,4,0,0,33.0,I,13,3,0,63.0,Fall,3
534,09-19-2025,I-09 Sour Pass Kids,3,0,1,25.0,I,12,3,1,66.0,Fall,4
535,09-19-2025,I-01 Sugar Spikers,1,3,0,-6.0,I,8,8,0,14.0,Fall,5
536,09-19-2025,I-03 Volleypops,2,1,1,18.0,I,7,8,1,11.0,Fall,6
537,09-19-2025,I-06 Candy Crushers,2,2,0,13.0,I,7,8,1,1.0,Fall,7
538,09-19-2025,I-07 Sour Patch Aces,1,3,0,-29.0,I,7,9,0,-19.0,Fall,8
539,09-19-2025,I-11 Gummy Bear Spikers,1,3,0,-23.0,I,4,11,1,-80.0,Fall,9
540,09-19-2025,I-12 Gummy Humpers,1,3,0,-10.0,I,4,12,0,-72.0,Fall,10
541,09-19-2025,I-10 Volley Ranchers,0,4,0,-43.0,I,3,12,1,-88.0,Fall,11
542,09-19-2025,I-02 Spike Tarts,0,4,0,-49.0,I,1,15,0,-130.0,Fall,12
543,09-26-2025,I-05 Sugar Rush,4,0,0,28.0,I,18,1,1,163.0,Fall,1
544,09-26-2025,I-08 Fudge Force,4,0,0,43.0,I,17,3,0,142.0,Fall,2
545,09-26-2025,I-04 Pelon PelonetAss,2,2,0,-4.0,I,15,5,0,59.0,Fall,3
546,09-26-2025,I-09 Sour Pass Kids,2,2,0,-4.0,I,14,5,1,62.0,Fall,4
547,09-26-2025,I-01 Sugar Spikers,3,0,1,29.0,I,11,8,1,43.0,Fall,5
548,09-26-2025,I-06 Candy Crushers,3,1,0,26.0,I,10,9,1,27.0,Fall,6
549,09-26-2025,I-03 Volleypops,1,3,0,-17.0,I,8,11,1,-6.0,Fall,7
550,09-26-2025,I-07 Sour Patch Aces,0,4,0,-39.0,I,7,13,0,-58.0,Fall,8
551,09-26-2025,I-12 Gummy Humpers,2,2,0,-9.0,I,6,14,0,-81.0,Fall,9
552,09-26-2025,I-11 Gummy Bear Spikers,1,2,1,3.0,I,5,13,2,-77.0,Fall,10
553,09-26-2025,I-10 Volley Ranchers,0,4,0,-24.0,I,3,16,1,-112.0,Fall,11
554,09-26-2025,I-02 Spike Tarts,1,3,0,-32.0,I,2,18,0,-162.0,Fall,12
555,10-10-2025,I-05 Sugar Rush,3,1,0,22.0,I,21,2,1,185.0,Fall,1
556,10-10-2025,I-08 Fudge Force,4,0,0,49.0,I,21,3,0,191.0,Fall,2
557,10-10-2025,I-04 Pelon PelonetAss,2,2,0,7.0,I,17,7,0,66.0,Fall,3
558,10-10-2025,I-09 Sour Pass Kids,2,2,0,13.0,I,16,7,1,75.0,Fall,4
559,10-10-2025,I-01 Sugar Spikers,4,0,0,28.0,I,15,8,1,71.0,Fall,5
560,10-10-2025,I-03 Volleypops,3,1,0,10.0,I,11,12,1,4.0,Fall,6
561,10-10-2025,I-06 Candy Crushers,0,4,0,-42.0,I,10,13,1,-15.0,Fall,7
562,10-10-2025,I-07 Sour Patch Aces,1,3,0,-17.0,I,8,16,0,-75.0,Fall,8
563,10-10-2025,I-12 Gummy Humpers,2,2,0,3.0,I,8,16,0,-78.0,Fall,9
564,10-10-2025,I-11 Gummy Bear Spikers,2,2,0,-7.0,I,7,15,2,-84.0,Fall,10
565,10-10-2025,I-10 Volley Ranchers,0,4,0,-31.0,I,3,20,1,-143.0,Fall,11
566,10-10-2025,I-02 Spike Tarts,1,3,0,-35.0,I,3,21,0,-197.0,Fall,12
567,10-17-2025,I-08 Fudge Force,3,1,0,13.0,I,24,4,0,204.0,Fall,1
568,10-17-2025,I-05 Sugar Rush,1,3,0,-11.0,I,22,5,1,174.0,Fall,2
569,10-17-2025,I-09 Sour Pass Kids,4,0,0,13.0,I,20,7,1,88.0,Fall,3
570,10-17-2025,I-04 Pelon PelonetAss,2,1,1,-2.0,I,19,8,1,64.0,Fall,4
571,10-17-2025,I-01 Sugar Spikers,2,2,0,-2.0,I,17,10,1,69.0,Fall,5
572,10-17-2025,I-03 Volleypops,2,2,0,3.0,I,13,14,1,7.0,Fall,6
573,10-17-2025,I-12 Gummy Humpers,3,1,0,18.0,I,11,17,0,-60.0,Fall,7
574,10-17-2025,I-11 Gummy Bear Spikers,3,1,0,24.0,I,10,16,2,-60.0,Fall,8
575,10-17-2025,I-06 Candy Crushers,0,4,0,-16.0,I,10,17,1,-31.0,Fall,9
576,10-17-2025,I-07 Sour Patch Aces,1,3,0,-12.0,I,9,19,0,-87.0,Fall,10
577,10-17-2025,I-02 Spike Tarts,2,2,0,-6.0,I,5,23,0,-203.0,Fall,11
578,10-17-2025,I-10 Volley Ranchers,0,3,1,-22.0,I,3,23,2,-165.0,Fall,12
579,10-24-2025,I-08 Fudge Force,4,0,0,36.0,I,28,4,0,240.0,Fall,1
580,10-24-2025,I-05 Sugar Rush,4,0,0,23.0,I,26,5,1,197.0,Fall,2
581,10-24-2025,I-09 Sour Pass Kids,4,0,0,41.0,I,24,7,1,129.0,Fall,3
582,10-24-2025,I-01 Sugar Spikers,4,0,0,33.0,I,21,10,1,102.0,Fall,4
583,10-24-2025,I-04 Pelon PelonetAss,2,2,0,19.0,I,21,10,1,83.0,Fall,5
584,10-24-2025,I-03 Volleypops,2,2,0,14.0,I,15,16,1,21.0,Fall,6
585,10-24-2025,I-12 Gummy Humpers,2,2,0,-1.0,I,13,19,0,-61.0,Fall,7
586,10-24-2025,I-06 Candy Crushers,2,2,0,10.0,I,12,19,1,-21.0,Fall,8
587,10-24-2025,I-11 Gummy Bear Spikers,0,4,0,-37.0,I,10,20,2,-97.0,Fall,9
588,10-24-2025,I-07 Sour Patch Aces,0,4,0,-43.0,I,9,23,0,-130.0,Fall,10
589,10-24-2025,I-02 Spike Tarts,0,4,0,-55.0,I,5,27,0,-258.0,Fall,11
590,10-24-2025,I-10 Volley Ranchers,0,4,0,-40.0,I,3,27,2,-205.0,Fall,12
591,11-07-2025,I-08 Fudge Force,4,0,0,37.0,I,32,4,0,277.0,Fall,1
592,11-07-2025,I-05 Sugar Rush,2,2,0,-11.0,I,28,7,1,186.0,Fall,2
593,11-07-2025,I-09 Sour Pass Kids,4,0,0,43.0,I,28,7,1,172.0,Fall,3
594,11-07-2025,I-04 Pelon PelonetAss,4,0,0,32.0,I,25,10,1,115.0,Fall,4
595,11-07-2025,I-01 Sugar Spikers,3,1,0,17.0,I,24,11,1,119.0,Fall,5
596,11-07-2025,I-03 Volleypops,2,2,0,8.0,I,17,18,1,29.0,Fall,6
597,11-07-2025,I-06 Candy Crushers,1,3,0,-19.0,I,13,22,1,-40.0,Fall,7
598,11-07-2025,I-12 Gummy Humpers,0,4,0,-21.0,I,13,23,0,-82.0,Fall,8
599,11-07-2025,I-11 Gummy Bear Spikers,1,3,0,-24.0,I,11,23,2,-121.0,Fall,9
600,11-07-2025,I-07 Sour Patch Aces,0,4,0,-27.0,I,9,27,0,-157.0,Fall,10
601,11-07-2025,I-02 Spike Tarts,1,3,0,-25.0,I,6,30,0,-283.0,Fall,11
602,11-07-2025,I-10 Volley Ranchers,2,2,0,-10.0,I,5,29,2,-215.0,Fall,12
603,11-14-2025,I-08 Fudge Force,3,1,0,5.0,I,35,5,0,282.0,Fall,1
604,11-14-2025,I-05 Sugar Rush,4,0,0,23.0,I,32,7,1,209.0,Fall,2
605,11-14-2025,I-09 Sour Pass Kids,2,2,0,5.0,I,30,9,1,177.0,Fall,3
606,11-14-2025,I-01 Sugar Spikers,3,1,0,3.0,I,27,12,1,122.0,Fall,4
607,11-14-2025,I-04 Pelon PelonetAss,1,3,0,-8.0,I,26,13,1,107.0,Fall,5
608,11-14-2025,I-03 Volleypops,2,2,0,1.0,I,19,20,1,30.0,Fall,6
609,11-14-2025,I-06 Candy Crushers,3,1,0,33.0,I,16,23,1,-7.0,Fall,7
610,11-14-2025,I-12 Gummy Humpers,1,3,0,-6.0,I,14,26,0,-88.0,Fall,8
611,11-14-2025,I-11 Gummy Bear Spikers,1,3,0,-4.0,I,12,26,2,-125.0,Fall,9
612,11-14-2025,I-07 Sour Patch Aces,1,3,0,-19.0,I,10,30,0,-176.0,Fall,10
613,11-14-2025,I-10 Volley Ranchers,2,2,0,-15.0,I,7,31,2,-230.0,Fall,11
614,11-14-2025,I-02 Spike Tarts,1,3,0,-18.0,I,7,33,0,-301.0,Fall,12
615,11-21-2025,I-08 Fudge Force,3,1,0,8.0,I,38,6,0,290.0,Fall,1
616,11-21-2025,I-09 Sour Pass Kids,3,1,0,18.0,I,33,10,1,195.0,Fall,2
617,11-21-2025,I-05 Sugar Rush,0,4,0,-26.0,I,32,11,1,183.0,Fall,3
618,11-21-2025,I-01 Sugar Spikers,2,2,0,-4.0,I,29,14,1,118.0,Fall,4
619,11-21-2025,I-04 Pelon PelonetAss,3,1,0,4.0,I,29,14,1,111.0,Fall,5
620,11-21-2025,I-03 Volleypops,3,1,0,13.0,I,22,21,1,43.0,Fall,6
621,11-21-2025,I-06 Candy Crushers,1,3,0,-8.0,I,17,26,1,-15.0,Fall,7
622,11-21-2025,I-12 Gummy Humpers,3,1,0,0.0,I,17,27,0,-88.0,Fall,8
623,11-21-2025,I-11 Gummy Bear Spikers,2,2,0,9.0,I,14,28,2,-116.0,Fall,9
624,11-21-2025,I-07 Sour Patch Aces,2,2,0,4.0,I,12,32,0,-172.0,Fall,10
625,11-21-2025,I-10 Volley Ranchers,1,3,0,-9.0,I,8,34,2,-239.0,Fall,11
626,11-21-2025,I-02 Spike Tarts,1,3,0,-9.0,I,8,36,0,-310.0,Fall,12
627,08-22-2025,P-09 Taste My Rainbow,4,0,0,19.0,P,4,0,0,19.0,Fall,1
628,08-22-2025,P-05 Jaw Breakers,3,1,0,21.0,P,3,1,0,21.0,Fall,2
629,08-22-2025,P-01 Pop rocks cock blocks,3,1,0,14.0,P,3,1,0,14.0,Fall,3
630,08-22-2025,P-03 Blows Pop,2,2,0,13.0,P,2,2,0,13.0,Fall,4
631,08-22-2025,P-06 Hot Ta-Mamas!,2,2,0,8.0,P,2,2,0,8.0,Fall,5
632,08-22-2025,P-08 Nutty Buddies,1,3,0,-8.0,P,1,3,0,-8.0,Fall,6
633,08-22-2025,P-07 Reese’s Pieces (of ass),1,3,0,-11.0,P,1,3,0,-11.0,Fall,7
634,08-22-2025,P-02 Spikes and Ike’s,1,3,0,-27.0,P,1,3,0,-27.0,Fall,8
635,08-22-2025,P-04 The SnM’s,1,3,0,-29.0,P,1,3,0,-29.0,Fall,9
636,09-05-2025,P-01 Pop rocks cock blocks,4,0,0,18.0,P,7,1,0,32.0,Fall,1
637,09-05-2025,P-03 Blows Pop,4,0,0,32.0,P,6,2,0,45.0,Fall,2
638,09-05-2025,P-09 Taste My Rainbow,2,2,0,5.0,P,6,2,0,24.0,Fall,3
639,09-05-2025,P-05 Jaw Breakers,1,3,0,-15.0,P,4,4,0,6.0,Fall,4
640,09-05-2025,P-08 Nutty Buddies,3,1,0,7.0,P,4,4,0,-1.0,Fall,5
641,09-05-2025,P-07 Reese’s Pieces (of ass),2,2,0,-2.0,P,3,5,0,-13.0,Fall,6
642,09-05-2025,P-02 Spikes and Ike’s,2,2,0,8.0,P,3,5,0,-19.0,Fall,7
643,09-05-2025,P-06 Hot Ta-Mamas!,0,4,0,-37.0,P,2,6,0,-29.0,Fall,8
644,09-05-2025,P-04 The SnM’s,0,4,0,-16.0,P,1,7,0,-45.0,Fall,9
645,09-12-2025,P-01 Pop rocks cock blocks,3,1,0,18.0,P,10,2,0,50.0,Fall,1
646,09-12-2025,P-09 Taste My Rainbow,3,1,0,19.0,P,9,3,0,43.0,Fall,2
647,09-12-2025,P-03 Blows Pop,2,2,0,-3.0,P,8,4,0,42.0,Fall,3
648,09-12-2025,P-08 Nutty Buddies,3,1,0,15.0,P,7,5,0,14.0,Fall,4
649,09-12-2025,P-07 Reese’s Pieces (of ass),2,2,0,8.0,P,5,7,0,-5.0,Fall,5
650,09-12-2025,P-02 Spikes and Ike’s,2,2,0,-12.0,P,5,7,0,-31.0,Fall,6
651,09-12-2025,P-06 Hot Ta-Mamas!,2,2,0,4.0,P,4,8,0,-25.0,Fall,7
652,09-12-2025,P-05 Jaw Breakers,0,4,0,-37.0,P,4,8,0,-31.0,Fall,8
653,09-12-2025,P-04 The SnM’s,1,3,0,-12.0,P,2,10,0,-57.0,Fall,9
654,09-19-2025,P-01 Pop rocks cock blocks,4,0,0,31.0,P,14,2,0,81.0,Fall,1
655,09-19-2025,P-09 Taste My Rainbow,3,1,0,19.0,P,12,4,0,62.0,Fall,2
656,09-19-2025,P-03 Blows Pop,1,3,0,-10.0,P,9,7,0,32.0,Fall,3
657,09-19-2025,P-05 Jaw Breakers,4,0,0,32.0,P,8,8,0,1.0,Fall,4
658,09-19-2025,P-08 Nutty Buddies,1,3,0,-19.0,P,8,8,0,-5.0,Fall,5
659,09-19-2025,P-02 Spikes and Ike’s,3,1,0,9.0,P,8,8,0,-22.0,Fall,6
660,09-19-2025,P-07 Reese’s Pieces (of ass),1,3,0,-22.0,P,6,10,0,-27.0,Fall,7
661,09-19-2025,P-06 Hot Ta-Mamas!,1,3,0,-12.0,P,5,11,0,-37.0,Fall,8
662,09-19-2025,P-04 The SnM’s,0,4,0,-28.0,P,2,14,0,-85.0,Fall,9
663,09-26-2025,P-01 Pop rocks cock blocks,2,2,0,2.0,P,16,4,0,83.0,Fall,1
664,09-26-2025,P-09 Taste My Rainbow,3,1,0,14.0,P,15,5,0,76.0,Fall,2
665,09-26-2025,P-03 Blows Pop,3,1,0,14.0,P,12,8,0,46.0,Fall,3
666,09-26-2025,P-05 Jaw Breakers,4,0,0,36.0,P,12,8,0,37.0,Fall,4
667,09-26-2025,P-08 Nutty Buddies,2,2,0,9.0,P,10,10,0,4.0,Fall,5
668,09-26-2025,P-02 Spikes and Ike’s,1,3,0,-16.0,P,9,11,0,-38.0,Fall,6
669,09-26-2025,P-07 Reese’s Pieces (of ass),1,3,0,-23.0,P,7,13,0,-50.0,Fall,7
670,09-26-2025,P-06 Hot Ta-Mamas!,0,4,0,-44.0,P,5,15,0,-81.0,Fall,8
671,09-26-2025,P-04 The SnM’s,2,2,0,8.0,P,4,16,0,-77.0,Fall,9
672,10-10-2025,P-01 Pop rocks cock blocks,4,0,0,21.0,P,20,4,0,104.0,Fall,1
673,10-10-2025,P-09 Taste My Rainbow,4,0,0,25.0,P,19,5,0,101.0,Fall,2
674,10-10-2025,P-03 Blows Pop,2,2,0,18.0,P,14,10,0,64.0,Fall,3
675,10-10-2025,P-05 Jaw Breakers,1,2,1,-9.0,P,13,10,1,28.0,Fall,4
676,10-10-2025,P-02 Spikes and Ike’s,4,0,0,35.0,P,13,11,0,-3.0,Fall,5
677,10-10-2025,P-08 Nutty Buddies,0,3,1,-26.0,P,10,13,1,-22.0,Fall,6
678,10-10-2025,P-07 Reese’s Pieces (of ass),0,4,0,-19.0,P,7,17,0,-69.0,Fall,7
679,10-10-2025,P-04 The SnM’s,2,2,0,-2.0,P,6,18,0,-79.0,Fall,8
680,10-10-2025,P-06 Hot Ta-Mamas!,0,4,0,-43.0,P,5,19,0,-124.0,Fall,9
681,10-17-2025,P-09 Taste My Rainbow,3,0,1,17.0,P,22,5,1,118.0,Fall,1
682,10-17-2025,P-01 Pop rocks cock blocks,2,1,1,13.0,P,22,5,1,117.0,Fall,2
683,10-17-2025,P-03 Blows Pop,3,1,0,8.0,P,17,11,0,72.0,Fall,3
684,10-17-2025,P-02 Spikes and Ike’s,2,2,0,17.0,P,15,13,0,14.0,Fall,4
685,10-17-2025,P-05 Jaw Breakers,0,4,0,-30.0,P,13,14,1,-2.0,Fall,5
686,10-17-2025,P-08 Nutty Buddies,3,1,0,14.0,P,13,14,1,-8.0,Fall,6
687,10-17-2025,P-07 Reese’s Pieces (of ass),3,1,0,15.0,P,10,18,0,-54.0,Fall,7
688,10-17-2025,P-04 The SnM’s,0,4,0,-22.0,P,6,22,0,-101.0,Fall,8
689,10-17-2025,P-06 Hot Ta-Mamas!,1,3,0,-32.0,P,6,22,0,-156.0,Fall,9
690,10-24-2025,P-01 Pop rocks cock blocks,3,1,0,19.0,P,25,6,1,136.0,Fall,1
691,10-24-2025,P-09 Taste My Rainbow,2,2,0,-3.0,P,24,7,1,115.0,Fall,2
692,10-24-2025,P-03 Blows Pop,2,2,0,-8.0,P,19,13,0,64.0,Fall,3
693,10-24-2025,P-02 Spikes and Ike’s,2,2,0,-1.0,P,17,15,0,13.0,Fall,4
694,10-24-2025,P-05 Jaw Breakers,3,1,0,16.0,P,16,15,1,14.0,Fall,5
695,10-24-2025,P-08 Nutty Buddies,3,1,0,3.0,P,16,15,1,-5.0,Fall,6
696,10-24-2025,P-07 Reese’s Pieces (of ass),1,3,0,-8.0,P,11,21,0,-62.0,Fall,7
697,10-24-2025,P-04 The SnM’s,2,2,0,4.0,P,8,24,0,-97.0,Fall,8
698,10-24-2025,P-06 Hot Ta-Mamas!,0,4,0,-22.0,P,6,26,0,-178.0,Fall,9
699,11-07-2025,P-01 Pop rocks cock blocks,3,1,0,27.0,P,28,7,1,163.0,Fall,1
700,11-07-2025,P-09 Taste My Rainbow,2,2,0,-6.0,P,26,9,1,109.0,Fall,2
701,11-07-2025,P-03 Blows Pop,3,1,0,4.0,P,22,14,0,68.0,Fall,3
702,11-07-2025,P-05 Jaw Breakers,4,0,0,51.0,P,20,15,1,65.0,Fall,4
703,11-07-2025,P-08 Nutty Buddies,1,3,0,-3.0,P,17,18,1,-8.0,Fall,5
704,11-07-2025,P-02 Spikes and Ike’s,0,4,0,-31.0,P,17,19,0,-18.0,Fall,6
705,11-07-2025,P-07 Reese’s Pieces (of ass),3,1,0,9.0,P,14,22,0,-53.0,Fall,7
706,11-07-2025,P-04 The SnM’s,1,2,1,-18.0,P,9,26,1,-115.0,Fall,8
707,11-07-2025,P-06 Hot Ta-Mamas!,0,3,1,-33.0,P,6,29,1,-211.0,Fall,9
708,11-14-2025,P-01 Pop rocks cock blocks,4,0,0,17.0,P,32,7,1,180.0,Fall,1
709,11-14-2025,P-09 Taste My Rainbow,2,2,0,2.0,P,28,11,1,111.0,Fall,2
710,11-14-2025,P-03 Blows Pop,3,1,0,17.0,P,25,15,0,85.0,Fall,3
711,11-14-2025,P-05 Jaw Breakers,3,0,1,22.0,P,23,15,2,87.0,Fall,4
712,11-14-2025,P-08 Nutty Buddies,1,2,1,-5.0,P,18,20,2,-13.0,Fall,5
713,11-14-2025,P-02 Spikes and Ike’s,1,3,0,-17.0,P,18,22,0,-35.0,Fall,6
714,11-14-2025,P-07 Reese’s Pieces (of ass),1,3,0,-8.0,P,15,25,0,-61.0,Fall,7
715,11-14-2025,P-04 The SnM’s,1,3,0,-9.0,P,10,29,1,-124.0,Fall,8
716,11-14-2025,P-06 Hot Ta-Mamas!,1,3,0,-19.0,P,7,32,1,-230.0,Fall,9
717,11-21-2025,P-01 Pop rocks cock blocks,3,1,0,6.0,P,35,8,1,186.0,Fall,1
718,11-21-2025,P-03 Blows Pop,4,0,0,28.0,P,29,15,0,113.0,Fall,2
719,11-21-2025,P-09 Taste My Rainbow,0,4,0,-31.0,P,28,15,1,80.0,Fall,3
720,11-21-2025,P-05 Jaw Breakers,3,1,0,25.0,P,26,16,2,112.0,Fall,4
721,11-21-2025,P-08 Nutty Buddies,1,3,0,-7.0,P,19,23,2,-20.0,Fall,5
722,11-21-2025,P-02 Spikes and Ike’s,0,0,4,0.0,P,18,22,4,-35.0,Fall,6
723,11-21-2025,P-07 Reese’s Pieces (of ass),0,0,4,0.0,P,15,25,4,-61.0,Fall,7
724,11-21-2025,P-04 The SnM’s,1,3,0,-21.0,P,11,32,1,-145.0,Fall,8
725,11-21-2025,P-06 Hot Ta-Mamas!,0,0,4,0.0,P,7,32,5,-230.0,Fall,9
726,08-22-2025,R-02 Guardians of The Net,4,0,0,31.0,R,4,0,0,31.0,Fall,1
727,08-22-2025,R-03 Thunderballz,3,1,0,22.0,R,3,1,0,22.0,Fall,2
728,08-22-2025,R-06 Spike Men: Days of the Slay Past,3,1,0,8.0,R,3,1,0,8.0,Fall,3
729,08-22-2025,R-05 The PowerPass Girls,2,2,0,-10.0,R,2,2,0,-10.0,Fall,4
730,08-22-2025,R-04 Spiketastic Seven,0,4,0,-21.0,R,0,4,0,-21.0,Fall,5
731,08-22-2025,R-01 Hulk-Smash,0,4,0,-30.0,R,0,4,0,-30.0,Fall,6
732,09-05-2025,R-02 Guardians of The Net,3,1,0,17.0,R,7,1,0,48.0,Fall,1
733,09-05-2025,R-03 Thunderballz,3,1,0,7.0,R,6,2,0,29.0,Fall,2
734,09-05-2025,R-06 Spike Men: Days of the Slay Past,0,4,0,-24.0,R,3,5,0,-16.0,Fall,3
735,09-05-2025,R-01 Hulk-Smash,3,1,0,6.0,R,3,5,0,-24.0,Fall,4
736,09-05-2025,R-05 The PowerPass Girls,1,3,0,-26.0,R,3,5,0,-36.0,Fall,5
737,09-05-2025,R-04 Spiketastic Seven,2,2,0,20.0,R,2,6,0,-1.0,Fall,6
738,09-12-2025,R-02 Guardians of The Net,3,1,0,13.0,R,10,2,0,61.0,Fall,1
739,09-12-2025,R-03 Thunderballz,4,0,0,16.0,R,10,2,0,45.0,Fall,2
740,09-12-2025,R-06 Spike Men: Days of the Slay Past,2,2,0,-3.0,R,5,7,0,-19.0,Fall,3
741,09-12-2025,R-01 Hulk-Smash,1,3,0,-12.0,R,4,8,0,-36.0,Fall,4
742,09-12-2025,R-05 The PowerPass Girls,1,3,0,-10.0,R,4,8,0,-46.0,Fall,5
743,09-12-2025,R-04 Spiketastic Seven,1,3,0,-4.0,R,3,9,0,-5.0,Fall,6
744,09-19-2025,R-02 Guardians of The Net,4,0,0,25.0,R,14,2,0,86.0,Fall,1
745,09-19-2025,R-03 Thunderballz,3,0,1,22.0,R,13,2,1,67.0,Fall,2
746,09-19-2025,R-06 Spike Men: Days of the Slay Past,2,1,1,8.0,R,7,8,1,-11.0,Fall,3
747,09-19-2025,R-05 The PowerPass Girls,2,2,0,0.0,R,6,10,0,-46.0,Fall,4
748,09-19-2025,R-01 Hulk-Smash,0,4,0,-30.0,R,4,12,0,-66.0,Fall,5
749,09-19-2025,R-04 Spiketastic Seven,0,4,0,-25.0,R,3,13,0,-30.0,Fall,6
750,09-26-2025,R-02 Guardians of The Net,3,1,0,12.0,R,17,3,0,98.0,Fall,1
751,09-26-2025,R-03 Thunderballz,3,1,0,23.0,R,16,3,1,90.0,Fall,2
752,09-26-2025,R-06 Spike Men: Days of the Slay Past,3,1,0,7.0,R,10,9,1,-4.0,Fall,3
753,09-26-2025,R-05 The PowerPass Girls,1,3,0,-3.0,R,7,13,0,-49.0,Fall,4
754,09-26-2025,R-01 Hulk-Smash,2,2,0,-4.0,R,6,14,0,-70.0,Fall,5
755,09-26-2025,R-04 Spiketastic Seven,0,4,0,-35.0,R,3,17,0,-65.0,Fall,6
756,10-10-2025,R-03 Thunderballz,4,0,0,34.0,R,20,3,1,124.0,Fall,1
757,10-10-2025,R-02 Guardians of The Net,2,2,0,-8.0,R,19,5,0,90.0,Fall,2
758,10-10-2025,R-06 Spike Men: Days of the Slay Past,1,3,0,-8.0,R,11,12,1,-12.0,Fall,3
759,10-10-2025,R-05 The PowerPass Girls,3,1,0,16.0,R,10,14,0,-33.0,Fall,4
760,10-10-2025,R-01 Hulk-Smash,1,3,0,-6.0,R,7,17,0,-76.0,Fall,5
761,10-10-2025,R-04 Spiketastic Seven,1,3,0,-28.0,R,4,20,0,-93.0,Fall,6
762,10-17-2025,R-03 Thunderballz,3,1,0,17.0,R,23,4,1,141.0,Fall,1
763,10-17-2025,R-02 Guardians of The Net,4,0,0,35.0,R,23,5,0,125.0,Fall,2
764,10-17-2025,R-06 Spike Men: Days of the Slay Past,2,2,0,-1.0,R,13,14,1,-13.0,Fall,3
765,10-17-2025,R-05 The PowerPass Girls,0,4,0,-30.0,R,10,18,0,-63.0,Fall,4
766,10-17-2025,R-01 Hulk-Smash,1,3,0,-16.0,R,8,20,0,-92.0,Fall,5
767,10-17-2025,R-04 Spiketastic Seven,2,2,0,-5.0,R,6,22,0,-98.0,Fall,6
768,10-24-2025,R-03 Thunderballz,4,0,0,17.0,R,27,4,1,158.0,Fall,1
769,10-24-2025,R-02 Guardians of The Net,2,2,0,12.0,R,25,7,0,137.0,Fall,2
770,10-24-2025,R-06 Spike Men: Days of the Slay Past,2,2,0,-3.0,R,15,16,1,-16.0,Fall,3
771,10-24-2025,R-05 The PowerPass Girls,2,2,0,3.0,R,12,20,0,-60.0,Fall,4
772,10-24-2025,R-01 Hulk-Smash,2,2,0,0.0,R,10,22,0,-92.0,Fall,5
773,10-24-2025,R-04 Spiketastic Seven,0,4,0,-29.0,R,6,26,0,-127.0,Fall,6
774,11-07-2025,R-03 Thunderballz,4,0,0,43.0,R,31,4,1,201.0,Fall,1
775,11-07-2025,R-02 Guardians of The Net,1,3,0,-12.0,R,26,10,0,125.0,Fall,2
776,11-07-2025,R-06 Spike Men: Days of the Slay Past,1,3,0,-31.0,R,16,19,1,-47.0,Fall,3
777,11-07-2025,R-05 The PowerPass Girls,3,1,0,23.0,R,15,21,0,-37.0,Fall,4
778,11-07-2025,R-01 Hulk-Smash,1,3,0,-18.0,R,11,25,0,-110.0,Fall,5
779,11-07-2025,R-04 Spiketastic Seven,2,2,0,-5.0,R,8,28,0,-132.0,Fall,6
780,11-14-2025,R-03 Thunderballz,3,1,0,-6.0,R,34,5,1,195.0,Fall,1
781,11-14-2025,R-02 Guardians of The Net,3,1,0,20.0,R,29,11,0,145.0,Fall,2
782,11-14-2025,R-05 The PowerPass Girls,3,1,0,10.0,R,18,22,0,-27.0,Fall,3
783,11-14-2025,R-06 Spike Men: Days of the Slay Past,1,3,0,-3.0,R,17,22,1,-50.0,Fall,4
784,11-14-2025,R-01 Hulk-Smash,2,2,0,9.0,R,13,27,0,-101.0,Fall,5
785,11-14-2025,R-04 Spiketastic Seven,0,4,0,-30.0,R,8,32,0,-162.0,Fall,6
786,11-21-2025,R-03 Thunderballz,2,2,0,-11.0,R,36,7,1,184.0,Fall,1
787,11-21-2025,R-02 Guardians of The Net,4,0,0,31.0,R,33,11,0,176.0,Fall,2
788,11-21-2025,R-06 Spike Men: Days of the Slay Past,4,0,0,17.0,R,21,22,1,-33.0,Fall,3
789,11-21-2025,R-05 The PowerPass Girls,0,4,0,-20.0,R,18,26,0,-47.0,Fall,4
790,11-21-2025,R-01 Hulk-Smash,0,4,0,-15.0,R,13,31,0,-116.0,Fall,5
791,11-21-2025,R-04 Spiketastic Seven,2,2,0,-2.0,R,10,34,0,-164.0,Fall,6
792,08-22-2025,S-08 - Goldi-Blocks,4,0,0,39.0,S,4,0,0,39.0,Fall,1
793,08-22-2025,S-05 - The Prince And The Passer,4,0,0,24.0,S,4,0,0,24.0,Fall,2
794,08-22-2025,S-07 - The Blockyardigans,4,0,0,23.0,S,4,0,0,23.0,Fall,3
795,08-22-2025,S-15 - Green Eggs & Slam,3,1,0,17.0,S,3,1,0,17.0,Fall,4
796,08-22-2025,S-12 - Dragon Tales And Hits,3,1,0,15.0,S,3,1,0,15.0,Fall,5
797,08-22-2025,S-11 - Bumpty Dumpty v1,3,1,0,15.0,S,3,1,0,15.0,Fall,6
798,08-22-2025,S-01 - Duck Duck Ace,3,1,0,4.0,S,3,1,0,4.0,Fall,7
799,08-22-2025,S-18 - Six Blind Mice,2,1,1,11.0,S,2,1,1,11.0,Fall,8
800,08-22-2025,S-09 - Bibbidi Boppity Boom!,2,2,0,15.0,S,2,2,0,15.0,Fall,9
801,08-22-2025,S-13 - Block A Bye Baby,2,2,0,0.0,S,2,2,0,0.0,Fall,10
802,08-22-2025,S-14 - Slam I Am,2,2,0,-2.0,S,2,2,0,-2.0,Fall,11
803,08-22-2025,S-16 - If You Give A Mouse A Set,2,2,0,-5.0,S,2,2,0,-5.0,Fall,12
804,08-22-2025,S-10 - Bump-ty Dump-tys,1,3,0,-4.0,S,1,3,0,-4.0,Fall,13
805,08-22-2025,S-06 - Twinkerbells,0,3,1,-26.0,S,0,3,1,-26.0,Fall,14
806,08-22-2025,S-02 - Itsy Bitsy Spikers,0,4,0,-22.0,S,0,4,0,-22.0,Fall,15
807,08-22-2025,S-17 - Horton Hits A Shoot,0,4,0,-32.0,S,0,4,0,-32.0,Fall,16
808,08-22-2025,S-04 - Little Red Spikers,0,4,0,-34.0,S,0,4,0,-34.0,Fall,17
809,08-22-2025,S-03 - Not The Gumdrop Aces,0,4,0,-38.0,S,0,4,0,-38.0,Fall,18
810,09-05-2025,S-05 - The Prince And The Passer,4,0,0,26.0,S,8,0,0,50.0,Fall,1
811,09-05-2025,S-08 - Goldi-Blocks,3,1,0,7.0,S,7,1,0,46.0,Fall,2
812,09-05-2025,S-12 - Dragon Tales And Hits,4,0,0,25.0,S,7,1,0,40.0,Fall,3
813,09-05-2025,S-07 - The Blockyardigans,3,1,0,4.0,S,7,1,0,27.0,Fall,4
814,09-05-2025,S-09 - Bibbidi Boppity Boom!,3,1,0,20.0,S,5,3,0,35.0,Fall,5
815,09-05-2025,S-15 - Green Eggs & Slam,2,2,0,9.0,S,5,3,0,26.0,Fall,6
816,09-05-2025,S-16 - If You Give A Mouse A Set,3,1,0,2.0,S,5,3,0,-3.0,Fall,7
817,09-05-2025,S-13 - Block A Bye Baby,2,2,0,23.0,S,4,4,0,23.0,Fall,8
818,09-05-2025,S-01 - Duck Duck Ace,1,3,0,2.0,S,4,4,0,6.0,Fall,9
819,09-05-2025,S-11 - Bumpty Dumpty v1,1,3,0,-13.0,S,4,4,0,2.0,Fall,10
820,09-05-2025,S-10 - Bump-ty Dump-tys,2,2,0,4.0,S,3,5,0,0.0,Fall,11
821,09-05-2025,S-14 - Slam I Am,1,3,0,-16.0,S,3,5,0,-18.0,Fall,12
822,09-05-2025,S-04 - Little Red Spikers,3,1,0,12.0,S,3,5,0,-22.0,Fall,13
823,09-05-2025,S-18 - Six Blind Mice,0,4,0,-30.0,S,2,5,1,-19.0,Fall,14
824,09-05-2025,S-02 - Itsy Bitsy Spikers,2,2,0,11.0,S,2,6,0,-11.0,Fall,15
825,09-05-2025,S-06 - Twinkerbells,1,3,0,-27.0,S,1,6,1,-53.0,Fall,16
826,09-05-2025,S-03 - Not The Gumdrop Aces,1,3,0,-27.0,S,1,7,0,-65.0,Fall,17
827,09-05-2025,S-17 - Horton Hits A Shoot,0,4,0,-32.0,S,0,8,0,-64.0,Fall,18
828,09-12-2025,S-07 - The Blockyardigans,4,0,0,61.0,S,11,1,0,88.0,Fall,1
829,09-12-2025,S-05 - The Prince And The Passer,2,2,0,6.0,S,10,2,0,56.0,Fall,2
830,09-12-2025,S-08 - Goldi-Blocks,2,2,0,-7.0,S,9,3,0,39.0,Fall,3
831,09-12-2025,S-01 - Duck Duck Ace,4,0,0,52.0,S,8,4,0,58.0,Fall,4
832,09-12-2025,S-12 - Dragon Tales And Hits,1,3,0,1.0,S,8,4,0,41.0,Fall,5
833,09-12-2025,S-11 - Bumpty Dumpty v1,4,0,0,23.0,S,8,4,0,25.0,Fall,6
834,09-12-2025,S-04 - Little Red Spikers,4,0,0,20.0,S,7,5,0,-2.0,Fall,7
835,09-12-2025,S-13 - Block A Bye Baby,2,2,0,1.0,S,6,6,0,24.0,Fall,8
836,09-12-2025,S-02 - Itsy Bitsy Spikers,4,0,0,30.0,S,6,6,0,19.0,Fall,9
837,09-12-2025,S-09 - Bibbidi Boppity Boom!,1,3,0,-24.0,S,6,6,0,11.0,Fall,10
838,09-12-2025,S-15 - Green Eggs & Slam,1,3,0,-21.0,S,6,6,0,5.0,Fall,11
839,09-12-2025,S-16 - If You Give A Mouse A Set,1,3,0,-24.0,S,6,6,0,-27.0,Fall,12
840,09-12-2025,S-10 - Bump-ty Dump-tys,1,3,0,-9.0,S,4,8,0,-9.0,Fall,13
841,09-12-2025,S-18 - Six Blind Mice,1,3,0,-28.0,S,3,8,1,-47.0,Fall,14
842,09-12-2025,S-03 - Not The Gumdrop Aces,2,2,0,3.0,S,3,9,0,-62.0,Fall,15
843,09-12-2025,S-14 - Slam I Am,0,4,0,-100.0,S,3,9,0,-118.0,Fall,16
844,09-12-2025,S-17 - Horton Hits A Shoot,2,2,0,39.0,S,2,10,0,-25.0,Fall,17
845,09-12-2025,S-06 - Twinkerbells,0,4,0,-23.0,S,1,10,1,-76.0,Fall,18
846,09-19-2025,S-05 - The Prince And The Passer,3,1,0,37.0,S,13,3,0,93.0,Fall,1
847,09-19-2025,S-07 - The Blockyardigans,2,2,0,-10.0,S,13,3,0,78.0,Fall,2
848,09-19-2025,S-11 - Bumpty Dumpty v1,3,1,0,17.0,S,11,5,0,42.0,Fall,3
849,09-19-2025,S-01 - Duck Duck Ace,2,2,0,8.0,S,10,6,0,66.0,Fall,4
850,09-19-2025,S-08 - Goldi-Blocks,1,3,0,-6.0,S,10,6,0,33.0,Fall,5
851,09-19-2025,S-16 - If You Give A Mouse A Set,4,0,0,29.0,S,10,6,0,2.0,Fall,6
852,09-19-2025,S-12 - Dragon Tales And Hits,1,3,0,-6.0,S,9,7,0,35.0,Fall,7
853,09-19-2025,S-09 - Bibbidi Boppity Boom!,3,1,0,14.0,S,9,7,0,25.0,Fall,8
854,09-19-2025,S-04 - Little Red Spikers,2,2,0,-2.0,S,9,7,0,-4.0,Fall,9
855,09-19-2025,S-02 - Itsy Bitsy Spikers,2,1,1,8.0,S,8,7,1,27.0,Fall,10
856,09-19-2025,S-15 - Green Eggs & Slam,1,3,0,-23.0,S,7,9,0,-18.0,Fall,11
857,09-19-2025,S-13 - Block A Bye Baby,0,3,1,-22.0,S,6,9,1,2.0,Fall,12
858,09-19-2025,S-18 - Six Blind Mice,3,1,0,16.0,S,6,9,1,-31.0,Fall,13
859,09-19-2025,S-10 - Bump-ty Dump-tys,2,2,0,-1.0,S,6,10,0,-10.0,Fall,14
860,09-19-2025,S-03 - Not The Gumdrop Aces,2,2,0,-10.0,S,5,11,0,-72.0,Fall,15
861,09-19-2025,S-14 - Slam I Am,2,2,0,3.0,S,5,11,0,-115.0,Fall,16
862,09-19-2025,S-17 - Horton Hits A Shoot,1,3,0,-27.0,S,3,13,0,-52.0,Fall,17
863,09-19-2025,S-06 - Twinkerbells,1,3,0,-25.0,S,2,13,1,-101.0,Fall,18
864,09-26-2025,S-07 - The Blockyardigans,2,1,1,6.0,S,15,4,1,84.0,Fall,1
865,09-26-2025,S-05 - The Prince And The Passer,2,2,0,-18.0,S,15,5,0,75.0,Fall,2
866,09-26-2025,S-11 - Bumpty Dumpty v1,3,1,0,32.0,S,14,6,0,74.0,Fall,3
867,09-26-2025,S-08 - Goldi-Blocks,4,0,0,24.0,S,14,6,0,57.0,Fall,4
868,09-26-2025,S-01 - Duck Duck Ace,3,1,0,8.0,S,13,7,0,74.0,Fall,5
869,09-26-2025,S-12 - Dragon Tales And Hits,4,0,0,33.0,S,13,7,0,68.0,Fall,6
870,09-26-2025,S-09 - Bibbidi Boppity Boom!,3,1,0,23.0,S,12,8,0,48.0,Fall,7
871,09-26-2025,S-16 - If You Give A Mouse A Set,1,3,0,-32.0,S,11,9,0,-30.0,Fall,8
872,09-26-2025,S-02 - Itsy Bitsy Spikers,2,2,0,5.0,S,10,9,1,32.0,Fall,9
873,09-26-2025,S-04 - Little Red Spikers,1,3,0,-14.0,S,10,10,0,-18.0,Fall,10
874,09-26-2025,S-03 - Not The Gumdrop Aces,4,0,0,22.0,S,9,11,0,-50.0,Fall,11
875,09-26-2025,S-10 - Bump-ty Dump-tys,2,2,0,-11.0,S,8,12,0,-21.0,Fall,12
876,09-26-2025,S-13 - Block A Bye Baby,1,3,0,-16.0,S,7,12,1,-14.0,Fall,13
877,09-26-2025,S-15 - Green Eggs & Slam,0,3,1,-14.0,S,7,12,1,-32.0,Fall,14
878,09-26-2025,S-18 - Six Blind Mice,1,3,0,-6.0,S,7,12,1,-37.0,Fall,15
879,09-26-2025,S-14 - Slam I Am,2,2,0,9.0,S,7,13,0,-106.0,Fall,16
880,09-26-2025,S-17 - Horton Hits A Shoot,0,4,0,-38.0,S,3,17,0,-90.0,Fall,17
881,09-26-2025,S-06 - Twinkerbells,0,4,0,-13.0,S,2,17,1,-114.0,Fall,18
882,10-10-2025,S-07 - The Blockyardigans,3,1,0,10.0,S,18,5,1,94.0,Fall,1
883,10-10-2025,S-11 - Bumpty Dumpty v1,4,0,0,64.0,S,18,6,0,138.0,Fall,2
884,10-10-2025,S-05 - The Prince And The Passer,2,2,0,5.0,S,17,7,0,80.0,Fall,3
885,10-10-2025,S-01 - Duck Duck Ace,2,2,0,5.0,S,15,9,0,79.0,Fall,4
886,10-10-2025,S-12 - Dragon Tales And Hits,1,3,0,-9.0,S,14,10,0,59.0,Fall,5
887,10-10-2025,S-08 - Goldi-Blocks,0,4,0,-18.0,S,14,10,0,39.0,Fall,6
888,10-10-2025,S-09 - Bibbidi Boppity Boom!,2,2,0,-10.0,S,14,10,0,38.0,Fall,7
889,10-10-2025,S-16 - If You Give A Mouse A Set,3,1,0,19.0,S,14,10,0,-11.0,Fall,8
890,10-10-2025,S-02 - Itsy Bitsy Spikers,3,0,1,23.0,S,13,9,2,55.0,Fall,9
891,10-10-2025,S-04 - Little Red Spikers,2,2,0,-6.0,S,12,12,0,-24.0,Fall,10
892,10-10-2025,S-03 - Not The Gumdrop Aces,2,1,1,-5.0,S,11,12,1,-55.0,Fall,11
893,10-10-2025,S-15 - Green Eggs & Slam,3,1,0,6.0,S,10,13,1,-26.0,Fall,12
894,10-10-2025,S-10 - Bump-ty Dump-tys,2,2,0,-1.0,S,10,14,0,-22.0,Fall,13
895,10-10-2025,S-14 - Slam I Am,2,2,0,36.0,S,9,15,0,-70.0,Fall,14
896,10-10-2025,S-13 - Block A Bye Baby,1,3,0,0.0,S,8,15,1,-14.0,Fall,15
897,10-10-2025,S-18 - Six Blind Mice,0,4,0,-100.0,S,7,16,1,-137.0,Fall,16
898,10-10-2025,S-06 - Twinkerbells,2,2,0,-1.0,S,4,19,1,-115.0,Fall,17
899,10-10-2025,S-17 - Horton Hits A Shoot,1,3,0,-18.0,S,4,20,0,-108.0,Fall,18
900,10-17-2025,S-11 - Bumpty Dumpty v1,4,0,0,23.0,S,22,6,0,161.0,Fall,1
901,10-17-2025,S-07 - The Blockyardigans,2,2,0,5.0,S,20,7,1,99.0,Fall,2
902,10-17-2025,S-01 - Duck Duck Ace,3,0,1,24.0,S,18,9,1,103.0,Fall,3
903,10-17-2025,S-05 - The Prince And The Passer,1,3,0,-19.0,S,18,10,0,61.0,Fall,4
904,10-17-2025,S-02 - Itsy Bitsy Spikers,4,0,0,62.0,S,17,9,2,117.0,Fall,5
905,10-17-2025,S-09 - Bibbidi Boppity Boom!,3,0,1,16.0,S,17,10,1,54.0,Fall,6
906,10-17-2025,S-16 - If You Give A Mouse A Set,3,1,0,14.0,S,17,11,0,3.0,Fall,7
907,10-17-2025,S-08 - Goldi-Blocks,1,2,1,2.0,S,15,12,1,41.0,Fall,8
908,10-17-2025,S-12 - Dragon Tales And Hits,1,3,0,-13.0,S,15,13,0,46.0,Fall,9
909,10-17-2025,S-04 - Little Red Spikers,2,2,0,38.0,S,14,14,0,14.0,Fall,10
910,10-17-2025,S-03 - Not The Gumdrop Aces,1,3,0,-12.0,S,12,15,1,-67.0,Fall,11
911,10-17-2025,S-13 - Block A Bye Baby,3,1,0,24.0,S,11,16,1,10.0,Fall,12
912,10-17-2025,S-15 - Green Eggs & Slam,1,3,0,-10.0,S,11,16,1,-36.0,Fall,13
913,10-17-2025,S-10 - Bump-ty Dump-tys,1,3,0,-11.0,S,11,17,0,-33.0,Fall,14
914,10-17-2025,S-14 - Slam I Am,2,2,0,-11.0,S,11,17,0,-81.0,Fall,15
915,10-17-2025,S-18 - Six Blind Mice,0,4,0,-100.0,S,7,20,1,-237.0,Fall,16
916,10-17-2025,S-06 - Twinkerbells,1,2,1,-6.0,S,5,21,2,-121.0,Fall,17
917,10-17-2025,S-17 - Horton Hits A Shoot,1,3,0,-26.0,S,5,23,0,-134.0,Fall,18
918,10-24-2025,S-11 - Bumpty Dumpty v1,2,2,0,16.0,S,24,8,0,177.0,Fall,1
919,10-24-2025,S-05 - The Prince And The Passer,4,0,0,45.0,S,22,10,0,106.0,Fall,2
920,10-24-2025,S-09 - Bibbidi Boppity Boom!,4,0,0,39.0,S,21,10,1,93.0,Fall,3
921,10-24-2025,S-02 - Itsy Bitsy Spikers,3,1,0,13.0,S,20,10,2,130.0,Fall,4
922,10-24-2025,S-01 - Duck Duck Ace,2,2,0,-4.0,S,20,11,1,99.0,Fall,5
923,10-24-2025,S-07 - The Blockyardigans,0,4,0,-27.0,S,20,11,1,72.0,Fall,6
924,10-24-2025,S-16 - If You Give A Mouse A Set,3,1,0,3.0,S,20,12,0,6.0,Fall,7
925,10-24-2025,S-08 - Goldi-Blocks,4,0,0,11.0,S,19,12,1,52.0,Fall,8
926,10-24-2025,S-12 - Dragon Tales And Hits,2,2,0,-1.0,S,17,15,0,45.0,Fall,9
927,10-24-2025,S-04 - Little Red Spikers,2,2,0,5.0,S,16,16,0,19.0,Fall,10
928,10-24-2025,S-14 - Slam I Am,3,1,0,13.0,S,14,18,0,-68.0,Fall,11
929,10-24-2025,S-15 - Green Eggs & Slam,2,2,0,-10.0,S,13,18,1,-46.0,Fall,12
930,10-24-2025,S-13 - Block A Bye Baby,1,2,1,-2.0,S,12,18,2,8.0,Fall,13
931,10-24-2025,S-10 - Bump-ty Dump-tys,1,2,1,-1.0,S,12,19,1,-34.0,Fall,14
932,10-24-2025,S-03 - Not The Gumdrop Aces,0,4,0,-35.0,S,12,19,1,-102.0,Fall,15
933,10-24-2025,S-18 - Six Blind Mice,1,3,0,-14.0,S,8,23,1,-251.0,Fall,16
934,10-24-2025,S-17 - Horton Hits A Shoot,1,3,0,-25.0,S,6,26,0,-159.0,Fall,17
935,10-24-2025,S-06 - Twinkerbells,0,4,0,-26.0,S,5,25,2,-147.0,Fall,18
936,11-07-2025,S-11 - Bumpty Dumpty v1,3,1,0,4.0,S,27,9,0,181.0,Fall,1
937,11-07-2025,S-05 - The Prince And The Passer,3,1,0,56.0,S,25,11,0,162.0,Fall,2
938,11-07-2025,S-02 - Itsy Bitsy Spikers,4,0,0,20.0,S,24,10,2,150.0,Fall,3
939,11-07-2025,S-09 - Bibbidi Boppity Boom!,2,2,0,-1.0,S,23,12,1,92.0,Fall,4
940,11-07-2025,S-16 - If You Give A Mouse A Set,3,1,0,17.0,S,23,13,0,23.0,Fall,5
941,11-07-2025,S-07 - The Blockyardigans,2,2,0,0.0,S,22,13,1,72.0,Fall,6
942,11-07-2025,S-01 - Duck Duck Ace,0,4,0,-20.0,S,20,15,1,79.0,Fall,7
943,11-07-2025,S-08 - Goldi-Blocks,1,3,0,-18.0,S,20,15,1,34.0,Fall,8
944,11-07-2025,S-12 - Dragon Tales And Hits,3,1,0,44.0,S,20,16,0,89.0,Fall,9
945,11-07-2025,S-04 - Little Red Spikers,3,1,0,20.0,S,19,17,0,39.0,Fall,10
946,11-07-2025,S-15 - Green Eggs & Slam,4,0,0,57.0,S,17,18,1,11.0,Fall,11
947,11-07-2025,S-14 - Slam I Am,3,1,0,5.0,S,17,19,0,-63.0,Fall,12
948,11-07-2025,S-10 - Bump-ty Dump-tys,3,1,0,19.0,S,15,20,1,-15.0,Fall,13
949,11-07-2025,S-13 - Block A Bye Baby,0,4,0,-24.0,S,12,22,2,-16.0,Fall,14
950,11-07-2025,S-03 - Not The Gumdrop Aces,0,4,0,-22.0,S,12,23,1,-124.0,Fall,15
951,11-07-2025,S-18 - Six Blind Mice,0,4,0,-100.0,S,8,27,1,-351.0,Fall,16
952,11-07-2025,S-17 - Horton Hits A Shoot,2,2,0,43.0,S,8,28,0,-116.0,Fall,17
953,11-07-2025,S-06 - Twinkerbells,0,4,0,-100.0,S,5,29,2,-247.0,Fall,18
954,11-14-2025,S-11 - Bumpty Dumpty v1,2,2,0,2.0,S,29,11,0,183.0,Fall,1
955,11-14-2025,S-05 - The Prince And The Passer,2,2,0,-5.0,S,27,13,0,157.0,Fall,2
956,11-14-2025,S-09 - Bibbidi Boppity Boom!,3,1,0,26.0,S,26,13,1,118.0,Fall,3
957,11-14-2025,S-07 - The Blockyardigans,4,0,0,26.0,S,26,13,1,98.0,Fall,4
958,11-14-2025,S-02 - Itsy Bitsy Spikers,1,3,0,-13.0,S,25,13,2,137.0,Fall,5
959,11-14-2025,S-16 - If You Give A Mouse A Set,1,3,0,0.0,S,24,16,0,23.0,Fall,6
960,11-14-2025,S-08 - Goldi-Blocks,3,1,0,13.0,S,23,16,1,47.0,Fall,7
961,11-14-2025,S-01 - Duck Duck Ace,2,2,0,2.0,S,22,17,1,81.0,Fall,8
962,11-14-2025,S-12 - Dragon Tales And Hits,2,2,0,-1.0,S,22,18,0,88.0,Fall,9
963,11-14-2025,S-14 - Slam I Am,4,0,0,53.0,S,21,19,0,-10.0,Fall,10
964,11-14-2025,S-04 - Little Red Spikers,1,3,0,-12.0,S,20,20,0,27.0,Fall,11
965,11-14-2025,S-10 - Bump-ty Dump-tys,4,0,0,34.0,S,19,20,1,19.0,Fall,12
966,11-14-2025,S-15 - Green Eggs & Slam,0,4,0,-28.0,S,17,22,1,-17.0,Fall,13
967,11-14-2025,S-13 - Block A Bye Baby,3,1,0,5.0,S,15,23,2,-11.0,Fall,14
968,11-14-2025,S-03 - Not The Gumdrop Aces,2,2,0,47.0,S,14,25,1,-77.0,Fall,15
969,11-14-2025,S-18 - Six Blind Mice,0,4,0,-100.0,S,8,31,1,-451.0,Fall,16
970,11-14-2025,S-17 - Horton Hits A Shoot,0,4,0,-36.0,S,8,32,0,-152.0,Fall,17
971,11-14-2025,S-06 - Twinkerbells,2,2,0,-13.0,S,7,31,2,-260.0,Fall,18
972,11-21-2025,S-11 - Bumpty Dumpty v1,3,1,0,20.0,S,32,12,0,203.0,Fall,1
973,11-21-2025,S-02 - Itsy Bitsy Spikers,4,0,0,9.0,S,29,13,2,146.0,Fall,2
974,11-21-2025,S-07 - The Blockyardigans,3,1,0,8.0,S,29,14,1,106.0,Fall,3
975,11-21-2025,S-05 - The Prince And The Passer,2,2,0,7.0,S,29,15,0,164.0,Fall,4
976,11-21-2025,S-09 - Bibbidi Boppity Boom!,1,3,0,-21.0,S,27,16,1,97.0,Fall,5
977,11-21-2025,S-16 - If You Give A Mouse A Set,2,2,0,1.0,S,26,18,0,24.0,Fall,6
978,11-21-2025,S-08 - Goldi-Blocks,2,2,0,-4.0,S,25,18,1,43.0,Fall,7
979,11-21-2025,S-14 - Slam I Am,4,0,0,16.0,S,25,19,0,6.0,Fall,8
980,11-21-2025,S-01 - Duck Duck Ace,2,2,0,5.0,S,24,19,1,86.0,Fall,9
981,11-21-2025,S-12 - Dragon Tales And Hits,1,3,0,-13.0,S,23,21,0,75.0,Fall,10
982,11-21-2025,S-04 - Little Red Spikers,3,1,0,14.0,S,23,21,0,41.0,Fall,11
983,11-21-2025,S-10 - Bump-ty Dump-tys,3,1,0,6.0,S,22,21,1,25.0,Fall,12
984,11-21-2025,S-15 - Green Eggs & Slam,2,2,0,-9.0,S,19,24,1,-26.0,Fall,13
985,11-21-2025,S-13 - Block A Bye Baby,3,1,0,20.0,S,18,24,2,9.0,Fall,14
986,11-21-2025,S-03 - Not The Gumdrop Aces,0,4,0,-22.0,S,14,29,1,-99.0,Fall,15
987,11-21-2025,S-17 - Horton Hits A Shoot,1,3,0,-16.0,S,9,35,0,-168.0,Fall,16
988,11-21-2025,S-18 - Six Blind Mice,0,4,0,0.0,S,8,35,1,-451.0,Fall,17
989,11-21-2025,S-06 - Twinkerbells,0,4,0,-21.0,S,7,35,2,-281.0,Fall,18
990,01-23-2026,A-01 Hue’s Your Daddy,0,0,0,0.0,A,0,0,0,0.0,Spring,1
991,01-23-2026,A-18 Rosebuds,0,0,0,0.0,A,0,0,0,0.0,Spring,2
992,01-23-2026,A-17 Brown Beaver Baddies,0,0,0,0.0,A,0,0,0,0.0,Spring,3
993,01-23-2026,A-16 50 Shades of Slay,0,0,0,0.0,A,0,0,0,0.0,Spring,4
994,01-23-2026,A-15 Spikadelic,0,0,0,0.0,A,0,0,0,0.0,Spring,5
995,01-23-2026,A-14 ROYGDig,0,0,0,0.0,A,0,0,0,0.0,Spring,6
996,01-23-2026,A-13 Blue Ball Control,0,0,0,0.0,A,0,0,0,0.0,Spring,7
997,01-23-2026,A-12 Mint Condition,0,0,0,0.0,A,0,0,0,0.0,Spring,8
998,01-23-2026,A-10,0,0,0,0.0,A,0,0,0,0.0,Spring,9
999,01-23-2026,A-09 Serve the Rainbow,0,0,0,0.0,A,0,0,0,0.0,Spring,10
1000,01-23-2026,A-08 Crayon Crunchers,0,0,0,0.0,A,0,0,0,0.0,Spring,11
1001,01-23-2026,A-07 Orange You Glad We Serve,0,0,0,0.0,A,0,0,0,0.0,Spring,12
1002,01-23-2026,A-06,0,0,0,0.0,A,0,0,0,0.0,Spring,13
1003,01-23-2026,A-05 Send Nudes,0,0,0,0.0,A,0,0,0,0.0,Spring,14
1004,01-23-2026,A-04,0,0,0,0.0,A,0,0,0,0.0,Spring,15
1005,01-23-2026,A-03 Chromatic Chaos,0,0,0,0.0,A,0,0,0,0.0,Spring,16
1006,01-23-2026,A-11 Paint the Town Red,0,0,0,0.0,A,0,0,0,0.0,Spring,17
1007,01-23-2026,A-02 Fifty Shades of Gay,0,0,0,0.0,A,0,0,0,0.0,Spring,18
1008,01-30-2026,A-08 Crayon Crunchers,4,0,0,38.0,A,4,0,0,38.0,Spring,1
1009,01-30-2026,A-16 50 Shades of Slay,4,0,0,8.0,A,4,0,0,8.0,Spring,2
1010,01-30-2026,A-07 Orange You Glad We Serve,3,1,0,15.0,A,3,1,0,15.0,Spring,3
1011,01-30-2026,A-14 ROYGDig,3,1,0,9.0,A,3,1,0,9.0,Spring,4
1012,01-30-2026,A-18 Rosebuds,3,1,0,6.0,A,3,1,0,6.0,Spring,5
1013,01-30-2026,A-02 Fifty Shades of Gay,2,1,1,17.0,A,2,1,1,17.0,Spring,6
1014,01-30-2026,A-04,2,1,1,6.0,A,2,1,1,6.0,Spring,7
1015,01-30-2026,A-01 Hue’s Your Daddy,2,1,1,4.0,A,2,1,1,4.0,Spring,8
1016,01-30-2026,A-05 Send Nudes,2,2,0,7.0,A,2,2,0,7.0,Spring,9
1017,01-30-2026,A-03 Chromatic Chaos,2,2,0,-4.0,A,2,2,0,-4.0,Spring,10
1018,01-30-2026,A-11 Paint the Town Red,2,2,0,-13.0,A,2,2,0,-13.0,Spring,11
1019,01-30-2026,A-13 Blue Ball Control,1,3,0,-1.0,A,1,3,0,-1.0,Spring,12
1020,01-30-2026,A-10,1,3,0,-7.0,A,1,3,0,-7.0,Spring,13
1021,01-30-2026,A-15 Spikadelic,1,3,0,-11.0,A,1,3,0,-11.0,Spring,14
1022,01-30-2026,A-06,1,3,0,-13.0,A,1,3,0,-13.0,Spring,15
1023,01-30-2026,A-09 Serve the Rainbow,1,3,0,-21.0,A,1,3,0,-21.0,Spring,16
1024,01-30-2026,A-17 Brown Beaver Baddies,0,3,1,-15.0,A,0,3,1,-15.0,Spring,17
1025,01-30-2026,A-12 Mint Condition,0,4,0,-25.0,A,0,4,0,-25.0,Spring,18
1026,02-06-2026,A-16 50 Shades of Slay,2,2,0,-4.0,A,6,2,0,4.0,Spring,1
1027,02-06-2026,A-01 Hue’s Your Daddy,3,1,0,20.0,A,5,2,1,24.0,Spring,2
1028,02-06-2026,A-11 Paint the Town Red,3,1,0,17.0,A,5,3,0,4.0,Spring,3
1029,02-06-2026,A-07 Orange You Glad We Serve,2,2,0,-17.0,A,5,3,0,-2.0,Spring,4
1030,02-06-2026,A-02 Fifty Shades of Gay,2,2,0,10.0,A,4,3,1,27.0,Spring,5
1031,02-06-2026,A-08 Crayon Crunchers,0,3,1,-21.0,A,4,3,1,17.0,Spring,6
1032,02-06-2026,A-15 Spikadelic,3,0,1,20.0,A,4,3,1,9.0,Spring,7
1033,02-06-2026,A-10,3,1,0,25.0,A,4,4,0,18.0,Spring,8
1034,02-06-2026,A-18 Rosebuds,1,3,0,7.0,A,4,4,0,13.0,Spring,9
1035,02-06-2026,A-13 Blue Ball Control,3,1,0,10.0,A,4,4,0,9.0,Spring,10
1036,02-06-2026,A-05 Send Nudes,2,2,0,1.0,A,4,4,0,8.0,Spring,11
1037,02-06-2026,A-06,2,1,1,9.0,A,3,4,1,-4.0,Spring,12
1038,02-06-2026,A-14 ROYGDig,0,3,1,-26.0,A,3,4,1,-17.0,Spring,13
1039,02-06-2026,A-04,1,3,0,-35.0,A,3,4,1,-29.0,Spring,14
1040,02-06-2026,A-12 Mint Condition,3,1,0,30.0,A,3,5,0,5.0,Spring,15
1041,02-06-2026,A-03 Chromatic Chaos,1,3,0,-16.0,A,3,5,0,-20.0,Spring,16
1042,02-06-2026,A-09 Serve the Rainbow,2,2,0,-3.0,A,3,5,0,-24.0,Spring,17
1043,02-06-2026,A-17 Brown Beaver Baddies,1,3,0,-27.0,A,1,6,1,-42.0,Spring,18
1044,02-20-2026,A-16 50 Shades of Slay,0,0,0,0.0,A,6,2,0,4.0,Spring,1
1045,02-20-2026,A-01 Hue’s Your Daddy,0,0,0,0.0,A,5,2,1,24.0,Spring,2
1046,02-20-2026,A-11 Paint the Town Red,0,0,0,0.0,A,5,3,0,4.0,Spring,3
1047,02-20-2026,A-07 Orange You Glad We Serve,0,0,0,0.0,A,5,3,0,-2.0,Spring,4
1048,02-20-2026,A-02 Fifty Shades of Gay,0,0,0,0.0,A,4,3,1,27.0,Spring,5
1049,02-20-2026,A-08 Crayon Crunchers,0,0,0,0.0,A,4,3,1,17.0,Spring,6
1050,02-20-2026,A-15 Spikadelic,0,0,0,0.0,A,4,3,1,9.0,Spring,7
1051,02-20-2026,A-10,0,0,0,0.0,A,4,4,0,18.0,Spring,8
1052,02-20-2026,A-18 Rosebuds,0,0,0,0.0,A,4,4,0,13.0,Spring,9
1053,02-20-2026,A-13 Blue Ball Control,0,0,0,0.0,A,4,4,0,9.0,Spring,10
1054,02-20-2026,A-05 Send Nudes,0,0,0,0.0,A,4,4,0,8.0,Spring,11
1055,02-20-2026,A-06,0,0,0,0.0,A,3,4,1,-4.0,Spring,12
1056,02-20-2026,A-14 ROYGDig,0,0,0,0.0,A,3,4,1,-17.0,Spring,13
1057,02-20-2026,A-04,0,0,0,0.0,A,3,4,1,-29.0,Spring,14
1058,02-20-2026,A-12 Mint Condition,0,0,0,0.0,A,3,5,0,5.0,Spring,15
1059,02-20-2026,A-03 Chromatic Chaos,0,0,0,0.0,A,3,5,0,-20.0,Spring,16
1060,02-20-2026,A-09 Serve the Rainbow,0,0,0,0.0,A,3,5,0,-24.0,Spring,17
1061,02-20-2026,A-17 Brown Beaver Baddies,0,0,0,0.0,A,1,6,1,-42.0,Spring,18
1062,02-27-2026,A-16 50 Shades of Slay,0,0,0,0.0,A,6,2,0,4.0,Spring,1
1063,02-27-2026,A-01 Hue’s Your Daddy,0,0,0,0.0,A,5,2,1,24.0,Spring,2
1064,02-27-2026,A-11 Paint the Town Red,0,0,0,0.0,A,5,3,0,4.0,Spring,3
1065,02-27-2026,A-07 Orange You Glad We Serve,0,0,0,0.0,A,5,3,0,-2.0,Spring,4
1066,02-27-2026,A-02 Fifty Shades of Gay,0,0,0,0.0,A,4,3,1,27.0,Spring,5
1067,02-27-2026,A-08 Crayon Crunchers,0,0,0,0.0,A,4,3,1,17.0,Spring,6
1068,02-27-2026,A-15 Spikadelic,0,0,0,0.0,A,4,3,1,9.0,Spring,7
1069,02-27-2026,A-10,0,0,0,0.0,A,4,4,0,18.0,Spring,8
1070,02-27-2026,A-18 Rosebuds,0,0,0,0.0,A,4,4,0,13.0,Spring,9
1071,02-27-2026,A-13 Blue Ball Control,0,0,0,0.0,A,4,4,0,9.0,Spring,10
1072,02-27-2026,A-05 Send Nudes,0,0,0,0.0,A,4,4,0,8.0,Spring,11
1073,02-27-2026,A-06,0,0,0,0.0,A,3,4,1,-4.0,Spring,12
1074,02-27-2026,A-14 ROYGDig,0,0,0,0.0,A,3,4,1,-17.0,Spring,13
1075,02-27-2026,A-04,0,0,0,0.0,A,3,4,1,-29.0,Spring,14
1076,02-27-2026,A-12 Mint Condition,0,0,0,0.0,A,3,5,0,5.0,Spring,15
1077,02-27-2026,A-03 Chromatic Chaos,0,0,0,0.0,A,3,5,0,-20.0,Spring,16
1078,02-27-2026,A-09 Serve the Rainbow,0,0,0,0.0,A,3,5,0,-24.0,Spring,17
1079,02-27-2026,A-17 Brown Beaver Baddies,0,0,0,0.0,A,1,6,1,-42.0,Spring,18
1080,03-06-2026,A-16 50 Shades of Slay,0,0,0,0.0,A,6,2,0,4.0,Spring,1
1081,03-06-2026,A-01 Hue’s Your Daddy,0,0,0,0.0,A,5,2,1,24.0,Spring,2
1082,03-06-2026,A-11 Paint the Town Red,0,0,0,0.0,A,5,3,0,4.0,Spring,3
1083,03-06-2026,A-07 Orange You Glad We Serve,0,0,0,0.0,A,5,3,0,-2.0,Spring,4
1084,03-06-2026,A-02 Fifty Shades of Gay,0,0,0,0.0,A,4,3,1,27.0,Spring,5
1085,03-06-2026,A-08 Crayon Crunchers,0,0,0,0.0,A,4,3,1,17.0,Spring,6
1086,03-06-2026,A-15 Spikadelic,0,0,0,0.0,A,4,3,1,9.0,Spring,7
1087,03-06-2026,A-10,0,0,0,0.0,A,4,4,0,18.0,Spring,8
1088,03-06-2026,A-18 Rosebuds,0,0,0,0.0,A,4,4,0,13.0,Spring,9
1089,03-06-2026,A-13 Blue Ball Control,0,0,0,0.0,A,4,4,0,9.0,Spring,10
1090,03-06-2026,A-05 Send Nudes,0,0,0,0.0,A,4,4,0,8.0,Spring,11
1091,03-06-2026,A-06,0,0,0,0.0,A,3,4,1,-4.0,Spring,12
1092,03-06-2026,A-14 ROYGDig,0,0,0,0.0,A,3,4,1,-17.0,Spring,13
1093,03-06-2026,A-04,0,0,0,0.0,A,3,4,1,-29.0,Spring,14
1094,03-06-2026,A-12 Mint Condition,0,0,0,0.0,A,3,5,0,5.0,Spring,15
1095,03-06-2026,A-03 Chromatic Chaos,0,0,0,0.0,A,3,5,0,-20.0,Spring,16
1096,03-06-2026,A-09 Serve the Rainbow,0,0,0,0.0,A,3,5,0,-24.0,Spring,17
1097,03-06-2026,A-17 Brown Beaver Baddies,0,0,0,0.0,A,1,6,1,-42.0,Spring,18
1098,03-20-2026,A-16 50 Shades of Slay,0,0,0,0.0,A,6,2,0,4.0,Spring,1
1099,03-20-2026,A-01 Hue’s Your Daddy,0,0,0,0.0,A,5,2,1,24.0,Spring,2
1100,03-20-2026,A-11 Paint the Town Red,0,0,0,0.0,A,5,3,0,4.0,Spring,3
1101,03-20-2026,A-07 Orange You Glad We Serve,0,0,0,0.0,A,5,3,0,-2.0,Spring,4
1102,03-20-2026,A-02 Fifty Shades of Gay,0,0,0,0.0,A,4,3,1,27.0,Spring,5
1103,03-20-2026,A-08 Crayon Crunchers,0,0,0,0.0,A,4,3,1,17.0,Spring,6
1104,03-20-2026,A-15 Spikadelic,0,0,0,0.0,A,4,3,1,9.0,Spring,7
1105,03-20-2026,A-10,0,0,0,0.0,A,4,4,0,18.0,Spring,8
1106,03-20-2026,A-18 Rosebuds,0,0,0,0.0,A,4,4,0,13.0,Spring,9
1107,03-20-2026,A-13 Blue Ball Control,0,0,0,0.0,A,4,4,0,9.0,Spring,10
1108,03-20-2026,A-05 Send Nudes,0,0,0,0.0,A,4,4,0,8.0,Spring,11
1109,03-20-2026,A-06,0,0,0,0.0,A,3,4,1,-4.0,Spring,12
1110,03-20-2026,A-14 ROYGDig,0,0,0,0.0,A,3,4,1,-17.0,Spring,13
1111,03-20-2026,A-04,0,0,0,0.0,A,3,4,1,-29.0,Spring,14
1112,03-20-2026,A-12 Mint Condition,0,0,0,0.0,A,3,5,0,5.0,Spring,15
1113,03-20-2026,A-03 Chromatic Chaos,0,0,0,0.0,A,3,5,0,-20.0,Spring,16
1114,03-20-2026,A-09 Serve the Rainbow,0,0,0,0.0,A,3,5,0,-24.0,Spring,17
1115,03-20-2026,A-17 Brown Beaver Baddies,0,0,0,0.0,A,1,6,1,-42.0,Spring,18
1116,03-27-2026,A-16 50 Shades of Slay,0,0,0,0.0,A,6,2,0,4.0,Spring,1
1117,03-27-2026,A-01 Hue’s Your Daddy,0,0,0,0.0,A,5,2,1,24.0,Spring,2
1118,03-27-2026,A-11 Paint the Town Red,0,0,0,0.0,A,5,3,0,4.0,Spring,3
1119,03-27-2026,A-07 Orange You Glad We Serve,0,0,0,0.0,A,5,3,0,-2.0,Spring,4
1120,03-27-2026,A-02 Fifty Shades of Gay,0,0,0,0.0,A,4,3,1,27.0,Spring,5
1121,03-27-2026,A-08 Crayon Crunchers,0,0,0,0.0,A,4,3,1,17.0,Spring,6
1122,03-27-2026,A-15 Spikadelic,0,0,0,0.0,A,4,3,1,9.0,Spring,7
1123,03-27-2026,A-10,0,0,0,0.0,A,4,4,0,18.0,Spring,8
1124,03-27-2026,A-18 Rosebuds,0,0,0,0.0,A,4,4,0,13.0,Spring,9
1125,03-27-2026,A-13 Blue Ball Control,0,0,0,0.0,A,4,4,0,9.0,Spring,10
1126,03-27-2026,A-05 Send Nudes,0,0,0,0.0,A,4,4,0,8.0,Spring,11
1127,03-27-2026,A-06,0,0,0,0.0,A,3,4,1,-4.0,Spring,12
1128,03-27-2026,A-14 ROYGDig,0,0,0,0.0,A,3,4,1,-17.0,Spring,13
1129,03-27-2026,A-04,0,0,0,0.0,A,3,4,1,-29.0,Spring,14
1130,03-27-2026,A-12 Mint Condition,0,0,0,0.0,A,3,5,0,5.0,Spring,15
1131,03-27-2026,A-03 Chromatic Chaos,0,0,0,0.0,A,3,5,0,-20.0,Spring,16
1132,03-27-2026,A-09 Serve the Rainbow,0,0,0,0.0,A,3,5,0,-24.0,Spring,17
1133,03-27-2026,A-17 Brown Beaver Baddies,0,0,0,0.0,A,1,6,1,-42.0,Spring,18
1134,04-10-2026,A-16 50 Shades of Slay,0,0,0,0.0,A,6,2,0,4.0,Spring,1
1135,04-10-2026,A-01 Hue’s Your Daddy,0,0,0,0.0,A,5,2,1,24.0,Spring,2
1136,04-10-2026,A-11 Paint the Town Red,0,0,0,0.0,A,5,3,0,4.0,Spring,3
1137,04-10-2026,A-07 Orange You Glad We Serve,0,0,0,0.0,A,5,3,0,-2.0,Spring,4
1138,04-10-2026,A-02 Fifty Shades of Gay,0,0,0,0.0,A,4,3,1,27.0,Spring,5
1139,04-10-2026,A-08 Crayon Crunchers,0,0,0,0.0,A,4,3,1,17.0,Spring,6
1140,04-10-2026,A-15 Spikadelic,0,0,0,0.0,A,4,3,1,9.0,Spring,7
1141,04-10-2026,A-10,0,0,0,0.0,A,4,4,0,18.0,Spring,8
1142,04-10-2026,A-18 Rosebuds,0,0,0,0.0,A,4,4,0,13.0,Spring,9
1143,04-10-2026,A-13 Blue Ball Control,0,0,0,0.0,A,4,4,0,9.0,Spring,10
1144,04-10-2026,A-05 Send Nudes,0,0,0,0.0,A,4,4,0,8.0,Spring,11
1145,04-10-2026,A-06,0,0,0,0.0,A,3,4,1,-4.0,Spring,12
1146,04-10-2026,A-14 ROYGDig,0,0,0,0.0,A,3,4,1,-17.0,Spring,13
1147,04-10-2026,A-04,0,0,0,0.0,A,3,4,1,-29.0,Spring,14
1148,04-10-2026,A-12 Mint Condition,0,0,0,0.0,A,3,5,0,5.0,Spring,15
1149,04-10-2026,A-03 Chromatic Chaos,0,0,0,0.0,A,3,5,0,-20.0,Spring,16
1150,04-10-2026,A-09 Serve the Rainbow,0,0,0,0.0,A,3,5,0,-24.0,Spring,17
1151,04-10-2026,A-17 Brown Beaver Baddies,0,0,0,0.0,A,1,6,1,-42.0,Spring,18
1152,04-17-2026,A-16 50 Shades of Slay,0,0,0,0.0,A,6,2,0,4.0,Spring,1
1153,04-17-2026,A-01 Hue’s Your Daddy,0,0,0,0.0,A,5,2,1,24.0,Spring,2
1154,04-17-2026,A-11 Paint the Town Red,0,0,0,0.0,A,5,3,0,4.0,Spring,3
1155,04-17-2026,A-07 Orange You Glad We Serve,0,0,0,0.0,A,5,3,0,-2.0,Spring,4
1156,04-17-2026,A-02 Fifty Shades of Gay,0,0,0,0.0,A,4,3,1,27.0,Spring,5
1157,04-17-2026,A-08 Crayon Crunchers,0,0,0,0.0,A,4,3,1,17.0,Spring,6
1158,04-17-2026,A-15 Spikadelic,0,0,0,0.0,A,4,3,1,9.0,Spring,7
1159,04-17-2026,A-10,0,0,0,0.0,A,4,4,0,18.0,Spring,8
1160,04-17-2026,A-18 Rosebuds,0,0,0,0.0,A,4,4,0,13.0,Spring,9
1161,04-17-2026,A-13 Blue Ball Control,0,0,0,0.0,A,4,4,0,9.0,Spring,10
1162,04-17-2026,A-05 Send Nudes,0,0,0,0.0,A,4,4,0,8.0,Spring,11
1163,04-17-2026,A-06,0,0,0,0.0,A,3,4,1,-4.0,Spring,12
1164,04-17-2026,A-14 ROYGDig,0,0,0,0.0,A,3,4,1,-17.0,Spring,13
1165,04-17-2026,A-04,0,0,0,0.0,A,3,4,1,-29.0,Spring,14
1166,04-17-2026,A-12 Mint Condition,0,0,0,0.0,A,3,5,0,5.0,Spring,15
1167,04-17-2026,A-03 Chromatic Chaos,0,0,0,0.0,A,3,5,0,-20.0,Spring,16
1168,04-17-2026,A-09 Serve the Rainbow,0,0,0,0.0,A,3,5,0,-24.0,Spring,17
1169,04-17-2026,A-17 Brown Beaver Baddies,0,0,0,0.0,A,1,6,1,-42.0,Spring,18
1170,04-24-2026,A-16 50 Shades of Slay,0,0,0,0.0,A,6,2,0,4.0,Spring,1
1171,04-24-2026,A-01 Hue’s Your Daddy,0,0,0,0.0,A,5,2,1,24.0,Spring,2
1172,04-24-2026,A-11 Paint the Town Red,0,0,0,0.0,A,5,3,0,4.0,Spring,3
1173,04-24-2026,A-07 Orange You Glad We Serve,0,0,0,0.0,A,5,3,0,-2.0,Spring,4
1174,04-24-2026,A-02 Fifty Shades of Gay,0,0,0,0.0,A,4,3,1,27.0,Spring,5
1175,04-24-2026,A-08 Crayon Crunchers,0,0,0,0.0,A,4,3,1,17.0,Spring,6
1176,04-24-2026,A-15 Spikadelic,0,0,0,0.0,A,4,3,1,9.0,Spring,7
1177,04-24-2026,A-10,0,0,0,0.0,A,4,4,0,18.0,Spring,8
1178,04-24-2026,A-18 Rosebuds,0,0,0,0.0,A,4,4,0,13.0,Spring,9
1179,04-24-2026,A-13 Blue Ball Control,0,0,0,0.0,A,4,4,0,9.0,Spring,10
1180,04-24-2026,A-05 Send Nudes,0,0,0,0.0,A,4,4,0,8.0,Spring,11
1181,04-24-2026,A-06,0,0,0,0.0,A,3,4,1,-4.0,Spring,12
1182,04-24-2026,A-14 ROYGDig,0,0,0,0.0,A,3,4,1,-17.0,Spring,13
1183,04-24-2026,A-04,0,0,0,0.0,A,3,4,1,-29.0,Spring,14
1184,04-24-2026,A-12 Mint Condition,0,0,0,0.0,A,3,5,0,5.0,Spring,15
1185,04-24-2026,A-03 Chromatic Chaos,0,0,0,0.0,A,3,5,0,-20.0,Spring,16
1186,04-24-2026,A-09 Serve the Rainbow,0,0,0,0.0,A,3,5,0,-24.0,Spring,17
1187,04-24-2026,A-17 Brown Beaver Baddies,0,0,0,0.0,A,1,6,1,-42.0,Spring,18
1188,01-23-2026,"C-03 Sugar, Spike and",0,0,0,0.0,C,0,0,0,0.0,Spring,1
1189,01-23-2026,"C-02 Ed, Edd n Edging!",0,0,0,0.0,C,0,0,0,0.0,Spring,2
1190,01-23-2026,C-01 Avatar: Net Benders,0,0,0,0.0,C,0,0,0,0.0,Spring,3
1191,01-23-2026,C-04 Peppa Dig,0,0,0,0.0,C,0,0,0,0.0,Spring,4
1192,01-23-2026,C-05 Dragon Ballz Deep,0,0,0,0.0,C,0,0,0,0.0,Spring,5
1193,01-23-2026,C-06 SpongeBall Spikepants,0,0,0,0.0,C,0,0,0,0.0,Spring,6
1194,01-23-2026,C-18 Straw Hat Striker,0,0,0,0.0,C,0,0,0,0.0,Spring,7
1195,01-23-2026,C-17 Scooby Do Me,0,0,0,0.0,C,0,0,0,0.0,Spring,8
1196,01-23-2026,C-15 Powerpuff Passers,0,0,0,0.0,C,0,0,0,0.0,Spring,9
1197,01-23-2026,C-14 Diva Slayers,0,0,0,0.0,C,0,0,0,0.0,Spring,10
1198,01-23-2026,C-13 Thunder Kills,0,0,0,0.0,C,0,0,0,0.0,Spring,11
1199,01-23-2026,C-12 The Magic Spikebus,0,0,0,0.0,C,0,0,0,0.0,Spring,12
1200,01-23-2026,C-11 Trans Performers,0,0,0,0.0,C,0,0,0,0.0,Spring,13
1201,01-23-2026,C-10 Courage the Cowardly Dig,0,0,0,0.0,C,0,0,0,0.0,Spring,14
1202,01-23-2026,C-09 The Netsons,0,0,0,0.0,C,0,0,0,0.0,Spring,15
1203,01-23-2026,C-08 Blocker's Home for Unimaginative Hitters,0,0,0,0.0,C,0,0,0,0.0,Spring,16
1204,01-23-2026,C-07 Sailor Spikers,0,0,0,0.0,C,0,0,0,0.0,Spring,17
1205,01-23-2026,C-16 The IncrediBalls,0,0,0,0.0,C,0,0,0,0.0,Spring,18
1206,01-30-2026,"C-03 Sugar, Spike and",4,0,0,30.0,C,4,0,0,30.0,Spring,1
1207,01-30-2026,C-05 Dragon Ballz Deep,3,1,0,24.0,C,3,1,0,24.0,Spring,2
1208,01-30-2026,C-17 Scooby Do Me,3,1,0,19.0,C,3,1,0,19.0,Spring,3
1209,01-30-2026,C-01 Avatar: Net Benders,3,1,0,12.0,C,3,1,0,12.0,Spring,4
1210,01-30-2026,C-06 SpongeBall Spikepants,3,1,0,12.0,C,3,1,0,12.0,Spring,5
1211,01-30-2026,C-14 Diva Slayers,3,1,0,9.0,C,3,1,0,9.0,Spring,6
1212,01-30-2026,C-11 Trans Performers,3,1,0,5.0,C,3,1,0,5.0,Spring,7
1213,01-30-2026,"C-02 Ed, Edd n Edging!",2,2,0,7.0,C,2,2,0,7.0,Spring,8
1214,01-30-2026,C-13 Thunder Kills,2,2,0,5.0,C,2,2,0,5.0,Spring,9
1215,01-30-2026,C-07 Sailor Spikers,2,2,0,5.0,C,2,2,0,5.0,Spring,10
1216,01-30-2026,C-16 The IncrediBalls,2,2,0,0.0,C,2,2,0,0.0,Spring,11
1217,01-30-2026,C-12 The Magic Spikebus,2,2,0,-1.0,C,2,2,0,-1.0,Spring,12
1218,01-30-2026,C-10 Courage the Cowardly Dig,2,2,0,-5.0,C,2,2,0,-5.0,Spring,13
1219,01-30-2026,C-08 Blocker's Home for Unimaginative Hitters,1,3,0,-4.0,C,1,3,0,-4.0,Spring,14
1220,01-30-2026,C-09 The Netsons,1,3,0,-19.0,C,1,3,0,-19.0,Spring,15
1221,01-30-2026,C-04 Peppa Dig,0,4,0,-28.0,C,0,4,0,-28.0,Spring,16
1222,01-30-2026,C-15 Powerpuff Passers,0,4,0,-35.0,C,0,4,0,-35.0,Spring,17
1223,01-30-2026,C-18 Straw Hat Striker,0,4,0,-36.0,C,0,4,0,-36.0,Spring,18
1224,02-06-2026,C-05 Dragon Ballz Deep,4,0,0,25.0,C,7,1,0,49.0,Spring,1
1225,02-06-2026,C-06 SpongeBall Spikepants,4,0,0,25.0,C,7,1,0,37.0,Spring,2
1226,02-06-2026,C-17 Scooby Do Me,3,1,0,16.0,C,6,2,0,35.0,Spring,3
1227,02-06-2026,C-01 Avatar: Net Benders,3,1,0,19.0,C,6,2,0,31.0,Spring,4
1228,02-06-2026,C-13 Thunder Kills,4,0,0,20.0,C,6,2,0,25.0,Spring,5
1229,02-06-2026,"C-03 Sugar, Spike and",1,3,0,-21.0,C,5,3,0,9.0,Spring,6
1230,02-06-2026,C-12 The Magic Spikebus,3,1,0,10.0,C,5,3,0,9.0,Spring,7
1231,02-06-2026,C-11 Trans Performers,2,2,0,-2.0,C,5,3,0,3.0,Spring,8
1232,02-06-2026,"C-02 Ed, Edd n Edging!",2,1,1,8.0,C,4,3,1,15.0,Spring,9
1233,02-06-2026,C-10 Courage the Cowardly Dig,2,1,1,5.0,C,4,3,1,0.0,Spring,10
1234,02-06-2026,C-16 The IncrediBalls,2,2,0,2.0,C,4,4,0,2.0,Spring,11
1235,02-06-2026,C-08 Blocker's Home for Unimaginative Hitters,2,2,0,10.0,C,3,5,0,6.0,Spring,12
1236,02-06-2026,C-07 Sailor Spikers,1,3,0,-9.0,C,3,5,0,-4.0,Spring,13
1237,02-06-2026,C-14 Diva Slayers,0,4,0,-23.0,C,3,5,0,-14.0,Spring,14
1238,02-06-2026,C-04 Peppa Dig,1,3,0,-13.0,C,1,7,0,-41.0,Spring,15
1239,02-06-2026,C-09 The Netsons,0,4,0,-26.0,C,1,7,0,-45.0,Spring,16
1240,02-06-2026,C-18 Straw Hat Striker,1,3,0,-11.0,C,1,7,0,-47.0,Spring,17
1241,02-06-2026,C-15 Powerpuff Passers,0,4,0,-35.0,C,0,8,0,-70.0,Spring,18
1242,02-20-2026,C-05 Dragon Ballz Deep,0,0,0,0.0,C,7,1,0,49.0,Spring,1
1243,02-20-2026,C-06 SpongeBall Spikepants,0,0,0,0.0,C,7,1,0,37.0,Spring,2
1244,02-20-2026,C-17 Scooby Do Me,0,0,0,0.0,C,6,2,0,35.0,Spring,3
1245,02-20-2026,C-01 Avatar: Net Benders,0,0,0,0.0,C,6,2,0,31.0,Spring,4
1246,02-20-2026,C-13 Thunder Kills,0,0,0,0.0,C,6,2,0,25.0,Spring,5
1247,02-20-2026,"C-03 Sugar, Spike and",0,0,0,0.0,C,5,3,0,9.0,Spring,6
1248,02-20-2026,C-12 The Magic Spikebus,0,0,0,0.0,C,5,3,0,9.0,Spring,7
1249,02-20-2026,C-11 Trans Performers,0,0,0,0.0,C,5,3,0,3.0,Spring,8
1250,02-20-2026,"C-02 Ed, Edd n Edging!",0,0,0,0.0,C,4,3,1,15.0,Spring,9
1251,02-20-2026,C-10 Courage the Cowardly Dig,0,0,0,0.0,C,4,3,1,0.0,Spring,10
1252,02-20-2026,C-16 The IncrediBalls,0,0,0,0.0,C,4,4,0,2.0,Spring,11
1253,02-20-2026,C-08 Blocker's Home for Unimaginative Hitters,0,0,0,0.0,C,3,5,0,6.0,Spring,12
1254,02-20-2026,C-07 Sailor Spikers,0,0,0,0.0,C,3,5,0,-4.0,Spring,13
1255,02-20-2026,C-14 Diva Slayers,0,0,0,0.0,C,3,5,0,-14.0,Spring,14
1256,02-20-2026,C-04 Peppa Dig,0,0,0,0.0,C,1,7,0,-41.0,Spring,15
1257,02-20-2026,C-09 The Netsons,0,0,0,0.0,C,1,7,0,-45.0,Spring,16
1258,02-20-2026,C-18 Straw Hat Striker,0,0,0,0.0,C,1,7,0,-47.0,Spring,17
1259,02-20-2026,C-15 Powerpuff Passers,0,0,0,0.0,C,0,8,0,-70.0,Spring,18
1260,02-27-2026,C-05 Dragon Ballz Deep,0,0,0,0.0,C,7,1,0,49.0,Spring,1
1261,02-27-2026,C-06 SpongeBall Spikepants,0,0,0,0.0,C,7,1,0,37.0,Spring,2
1262,02-27-2026,C-17 Scooby Do Me,0,0,0,0.0,C,6,2,0,35.0,Spring,3
1263,02-27-2026,C-01 Avatar: Net Benders,0,0,0,0.0,C,6,2,0,31.0,Spring,4
1264,02-27-2026,C-13 Thunder Kills,0,0,0,0.0,C,6,2,0,25.0,Spring,5
1265,02-27-2026,"C-03 Sugar, Spike and",0,0,0,0.0,C,5,3,0,9.0,Spring,6
1266,02-27-2026,C-12 The Magic Spikebus,0,0,0,0.0,C,5,3,0,9.0,Spring,7
1267,02-27-2026,C-11 Trans Performers,0,0,0,0.0,C,5,3,0,3.0,Spring,8
1268,02-27-2026,"C-02 Ed, Edd n Edging!",0,0,0,0.0,C,4,3,1,15.0,Spring,9
1269,02-27-2026,C-10 Courage the Cowardly Dig,0,0,0,0.0,C,4,3,1,0.0,Spring,10
1270,02-27-2026,C-16 The IncrediBalls,0,0,0,0.0,C,4,4,0,2.0,Spring,11
1271,02-27-2026,C-08 Blocker's Home for Unimaginative Hitters,0,0,0,0.0,C,3,5,0,6.0,Spring,12
1272,02-27-2026,C-07 Sailor Spikers,0,0,0,0.0,C,3,5,0,-4.0,Spring,13
1273,02-27-2026,C-14 Diva Slayers,0,0,0,0.0,C,3,5,0,-14.0,Spring,14
1274,02-27-2026,C-04 Peppa Dig,0,0,0,0.0,C,1,7,0,-41.0,Spring,15
1275,02-27-2026,C-09 The Netsons,0,0,0,0.0,C,1,7,0,-45.0,Spring,16
1276,02-27-2026,C-18 Straw Hat Striker,0,0,0,0.0,C,1,7,0,-47.0,Spring,17
1277,02-27-2026,C-15 Powerpuff Passers,0,0,0,0.0,C,0,8,0,-70.0,Spring,18
1278,03-06-2026,C-05 Dragon Ballz Deep,0,0,0,0.0,C,7,1,0,49.0,Spring,1
1279,03-06-2026,C-06 SpongeBall Spikepants,0,0,0,0.0,C,7,1,0,37.0,Spring,2
1280,03-06-2026,C-17 Scooby Do Me,0,0,0,0.0,C,6,2,0,35.0,Spring,3
1281,03-06-2026,C-01 Avatar: Net Benders,0,0,0,0.0,C,6,2,0,31.0,Spring,4
1282,03-06-2026,C-13 Thunder Kills,0,0,0,0.0,C,6,2,0,25.0,Spring,5
1283,03-06-2026,"C-03 Sugar, Spike and",0,0,0,0.0,C,5,3,0,9.0,Spring,6
1284,03-06-2026,C-12 The Magic Spikebus,0,0,0,0.0,C,5,3,0,9.0,Spring,7
1285,03-06-2026,C-11 Trans Performers,0,0,0,0.0,C,5,3,0,3.0,Spring,8
1286,03-06-2026,"C-02 Ed, Edd n Edging!",0,0,0,0.0,C,4,3,1,15.0,Spring,9
1287,03-06-2026,C-10 Courage the Cowardly Dig,0,0,0,0.0,C,4,3,1,0.0,Spring,10
1288,03-06-2026,C-16 The IncrediBalls,0,0,0,0.0,C,4,4,0,2.0,Spring,11
1289,03-06-2026,C-08 Blocker's Home for Unimaginative Hitters,0,0,0,0.0,C,3,5,0,6.0,Spring,12
1290,03-06-2026,C-07 Sailor Spikers,0,0,0,0.0,C,3,5,0,-4.0,Spring,13
1291,03-06-2026,C-14 Diva Slayers,0,0,0,0.0,C,3,5,0,-14.0,Spring,14
1292,03-06-2026,C-04 Peppa Dig,0,0,0,0.0,C,1,7,0,-41.0,Spring,15
1293,03-06-2026,C-09 The Netsons,0,0,0,0.0,C,1,7,0,-45.0,Spring,16
1294,03-06-2026,C-18 Straw Hat Striker,0,0,0,0.0,C,1,7,0,-47.0,Spring,17
1295,03-06-2026,C-15 Powerpuff Passers,0,0,0,0.0,C,0,8,0,-70.0,Spring,18
1296,03-20-2026,C-05 Dragon Ballz Deep,0,0,0,0.0,C,7,1,0,49.0,Spring,1
1297,03-20-2026,C-06 SpongeBall Spikepants,0,0,0,0.0,C,7,1,0,37.0,Spring,2
1298,03-20-2026,C-17 Scooby Do Me,0,0,0,0.0,C,6,2,0,35.0,Spring,3
1299,03-20-2026,C-01 Avatar: Net Benders,0,0,0,0.0,C,6,2,0,31.0,Spring,4
1300,03-20-2026,C-13 Thunder Kills,0,0,0,0.0,C,6,2,0,25.0,Spring,5
1301,03-20-2026,"C-03 Sugar, Spike and",0,0,0,0.0,C,5,3,0,9.0,Spring,6
1302,03-20-2026,C-12 The Magic Spikebus,0,0,0,0.0,C,5,3,0,9.0,Spring,7
1303,03-20-2026,C-11 Trans Performers,0,0,0,0.0,C,5,3,0,3.0,Spring,8
1304,03-20-2026,"C-02 Ed, Edd n Edging!",0,0,0,0.0,C,4,3,1,15.0,Spring,9
1305,03-20-2026,C-10 Courage the Cowardly Dig,0,0,0,0.0,C,4,3,1,0.0,Spring,10
1306,03-20-2026,C-16 The IncrediBalls,0,0,0,0.0,C,4,4,0,2.0,Spring,11
1307,03-20-2026,C-08 Blocker's Home for Unimaginative Hitters,0,0,0,0.0,C,3,5,0,6.0,Spring,12
1308,03-20-2026,C-07 Sailor Spikers,0,0,0,0.0,C,3,5,0,-4.0,Spring,13
1309,03-20-2026,C-14 Diva Slayers,0,0,0,0.0,C,3,5,0,-14.0,Spring,14
1310,03-20-2026,C-04 Peppa Dig,0,0,0,0.0,C,1,7,0,-41.0,Spring,15
1311,03-20-2026,C-09 The Netsons,0,0,0,0.0,C,1,7,0,-45.0,Spring,16
1312,03-20-2026,C-18 Straw Hat Striker,0,0,0,0.0,C,1,7,0,-47.0,Spring,17
1313,03-20-2026,C-15 Powerpuff Passers,0,0,0,0.0,C,0,8,0,-70.0,Spring,18
1314,03-27-2026,C-05 Dragon Ballz Deep,0,0,0,0.0,C,7,1,0,49.0,Spring,1
1315,03-27-2026,C-06 SpongeBall Spikepants,0,0,0,0.0,C,7,1,0,37.0,Spring,2
1316,03-27-2026,C-17 Scooby Do Me,0,0,0,0.0,C,6,2,0,35.0,Spring,3
1317,03-27-2026,C-01 Avatar: Net Benders,0,0,0,0.0,C,6,2,0,31.0,Spring,4
1318,03-27-2026,C-13 Thunder Kills,0,0,0,0.0,C,6,2,0,25.0,Spring,5
1319,03-27-2026,"C-03 Sugar, Spike and",0,0,0,0.0,C,5,3,0,9.0,Spring,6
1320,03-27-2026,C-12 The Magic Spikebus,0,0,0,0.0,C,5,3,0,9.0,Spring,7
1321,03-27-2026,C-11 Trans Performers,0,0,0,0.0,C,5,3,0,3.0,Spring,8
1322,03-27-2026,"C-02 Ed, Edd n Edging!",0,0,0,0.0,C,4,3,1,15.0,Spring,9
1323,03-27-2026,C-10 Courage the Cowardly Dig,0,0,0,0.0,C,4,3,1,0.0,Spring,10
1324,03-27-2026,C-16 The IncrediBalls,0,0,0,0.0,C,4,4,0,2.0,Spring,11
1325,03-27-2026,C-08 Blocker's Home for Unimaginative Hitters,0,0,0,0.0,C,3,5,0,6.0,Spring,12
1326,03-27-2026,C-07 Sailor Spikers,0,0,0,0.0,C,3,5,0,-4.0,Spring,13
1327,03-27-2026,C-14 Diva Slayers,0,0,0,0.0,C,3,5,0,-14.0,Spring,14
1328,03-27-2026,C-04 Peppa Dig,0,0,0,0.0,C,1,7,0,-41.0,Spring,15
1329,03-27-2026,C-09 The Netsons,0,0,0,0.0,C,1,7,0,-45.0,Spring,16
1330,03-27-2026,C-18 Straw Hat Striker,0,0,0,0.0,C,1,7,0,-47.0,Spring,17
1331,03-27-2026,C-15 Powerpuff Passers,0,0,0,0.0,C,0,8,0,-70.0,Spring,18
1332,04-10-2026,C-05 Dragon Ballz Deep,0,0,0,0.0,C,7,1,0,49.0,Spring,1
1333,04-10-2026,C-06 SpongeBall Spikepants,0,0,0,0.0,C,7,1,0,37.0,Spring,2
1334,04-10-2026,C-17 Scooby Do Me,0,0,0,0.0,C,6,2,0,35.0,Spring,3
1335,04-10-2026,C-01 Avatar: Net Benders,0,0,0,0.0,C,6,2,0,31.0,Spring,4
1336,04-10-2026,C-13 Thunder Kills,0,0,0,0.0,C,6,2,0,25.0,Spring,5
1337,04-10-2026,"C-03 Sugar, Spike and",0,0,0,0.0,C,5,3,0,9.0,Spring,6
1338,04-10-2026,C-12 The Magic Spikebus,0,0,0,0.0,C,5,3,0,9.0,Spring,7
1339,04-10-2026,C-11 Trans Performers,0,0,0,0.0,C,5,3,0,3.0,Spring,8
1340,04-10-2026,"C-02 Ed, Edd n Edging!",0,0,0,0.0,C,4,3,1,15.0,Spring,9
1341,04-10-2026,C-10 Courage the Cowardly Dig,0,0,0,0.0,C,4,3,1,0.0,Spring,10
1342,04-10-2026,C-16 The IncrediBalls,0,0,0,0.0,C,4,4,0,2.0,Spring,11
1343,04-10-2026,C-08 Blocker's Home for Unimaginative Hitters,0,0,0,0.0,C,3,5,0,6.0,Spring,12
1344,04-10-2026,C-07 Sailor Spikers,0,0,0,0.0,C,3,5,0,-4.0,Spring,13
1345,04-10-2026,C-14 Diva Slayers,0,0,0,0.0,C,3,5,0,-14.0,Spring,14
1346,04-10-2026,C-04 Peppa Dig,0,0,0,0.0,C,1,7,0,-41.0,Spring,15
1347,04-10-2026,C-09 The Netsons,0,0,0,0.0,C,1,7,0,-45.0,Spring,16
1348,04-10-2026,C-18 Straw Hat Striker,0,0,0,0.0,C,1,7,0,-47.0,Spring,17
1349,04-10-2026,C-15 Powerpuff Passers,0,0,0,0.0,C,0,8,0,-70.0,Spring,18
1350,04-17-2026,C-05 Dragon Ballz Deep,0,0,0,0.0,C,7,1,0,49.0,Spring,1
1351,04-17-2026,C-06 SpongeBall Spikepants,0,0,0,0.0,C,7,1,0,37.0,Spring,2
1352,04-17-2026,C-17 Scooby Do Me,0,0,0,0.0,C,6,2,0,35.0,Spring,3
1353,04-17-2026,C-01 Avatar: Net Benders,0,0,0,0.0,C,6,2,0,31.0,Spring,4
1354,04-17-2026,C-13 Thunder Kills,0,0,0,0.0,C,6,2,0,25.0,Spring,5
1355,04-17-2026,"C-03 Sugar, Spike and",0,0,0,0.0,C,5,3,0,9.0,Spring,6
1356,04-17-2026,C-12 The Magic Spikebus,0,0,0,0.0,C,5,3,0,9.0,Spring,7
1357,04-17-2026,C-11 Trans Performers,0,0,0,0.0,C,5,3,0,3.0,Spring,8
1358,04-17-2026,"C-02 Ed, Edd n Edging!",0,0,0,0.0,C,4,3,1,15.0,Spring,9
1359,04-17-2026,C-10 Courage the Cowardly Dig,0,0,0,0.0,C,4,3,1,0.0,Spring,10
1360,04-17-2026,C-16 The IncrediBalls,0,0,0,0.0,C,4,4,0,2.0,Spring,11
1361,04-17-2026,C-08 Blocker's Home for Unimaginative Hitters,0,0,0,0.0,C,3,5,0,6.0,Spring,12
1362,04-17-2026,C-07 Sailor Spikers,0,0,0,0.0,C,3,5,0,-4.0,Spring,13
1363,04-17-2026,C-14 Diva Slayers,0,0,0,0.0,C,3,5,0,-14.0,Spring,14
1364,04-17-2026,C-04 Peppa Dig,0,0,0,0.0,C,1,7,0,-41.0,Spring,15
1365,04-17-2026,C-09 The Netsons,0,0,0,0.0,C,1,7,0,-45.0,Spring,16
1366,04-17-2026,C-18 Straw Hat Striker,0,0,0,0.0,C,1,7,0,-47.0,Spring,17
1367,04-17-2026,C-15 Powerpuff Passers,0,0,0,0.0,C,0,8,0,-70.0,Spring,18
1368,04-24-2026,C-05 Dragon Ballz Deep,0,0,0,0.0,C,7,1,0,49.0,Spring,1
1369,04-24-2026,C-06 SpongeBall Spikepants,0,0,0,0.0,C,7,1,0,37.0,Spring,2
1370,04-24-2026,C-17 Scooby Do Me,0,0,0,0.0,C,6,2,0,35.0,Spring,3
1371,04-24-2026,C-01 Avatar: Net Benders,0,0,0,0.0,C,6,2,0,31.0,Spring,4
1372,04-24-2026,C-13 Thunder Kills,0,0,0,0.0,C,6,2,0,25.0,Spring,5
1373,04-24-2026,"C-03 Sugar, Spike and",0,0,0,0.0,C,5,3,0,9.0,Spring,6
1374,04-24-2026,C-12 The Magic Spikebus,0,0,0,0.0,C,5,3,0,9.0,Spring,7
1375,04-24-2026,C-11 Trans Performers,0,0,0,0.0,C,5,3,0,3.0,Spring,8
1376,04-24-2026,"C-02 Ed, Edd n Edging!",0,0,0,0.0,C,4,3,1,15.0,Spring,9
1377,04-24-2026,C-10 Courage the Cowardly Dig,0,0,0,0.0,C,4,3,1,0.0,Spring,10
1378,04-24-2026,C-16 The IncrediBalls,0,0,0,0.0,C,4,4,0,2.0,Spring,11
1379,04-24-2026,C-08 Blocker's Home for Unimaginative Hitters,0,0,0,0.0,C,3,5,0,6.0,Spring,12
1380,04-24-2026,C-07 Sailor Spikers,0,0,0,0.0,C,3,5,0,-4.0,Spring,13
1381,04-24-2026,C-14 Diva Slayers,0,0,0,0.0,C,3,5,0,-14.0,Spring,14
1382,04-24-2026,C-04 Peppa Dig,0,0,0,0.0,C,1,7,0,-41.0,Spring,15
1383,04-24-2026,C-09 The Netsons,0,0,0,0.0,C,1,7,0,-45.0,Spring,16
1384,04-24-2026,C-18 Straw Hat Striker,0,0,0,0.0,C,1,7,0,-47.0,Spring,17
1385,04-24-2026,C-15 Powerpuff Passers,0,0,0,0.0,C,0,8,0,-70.0,Spring,18
1386,01-23-2026,E-06-Kegel Crushers,0,0,0,0.0,E,0,0,0,0.0,Spring,1
1387,01-23-2026,"E-05-Spot Me Outside, How Bout That",0,0,0,0.0,E,0,0,0,0.0,Spring,2
1388,01-23-2026,E-04-Pump & Dump,0,0,0,0.0,E,0,0,0,0.0,Spring,3
1389,01-23-2026,E-02-Pull Up (But Don’t Pull Out),0,0,0,0.0,E,0,0,0,0.0,Spring,4
1390,01-23-2026,E-01-Squatty Hawties,0,0,0,0.0,E,0,0,0,0.0,Spring,5
1391,01-23-2026,E-03,0,0,0,0.0,E,0,0,0,0.0,Spring,6
1392,01-30-2026,E-04-Pump & Dump,4,0,0,16.0,E,4,0,0,16.0,Spring,1
1393,01-30-2026,E-06-Kegel Crushers,3,1,0,9.0,E,3,1,0,9.0,Spring,2
1394,01-30-2026,E-03,2,2,0,8.0,E,2,2,0,8.0,Spring,3
1395,01-30-2026,"E-05-Spot Me Outside, How Bout That",2,2,0,0.0,E,2,2,0,0.0,Spring,4
1396,01-30-2026,E-02-Pull Up (But Don’t Pull Out),1,3,0,-17.0,E,1,3,0,-17.0,Spring,5
1397,01-30-2026,E-01-Squatty Hawties,0,4,0,-16.0,E,0,4,0,-16.0,Spring,6
1398,02-06-2026,E-04-Pump & Dump,3,1,0,25.0,E,7,1,0,41.0,Spring,1
1399,02-06-2026,E-06-Kegel Crushers,2,2,0,1.0,E,5,3,0,10.0,Spring,2
1400,02-06-2026,E-02-Pull Up (But Don’t Pull Out),3,1,0,9.0,E,4,4,0,-8.0,Spring,3
1401,02-06-2026,E-01-Squatty Hawties,3,1,0,7.0,E,3,5,0,-9.0,Spring,4
1402,02-06-2026,"E-05-Spot Me Outside, How Bout That",1,3,0,-10.0,E,3,5,0,-10.0,Spring,5
1403,02-06-2026,E-03,0,4,0,-32.0,E,2,6,0,-24.0,Spring,6
1404,02-20-2026,E-04-Pump & Dump,0,0,0,0.0,E,7,1,0,41.0,Spring,1
1405,02-20-2026,E-06-Kegel Crushers,0,0,0,0.0,E,5,3,0,10.0,Spring,2
1406,02-20-2026,E-02-Pull Up (But Don’t Pull Out),0,0,0,0.0,E,4,4,0,-8.0,Spring,3
1407,02-20-2026,E-01-Squatty Hawties,0,0,0,0.0,E,3,5,0,-9.0,Spring,4
1408,02-20-2026,"E-05-Spot Me Outside, How Bout That",0,0,0,0.0,E,3,5,0,-10.0,Spring,5
1409,02-20-2026,E-03,0,0,0,0.0,E,2,6,0,-24.0,Spring,6
1410,02-27-2026,E-04-Pump & Dump,0,0,0,0.0,E,7,1,0,41.0,Spring,1
1411,02-27-2026,E-06-Kegel Crushers,0,0,0,0.0,E,5,3,0,10.0,Spring,2
1412,02-27-2026,E-02-Pull Up (But Don’t Pull Out),0,0,0,0.0,E,4,4,0,-8.0,Spring,3
1413,02-27-2026,E-01-Squatty Hawties,0,0,0,0.0,E,3,5,0,-9.0,Spring,4
1414,02-27-2026,"E-05-Spot Me Outside, How Bout That",0,0,0,0.0,E,3,5,0,-10.0,Spring,5
1415,02-27-2026,E-03,0,0,0,0.0,E,2,6,0,-24.0,Spring,6
1416,03-06-2026,E-04-Pump & Dump,0,0,0,0.0,E,7,1,0,41.0,Spring,1
1417,03-06-2026,E-06-Kegel Crushers,0,0,0,0.0,E,5,3,0,10.0,Spring,2
1418,03-06-2026,E-02-Pull Up (But Don’t Pull Out),0,0,0,0.0,E,4,4,0,-8.0,Spring,3
1419,03-06-2026,E-01-Squatty Hawties,0,0,0,0.0,E,3,5,0,-9.0,Spring,4
1420,03-06-2026,"E-05-Spot Me Outside, How Bout That",0,0,0,0.0,E,3,5,0,-10.0,Spring,5
1421,03-06-2026,E-03,0,0,0,0.0,E,2,6,0,-24.0,Spring,6
1422,03-20-2026,E-04-Pump & Dump,0,0,0,0.0,E,7,1,0,41.0,Spring,1
1423,03-20-2026,E-06-Kegel Crushers,0,0,0,0.0,E,5,3,0,10.0,Spring,2
1424,03-20-2026,E-02-Pull Up (But Don’t Pull Out),0,0,0,0.0,E,4,4,0,-8.0,Spring,3
1425,03-20-2026,E-01-Squatty Hawties,0,0,0,0.0,E,3,5,0,-9.0,Spring,4
1426,03-20-2026,"E-05-Spot Me Outside, How Bout That",0,0,0,0.0,E,3,5,0,-10.0,Spring,5
1427,03-20-2026,E-03,0,0,0,0.0,E,2,6,0,-24.0,Spring,6
1428,03-27-2026,E-04-Pump & Dump,0,0,0,0.0,E,7,1,0,41.0,Spring,1
1429,03-27-2026,E-06-Kegel Crushers,0,0,0,0.0,E,5,3,0,10.0,Spring,2
1430,03-27-2026,E-02-Pull Up (But Don’t Pull Out),0,0,0,0.0,E,4,4,0,-8.0,Spring,3
1431,03-27-2026,E-01-Squatty Hawties,0,0,0,0.0,E,3,5,0,-9.0,Spring,4
1432,03-27-2026,"E-05-Spot Me Outside, How Bout That",0,0,0,0.0,E,3,5,0,-10.0,Spring,5
1433,03-27-2026,E-03,0,0,0,0.0,E,2,6,0,-24.0,Spring,6
1434,04-10-2026,E-04-Pump & Dump,0,0,0,0.0,E,7,1,0,41.0,Spring,1
1435,04-10-2026,E-06-Kegel Crushers,0,0,0,0.0,E,5,3,0,10.0,Spring,2
1436,04-10-2026,E-02-Pull Up (But Don’t Pull Out),0,0,0,0.0,E,4,4,0,-8.0,Spring,3
1437,04-10-2026,E-01-Squatty Hawties,0,0,0,0.0,E,3,5,0,-9.0,Spring,4
1438,04-10-2026,"E-05-Spot Me Outside, How Bout That",0,0,0,0.0,E,3,5,0,-10.0,Spring,5
1439,04-10-2026,E-03,0,0,0,0.0,E,2,6,0,-24.0,Spring,6
1440,04-17-2026,E-04-Pump & Dump,0,0,0,0.0,E,7,1,0,41.0,Spring,1
1441,04-17-2026,E-06-Kegel Crushers,0,0,0,0.0,E,5,3,0,10.0,Spring,2
1442,04-17-2026,E-02-Pull Up (But Don’t Pull Out),0,0,0,0.0,E,4,4,0,-8.0,Spring,3
1443,04-17-2026,E-01-Squatty Hawties,0,0,0,0.0,E,3,5,0,-9.0,Spring,4
1444,04-17-2026,"E-05-Spot Me Outside, How Bout That",0,0,0,0.0,E,3,5,0,-10.0,Spring,5
1445,04-17-2026,E-03,0,0,0,0.0,E,2,6,0,-24.0,Spring,6
1446,04-24-2026,E-04-Pump & Dump,0,0,0,0.0,E,7,1,0,41.0,Spring,1
1447,04-24-2026,E-06-Kegel Crushers,0,0,0,0.0,E,5,3,0,10.0,Spring,2
1448,04-24-2026,E-02-Pull Up (But Don’t Pull Out),0,0,0,0.0,E,4,4,0,-8.0,Spring,3
1449,04-24-2026,E-01-Squatty Hawties,0,0,0,0.0,E,3,5,0,-9.0,Spring,4
1450,04-24-2026,"E-05-Spot Me Outside, How Bout That",0,0,0,0.0,E,3,5,0,-10.0,Spring,5
1451,04-24-2026,E-03,0,0,0,0.0,E,2,6,0,-24.0,Spring,6
1452,01-23-2026,I-15 Waka Waka,0,0,0,0.0,I,0,0,0,0.0,Spring,1
1453,01-23-2026,I-14 Super Spike Bros,0,0,0,0.0,I,0,0,0,0.0,Spring,2
1454,01-23-2026,I-13 Play Station Spikers,0,0,0,0.0,I,0,0,0,0.0,Spring,3
1455,01-23-2026,I-12 Arcade Spikers,0,0,0,0.0,I,0,0,0,0.0,Spring,4
1456,01-23-2026,I-11 Kirby s Dream Spikers,0,0,0,0.0,I,0,0,0,0.0,Spring,5
1457,01-23-2026,I-10 Volley pong,0,0,0,0.0,I,0,0,0,0.0,Spring,6
1458,01-23-2026,I-09 Super Smash Serves,0,0,0,0.0,I,0,0,0,0.0,Spring,7
1459,01-23-2026,I-08 Street Spikers,0,0,0,0.0,I,0,0,0,0.0,Spring,8
1460,01-23-2026,I-07 Ace Invaders,0,0,0,0.0,I,0,0,0,0.0,Spring,9
1461,01-23-2026,I-06 Spyro Spikers,0,0,0,0.0,I,0,0,0,0.0,Spring,10
1462,01-23-2026,I-04 Hyrule Hitters,0,0,0,0.0,I,0,0,0,0.0,Spring,11
1463,01-23-2026,I-05 It's On Like Donkey Kong,0,0,0,0.0,I,0,0,0,0.0,Spring,12
1464,01-23-2026,I-03 Super Sets Bros,0,0,0,0.0,I,0,0,0,0.0,Spring,13
1465,01-23-2026,I-02 Rainbow Road Runners,0,0,0,0.0,I,0,0,0,0.0,Spring,14
1466,01-23-2026,I-01 Slay Station,0,0,0,0.0,I,0,0,0,0.0,Spring,15
1467,01-30-2026,I-08 Street Spikers,4,0,0,14.0,I,4,0,0,14.0,Spring,1
1468,01-30-2026,I-02 Rainbow Road Runners,3,1,0,26.0,I,3,1,0,26.0,Spring,2
1469,01-30-2026,I-03 Super Sets Bros,3,1,0,12.0,I,3,1,0,12.0,Spring,3
1470,01-30-2026,I-07 Ace Invaders,3,1,0,8.0,I,3,1,0,8.0,Spring,4
1471,01-30-2026,I-10 Volley pong,3,1,0,8.0,I,3,1,0,8.0,Spring,5
1472,01-30-2026,I-14 Super Spike Bros,2,2,0,18.0,I,2,2,0,18.0,Spring,6
1473,01-30-2026,I-06 Spyro Spikers,2,2,0,2.0,I,2,2,0,2.0,Spring,7
1474,01-30-2026,I-15 Waka Waka,2,2,0,-6.0,I,2,2,0,-6.0,Spring,8
1475,01-30-2026,I-13 Play Station Spikers,2,2,0,-10.0,I,2,2,0,-10.0,Spring,9
1476,01-30-2026,I-11 Kirby s Dream Spikers,1,3,0,6.0,I,1,3,0,6.0,Spring,10
1477,01-30-2026,I-09 Super Smash Serves,1,3,0,-6.0,I,1,3,0,-6.0,Spring,11
1478,01-30-2026,I-05 It's On Like Donkey Kong,1,3,0,-10.0,I,1,3,0,-10.0,Spring,12
1479,01-30-2026,I-04 Hyrule Hitters,1,3,0,-16.0,I,1,3,0,-16.0,Spring,13
1480,01-30-2026,I-01 Slay Station,1,3,0,-20.0,I,1,3,0,-20.0,Spring,14
1481,01-30-2026,I-12 Arcade Spikers,1,3,0,-26.0,I,1,3,0,-26.0,Spring,15
1482,02-06-2026,I-14 Super Spike Bros,4,0,0,34.0,I,6,2,0,52.0,Spring,1
1483,02-06-2026,I-06 Spyro Spikers,4,0,0,32.0,I,6,2,0,34.0,Spring,2
1484,02-06-2026,I-03 Super Sets Bros,3,1,0,13.0,I,6,2,0,25.0,Spring,3
1485,02-06-2026,I-08 Street Spikers,2,2,0,-1.0,I,6,2,0,13.0,Spring,4
1486,02-06-2026,I-02 Rainbow Road Runners,2,2,0,2.0,I,5,3,0,28.0,Spring,5
1487,02-06-2026,I-15 Waka Waka,3,1,0,23.0,I,5,3,0,17.0,Spring,6
1488,02-06-2026,I-10 Volley pong,2,2,0,-4.0,I,5,3,0,4.0,Spring,7
1489,02-06-2026,I-05 It's On Like Donkey Kong,3,1,0,9.0,I,4,4,0,-1.0,Spring,8
1490,02-06-2026,I-07 Ace Invaders,1,3,0,-15.0,I,4,4,0,-7.0,Spring,9
1491,02-06-2026,I-04 Hyrule Hitters,2,2,0,11.0,I,3,5,0,-5.0,Spring,10
1492,02-06-2026,I-09 Super Smash Serves,2,2,0,-1.0,I,3,5,0,-7.0,Spring,11
1493,02-06-2026,I-12 Arcade Spikers,2,2,0,-8.0,I,3,5,0,-34.0,Spring,12
1494,02-06-2026,I-13 Play Station Spikers,0,4,0,-22.0,I,2,6,0,-32.0,Spring,13
1495,02-06-2026,I-11 Kirby s Dream Spikers,0,4,0,-28.0,I,1,7,0,-22.0,Spring,14
1496,02-06-2026,I-01 Slay Station,0,4,0,-45.0,I,1,7,0,-65.0,Spring,15
1497,02-20-2026,I-14 Super Spike Bros,0,0,0,0.0,I,6,2,0,52.0,Spring,1
1498,02-20-2026,I-06 Spyro Spikers,0,0,0,0.0,I,6,2,0,34.0,Spring,2
1499,02-20-2026,I-03 Super Sets Bros,0,0,0,0.0,I,6,2,0,25.0,Spring,3
1500,02-20-2026,I-08 Street Spikers,0,0,0,0.0,I,6,2,0,13.0,Spring,4
1501,02-20-2026,I-02 Rainbow Road Runners,0,0,0,0.0,I,5,3,0,28.0,Spring,5
1502,02-20-2026,I-15 Waka Waka,0,0,0,0.0,I,5,3,0,17.0,Spring,6
1503,02-20-2026,I-10 Volley pong,0,0,0,0.0,I,5,3,0,4.0,Spring,7
1504,02-20-2026,I-05 It's On Like Donkey Kong,0,0,0,0.0,I,4,4,0,-1.0,Spring,8
1505,02-20-2026,I-07 Ace Invaders,0,0,0,0.0,I,4,4,0,-7.0,Spring,9
1506,02-20-2026,I-04 Hyrule Hitters,0,0,0,0.0,I,3,5,0,-5.0,Spring,10
1507,02-20-2026,I-09 Super Smash Serves,0,0,0,0.0,I,3,5,0,-7.0,Spring,11
1508,02-20-2026,I-12 Arcade Spikers,0,0,0,0.0,I,3,5,0,-34.0,Spring,12
1509,02-20-2026,I-13 Play Station Spikers,0,0,0,0.0,I,2,6,0,-32.0,Spring,13
1510,02-20-2026,I-11 Kirby s Dream Spikers,0,0,0,0.0,I,1,7,0,-22.0,Spring,14
1511,02-20-2026,I-01 Slay Station,0,0,0,0.0,I,1,7,0,-65.0,Spring,15
1512,02-27-2026,I-14 Super Spike Bros,0,0,0,0.0,I,6,2,0,52.0,Spring,1
1513,02-27-2026,I-06 Spyro Spikers,0,0,0,0.0,I,6,2,0,34.0,Spring,2
1514,02-27-2026,I-03 Super Sets Bros,0,0,0,0.0,I,6,2,0,25.0,Spring,3
1515,02-27-2026,I-08 Street Spikers,0,0,0,0.0,I,6,2,0,13.0,Spring,4
1516,02-27-2026,I-02 Rainbow Road Runners,0,0,0,0.0,I,5,3,0,28.0,Spring,5
1517,02-27-2026,I-15 Waka Waka,0,0,0,0.0,I,5,3,0,17.0,Spring,6
1518,02-27-2026,I-10 Volley pong,0,0,0,0.0,I,5,3,0,4.0,Spring,7
1519,02-27-2026,I-05 It's On Like Donkey Kong,0,0,0,0.0,I,4,4,0,-1.0,Spring,8
1520,02-27-2026,I-07 Ace Invaders,0,0,0,0.0,I,4,4,0,-7.0,Spring,9
1521,02-27-2026,I-04 Hyrule Hitters,0,0,0,0.0,I,3,5,0,-5.0,Spring,10
1522,02-27-2026,I-09 Super Smash Serves,0,0,0,0.0,I,3,5,0,-7.0,Spring,11
1523,02-27-2026,I-12 Arcade Spikers,0,0,0,0.0,I,3,5,0,-34.0,Spring,12
1524,02-27-2026,I-13 Play Station Spikers,0,0,0,0.0,I,2,6,0,-32.0,Spring,13
1525,02-27-2026,I-11 Kirby s Dream Spikers,0,0,0,0.0,I,1,7,0,-22.0,Spring,14
1526,02-27-2026,I-01 Slay Station,0,0,0,0.0,I,1,7,0,-65.0,Spring,15
1527,03-06-2026,I-14 Super Spike Bros,0,0,0,0.0,I,6,2,0,52.0,Spring,1
1528,03-06-2026,I-06 Spyro Spikers,0,0,0,0.0,I,6,2,0,34.0,Spring,2
1529,03-06-2026,I-03 Super Sets Bros,0,0,0,0.0,I,6,2,0,25.0,Spring,3
1530,03-06-2026,I-08 Street Spikers,0,0,0,0.0,I,6,2,0,13.0,Spring,4
1531,03-06-2026,I-02 Rainbow Road Runners,0,0,0,0.0,I,5,3,0,28.0,Spring,5
1532,03-06-2026,I-15 Waka Waka,0,0,0,0.0,I,5,3,0,17.0,Spring,6
1533,03-06-2026,I-10 Volley pong,0,0,0,0.0,I,5,3,0,4.0,Spring,7
1534,03-06-2026,I-05 It's On Like Donkey Kong,0,0,0,0.0,I,4,4,0,-1.0,Spring,8
1535,03-06-2026,I-07 Ace Invaders,0,0,0,0.0,I,4,4,0,-7.0,Spring,9
1536,03-06-2026,I-04 Hyrule Hitters,0,0,0,0.0,I,3,5,0,-5.0,Spring,10
1537,03-06-2026,I-09 Super Smash Serves,0,0,0,0.0,I,3,5,0,-7.0,Spring,11
1538,03-06-2026,I-12 Arcade Spikers,0,0,0,0.0,I,3,5,0,-34.0,Spring,12
1539,03-06-2026,I-13 Play Station Spikers,0,0,0,0.0,I,2,6,0,-32.0,Spring,13
1540,03-06-2026,I-11 Kirby s Dream Spikers,0,0,0,0.0,I,1,7,0,-22.0,Spring,14
1541,03-06-2026,I-01 Slay Station,0,0,0,0.0,I,1,7,0,-65.0,Spring,15
1542,03-20-2026,I-14 Super Spike Bros,0,0,0,0.0,I,6,2,0,52.0,Spring,1
1543,03-20-2026,I-06 Spyro Spikers,0,0,0,0.0,I,6,2,0,34.0,Spring,2
1544,03-20-2026,I-03 Super Sets Bros,0,0,0,0.0,I,6,2,0,25.0,Spring,3
1545,03-20-2026,I-08 Street Spikers,0,0,0,0.0,I,6,2,0,13.0,Spring,4
1546,03-20-2026,I-02 Rainbow Road Runners,0,0,0,0.0,I,5,3,0,28.0,Spring,5
1547,03-20-2026,I-15 Waka Waka,0,0,0,0.0,I,5,3,0,17.0,Spring,6
1548,03-20-2026,I-10 Volley pong,0,0,0,0.0,I,5,3,0,4.0,Spring,7
1549,03-20-2026,I-05 It's On Like Donkey Kong,0,0,0,0.0,I,4,4,0,-1.0,Spring,8
1550,03-20-2026,I-07 Ace Invaders,0,0,0,0.0,I,4,4,0,-7.0,Spring,9
1551,03-20-2026,I-04 Hyrule Hitters,0,0,0,0.0,I,3,5,0,-5.0,Spring,10
1552,03-20-2026,I-09 Super Smash Serves,0,0,0,0.0,I,3,5,0,-7.0,Spring,11
1553,03-20-2026,I-12 Arcade Spikers,0,0,0,0.0,I,3,5,0,-34.0,Spring,12
1554,03-20-2026,I-13 Play Station Spikers,0,0,0,0.0,I,2,6,0,-32.0,Spring,13
1555,03-20-2026,I-11 Kirby s Dream Spikers,0,0,0,0.0,I,1,7,0,-22.0,Spring,14
1556,03-20-2026,I-01 Slay Station,0,0,0,0.0,I,1,7,0,-65.0,Spring,15
1557,03-27-2026,I-14 Super Spike Bros,0,0,0,0.0,I,6,2,0,52.0,Spring,1
1558,03-27-2026,I-06 Spyro Spikers,0,0,0,0.0,I,6,2,0,34.0,Spring,2
1559,03-27-2026,I-03 Super Sets Bros,0,0,0,0.0,I,6,2,0,25.0,Spring,3
1560,03-27-2026,I-08 Street Spikers,0,0,0,0.0,I,6,2,0,13.0,Spring,4
1561,03-27-2026,I-02 Rainbow Road Runners,0,0,0,0.0,I,5,3,0,28.0,Spring,5
1562,03-27-2026,I-15 Waka Waka,0,0,0,0.0,I,5,3,0,17.0,Spring,6
1563,03-27-2026,I-10 Volley pong,0,0,0,0.0,I,5,3,0,4.0,Spring,7
1564,03-27-2026,I-05 It's On Like Donkey Kong,0,0,0,0.0,I,4,4,0,-1.0,Spring,8
1565,03-27-2026,I-07 Ace Invaders,0,0,0,0.0,I,4,4,0,-7.0,Spring,9
1566,03-27-2026,I-04 Hyrule Hitters,0,0,0,0.0,I,3,5,0,-5.0,Spring,10
1567,03-27-2026,I-09 Super Smash Serves,0,0,0,0.0,I,3,5,0,-7.0,Spring,11
1568,03-27-2026,I-12 Arcade Spikers,0,0,0,0.0,I,3,5,0,-34.0,Spring,12
1569,03-27-2026,I-13 Play Station Spikers,0,0,0,0.0,I,2,6,0,-32.0,Spring,13
1570,03-27-2026,I-11 Kirby s Dream Spikers,0,0,0,0.0,I,1,7,0,-22.0,Spring,14
1571,03-27-2026,I-01 Slay Station,0,0,0,0.0,I,1,7,0,-65.0,Spring,15
1572,04-10-2026,I-14 Super Spike Bros,0,0,0,0.0,I,6,2,0,52.0,Spring,1
1573,04-10-2026,I-06 Spyro Spikers,0,0,0,0.0,I,6,2,0,34.0,Spring,2
1574,04-10-2026,I-03 Super Sets Bros,0,0,0,0.0,I,6,2,0,25.0,Spring,3
1575,04-10-2026,I-08 Street Spikers,0,0,0,0.0,I,6,2,0,13.0,Spring,4
1576,04-10-2026,I-02 Rainbow Road Runners,0,0,0,0.0,I,5,3,0,28.0,Spring,5
1577,04-10-2026,I-15 Waka Waka,0,0,0,0.0,I,5,3,0,17.0,Spring,6
1578,04-10-2026,I-10 Volley pong,0,0,0,0.0,I,5,3,0,4.0,Spring,7
1579,04-10-2026,I-05 It's On Like Donkey Kong,0,0,0,0.0,I,4,4,0,-1.0,Spring,8
1580,04-10-2026,I-07 Ace Invaders,0,0,0,0.0,I,4,4,0,-7.0,Spring,9
1581,04-10-2026,I-04 Hyrule Hitters,0,0,0,0.0,I,3,5,0,-5.0,Spring,10
1582,04-10-2026,I-09 Super Smash Serves,0,0,0,0.0,I,3,5,0,-7.0,Spring,11
1583,04-10-2026,I-12 Arcade Spikers,0,0,0,0.0,I,3,5,0,-34.0,Spring,12
1584,04-10-2026,I-13 Play Station Spikers,0,0,0,0.0,I,2,6,0,-32.0,Spring,13
1585,04-10-2026,I-11 Kirby s Dream Spikers,0,0,0,0.0,I,1,7,0,-22.0,Spring,14
1586,04-10-2026,I-01 Slay Station,0,0,0,0.0,I,1,7,0,-65.0,Spring,15
1587,04-17-2026,I-14 Super Spike Bros,0,0,0,0.0,I,6,2,0,52.0,Spring,1
1588,04-17-2026,I-06 Spyro Spikers,0,0,0,0.0,I,6,2,0,34.0,Spring,2
1589,04-17-2026,I-03 Super Sets Bros,0,0,0,0.0,I,6,2,0,25.0,Spring,3
1590,04-17-2026,I-08 Street Spikers,0,0,0,0.0,I,6,2,0,13.0,Spring,4
1591,04-17-2026,I-02 Rainbow Road Runners,0,0,0,0.0,I,5,3,0,28.0,Spring,5
1592,04-17-2026,I-15 Waka Waka,0,0,0,0.0,I,5,3,0,17.0,Spring,6
1593,04-17-2026,I-10 Volley pong,0,0,0,0.0,I,5,3,0,4.0,Spring,7
1594,04-17-2026,I-05 It's On Like Donkey Kong,0,0,0,0.0,I,4,4,0,-1.0,Spring,8
1595,04-17-2026,I-07 Ace Invaders,0,0,0,0.0,I,4,4,0,-7.0,Spring,9
1596,04-17-2026,I-04 Hyrule Hitters,0,0,0,0.0,I,3,5,0,-5.0,Spring,10
1597,04-17-2026,I-09 Super Smash Serves,0,0,0,0.0,I,3,5,0,-7.0,Spring,11
1598,04-17-2026,I-12 Arcade Spikers,0,0,0,0.0,I,3,5,0,-34.0,Spring,12
1599,04-17-2026,I-13 Play Station Spikers,0,0,0,0.0,I,2,6,0,-32.0,Spring,13
1600,04-17-2026,I-11 Kirby s Dream Spikers,0,0,0,0.0,I,1,7,0,-22.0,Spring,14
1601,04-17-2026,I-01 Slay Station,0,0,0,0.0,I,1,7,0,-65.0,Spring,15
1602,04-24-2026,I-14 Super Spike Bros,0,0,0,0.0,I,6,2,0,52.0,Spring,1
1603,04-24-2026,I-06 Spyro Spikers,0,0,0,0.0,I,6,2,0,34.0,Spring,2
1604,04-24-2026,I-03 Super Sets Bros,0,0,0,0.0,I,6,2,0,25.0,Spring,3
1605,04-24-2026,I-08 Street Spikers,0,0,0,0.0,I,6,2,0,13.0,Spring,4
1606,04-24-2026,I-02 Rainbow Road Runners,0,0,0,0.0,I,5,3,0,28.0,Spring,5
1607,04-24-2026,I-15 Waka Waka,0,0,0,0.0,I,5,3,0,17.0,Spring,6
1608,04-24-2026,I-10 Volley pong,0,0,0,0.0,I,5,3,0,4.0,Spring,7
1609,04-24-2026,I-05 It's On Like Donkey Kong,0,0,0,0.0,I,4,4,0,-1.0,Spring,8
1610,04-24-2026,I-07 Ace Invaders,0,0,0,0.0,I,4,4,0,-7.0,Spring,9
1611,04-24-2026,I-04 Hyrule Hitters,0,0,0,0.0,I,3,5,0,-5.0,Spring,10
1612,04-24-2026,I-09 Super Smash Serves,0,0,0,0.0,I,3,5,0,-7.0,Spring,11
1613,04-24-2026,I-12 Arcade Spikers,0,0,0,0.0,I,3,5,0,-34.0,Spring,12
1614,04-24-2026,I-13 Play Station Spikers,0,0,0,0.0,I,2,6,0,-32.0,Spring,13
1615,04-24-2026,I-11 Kirby s Dream Spikers,0,0,0,0.0,I,1,7,0,-22.0,Spring,14
1616,04-24-2026,I-01 Slay Station,0,0,0,0.0,I,1,7,0,-65.0,Spring,15
1617,01-23-2026,P-09 Don Julio’s,0,0,0,0.0,P,0,0,0,0.0,Spring,1
1618,01-23-2026,P-08 Baddie baddie shot o’clock,0,0,0,0.0,P,0,0,0,0.0,Spring,2
1619,01-23-2026,P-07 Whiskey Business,0,0,0,0.0,P,0,0,0,0.0,Spring,3
1620,01-23-2026,P-06,0,0,0,0.0,P,0,0,0,0.0,Spring,4
1621,01-23-2026,P-05,0,0,0,0.0,P,0,0,0,0.0,Spring,5
1622,01-23-2026,P-04 Aperol Spikez,0,0,0,0.0,P,0,0,0,0.0,Spring,6
1623,01-23-2026,P-03 Serving Neat and Naked,0,0,0,0.0,P,0,0,0,0.0,Spring,7
1624,01-23-2026,P-02 Serve Me Daddy,0,0,0,0.0,P,0,0,0,0.0,Spring,8
1625,01-23-2026,P-01,0,0,0,0.0,P,0,0,0,0.0,Spring,9
1626,01-30-2026,P-07 Whiskey Business,4,0,0,41.0,P,4,0,0,41.0,Spring,1
1627,01-30-2026,P-09 Don Julio’s,3,1,0,23.0,P,3,1,0,23.0,Spring,2
1628,01-30-2026,P-06,3,1,0,20.0,P,3,1,0,20.0,Spring,3
1629,01-30-2026,P-08 Baddie baddie shot o’clock,3,1,0,17.0,P,3,1,0,17.0,Spring,4
1630,01-30-2026,P-05,2,2,0,1.0,P,2,2,0,1.0,Spring,5
1631,01-30-2026,P-02 Serve Me Daddy,1,3,0,-18.0,P,1,3,0,-18.0,Spring,6
1632,01-30-2026,P-04 Aperol Spikez,1,3,0,-20.0,P,1,3,0,-20.0,Spring,7
1633,01-30-2026,P-01,1,3,0,-21.0,P,1,3,0,-21.0,Spring,8
1634,01-30-2026,P-03 Serving Neat and Naked,0,4,0,-43.0,P,0,4,0,-43.0,Spring,9
1635,02-06-2026,P-09 Don Julio’s,3,0,1,24.0,P,6,1,1,47.0,Spring,1
1636,02-06-2026,P-07 Whiskey Business,2,2,0,11.0,P,6,2,0,52.0,Spring,2
1637,02-06-2026,P-08 Baddie baddie shot o’clock,3,1,0,21.0,P,6,2,0,38.0,Spring,3
1638,02-06-2026,P-06,3,1,0,14.0,P,6,2,0,34.0,Spring,4
1639,02-06-2026,P-01,2,1,1,8.0,P,3,4,1,-13.0,Spring,5
1640,02-06-2026,P-04 Aperol Spikez,2,2,0,5.0,P,3,5,0,-15.0,Spring,6
1641,02-06-2026,P-05,0,4,0,-32.0,P,2,6,0,-31.0,Spring,7
1642,02-06-2026,P-02 Serve Me Daddy,1,3,0,-25.0,P,2,6,0,-43.0,Spring,8
1643,02-06-2026,P-03 Serving Neat and Naked,1,3,0,-26.0,P,1,7,0,-69.0,Spring,9
1644,02-20-2026,P-09 Don Julio’s,0,0,0,0.0,P,6,1,1,47.0,Spring,1
1645,02-20-2026,P-07 Whiskey Business,0,0,0,0.0,P,6,2,0,52.0,Spring,2
1646,02-20-2026,P-08 Baddie baddie shot o’clock,0,0,0,0.0,P,6,2,0,38.0,Spring,3
1647,02-20-2026,P-06,0,0,0,0.0,P,6,2,0,34.0,Spring,4
1648,02-20-2026,P-01,0,0,0,0.0,P,3,4,1,-13.0,Spring,5
1649,02-20-2026,P-04 Aperol Spikez,0,0,0,0.0,P,3,5,0,-15.0,Spring,6
1650,02-20-2026,P-05,0,0,0,0.0,P,2,6,0,-31.0,Spring,7
1651,02-20-2026,P-02 Serve Me Daddy,0,0,0,0.0,P,2,6,0,-43.0,Spring,8
1652,02-20-2026,P-03 Serving Neat and Naked,0,0,0,0.0,P,1,7,0,-69.0,Spring,9
1653,02-27-2026,P-09 Don Julio’s,0,0,0,0.0,P,6,1,1,47.0,Spring,1
1654,02-27-2026,P-07 Whiskey Business,0,0,0,0.0,P,6,2,0,52.0,Spring,2
1655,02-27-2026,P-08 Baddie baddie shot o’clock,0,0,0,0.0,P,6,2,0,38.0,Spring,3
1656,02-27-2026,P-06,0,0,0,0.0,P,6,2,0,34.0,Spring,4
1657,02-27-2026,P-01,0,0,0,0.0,P,3,4,1,-13.0,Spring,5
1658,02-27-2026,P-04 Aperol Spikez,0,0,0,0.0,P,3,5,0,-15.0,Spring,6
1659,02-27-2026,P-05,0,0,0,0.0,P,2,6,0,-31.0,Spring,7
1660,02-27-2026,P-02 Serve Me Daddy,0,0,0,0.0,P,2,6,0,-43.0,Spring,8
1661,02-27-2026,P-03 Serving Neat and Naked,0,0,0,0.0,P,1,7,0,-69.0,Spring,9
1662,03-06-2026,P-09 Don Julio’s,0,0,0,0.0,P,6,1,1,47.0,Spring,1
1663,03-06-2026,P-07 Whiskey Business,0,0,0,0.0,P,6,2,0,52.0,Spring,2
1664,03-06-2026,P-08 Baddie baddie shot o’clock,0,0,0,0.0,P,6,2,0,38.0,Spring,3
1665,03-06-2026,P-06,0,0,0,0.0,P,6,2,0,34.0,Spring,4
1666,03-06-2026,P-01,0,0,0,0.0,P,3,4,1,-13.0,Spring,5
1667,03-06-2026,P-04 Aperol Spikez,0,0,0,0.0,P,3,5,0,-15.0,Spring,6
1668,03-06-2026,P-05,0,0,0,0.0,P,2,6,0,-31.0,Spring,7
1669,03-06-2026,P-02 Serve Me Daddy,0,0,0,0.0,P,2,6,0,-43.0,Spring,8
1670,03-06-2026,P-03 Serving Neat and Naked,0,0,0,0.0,P,1,7,0,-69.0,Spring,9
1671,03-20-2026,P-09 Don Julio’s,0,0,0,0.0,P,6,1,1,47.0,Spring,1
1672,03-20-2026,P-07 Whiskey Business,0,0,0,0.0,P,6,2,0,52.0,Spring,2
1673,03-20-2026,P-08 Baddie baddie shot o’clock,0,0,0,0.0,P,6,2,0,38.0,Spring,3
1674,03-20-2026,P-06,0,0,0,0.0,P,6,2,0,34.0,Spring,4
1675,03-20-2026,P-01,0,0,0,0.0,P,3,4,1,-13.0,Spring,5
1676,03-20-2026,P-04 Aperol Spikez,0,0,0,0.0,P,3,5,0,-15.0,Spring,6
1677,03-20-2026,P-05,0,0,0,0.0,P,2,6,0,-31.0,Spring,7
1678,03-20-2026,P-02 Serve Me Daddy,0,0,0,0.0,P,2,6,0,-43.0,Spring,8
1679,03-20-2026,P-03 Serving Neat and Naked,0,0,0,0.0,P,1,7,0,-69.0,Spring,9
1680,03-27-2026,P-09 Don Julio’s,0,0,0,0.0,P,6,1,1,47.0,Spring,1
1681,03-27-2026,P-07 Whiskey Business,0,0,0,0.0,P,6,2,0,52.0,Spring,2
1682,03-27-2026,P-08 Baddie baddie shot o’clock,0,0,0,0.0,P,6,2,0,38.0,Spring,3
1683,03-27-2026,P-06,0,0,0,0.0,P,6,2,0,34.0,Spring,4
1684,03-27-2026,P-01,0,0,0,0.0,P,3,4,1,-13.0,Spring,5
1685,03-27-2026,P-04 Aperol Spikez,0,0,0,0.0,P,3,5,0,-15.0,Spring,6
1686,03-27-2026,P-05,0,0,0,0.0,P,2,6,0,-31.0,Spring,7
1687,03-27-2026,P-02 Serve Me Daddy,0,0,0,0.0,P,2,6,0,-43.0,Spring,8
1688,03-27-2026,P-03 Serving Neat and Naked,0,0,0,0.0,P,1,7,0,-69.0,Spring,9
1689,04-10-2026,P-09 Don Julio’s,0,0,0,0.0,P,6,1,1,47.0,Spring,1
1690,04-10-2026,P-07 Whiskey Business,0,0,0,0.0,P,6,2,0,52.0,Spring,2
1691,04-10-2026,P-08 Baddie baddie shot o’clock,0,0,0,0.0,P,6,2,0,38.0,Spring,3
1692,04-10-2026,P-06,0,0,0,0.0,P,6,2,0,34.0,Spring,4
1693,04-10-2026,P-01,0,0,0,0.0,P,3,4,1,-13.0,Spring,5
1694,04-10-2026,P-04 Aperol Spikez,0,0,0,0.0,P,3,5,0,-15.0,Spring,6
1695,04-10-2026,P-05,0,0,0,0.0,P,2,6,0,-31.0,Spring,7
1696,04-10-2026,P-02 Serve Me Daddy,0,0,0,0.0,P,2,6,0,-43.0,Spring,8
1697,04-10-2026,P-03 Serving Neat and Naked,0,0,0,0.0,P,1,7,0,-69.0,Spring,9
1698,04-17-2026,P-09 Don Julio’s,0,0,0,0.0,P,6,1,1,47.0,Spring,1
1699,04-17-2026,P-07 Whiskey Business,0,0,0,0.0,P,6,2,0,52.0,Spring,2
1700,04-17-2026,P-08 Baddie baddie shot o’clock,0,0,0,0.0,P,6,2,0,38.0,Spring,3
1701,04-17-2026,P-06,0,0,0,0.0,P,6,2,0,34.0,Spring,4
1702,04-17-2026,P-01,0,0,0,0.0,P,3,4,1,-13.0,Spring,5
1703,04-17-2026,P-04 Aperol Spikez,0,0,0,0.0,P,3,5,0,-15.0,Spring,6
1704,04-17-2026,P-05,0,0,0,0.0,P,2,6,0,-31.0,Spring,7
1705,04-17-2026,P-02 Serve Me Daddy,0,0,0,0.0,P,2,6,0,-43.0,Spring,8
1706,04-17-2026,P-03 Serving Neat and Naked,0,0,0,0.0,P,1,7,0,-69.0,Spring,9
1707,04-24-2026,P-09 Don Julio’s,0,0,0,0.0,P,6,1,1,47.0,Spring,1
1708,04-24-2026,P-07 Whiskey Business,0,0,0,0.0,P,6,2,0,52.0,Spring,2
1709,04-24-2026,P-08 Baddie baddie shot o’clock,0,0,0,0.0,P,6,2,0,38.0,Spring,3
1710,04-24-2026,P-06,0,0,0,0.0,P,6,2,0,34.0,Spring,4
1711,04-24-2026,P-01,0,0,0,0.0,P,3,4,1,-13.0,Spring,5
1712,04-24-2026,P-04 Aperol Spikez,0,0,0,0.0,P,3,5,0,-15.0,Spring,6
1713,04-24-2026,P-05,0,0,0,0.0,P,2,6,0,-31.0,Spring,7
1714,04-24-2026,P-02 Serve Me Daddy,0,0,0,0.0,P,2,6,0,-43.0,Spring,8
1715,04-24-2026,P-03 Serving Neat and Naked,0,0,0,0.0,P,1,7,0,-69.0,Spring,9
1716,01-23-2026,R-02 KrakenBalls,0,0,0,0.0,R,0,0,0,0.0,Spring,1
1717,01-23-2026,R-01 Dragon Slayers,0,0,0,0.0,R,0,0,0,0.0,Spring,2
1718,01-23-2026,R-03 Serverus,0,0,0,0.0,R,0,0,0,0.0,Spring,3
1719,01-23-2026,R-05 Blockunawa,0,0,0,0.0,R,0,0,0,0.0,Spring,4
1720,01-23-2026,R-06 Pegasets,0,0,0,0.0,R,0,0,0,0.0,Spring,5
1721,01-23-2026,R-07 Blockness Monsters,0,0,0,0.0,R,0,0,0,0.0,Spring,6
1722,01-23-2026,R-09 Volley Valkyries,0,0,0,0.0,R,0,0,0,0.0,Spring,7
1723,01-23-2026,R-08 Spikesus,0,0,0,0.0,R,0,0,0,0.0,Spring,8
1724,01-23-2026,R-04 Digfoot,0,0,0,0.0,R,0,0,0,0.0,Spring,9
1725,01-30-2026,R-07 Blockness Monsters,4,0,0,33.0,R,4,0,0,33.0,Spring,1
1726,01-30-2026,R-06 Pegasets,4,0,0,27.0,R,4,0,0,27.0,Spring,2
1727,01-30-2026,R-02 KrakenBalls,4,0,0,21.0,R,4,0,0,21.0,Spring,3
1728,01-30-2026,R-09 Volley Valkyries,2,2,0,11.0,R,2,2,0,11.0,Spring,4
1729,01-30-2026,R-08 Spikesus,2,2,0,-6.0,R,2,2,0,-6.0,Spring,5
1730,01-30-2026,R-03 Serverus,2,2,0,-12.0,R,2,2,0,-12.0,Spring,6
1731,01-30-2026,R-01 Dragon Slayers,0,4,0,-21.0,R,0,4,0,-21.0,Spring,7
1732,01-30-2026,R-04 Digfoot,0,4,0,-21.0,R,0,4,0,-21.0,Spring,8
1733,01-30-2026,R-05 Blockunawa,0,4,0,-32.0,R,0,4,0,-32.0,Spring,9
1734,02-06-2026,R-02 KrakenBalls,3,1,0,19.0,R,7,1,0,40.0,Spring,1
1735,02-06-2026,R-09 Volley Valkyries,4,0,0,30.0,R,6,2,0,41.0,Spring,2
1736,02-06-2026,R-06 Pegasets,2,2,0,-3.0,R,6,2,0,24.0,Spring,3
1737,02-06-2026,R-08 Spikesus,3,1,0,23.0,R,5,3,0,17.0,Spring,4
1738,02-06-2026,R-07 Blockness Monsters,0,4,0,-27.0,R,4,4,0,6.0,Spring,5
1739,02-06-2026,R-01 Dragon Slayers,3,1,0,17.0,R,3,5,0,-4.0,Spring,6
1740,02-06-2026,R-05 Blockunawa,3,1,0,21.0,R,3,5,0,-11.0,Spring,7
1741,02-06-2026,R-03 Serverus,0,4,0,-38.0,R,2,6,0,-50.0,Spring,8
1742,02-06-2026,R-04 Digfoot,0,4,0,-42.0,R,0,8,0,-63.0,Spring,9
1743,02-20-2026,R-02 KrakenBalls,0,0,0,0.0,R,7,1,0,40.0,Spring,1
1744,02-20-2026,R-09 Volley Valkyries,0,0,0,0.0,R,6,2,0,41.0,Spring,2
1745,02-20-2026,R-06 Pegasets,0,0,0,0.0,R,6,2,0,24.0,Spring,3
1746,02-20-2026,R-08 Spikesus,0,0,0,0.0,R,5,3,0,17.0,Spring,4
1747,02-20-2026,R-07 Blockness Monsters,0,0,0,0.0,R,4,4,0,6.0,Spring,5
1748,02-20-2026,R-01 Dragon Slayers,0,0,0,0.0,R,3,5,0,-4.0,Spring,6
1749,02-20-2026,R-05 Blockunawa,0,0,0,0.0,R,3,5,0,-11.0,Spring,7
1750,02-20-2026,R-03 Serverus,0,0,0,0.0,R,2,6,0,-50.0,Spring,8
1751,02-20-2026,R-04 Digfoot,0,0,0,0.0,R,0,8,0,-63.0,Spring,9
1752,02-27-2026,R-02 KrakenBalls,0,0,0,0.0,R,7,1,0,40.0,Spring,1
1753,02-27-2026,R-09 Volley Valkyries,0,0,0,0.0,R,6,2,0,41.0,Spring,2
1754,02-27-2026,R-06 Pegasets,0,0,0,0.0,R,6,2,0,24.0,Spring,3
1755,02-27-2026,R-08 Spikesus,0,0,0,0.0,R,5,3,0,17.0,Spring,4
1756,02-27-2026,R-07 Blockness Monsters,0,0,0,0.0,R,4,4,0,6.0,Spring,5
1757,02-27-2026,R-01 Dragon Slayers,0,0,0,0.0,R,3,5,0,-4.0,Spring,6
1758,02-27-2026,R-05 Blockunawa,0,0,0,0.0,R,3,5,0,-11.0,Spring,7
1759,02-27-2026,R-03 Serverus,0,0,0,0.0,R,2,6,0,-50.0,Spring,8
1760,02-27-2026,R-04 Digfoot,0,0,0,0.0,R,0,8,0,-63.0,Spring,9
1761,03-06-2026,R-02 KrakenBalls,0,0,0,0.0,R,7,1,0,40.0,Spring,1
1762,03-06-2026,R-09 Volley Valkyries,0,0,0,0.0,R,6,2,0,41.0,Spring,2
1763,03-06-2026,R-06 Pegasets,0,0,0,0.0,R,6,2,0,24.0,Spring,3
1764,03-06-2026,R-08 Spikesus,0,0,0,0.0,R,5,3,0,17.0,Spring,4
1765,03-06-2026,R-07 Blockness Monsters,0,0,0,0.0,R,4,4,0,6.0,Spring,5
1766,03-06-2026,R-01 Dragon Slayers,0,0,0,0.0,R,3,5,0,-4.0,Spring,6
1767,03-06-2026,R-05 Blockunawa,0,0,0,0.0,R,3,5,0,-11.0,Spring,7
1768,03-06-2026,R-03 Serverus,0,0,0,0.0,R,2,6,0,-50.0,Spring,8
1769,03-06-2026,R-04 Digfoot,0,0,0,0.0,R,0,8,0,-63.0,Spring,9
1770,03-20-2026,R-02 KrakenBalls,0,0,0,0.0,R,7,1,0,40.0,Spring,1
1771,03-20-2026,R-09 Volley Valkyries,0,0,0,0.0,R,6,2,0,41.0,Spring,2
1772,03-20-2026,R-06 Pegasets,0,0,0,0.0,R,6,2,0,24.0,Spring,3
1773,03-20-2026,R-08 Spikesus,0,0,0,0.0,R,5,3,0,17.0,Spring,4
1774,03-20-2026,R-07 Blockness Monsters,0,0,0,0.0,R,4,4,0,6.0,Spring,5
1775,03-20-2026,R-01 Dragon Slayers,0,0,0,0.0,R,3,5,0,-4.0,Spring,6
1776,03-20-2026,R-05 Blockunawa,0,0,0,0.0,R,3,5,0,-11.0,Spring,7
1777,03-20-2026,R-03 Serverus,0,0,0,0.0,R,2,6,0,-50.0,Spring,8
1778,03-20-2026,R-04 Digfoot,0,0,0,0.0,R,0,8,0,-63.0,Spring,9
1779,03-27-2026,R-02 KrakenBalls,0,0,0,0.0,R,7,1,0,40.0,Spring,1
1780,03-27-2026,R-09 Volley Valkyries,0,0,0,0.0,R,6,2,0,41.0,Spring,2
1781,03-27-2026,R-06 Pegasets,0,0,0,0.0,R,6,2,0,24.0,Spring,3
1782,03-27-2026,R-08 Spikesus,0,0,0,0.0,R,5,3,0,17.0,Spring,4
1783,03-27-2026,R-07 Blockness Monsters,0,0,0,0.0,R,4,4,0,6.0,Spring,5
1784,03-27-2026,R-01 Dragon Slayers,0,0,0,0.0,R,3,5,0,-4.0,Spring,6
1785,03-27-2026,R-05 Blockunawa,0,0,0,0.0,R,3,5,0,-11.0,Spring,7
1786,03-27-2026,R-03 Serverus,0,0,0,0.0,R,2,6,0,-50.0,Spring,8
1787,03-27-2026,R-04 Digfoot,0,0,0,0.0,R,0,8,0,-63.0,Spring,9
1788,04-10-2026,R-02 KrakenBalls,0,0,0,0.0,R,7,1,0,40.0,Spring,1
1789,04-10-2026,R-09 Volley Valkyries,0,0,0,0.0,R,6,2,0,41.0,Spring,2
1790,04-10-2026,R-06 Pegasets,0,0,0,0.0,R,6,2,0,24.0,Spring,3
1791,04-10-2026,R-08 Spikesus,0,0,0,0.0,R,5,3,0,17.0,Spring,4
1792,04-10-2026,R-07 Blockness Monsters,0,0,0,0.0,R,4,4,0,6.0,Spring,5
1793,04-10-2026,R-01 Dragon Slayers,0,0,0,0.0,R,3,5,0,-4.0,Spring,6
1794,04-10-2026,R-05 Blockunawa,0,0,0,0.0,R,3,5,0,-11.0,Spring,7
1795,04-10-2026,R-03 Serverus,0,0,0,0.0,R,2,6,0,-50.0,Spring,8
1796,04-10-2026,R-04 Digfoot,0,0,0,0.0,R,0,8,0,-63.0,Spring,9
1797,04-17-2026,R-02 KrakenBalls,0,0,0,0.0,R,7,1,0,40.0,Spring,1
1798,04-17-2026,R-09 Volley Valkyries,0,0,0,0.0,R,6,2,0,41.0,Spring,2
1799,04-17-2026,R-06 Pegasets,0,0,0,0.0,R,6,2,0,24.0,Spring,3
1800,04-17-2026,R-08 Spikesus,0,0,0,0.0,R,5,3,0,17.0,Spring,4
1801,04-17-2026,R-07 Blockness Monsters,0,0,0,0.0,R,4,4,0,6.0,Spring,5
1802,04-17-2026,R-01 Dragon Slayers,0,0,0,0.0,R,3,5,0,-4.0,Spring,6
1803,04-17-2026,R-05 Blockunawa,0,0,0,0.0,R,3,5,0,-11.0,Spring,7
1804,04-17-2026,R-03 Serverus,0,0,0,0.0,R,2,6,0,-50.0,Spring,8
1805,04-17-2026,R-04 Digfoot,0,0,0,0.0,R,0,8,0,-63.0,Spring,9
1806,04-24-2026,R-02 KrakenBalls,0,0,0,0.0,R,7,1,0,40.0,Spring,1
1807,04-24-2026,R-09 Volley Valkyries,0,0,0,0.0,R,6,2,0,41.0,Spring,2
1808,04-24-2026,R-06 Pegasets,0,0,0,0.0,R,6,2,0,24.0,Spring,3
1809,04-24-2026,R-08 Spikesus,0,0,0,0.0,R,5,3,0,17.0,Spring,4
1810,04-24-2026,R-07 Blockness Monsters,0,0,0,0.0,R,4,4,0,6.0,Spring,5
1811,04-24-2026,R-01 Dragon Slayers,0,0,0,0.0,R,3,5,0,-4.0,Spring,6
1812,04-24-2026,R-05 Blockunawa,0,0,0,0.0,R,3,5,0,-11.0,Spring,7
1813,04-24-2026,R-03 Serverus,0,0,0,0.0,R,2,6,0,-50.0,Spring,8
1814,04-24-2026,R-04 Digfoot,0,0,0,0.0,R,0,8,0,-63.0,Spring,9
1815,01-23-2026,S-18 - Spike Krispies,0,0,0,0.0,S,0,0,0,0.0,Spring,1
1816,01-23-2026,S-17 - Honey Bunches of Floats,0,0,0,0.0,S,0,0,0,0.0,Spring,2
1817,01-23-2026,S-16 - Frosted Tips,0,0,0,0.0,S,0,0,0,0.0,Spring,3
1818,01-23-2026,S-15 - Kanine Krunchies,0,0,0,0.0,S,0,0,0,0.0,Spring,4
1819,01-23-2026,S-14 - Chex Appeal,0,0,0,0.0,S,0,0,0,0.0,Spring,5
1820,01-23-2026,S-13 - Ace Krispies,0,0,0,0.0,S,0,0,0,0.0,Spring,6
1821,01-23-2026,S-12,0,0,0,0.0,S,0,0,0,0.0,Spring,7
1822,01-23-2026,S-11 - Cap'n C*nt,0,0,0,0.0,S,0,0,0,0.0,Spring,8
1823,01-23-2026,S-10 - Count Blockula,0,0,0,0.0,S,0,0,0,0.0,Spring,9
1824,01-23-2026,S-09 - Honey Nut Cheeri-Hoes,0,0,0,0.0,S,0,0,0,0.0,Spring,10
1825,01-23-2026,S-07 - Heavy Is The Crown,0,0,0,0.0,S,0,0,0,0.0,Spring,11
1826,01-23-2026,S-06 - Frosted Freaks,0,0,0,0.0,S,0,0,0,0.0,Spring,12
1827,01-23-2026,"S-05 - My Set, My Quick (Spike It!)",0,0,0,0.0,S,0,0,0,0.0,Spring,13
1828,01-23-2026,S-04 - Sets With Me,0,0,0,0.0,S,0,0,0,0.0,Spring,14
1829,01-23-2026,S-03,0,0,0,0.0,S,0,0,0,0.0,Spring,15
1830,01-23-2026,S-02 - I Write Sets Not Tragedies,0,0,0,0.0,S,0,0,0,0.0,Spring,16
1831,01-23-2026,S-01 - Oops I Hit It Again,0,0,0,0.0,S,0,0,0,0.0,Spring,17
1832,01-23-2026,S-08 - Cereal Killers,0,0,0,0.0,S,0,0,0,0.0,Spring,18
1833,01-30-2026,S-10 - Count Blockula,4,0,0,45.0,S,4,0,0,45.0,Spring,1
1834,01-30-2026,S-18 - Spike Krispies,4,0,0,16.0,S,4,0,0,16.0,Spring,2
1835,01-30-2026,S-15 - Kanine Krunchies,3,1,0,31.0,S,3,1,0,31.0,Spring,3
1836,01-30-2026,S-09 - Honey Nut Cheeri-Hoes,3,1,0,14.0,S,3,1,0,14.0,Spring,4
1837,01-30-2026,S-04 - Sets With Me,3,1,0,13.0,S,3,1,0,13.0,Spring,5
1838,01-30-2026,S-08 - Cereal Killers,3,1,0,7.0,S,3,1,0,7.0,Spring,6
1839,01-30-2026,S-07 - Heavy Is The Crown,3,1,0,-5.0,S,3,1,0,-5.0,Spring,7
1840,01-30-2026,S-11 - Cap'n C*nt,2,2,0,14.0,S,2,2,0,14.0,Spring,8
1841,01-30-2026,S-06 - Frosted Freaks,2,2,0,11.0,S,2,2,0,11.0,Spring,9
1842,01-30-2026,S-14 - Chex Appeal,2,2,0,8.0,S,2,2,0,8.0,Spring,10
1843,01-30-2026,S-02 - I Write Sets Not Tragedies,2,2,0,1.0,S,2,2,0,1.0,Spring,11
1844,01-30-2026,S-16 - Frosted Tips,2,2,0,-14.0,S,2,2,0,-14.0,Spring,12
1845,01-30-2026,S-01 - Oops I Hit It Again,1,3,0,-15.0,S,1,3,0,-15.0,Spring,13
1846,01-30-2026,S-17 - Honey Bunches of Floats,1,3,0,-21.0,S,1,3,0,-21.0,Spring,14
1847,01-30-2026,S-12,1,3,0,-21.0,S,1,3,0,-21.0,Spring,15
1848,01-30-2026,S-03,0,4,0,-26.0,S,0,4,0,-26.0,Spring,16
1849,01-30-2026,"S-05 - My Set, My Quick (Spike It!)",0,4,0,-27.0,S,0,4,0,-27.0,Spring,17
1850,01-30-2026,S-13 - Ace Krispies,0,4,0,-31.0,S,0,4,0,-31.0,Spring,18
1851,02-06-2026,S-10 - Count Blockula,2,2,0,12.0,S,6,2,0,57.0,Spring,1
1852,02-06-2026,S-15 - Kanine Krunchies,3,1,0,19.0,S,6,2,0,50.0,Spring,2
1853,02-06-2026,S-11 - Cap'n C*nt,4,0,0,24.0,S,6,2,0,38.0,Spring,3
1854,02-06-2026,S-16 - Frosted Tips,4,0,0,34.0,S,6,2,0,20.0,Spring,4
1855,02-06-2026,S-07 - Heavy Is The Crown,3,1,0,14.0,S,6,2,0,9.0,Spring,5
1856,02-06-2026,S-09 - Honey Nut Cheeri-Hoes,2,2,0,14.0,S,5,3,0,28.0,Spring,6
1857,02-06-2026,S-04 - Sets With Me,2,2,0,-2.0,S,5,3,0,11.0,Spring,7
1858,02-06-2026,S-18 - Spike Krispies,1,3,0,-8.0,S,5,3,0,8.0,Spring,8
1859,02-06-2026,S-08 - Cereal Killers,2,2,0,-7.0,S,5,3,0,0.0,Spring,9
1860,02-06-2026,S-12,3,1,0,13.0,S,4,4,0,-8.0,Spring,10
1861,02-06-2026,S-02 - I Write Sets Not Tragedies,2,2,0,-10.0,S,4,4,0,-9.0,Spring,11
1862,02-06-2026,S-06 - Frosted Freaks,1,3,0,-10.0,S,3,5,0,1.0,Spring,12
1863,02-06-2026,S-14 - Chex Appeal,1,3,0,-14.0,S,3,5,0,-6.0,Spring,13
1864,02-06-2026,S-01 - Oops I Hit It Again,1,3,0,-14.0,S,2,6,0,-29.0,Spring,14
1865,02-06-2026,S-13 - Ace Krispies,2,2,0,-6.0,S,2,6,0,-37.0,Spring,15
1866,02-06-2026,S-17 - Honey Bunches of Floats,1,3,0,-27.0,S,2,6,0,-48.0,Spring,16
1867,02-06-2026,"S-05 - My Set, My Quick (Spike It!)",1,3,0,-12.0,S,1,7,0,-39.0,Spring,17
1868,02-06-2026,S-03,1,3,0,-20.0,S,1,7,0,-46.0,Spring,18
1869,02-20-2026,S-10 - Count Blockula,0,0,0,0.0,S,6,2,0,57.0,Spring,1
1870,02-20-2026,S-15 - Kanine Krunchies,0,0,0,0.0,S,6,2,0,50.0,Spring,2
1871,02-20-2026,S-11 - Cap'n C*nt,0,0,0,0.0,S,6,2,0,38.0,Spring,3
1872,02-20-2026,S-16 - Frosted Tips,0,0,0,0.0,S,6,2,0,20.0,Spring,4
1873,02-20-2026,S-07 - Heavy Is The Crown,0,0,0,0.0,S,6,2,0,9.0,Spring,5
1874,02-20-2026,S-09 - Honey Nut Cheeri-Hoes,0,0,0,0.0,S,5,3,0,28.0,Spring,6
1875,02-20-2026,S-04 - Sets With Me,0,0,0,0.0,S,5,3,0,11.0,Spring,7
1876,02-20-2026,S-18 - Spike Krispies,0,0,0,0.0,S,5,3,0,8.0,Spring,8
1877,02-20-2026,S-08 - Cereal Killers,0,0,0,0.0,S,5,3,0,0.0,Spring,9
1878,02-20-2026,S-12,0,0,0,0.0,S,4,4,0,-8.0,Spring,10
1879,02-20-2026,S-02 - I Write Sets Not Tragedies,0,0,0,0.0,S,4,4,0,-9.0,Spring,11
1880,02-20-2026,S-06 - Frosted Freaks,0,0,0,0.0,S,3,5,0,1.0,Spring,12
1881,02-20-2026,S-14 - Chex Appeal,0,0,0,0.0,S,3,5,0,-6.0,Spring,13
1882,02-20-2026,S-01 - Oops I Hit It Again,0,0,0,0.0,S,2,6,0,-29.0,Spring,14
1883,02-20-2026,S-13 - Ace Krispies,0,0,0,0.0,S,2,6,0,-37.0,Spring,15
1884,02-20-2026,S-17 - Honey Bunches of Floats,0,0,0,0.0,S,2,6,0,-48.0,Spring,16
1885,02-20-2026,"S-05 - My Set, My Quick (Spike It!)",0,0,0,0.0,S,1,7,0,-39.0,Spring,17
1886,02-20-2026,S-03,0,0,0,0.0,S,1,7,0,-46.0,Spring,18
1887,02-27-2026,S-10 - Count Blockula,0,0,0,0.0,S,6,2,0,57.0,Spring,1
1888,02-27-2026,S-15 - Kanine Krunchies,0,0,0,0.0,S,6,2,0,50.0,Spring,2
1889,02-27-2026,S-11 - Cap'n C*nt,0,0,0,0.0,S,6,2,0,38.0,Spring,3
1890,02-27-2026,S-16 - Frosted Tips,0,0,0,0.0,S,6,2,0,20.0,Spring,4
1891,02-27-2026,S-07 - Heavy Is The Crown,0,0,0,0.0,S,6,2,0,9.0,Spring,5
1892,02-27-2026,S-09 - Honey Nut Cheeri-Hoes,0,0,0,0.0,S,5,3,0,28.0,Spring,6
1893,02-27-2026,S-04 - Sets With Me,0,0,0,0.0,S,5,3,0,11.0,Spring,7
1894,02-27-2026,S-18 - Spike Krispies,0,0,0,0.0,S,5,3,0,8.0,Spring,8
1895,02-27-2026,S-08 - Cereal Killers,0,0,0,0.0,S,5,3,0,0.0,Spring,9
1896,02-27-2026,S-12,0,0,0,0.0,S,4,4,0,-8.0,Spring,10
1897,02-27-2026,S-02 - I Write Sets Not Tragedies,0,0,0,0.0,S,4,4,0,-9.0,Spring,11
1898,02-27-2026,S-06 - Frosted Freaks,0,0,0,0.0,S,3,5,0,1.0,Spring,12
1899,02-27-2026,S-14 - Chex Appeal,0,0,0,0.0,S,3,5,0,-6.0,Spring,13
1900,02-27-2026,S-01 - Oops I Hit It Again,0,0,0,0.0,S,2,6,0,-29.0,Spring,14
1901,02-27-2026,S-13 - Ace Krispies,0,0,0,0.0,S,2,6,0,-37.0,Spring,15
1902,02-27-2026,S-17 - Honey Bunches of Floats,0,0,0,0.0,S,2,6,0,-48.0,Spring,16
1903,02-27-2026,"S-05 - My Set, My Quick (Spike It!)",0,0,0,0.0,S,1,7,0,-39.0,Spring,17
1904,02-27-2026,S-03,0,0,0,0.0,S,1,7,0,-46.0,Spring,18
1905,03-06-2026,S-10 - Count Blockula,0,0,0,0.0,S,6,2,0,57.0,Spring,1
1906,03-06-2026,S-15 - Kanine Krunchies,0,0,0,0.0,S,6,2,0,50.0,Spring,2
1907,03-06-2026,S-11 - Cap'n C*nt,0,0,0,0.0,S,6,2,0,38.0,Spring,3
1908,03-06-2026,S-16 - Frosted Tips,0,0,0,0.0,S,6,2,0,20.0,Spring,4
1909,03-06-2026,S-07 - Heavy Is The Crown,0,0,0,0.0,S,6,2,0,9.0,Spring,5
1910,03-06-2026,S-09 - Honey Nut Cheeri-Hoes,0,0,0,0.0,S,5,3,0,28.0,Spring,6
1911,03-06-2026,S-04 - Sets With Me,0,0,0,0.0,S,5,3,0,11.0,Spring,7
1912,03-06-2026,S-18 - Spike Krispies,0,0,0,0.0,S,5,3,0,8.0,Spring,8
1913,03-06-2026,S-08 - Cereal Killers,0,0,0,0.0,S,5,3,0,0.0,Spring,9
1914,03-06-2026,S-12,0,0,0,0.0,S,4,4,0,-8.0,Spring,10
1915,03-06-2026,S-02 - I Write Sets Not Tragedies,0,0,0,0.0,S,4,4,0,-9.0,Spring,11
1916,03-06-2026,S-06 - Frosted Freaks,0,0,0,0.0,S,3,5,0,1.0,Spring,12
1917,03-06-2026,S-14 - Chex Appeal,0,0,0,0.0,S,3,5,0,-6.0,Spring,13
1918,03-06-2026,S-01 - Oops I Hit It Again,0,0,0,0.0,S,2,6,0,-29.0,Spring,14
1919,03-06-2026,S-13 - Ace Krispies,0,0,0,0.0,S,2,6,0,-37.0,Spring,15
1920,03-06-2026,S-17 - Honey Bunches of Floats,0,0,0,0.0,S,2,6,0,-48.0,Spring,16
1921,03-06-2026,"S-05 - My Set, My Quick (Spike It!)",0,0,0,0.0,S,1,7,0,-39.0,Spring,17
1922,03-06-2026,S-03,0,0,0,0.0,S,1,7,0,-46.0,Spring,18
1923,03-20-2026,S-10 - Count Blockula,0,0,0,0.0,S,6,2,0,57.0,Spring,1
1924,03-20-2026,S-15 - Kanine Krunchies,0,0,0,0.0,S,6,2,0,50.0,Spring,2
1925,03-20-2026,S-11 - Cap'n C*nt,0,0,0,0.0,S,6,2,0,38.0,Spring,3
1926,03-20-2026,S-16 - Frosted Tips,0,0,0,0.0,S,6,2,0,20.0,Spring,4
1927,03-20-2026,S-07 - Heavy Is The Crown,0,0,0,0.0,S,6,2,0,9.0,Spring,5
1928,03-20-2026,S-09 - Honey Nut Cheeri-Hoes,0,0,0,0.0,S,5,3,0,28.0,Spring,6
1929,03-20-2026,S-04 - Sets With Me,0,0,0,0.0,S,5,3,0,11.0,Spring,7
1930,03-20-2026,S-18 - Spike Krispies,0,0,0,0.0,S,5,3,0,8.0,Spring,8
1931,03-20-2026,S-08 - Cereal Killers,0,0,0,0.0,S,5,3,0,0.0,Spring,9
1932,03-20-2026,S-12,0,0,0,0.0,S,4,4,0,-8.0,Spring,10
1933,03-20-2026,S-02 - I Write Sets Not Tragedies,0,0,0,0.0,S,4,4,0,-9.0,Spring,11
1934,03-20-2026,S-06 - Frosted Freaks,0,0,0,0.0,S,3,5,0,1.0,Spring,12
1935,03-20-2026,S-14 - Chex Appeal,0,0,0,0.0,S,3,5,0,-6.0,Spring,13
1936,03-20-2026,S-01 - Oops I Hit It Again,0,0,0,0.0,S,2,6,0,-29.0,Spring,14
1937,03-20-2026,S-13 - Ace Krispies,0,0,0,0.0,S,2,6,0,-37.0,Spring,15
1938,03-20-2026,S-17 - Honey Bunches of Floats,0,0,0,0.0,S,2,6,0,-48.0,Spring,16
1939,03-20-2026,"S-05 - My Set, My Quick (Spike It!)",0,0,0,0.0,S,1,7,0,-39.0,Spring,17
1940,03-20-2026,S-03,0,0,0,0.0,S,1,7,0,-46.0,Spring,18
1941,03-27-2026,S-10 - Count Blockula,0,0,0,0.0,S,6,2,0,57.0,Spring,1
1942,03-27-2026,S-15 - Kanine Krunchies,0,0,0,0.0,S,6,2,0,50.0,Spring,2
1943,03-27-2026,S-11 - Cap'n C*nt,0,0,0,0.0,S,6,2,0,38.0,Spring,3
1944,03-27-2026,S-16 - Frosted Tips,0,0,0,0.0,S,6,2,0,20.0,Spring,4
1945,03-27-2026,S-07 - Heavy Is The Crown,0,0,0,0.0,S,6,2,0,9.0,Spring,5
1946,03-27-2026,S-09 - Honey Nut Cheeri-Hoes,0,0,0,0.0,S,5,3,0,28.0,Spring,6
1947,03-27-2026,S-04 - Sets With Me,0,0,0,0.0,S,5,3,0,11.0,Spring,7
1948,03-27-2026,S-18 - Spike Krispies,0,0,0,0.0,S,5,3,0,8.0,Spring,8
1949,03-27-2026,S-08 - Cereal Killers,0,0,0,0.0,S,5,3,0,0.0,Spring,9
1950,03-27-2026,S-12,0,0,0,0.0,S,4,4,0,-8.0,Spring,10
1951,03-27-2026,S-02 - I Write Sets Not Tragedies,0,0,0,0.0,S,4,4,0,-9.0,Spring,11
1952,03-27-2026,S-06 - Frosted Freaks,0,0,0,0.0,S,3,5,0,1.0,Spring,12
1953,03-27-2026,S-14 - Chex Appeal,0,0,0,0.0,S,3,5,0,-6.0,Spring,13
1954,03-27-2026,S-01 - Oops I Hit It Again,0,0,0,0.0,S,2,6,0,-29.0,Spring,14
1955,03-27-2026,S-13 - Ace Krispies,0,0,0,0.0,S,2,6,0,-37.0,Spring,15
1956,03-27-2026,S-17 - Honey Bunches of Floats,0,0,0,0.0,S,2,6,0,-48.0,Spring,16
1957,03-27-2026,"S-05 - My Set, My Quick (Spike It!)",0,0,0,0.0,S,1,7,0,-39.0,Spring,17
1958,03-27-2026,S-03,0,0,0,0.0,S,1,7,0,-46.0,Spring,18
1959,04-10-2026,S-10 - Count Blockula,0,0,0,0.0,S,6,2,0,57.0,Spring,1
1960,04-10-2026,S-15 - Kanine Krunchies,0,0,0,0.0,S,6,2,0,50.0,Spring,2
1961,04-10-2026,S-11 - Cap'n C*nt,0,0,0,0.0,S,6,2,0,38.0,Spring,3
1962,04-10-2026,S-16 - Frosted Tips,0,0,0,0.0,S,6,2,0,20.0,Spring,4
1963,04-10-2026,S-07 - Heavy Is The Crown,0,0,0,0.0,S,6,2,0,9.0,Spring,5
1964,04-10-2026,S-09 - Honey Nut Cheeri-Hoes,0,0,0,0.0,S,5,3,0,28.0,Spring,6
1965,04-10-2026,S-04 - Sets With Me,0,0,0,0.0,S,5,3,0,11.0,Spring,7
1966,04-10-2026,S-18 - Spike Krispies,0,0,0,0.0,S,5,3,0,8.0,Spring,8
1967,04-10-2026,S-08 - Cereal Killers,0,0,0,0.0,S,5,3,0,0.0,Spring,9
1968,04-10-2026,S-12,0,0,0,0.0,S,4,4,0,-8.0,Spring,10
1969,04-10-2026,S-02 - I Write Sets Not Tragedies,0,0,0,0.0,S,4,4,0,-9.0,Spring,11
1970,04-10-2026,S-06 - Frosted Freaks,0,0,0,0.0,S,3,5,0,1.0,Spring,12
1971,04-10-2026,S-14 - Chex Appeal,0,0,0,0.0,S,3,5,0,-6.0,Spring,13
1972,04-10-2026,S-01 - Oops I Hit It Again,0,0,0,0.0,S,2,6,0,-29.0,Spring,14
1973,04-10-2026,S-13 - Ace Krispies,0,0,0,0.0,S,2,6,0,-37.0,Spring,15
1974,04-10-2026,S-17 - Honey Bunches of Floats,0,0,0,0.0,S,2,6,0,-48.0,Spring,16
1975,04-10-2026,"S-05 - My Set, My Quick (Spike It!)",0,0,0,0.0,S,1,7,0,-39.0,Spring,17
1976,04-10-2026,S-03,0,0,0,0.0,S,1,7,0,-46.0,Spring,18
1977,04-17-2026,S-10 - Count Blockula,0,0,0,0.0,S,6,2,0,57.0,Spring,1
1978,04-17-2026,S-15 - Kanine Krunchies,0,0,0,0.0,S,6,2,0,50.0,Spring,2
1979,04-17-2026,S-11 - Cap'n C*nt,0,0,0,0.0,S,6,2,0,38.0,Spring,3
1980,04-17-2026,S-16 - Frosted Tips,0,0,0,0.0,S,6,2,0,20.0,Spring,4
1981,04-17-2026,S-07 - Heavy Is The Crown,0,0,0,0.0,S,6,2,0,9.0,Spring,5
1982,04-17-2026,S-09 - Honey Nut Cheeri-Hoes,0,0,0,0.0,S,5,3,0,28.0,Spring,6
1983,04-17-2026,S-04 - Sets With Me,0,0,0,0.0,S,5,3,0,11.0,Spring,7
1984,04-17-2026,S-18 - Spike Krispies,0,0,0,0.0,S,5,3,0,8.0,Spring,8
1985,04-17-2026,S-08 - Cereal Killers,0,0,0,0.0,S,5,3,0,0.0,Spring,9
1986,04-17-2026,S-12,0,0,0,0.0,S,4,4,0,-8.0,Spring,10
1987,04-17-2026,S-02 - I Write Sets Not Tragedies,0,0,0,0.0,S,4,4,0,-9.0,Spring,11
1988,04-17-2026,S-06 - Frosted Freaks,0,0,0,0.0,S,3,5,0,1.0,Spring,12
1989,04-17-2026,S-14 - Chex Appeal,0,0,0,0.0,S,3,5,0,-6.0,Spring,13
1990,04-17-2026,S-01 - Oops I Hit It Again,0,0,0,0.0,S,2,6,0,-29.0,Spring,14
1991,04-17-2026,S-13 - Ace Krispies,0,0,0,0.0,S,2,6,0,-37.0,Spring,15
1992,04-17-2026,S-17 - Honey Bunches of Floats,0,0,0,0.0,S,2,6,0,-48.0,Spring,16
1993,04-17-2026,"S-05 - My Set, My Quick (Spike It!)",0,0,0,0.0,S,1,7,0,-39.0,Spring,17
1994,04-17-2026,S-03,0,0,0,0.0,S,1,7,0,-46.0,Spring,18
1995,04-24-2026,S-10 - Count Blockula,0,0,0,0.0,S,6,2,0,57.0,Spring,1
1996,04-24-2026,S-15 - Kanine Krunchies,0,0,0,0.0,S,6,2,0,50.0,Spring,2
1997,04-24-2026,S-11 - Cap'n C*nt,0,0,0,0.0,S,6,2,0,38.0,Spring,3
1998,04-24-2026,S-16 - Frosted Tips,0,0,0,0.0,S,6,2,0,20.0,Spring,4
1999,04-24-2026,S-07 - Heavy Is The Crown,0,0,0,0.0,S,6,2,0,9.0,Spring,5
2000,04-24-2026,S-09 - Honey Nut Cheeri-Hoes,0,0,0,0.0,S,5,3,0,28.0,Spring,6
2001,04-24-2026,S-04 - Sets With Me,0,0,0,0.0,S,5,3,0,11.0,Spring,7
2002,04-24-2026,S-18 - Spike Krispies,0,0,0,0.0,S,5,3,0,8.0,Spring,8
2003,04-24-2026,S-08 - Cereal Killers,0,0,0,0.0,S,5,3,0,0.0,Spring,9
2004,04-24-2026,S-12,0,0,0,0.0,S,4,4,0,-8.0,Spring,10
2005,04-24-2026,S-02 - I Write Sets Not Tragedies,0,0,0,0.0,S,4,4,0,-9.0,Spring,11
2006,04-24-2026,S-06 - Frosted Freaks,0,0,0,0.0,S,3,5,0,1.0,Spring,12
2007,04-24-2026,S-14 - Chex Appeal,0,0,0,0.0,S,3,5,0,-6.0,Spring,13
2008,04-24-2026,S-01 - Oops I Hit It Again,0,0,0,0.0,S,2,6,0,-29.0,Spring,14
2009,04-24-2026,S-13 - Ace Krispies,0,0,0,0.0,S,2,6,0,-37.0,Spring,15
2010,04-24-2026,S-17 - Honey Bunches of Floats,0,0,0,0.0,S,2,6,0,-48.0,Spring,16
2011,04-24-2026,"S-05 - My Set, My Quick (Spike It!)",0,0,0,0.0,S,1,7,0,-39.0,Spring,17
2012,04-24-2026,S-03,0,0,0,0.0,S,1,7,0,-46.0,Spring,18
2013,08-22-2025,A-08,4,0,0,40.0,A,4,0,0,40.0,Fall,1
2014,08-22-2025,A-02,4,0,0,39.0,A,4,0,0,39.0,Fall,2
2015,08-22-2025,A-01,4,0,0,26.0,A,4,0,0,26.0,Fall,3
2016,08-22-2025,A-07,4,0,0,25.0,A,4,0,0,25.0,Fall,4
2017,08-22-2025,A-18,4,0,0,24.0,A,4,0,0,24.0,Fall,5
2018,08-22-2025,A-11,2,1,1,18.0,A,2,1,1,18.0,Fall,6
2019,08-22-2025,A-15,2,1,1,1.0,A,2,1,1,1.0,Fall,7
2020,08-22-2025,A-06,2,2,0,3.0,A,2,2,0,3.0,Fall,8
2021,08-22-2025,A-10,2,2,0,-10.0,A,2,2,0,-10.0,Fall,9
2022,08-22-2025,A-16,2,2,0,-20.0,A,2,2,0,-20.0,Fall,10
2023,08-22-2025,A-09,1,3,0,-6.0,A,1,3,0,-6.0,Fall,11
2024,08-22-2025,A-05,1,3,0,-11.0,A,1,3,0,-11.0,Fall,12
2025,08-22-2025,A-17,1,3,0,-19.0,A,1,3,0,-19.0,Fall,13
2026,08-22-2025,A-03,1,3,0,-19.0,A,1,3,0,-19.0,Fall,14
2027,08-22-2025,A-14,1,3,0,-28.0,A,1,3,0,-28.0,Fall,15
2028,08-22-2025,A-13,0,4,0,-16.0,A,0,4,0,-16.0,Fall,16
2029,08-22-2025,A-04,0,4,0,-20.0,A,0,4,0,-20.0,Fall,17
2030,08-22-2025,A-12,0,4,0,-27.0,A,0,4,0,-27.0,Fall,18
2031,09-05-2025,A-08,3,1,0,7.0,A,7,1,0,47.0,Fall,1
2032,09-05-2025,A-02,3,1,0,5.0,A,7,1,0,44.0,Fall,2
2033,09-05-2025,A-18,3,1,0,14.0,A,7,1,0,38.0,Fall,3
2034,09-05-2025,A-07,3,1,0,13.0,A,7,1,0,38.0,Fall,4
2035,09-05-2025,A-01,2,2,0,-2.0,A,6,2,0,24.0,Fall,5
2036,09-05-2025,A-11,2,2,0,-2.0,A,4,3,1,16.0,Fall,6
2037,09-05-2025,A-15,2,2,0,0.0,A,4,3,1,1.0,Fall,7
2038,09-05-2025,A-09,3,1,0,14.0,A,4,4,0,8.0,Fall,8
2039,09-05-2025,A-12,4,0,0,19.0,A,4,4,0,-8.0,Fall,9
2040,09-05-2025,A-10,2,2,0,-8.0,A,4,4,0,-18.0,Fall,10
2041,09-05-2025,A-06,1,3,0,-11.0,A,3,5,0,-8.0,Fall,11
2042,09-05-2025,A-17,2,2,0,-4.0,A,3,5,0,-23.0,Fall,12
2043,09-05-2025,A-16,1,3,0,-3.0,A,3,5,0,-23.0,Fall,13
2044,09-05-2025,A-05,1,3,0,-6.0,A,2,6,0,-17.0,Fall,14
2045,09-05-2025,A-13,2,2,0,-2.0,A,2,6,0,-18.0,Fall,15
2046,09-05-2025,A-14,1,3,0,-7.0,A,2,6,0,-35.0,Fall,16
2047,09-05-2025,A-04,1,3,0,-10.0,A,1,7,0,-30.0,Fall,17
2048,09-05-2025,A-03,0,4,0,-17.0,A,1,7,0,-36.0,Fall,18
2049,09-12-2025,A-07,4,0,0,33.0,A,11,1,0,71.0,Fall,1
2050,09-12-2025,A-18,3,1,0,11.0,A,10,2,0,49.0,Fall,2
2051,09-12-2025,A-08,2,1,1,2.0,A,9,2,1,49.0,Fall,3
2052,09-12-2025,A-11,4,0,0,16.0,A,8,3,1,32.0,Fall,4
2053,09-12-2025,A-01,2,1,1,1.0,A,8,3,1,25.0,Fall,5
2054,09-12-2025,A-02,1,3,0,-10.0,A,8,4,0,34.0,Fall,6
2055,09-12-2025,A-10,3,1,0,21.0,A,7,5,0,3.0,Fall,7
2056,09-12-2025,A-15,2,2,0,-11.0,A,6,5,1,-10.0,Fall,8
2057,09-12-2025,A-12,2,2,0,4.0,A,6,6,0,-4.0,Fall,9
2058,09-12-2025,A-17,2,2,0,14.0,A,5,7,0,-9.0,Fall,10
2059,09-12-2025,A-13,2,1,1,-2.0,A,4,7,1,-20.0,Fall,11
2060,09-12-2025,A-06,1,3,0,0.0,A,4,8,0,-8.0,Fall,12
2061,09-12-2025,A-09,0,4,0,-20.0,A,4,8,0,-12.0,Fall,13
2062,09-12-2025,A-04,3,1,0,0.0,A,4,8,0,-30.0,Fall,14
2063,09-12-2025,A-16,0,3,1,-12.0,A,3,8,1,-35.0,Fall,15
2064,09-12-2025,A-05,1,3,0,0.0,A,3,9,0,-17.0,Fall,16
2065,09-12-2025,A-03,2,2,0,0.0,A,3,9,0,-36.0,Fall,17
2066,09-12-2025,A-14,0,4,0,-47.0,A,2,10,0,-82.0,Fall,18
2067,09-19-2025,A-18,3,1,0,23.0,A,13,3,0,72.0,Fall,1
2068,09-19-2025,A-08,3,1,0,0.0,A,12,3,1,49.0,Fall,2
2069,09-19-2025,A-01,3,1,0,3.0,A,11,4,1,28.0,Fall,3
2070,09-19-2025,A-07,0,4,0,-23.0,A,11,5,0,48.0,Fall,4
2071,09-19-2025,A-10,4,0,0,25.0,A,11,5,0,28.0,Fall,5
2072,09-19-2025,A-02,2,1,1,4.0,A,10,5,1,38.0,Fall,6
2073,09-19-2025,A-11,2,2,0,-3.0,A,10,5,1,29.0,Fall,7
2074,09-19-2025,A-12,3,1,0,2.0,A,9,7,0,-2.0,Fall,8
2075,09-19-2025,A-15,2,2,0,9.0,A,8,7,1,-1.0,Fall,9
2076,09-19-2025,A-05,4,0,0,26.0,A,7,9,0,9.0,Fall,10
2077,09-19-2025,A-17,2,2,0,4.0,A,7,9,0,-5.0,Fall,11
2078,09-19-2025,A-09,2,1,1,16.0,A,6,9,1,4.0,Fall,12
2079,09-19-2025,A-04,2,2,0,-5.0,A,6,10,0,-35.0,Fall,13
2080,09-19-2025,A-13,1,3,0,-20.0,A,5,10,1,-40.0,Fall,14
2081,09-19-2025,A-06,1,3,0,0.0,A,5,11,0,-8.0,Fall,15
2082,09-19-2025,A-16,1,3,0,-11.0,A,4,11,1,-46.0,Fall,16
2083,09-19-2025,A-03,0,4,0,-30.0,A,3,13,0,-66.0,Fall,17
2084,09-19-2025,A-14,0,4,0,-20.0,A,2,14,0,-102.0,Fall,18
2085,09-26-2025,A-18,3,1,0,8.0,A,16,4,0,80.0,Fall,1
2086,09-26-2025,A-08,2,2,0,14.0,A,14,5,1,63.0,Fall,2
2087,09-26-2025,A-10,3,1,0,4.0,A,14,6,0,32.0,Fall,3
2088,09-26-2025,A-02,3,1,0,15.0,A,13,6,1,53.0,Fall,4
2089,09-26-2025,A-11,3,1,0,24.0,A,13,6,1,53.0,Fall,5
2090,09-26-2025,A-01,2,2,0,2.0,A,13,6,1,30.0,Fall,6
2091,09-26-2025,A-15,4,0,0,18.0,A,12,7,1,17.0,Fall,7
2092,09-26-2025,A-07,0,4,0,-20.0,A,11,9,0,28.0,Fall,8
2093,09-26-2025,A-12,2,2,0,7.0,A,11,9,0,5.0,Fall,9
2094,09-26-2025,A-05,2,2,0,0.0,A,9,11,0,9.0,Fall,10
2095,09-26-2025,A-16,4,0,0,40.0,A,8,11,1,-6.0,Fall,11
2096,09-26-2025,A-09,2,2,0,-13.0,A,8,11,1,-9.0,Fall,12
2097,09-26-2025,A-17,1,3,0,-22.0,A,8,12,0,-27.0,Fall,13
2098,09-26-2025,A-13,2,2,0,4.0,A,7,12,1,-36.0,Fall,14
2099,09-26-2025,A-04,1,3,0,-24.0,A,7,13,0,-59.0,Fall,15
2100,09-26-2025,A-06,1,3,0,-18.0,A,6,14,0,-26.0,Fall,16
2101,09-26-2025,A-03,1,3,0,-12.0,A,4,16,0,-78.0,Fall,17
2102,09-26-2025,A-14,0,4,0,-27.0,A,2,18,0,-129.0,Fall,18
2103,10-10-2025,A-18,4,0,0,30.0,A,20,4,0,110.0,Fall,1
2104,10-10-2025,A-02,4,0,0,32.0,A,17,6,1,85.0,Fall,2
2105,10-10-2025,A-01,4,0,0,31.0,A,17,6,1,61.0,Fall,3
2106,10-10-2025,A-10,2,2,0,1.0,A,16,8,0,33.0,Fall,4
2107,10-10-2025,A-08,1,3,0,3.0,A,15,8,1,66.0,Fall,5
2108,10-10-2025,A-11,2,2,0,1.0,A,15,8,1,54.0,Fall,6
2109,10-10-2025,A-15,3,1,0,21.0,A,15,8,1,38.0,Fall,7
2110,10-10-2025,A-07,2,2,0,-4.0,A,13,11,0,24.0,Fall,8
2111,10-10-2025,A-12,2,2,0,3.0,A,13,11,0,8.0,Fall,9
2112,10-10-2025,A-16,3,1,0,23.0,A,11,12,1,17.0,Fall,10
2113,10-10-2025,A-09,2,2,0,13.0,A,10,13,1,4.0,Fall,11
2114,10-10-2025,A-13,2,2,0,1.0,A,9,14,1,-35.0,Fall,12
2115,10-10-2025,A-05,0,4,0,-44.0,A,9,15,0,-35.0,Fall,13
2116,10-10-2025,A-17,1,3,0,-23.0,A,9,15,0,-50.0,Fall,14
2117,10-10-2025,A-06,2,2,0,0.0,A,8,16,0,-26.0,Fall,15
2118,10-10-2025,A-04,1,3,0,-22.0,A,8,16,0,-81.0,Fall,16
2119,10-10-2025,A-03,1,3,0,-35.0,A,5,19,0,-113.0,Fall,17
2120,10-10-2025,A-14,0,4,0,-31.0,A,2,22,0,-160.0,Fall,18
2121,10-17-2025,A-18,3,1,0,39.0,A,23,5,0,149.0,Fall,1
2122,10-17-2025,A-01,2,1,1,14.0,A,19,7,2,75.0,Fall,2
2123,10-17-2025,A-10,3,1,0,21.0,A,19,9,0,54.0,Fall,3
2124,10-17-2025,A-08,3,0,1,26.0,A,18,8,2,92.0,Fall,4
2125,10-17-2025,A-11,3,1,0,3.0,A,18,9,1,57.0,Fall,5
2126,10-17-2025,A-02,1,3,0,-33.0,A,18,9,1,52.0,Fall,6
2127,10-17-2025,A-15,1,3,0,-4.0,A,16,11,1,34.0,Fall,7
2128,10-17-2025,A-12,3,1,0,3.0,A,16,12,0,11.0,Fall,8
2129,10-17-2025,A-16,4,0,0,18.0,A,15,12,1,35.0,Fall,9
2130,10-17-2025,A-07,2,2,0,5.0,A,15,13,0,29.0,Fall,10
2131,10-17-2025,A-09,2,2,0,-4.0,A,12,15,1,0.0,Fall,11
2132,10-17-2025,A-13,3,1,0,17.0,A,12,15,1,-18.0,Fall,12
2133,10-17-2025,A-06,3,1,0,8.0,A,11,17,0,-18.0,Fall,13
2134,10-17-2025,A-04,2,2,0,-6.0,A,10,18,0,-87.0,Fall,14
2135,10-17-2025,A-05,0,4,0,-23.0,A,9,19,0,-58.0,Fall,15
2136,10-17-2025,A-17,0,4,0,-40.0,A,9,19,0,-90.0,Fall,16
2137,10-17-2025,A-03,0,4,0,-24.0,A,5,23,0,-137.0,Fall,17
2138,10-17-2025,A-14,0,4,0,-20.0,A,2,26,0,-180.0,Fall,18
2139,10-24-2025,A-18,4,0,0,33.0,A,27,5,0,182.0,Fall,1
2140,10-24-2025,A-01,4,0,0,17.0,A,23,7,2,92.0,Fall,2
2141,10-24-2025,A-02,3,1,0,17.0,A,21,10,1,69.0,Fall,3
2142,10-24-2025,A-11,3,1,0,4.0,A,21,10,1,61.0,Fall,4
2143,10-24-2025,A-10,2,2,0,0.0,A,21,11,0,54.0,Fall,5
2144,10-24-2025,A-08,1,2,1,-4.0,A,19,10,3,88.0,Fall,6
2145,10-24-2025,A-15,3,1,0,21.0,A,19,12,1,55.0,Fall,7
2146,10-24-2025,A-12,2,2,0,0.0,A,18,14,0,11.0,Fall,8
2147,10-24-2025,A-16,1,2,1,-4.0,A,16,14,2,31.0,Fall,9
2148,10-24-2025,A-07,1,2,1,0.0,A,16,15,1,29.0,Fall,10
2149,10-24-2025,A-13,2,1,1,4.0,A,14,16,2,-14.0,Fall,11
2150,10-24-2025,A-09,0,4,0,-27.0,A,12,19,1,-27.0,Fall,12
2151,10-24-2025,A-06,1,3,0,-11.0,A,12,20,0,-29.0,Fall,13
2152,10-24-2025,A-05,3,1,0,11.0,A,12,20,0,-47.0,Fall,14
2153,10-24-2025,A-17,2,2,0,-6.0,A,11,21,0,-96.0,Fall,15
2154,10-24-2025,A-04,0,4,0,-17.0,A,10,22,0,-104.0,Fall,16
2155,10-24-2025,A-03,0,4,0,-32.0,A,5,27,0,-169.0,Fall,17
2156,10-24-2025,A-14,2,2,0,-6.0,A,4,28,0,-186.0,Fall,18
2157,11-07-2025,A-18,2,2,0,10.0,A,29,7,0,192.0,Fall,1
2158,11-07-2025,A-02,4,0,0,32.0,A,25,10,1,101.0,Fall,2
2159,11-07-2025,A-11,4,0,0,25.0,A,25,10,1,86.0,Fall,3
2160,11-07-2025,A-08,4,0,0,47.0,A,23,10,3,135.0,Fall,4
2161,11-07-2025,A-01,0,4,0,-38.0,A,23,11,2,54.0,Fall,5
2162,11-07-2025,A-10,1,3,0,-12.0,A,22,14,0,42.0,Fall,6
2163,11-07-2025,A-15,2,2,0,-2.0,A,21,14,1,53.0,Fall,7
2164,11-07-2025,A-16,4,0,0,25.0,A,20,14,2,56.0,Fall,8
2165,11-07-2025,A-12,2,2,0,-1.0,A,20,16,0,10.0,Fall,9
2166,11-07-2025,A-07,2,2,0,6.0,A,18,17,1,35.0,Fall,10
2167,11-07-2025,A-13,2,2,0,-4.0,A,16,18,2,-18.0,Fall,11
2168,11-07-2025,A-05,4,0,0,30.0,A,16,20,0,-17.0,Fall,12
2169,11-07-2025,A-09,1,3,0,-35.0,A,13,22,1,-62.0,Fall,13
2170,11-07-2025,A-17,2,2,0,-8.0,A,13,23,0,-104.0,Fall,14
2171,11-07-2025,A-06,0,4,0,-29.0,A,12,24,0,-58.0,Fall,15
2172,11-07-2025,A-04,0,4,0,-21.0,A,10,26,0,-125.0,Fall,16
2173,11-07-2025,A-03,2,2,0,28.0,A,7,29,0,-141.0,Fall,17
2174,11-07-2025,A-14,0,4,0,-53.0,A,4,32,0,-239.0,Fall,18
2175,11-14-2025,A-18,2,2,0,8.0,A,31,9,0,200.0,Fall,1
2176,11-14-2025,A-11,4,0,0,28.0,A,29,10,1,114.0,Fall,2
2177,11-14-2025,A-08,3,1,0,6.0,A,26,11,3,141.0,Fall,3
2178,11-14-2025,A-01,3,1,0,10.0,A,26,12,2,64.0,Fall,4
2179,11-14-2025,A-02,0,4,0,-66.0,A,25,14,1,35.0,Fall,5
2180,11-14-2025,A-15,1,3,0,-18.0,A,22,17,1,35.0,Fall,6
2181,11-14-2025,A-10,0,3,1,-9.0,A,22,17,1,33.0,Fall,7
2182,11-14-2025,A-16,1,3,0,-6.0,A,21,17,2,50.0,Fall,8
2183,11-14-2025,A-12,1,3,0,-7.0,A,21,19,0,3.0,Fall,9
2184,11-14-2025,A-07,1,3,0,-10.0,A,19,20,1,25.0,Fall,10
2185,11-14-2025,A-05,3,1,0,10.0,A,19,21,0,-7.0,Fall,11
2186,11-14-2025,A-13,2,2,0,-4.0,A,18,20,2,-22.0,Fall,12
2187,11-14-2025,A-09,3,1,0,17.0,A,16,23,1,-45.0,Fall,13
2188,11-14-2025,A-17,2,1,1,-1.0,A,15,24,1,-105.0,Fall,14
2189,11-14-2025,A-06,3,1,0,49.0,A,15,25,0,-9.0,Fall,15
2190,11-14-2025,A-04,2,2,0,1.0,A,12,28,0,-124.0,Fall,16
2191,11-14-2025,A-03,4,0,0,22.0,A,11,29,0,-119.0,Fall,17
2192,11-14-2025,A-14,0,4,0,-30.0,A,4,36,0,-269.0,Fall,18
2193,11-21-2025,A-18,3,1,0,20.0,A,34,10,0,220.0,Fall,1
2194,11-21-2025,A-11,3,1,0,-4.0,A,32,11,1,110.0,Fall,2
2195,11-21-2025,A-01,4,0,0,38.0,A,30,12,2,102.0,Fall,3
2196,11-21-2025,A-08,3,1,0,0.0,A,29,12,3,141.0,Fall,4
2197,11-21-2025,A-02,2,2,0,19.0,A,27,16,1,54.0,Fall,5
2198,11-21-2025,A-16,2,2,0,0.0,A,23,19,2,50.0,Fall,6
2199,11-21-2025,A-15,1,3,0,-39.0,A,23,20,1,-4.0,Fall,7
2200,11-21-2025,A-10,0,0,4,0.0,A,22,17,5,33.0,Fall,8
2201,11-21-2025,A-12,0,0,4,0.0,A,21,19,4,3.0,Fall,9
2202,11-21-2025,A-05,0,0,4,0.0,A,19,21,4,-7.0,Fall,10
2203,11-21-2025,A-07,0,2,2,-50.0,A,19,22,3,-25.0,Fall,11
2204,11-21-2025,A-13,0,4,0,0.0,A,18,24,2,-22.0,Fall,12
2205,11-21-2025,A-17,3,1,0,0.0,A,18,25,1,-105.0,Fall,13
2206,11-21-2025,A-09,1,3,0,4.0,A,17,26,1,-41.0,Fall,14
2207,11-21-2025,A-04,4,0,0,100.0,A,16,28,0,-24.0,Fall,15
2208,11-21-2025,A-06,1,3,0,-26.0,A,16,28,0,-35.0,Fall,16
2209,11-21-2025,A-03,0,2,2,-50.0,A,11,31,2,-169.0,Fall,17
2210,11-21-2025,A-14,1,3,0,-12.0,A,5,39,0,-281.0,Fall,18
2211,08-22-2025,C-08 The Quack Pack,4,0,0,43.0,C,4,0,0,43.0,Fall,1
2212,08-22-2025,C-12 Blocktopusses,4,0,0,31.0,C,4,0,0,31.0,Fall,2
2213,08-22-2025,C-01 Hitty Kitties,4,0,0,12.0,C,4,0,0,12.0,Fall,3
2214,08-22-2025,C-17 Fowl Play,3,1,0,24.0,C,3,1,0,24.0,Fall,4
2215,08-22-2025,C-03 Balls to the Narwhals,3,1,0,9.0,C,3,1,0,9.0,Fall,5
2216,08-22-2025,C-14 Hot Cheetahs,3,1,0,9.0,C,3,1,0,9.0,Fall,6
2217,08-22-2025,C-07 Otter Chaos,2,1,1,11.0,C,2,1,1,11.0,Fall,7
2218,08-22-2025,C-05 Bumpin Bunnies,2,2,0,10.0,C,2,2,0,10.0,Fall,8
2219,08-22-2025,C-18 Digletts,2,2,0,1.0,C,2,2,0,1.0,Fall,9
2220,08-22-2025,C-11 Las Vulturistas,2,2,0,-1.0,C,2,2,0,-1.0,Fall,10
2221,08-22-2025,C-13 Doggy Style,2,2,0,-2.0,C,2,2,0,-2.0,Fall,11
2222,08-22-2025,C-16 No Fox Given,1,2,1,-20.0,C,1,2,1,-20.0,Fall,12
2223,08-22-2025,C-02 Glory H Gorillas,1,3,0,-19.0,C,1,3,0,-19.0,Fall,13
2224,08-22-2025,"C-15 Dig, Dig, Goose",1,3,0,-23.0,C,1,3,0,-23.0,Fall,14
2225,08-22-2025,C-09 Strikalotls,0,3,1,-20.0,C,0,3,1,-20.0,Fall,15
2226,08-22-2025,C-04 Panda-Monium,0,3,1,-23.0,C,0,3,1,-23.0,Fall,16
2227,08-22-2025,C-10 Duck Around and Find Out,0,4,0,-10.0,C,0,4,0,-10.0,Fall,17
2228,08-22-2025,C-06 The GOATs,0,4,0,-32.0,C,0,4,0,-32.0,Fall,18
2229,09-05-2025,C-08 The Quack Pack,3,1,0,17.0,C,7,1,0,60.0,Fall,1
2230,09-05-2025,C-12 Blocktopusses,3,1,0,25.0,C,7,1,0,56.0,Fall,2
2231,09-05-2025,C-07 Otter Chaos,4,0,0,20.0,C,6,1,1,31.0,Fall,3
2232,09-05-2025,C-17 Fowl Play,3,1,0,12.0,C,6,2,0,36.0,Fall,4
2233,09-05-2025,C-18 Digletts,4,0,0,27.0,C,6,2,0,28.0,Fall,5
2234,09-05-2025,C-03 Balls to the Narwhals,3,1,0,14.0,C,6,2,0,23.0,Fall,6
2235,09-05-2025,C-05 Bumpin Bunnies,2,2,0,-6.0,C,4,4,0,4.0,Fall,7
2236,09-05-2025,C-14 Hot Cheetahs,1,3,0,-14.0,C,4,4,0,-5.0,Fall,8
2237,09-05-2025,C-11 Las Vulturistas,2,2,0,-4.0,C,4,4,0,-5.0,Fall,9
2238,09-05-2025,C-02 Glory H Gorillas,3,1,0,12.0,C,4,4,0,-7.0,Fall,10
2239,09-05-2025,C-01 Hitty Kitties,0,4,0,-39.0,C,4,4,0,-27.0,Fall,11
2240,09-05-2025,C-13 Doggy Style,1,3,0,-13.0,C,3,5,0,-15.0,Fall,12
2241,09-05-2025,"C-15 Dig, Dig, Goose",2,2,0,-3.0,C,3,5,0,-26.0,Fall,13
2242,09-05-2025,C-09 Strikalotls,2,2,0,-6.0,C,2,5,1,-26.0,Fall,14
2243,09-05-2025,C-16 No Fox Given,1,3,0,-8.0,C,2,5,1,-28.0,Fall,15
2244,09-05-2025,C-04 Panda-Monium,1,3,0,-6.0,C,1,6,1,-29.0,Fall,16
2245,09-05-2025,C-06 The GOATs,1,3,0,-7.0,C,1,7,0,-39.0,Fall,17
2246,09-05-2025,C-10 Duck Around and Find Out,0,4,0,-21.0,C,0,8,0,-31.0,Fall,18
2247,09-12-2025,C-12 Blocktopusses,3,1,0,17.0,C,10,2,0,73.0,Fall,1
2248,09-12-2025,C-08 The Quack Pack,3,1,0,9.0,C,10,2,0,69.0,Fall,2
2249,09-12-2025,C-07 Otter Chaos,3,1,0,14.0,C,9,2,1,45.0,Fall,3
2250,09-12-2025,C-17 Fowl Play,2,2,0,-7.0,C,8,4,0,29.0,Fall,4
2251,09-12-2025,C-02 Glory H Gorillas,4,0,0,28.0,C,8,4,0,21.0,Fall,5
2252,09-12-2025,C-03 Balls to the Narwhals,2,2,0,-7.0,C,8,4,0,16.0,Fall,6
2253,09-12-2025,C-18 Digletts,1,3,0,-19.0,C,7,5,0,9.0,Fall,7
2254,09-12-2025,C-01 Hitty Kitties,3,1,0,17.0,C,7,5,0,-10.0,Fall,8
2255,09-12-2025,C-11 Las Vulturistas,2,2,0,3.0,C,6,6,0,-2.0,Fall,9
2256,09-12-2025,C-13 Doggy Style,2,2,0,9.0,C,5,7,0,-6.0,Fall,10
2257,09-12-2025,C-14 Hot Cheetahs,1,3,0,-7.0,C,5,7,0,-12.0,Fall,11
2258,09-12-2025,C-05 Bumpin Bunnies,1,3,0,-18.0,C,5,7,0,-14.0,Fall,12
2259,09-12-2025,C-16 No Fox Given,2,2,0,2.0,C,4,7,1,-26.0,Fall,13
2260,09-12-2025,C-04 Panda-Monium,2,2,0,18.0,C,3,8,1,-11.0,Fall,14
2261,09-12-2025,C-09 Strikalotls,1,3,0,-20.0,C,3,8,1,-46.0,Fall,15
2262,09-12-2025,C-06 The GOATs,2,2,0,-11.0,C,3,9,0,-50.0,Fall,16
2263,09-12-2025,"C-15 Dig, Dig, Goose",0,4,0,-29.0,C,3,9,0,-55.0,Fall,17
2264,09-12-2025,C-10 Duck Around and Find Out,2,2,0,1.0,C,2,10,0,-30.0,Fall,18
2265,09-19-2025,C-12 Blocktopusses,4,0,0,34.0,C,14,2,0,107.0,Fall,1
2266,09-19-2025,C-08 The Quack Pack,4,0,0,11.0,C,14,2,0,80.0,Fall,2
2267,09-19-2025,C-02 Glory H Gorillas,2,2,0,-7.0,C,10,6,0,14.0,Fall,3
2268,09-19-2025,C-11 Las Vulturistas,4,0,0,16.0,C,10,6,0,14.0,Fall,4
2269,09-19-2025,C-03 Balls to the Narwhals,2,2,0,-4.0,C,10,6,0,12.0,Fall,5
2270,09-19-2025,C-07 Otter Chaos,0,4,0,-16.0,C,9,6,1,29.0,Fall,6
2271,09-19-2025,C-18 Digletts,2,2,0,5.0,C,9,7,0,14.0,Fall,7
2272,09-19-2025,C-14 Hot Cheetahs,4,0,0,23.0,C,9,7,0,11.0,Fall,8
2273,09-19-2025,C-17 Fowl Play,1,3,0,-19.0,C,9,7,0,10.0,Fall,9
2274,09-19-2025,C-05 Bumpin Bunnies,3,1,0,23.0,C,8,8,0,9.0,Fall,10
2275,09-19-2025,C-13 Doggy Style,3,1,0,14.0,C,8,8,0,8.0,Fall,11
2276,09-19-2025,C-01 Hitty Kitties,1,3,0,-1.0,C,8,8,0,-11.0,Fall,12
2277,09-19-2025,C-04 Panda-Monium,2,2,0,2.0,C,5,10,1,-9.0,Fall,13
2278,09-19-2025,C-16 No Fox Given,1,3,0,-17.0,C,5,10,1,-43.0,Fall,14
2279,09-19-2025,C-09 Strikalotls,1,3,0,-7.0,C,4,11,1,-53.0,Fall,15
2280,09-19-2025,C-06 The GOATs,1,3,0,-15.0,C,4,12,0,-65.0,Fall,16
2281,09-19-2025,"C-15 Dig, Dig, Goose",1,3,0,-17.0,C,4,12,0,-72.0,Fall,17
2282,09-19-2025,C-10 Duck Around and Find Out,0,4,0,-25.0,C,2,14,0,-55.0,Fall,18
2283,09-26-2025,C-08 The Quack Pack,4,0,0,46.0,C,18,2,0,126.0,Fall,1
2284,09-26-2025,C-12 Blocktopusses,3,1,0,22.0,C,17,3,0,129.0,Fall,2
2285,09-26-2025,C-07 Otter Chaos,4,0,0,34.0,C,13,6,1,63.0,Fall,3
2286,09-26-2025,C-18 Digletts,2,2,0,17.0,C,11,9,0,31.0,Fall,4
2287,09-26-2025,C-14 Hot Cheetahs,2,2,0,18.0,C,11,9,0,29.0,Fall,5
2288,09-26-2025,C-13 Doggy Style,3,1,0,4.0,C,11,9,0,12.0,Fall,6
2289,09-26-2025,C-17 Fowl Play,2,2,0,-2.0,C,11,9,0,8.0,Fall,7
2290,09-26-2025,C-02 Glory H Gorillas,1,3,0,-20.0,C,11,9,0,-6.0,Fall,8
2291,09-26-2025,C-03 Balls to the Narwhals,1,3,0,-21.0,C,11,9,0,-9.0,Fall,9
2292,09-26-2025,C-05 Bumpin Bunnies,2,2,0,-2.0,C,10,10,0,7.0,Fall,10
2293,09-26-2025,C-11 Las Vulturistas,0,4,0,-24.0,C,10,10,0,-10.0,Fall,11
2294,09-26-2025,C-01 Hitty Kitties,2,2,0,-4.0,C,10,10,0,-15.0,Fall,12
2295,09-26-2025,C-04 Panda-Monium,4,0,0,26.0,C,9,10,1,17.0,Fall,13
2296,09-26-2025,C-16 No Fox Given,3,1,0,-3.0,C,8,11,1,-46.0,Fall,14
2297,09-26-2025,C-06 The GOATs,2,2,0,-4.0,C,6,14,0,-69.0,Fall,15
2298,09-26-2025,C-09 Strikalotls,1,3,0,-15.0,C,5,14,1,-68.0,Fall,16
2299,09-26-2025,"C-15 Dig, Dig, Goose",0,4,0,-30.0,C,4,16,0,-102.0,Fall,17
2300,09-26-2025,C-10 Duck Around and Find Out,0,4,0,-42.0,C,2,18,0,-97.0,Fall,18
2301,10-10-2025,C-08 The Quack Pack,4,0,0,45.0,C,22,2,0,171.0,Fall,1
2302,10-10-2025,C-12 Blocktopusses,3,1,0,10.0,C,20,4,0,139.0,Fall,2
2303,10-10-2025,C-07 Otter Chaos,2,2,0,15.0,C,15,8,1,78.0,Fall,3
2304,10-10-2025,C-14 Hot Cheetahs,3,1,0,18.0,C,14,10,0,47.0,Fall,4
2305,10-10-2025,C-05 Bumpin Bunnies,4,0,0,27.0,C,14,10,0,34.0,Fall,5
2306,10-10-2025,C-17 Fowl Play,3,1,0,18.0,C,14,10,0,26.0,Fall,6
2307,10-10-2025,C-11 Las Vulturistas,3,1,0,15.0,C,13,11,0,5.0,Fall,7
2308,10-10-2025,C-02 Glory H Gorillas,2,2,0,0.0,C,13,11,0,-6.0,Fall,8
2309,10-10-2025,C-04 Panda-Monium,3,0,1,15.0,C,12,10,2,32.0,Fall,9
2310,10-10-2025,C-13 Doggy Style,1,2,1,-16.0,C,12,11,1,-4.0,Fall,10
2311,10-10-2025,C-01 Hitty Kitties,2,2,0,7.0,C,12,12,0,-8.0,Fall,11
2312,10-10-2025,C-18 Digletts,0,4,0,-33.0,C,11,13,0,-2.0,Fall,12
2313,10-10-2025,C-03 Balls to the Narwhals,0,4,0,-45.0,C,11,13,0,-54.0,Fall,13
2314,10-10-2025,C-16 No Fox Given,1,3,0,-6.0,C,9,14,1,-52.0,Fall,14
2315,10-10-2025,C-06 The GOATs,2,2,0,-12.0,C,8,16,0,-81.0,Fall,15
2316,10-10-2025,C-09 Strikalotls,0,4,0,-34.0,C,5,18,1,-102.0,Fall,16
2317,10-10-2025,"C-15 Dig, Dig, Goose",1,3,0,1.0,C,5,19,0,-101.0,Fall,17
2318,10-10-2025,C-10 Duck Around and Find Out,1,3,0,-25.0,C,3,21,0,-122.0,Fall,18
2319,10-17-2025,C-08 The Quack Pack,4,0,0,27.0,C,26,2,0,198.0,Fall,1
2320,10-17-2025,C-12 Blocktopusses,2,2,0,-9.0,C,22,6,0,130.0,Fall,2
2321,10-17-2025,C-07 Otter Chaos,3,1,0,-6.0,C,18,9,1,72.0,Fall,3
2322,10-17-2025,C-05 Bumpin Bunnies,3,1,0,26.0,C,17,11,0,60.0,Fall,4
2323,10-17-2025,C-14 Hot Cheetahs,2,2,0,5.0,C,16,12,0,52.0,Fall,5
2324,10-17-2025,C-11 Las Vulturistas,3,1,0,15.0,C,16,12,0,20.0,Fall,6
2325,10-17-2025,C-04 Panda-Monium,3,1,0,-2.0,C,15,11,2,30.0,Fall,7
2326,10-17-2025,C-13 Doggy Style,2,2,0,4.0,C,14,13,1,0.0,Fall,8
2327,10-17-2025,C-17 Fowl Play,0,4,0,-19.0,C,14,14,0,7.0,Fall,9
2328,10-17-2025,C-01 Hitty Kitties,2,2,0,-8.0,C,14,14,0,-16.0,Fall,10
2329,10-17-2025,C-02 Glory H Gorillas,1,3,0,-12.0,C,14,14,0,-18.0,Fall,11
2330,10-17-2025,C-03 Balls to the Narwhals,3,1,0,5.0,C,14,14,0,-49.0,Fall,12
2331,10-17-2025,C-18 Digletts,2,2,0,14.0,C,13,15,0,12.0,Fall,13
2332,10-17-2025,C-06 The GOATs,2,2,0,6.0,C,10,18,0,-75.0,Fall,14
2333,10-17-2025,C-16 No Fox Given,0,4,0,-20.0,C,9,18,1,-72.0,Fall,15
2334,10-17-2025,C-09 Strikalotls,2,2,0,1.0,C,7,20,1,-101.0,Fall,16
2335,10-17-2025,"C-15 Dig, Dig, Goose",2,2,0,-7.0,C,7,21,0,-108.0,Fall,17
2336,10-17-2025,C-10 Duck Around and Find Out,0,4,0,-20.0,C,3,25,0,-142.0,Fall,18
2337,10-24-2025,C-08 The Quack Pack,4,0,0,34.0,C,30,2,0,232.0,Fall,1
2338,10-24-2025,C-12 Blocktopusses,1,3,0,-11.0,C,23,9,0,119.0,Fall,2
2339,10-24-2025,C-05 Bumpin Bunnies,4,0,0,39.0,C,21,11,0,99.0,Fall,3
2340,10-24-2025,C-07 Otter Chaos,1,3,0,-15.0,C,19,12,1,57.0,Fall,4
2341,10-24-2025,C-13 Doggy Style,4,0,0,41.0,C,18,13,1,41.0,Fall,5
2342,10-24-2025,C-14 Hot Cheetahs,2,2,0,6.0,C,18,14,0,58.0,Fall,6
2343,10-24-2025,C-04 Panda-Monium,2,2,0,0.0,C,17,13,2,30.0,Fall,7
2344,10-24-2025,C-11 Las Vulturistas,1,3,0,-19.0,C,17,15,0,1.0,Fall,8
2345,10-24-2025,C-01 Hitty Kitties,3,1,0,11.0,C,17,15,0,-5.0,Fall,9
2346,10-24-2025,C-18 Digletts,3,1,0,10.0,C,16,16,0,22.0,Fall,10
2347,10-24-2025,C-02 Glory H Gorillas,1,2,1,-12.0,C,15,16,1,-30.0,Fall,11
2348,10-24-2025,C-17 Fowl Play,1,3,0,-5.0,C,15,17,0,2.0,Fall,12
2349,10-24-2025,C-03 Balls to the Narwhals,1,3,0,-4.0,C,15,17,0,-53.0,Fall,13
2350,10-24-2025,C-06 The GOATs,2,1,1,6.0,C,12,19,1,-69.0,Fall,14
2351,10-24-2025,C-16 No Fox Given,1,3,0,-19.0,C,10,21,1,-91.0,Fall,15
2352,10-24-2025,C-09 Strikalotls,2,2,0,-5.0,C,9,22,1,-106.0,Fall,16
2353,10-24-2025,"C-15 Dig, Dig, Goose",1,3,0,-35.0,C,8,24,0,-143.0,Fall,17
2354,10-24-2025,C-10 Duck Around and Find Out,1,3,0,-22.0,C,4,28,0,-164.0,Fall,18
2355,11-07-2025,C-08 The Quack Pack,3,1,0,14.0,C,33,3,0,246.0,Fall,1
2356,11-07-2025,C-12 Blocktopusses,3,1,0,2.0,C,26,10,0,121.0,Fall,2
2357,11-07-2025,C-05 Bumpin Bunnies,3,1,0,21.0,C,24,12,0,120.0,Fall,3
2358,11-07-2025,C-07 Otter Chaos,3,1,0,22.0,C,22,13,1,79.0,Fall,4
2359,11-07-2025,C-14 Hot Cheetahs,3,1,0,15.0,C,21,15,0,73.0,Fall,5
2360,11-07-2025,C-04 Panda-Monium,3,1,0,9.0,C,20,14,2,39.0,Fall,6
2361,11-07-2025,C-13 Doggy Style,2,2,0,9.0,C,20,15,1,50.0,Fall,7
2362,11-07-2025,C-18 Digletts,4,0,0,30.0,C,20,16,0,52.0,Fall,8
2363,11-07-2025,C-02 Glory H Gorillas,3,1,0,14.0,C,18,17,1,-16.0,Fall,9
2364,11-07-2025,C-11 Las Vulturistas,1,3,0,-18.0,C,18,18,0,-17.0,Fall,10
2365,11-07-2025,C-01 Hitty Kitties,0,4,0,-36.0,C,17,19,0,-41.0,Fall,11
2366,11-07-2025,C-17 Fowl Play,1,3,0,-9.0,C,16,20,0,-7.0,Fall,12
2367,11-07-2025,C-03 Balls to the Narwhals,1,3,0,-11.0,C,16,20,0,-64.0,Fall,13
2368,11-07-2025,C-06 The GOATs,0,4,0,-23.0,C,12,23,1,-92.0,Fall,14
2369,11-07-2025,C-16 No Fox Given,2,2,0,-4.0,C,12,23,1,-95.0,Fall,15
2370,11-07-2025,C-09 Strikalotls,1,3,0,-12.0,C,10,25,1,-118.0,Fall,16
2371,11-07-2025,"C-15 Dig, Dig, Goose",1,3,0,-21.0,C,9,27,0,-164.0,Fall,17
2372,11-07-2025,C-10 Duck Around and Find Out,2,2,0,-2.0,C,6,30,0,-166.0,Fall,18
2373,11-14-2025,C-08 The Quack Pack,3,0,1,15.0,C,36,3,1,261.0,Fall,1
2374,11-14-2025,C-12 Blocktopusses,2,1,1,4.0,C,28,11,1,125.0,Fall,2
2375,11-14-2025,C-05 Bumpin Bunnies,4,0,0,31.0,C,28,12,0,151.0,Fall,3
2376,11-14-2025,C-07 Otter Chaos,3,1,0,24.0,C,25,14,1,103.0,Fall,4
2377,11-14-2025,C-14 Hot Cheetahs,3,1,0,23.0,C,24,16,0,96.0,Fall,5
2378,11-14-2025,C-18 Digletts,3,1,0,19.0,C,23,17,0,71.0,Fall,6
2379,11-14-2025,C-13 Doggy Style,2,2,0,0.0,C,22,17,1,50.0,Fall,7
2380,11-14-2025,C-01 Hitty Kitties,4,0,0,24.0,C,21,19,0,-17.0,Fall,8
2381,11-14-2025,C-04 Panda-Monium,0,4,0,-19.0,C,20,18,2,20.0,Fall,9
2382,11-14-2025,C-02 Glory H Gorillas,1,3,0,-4.0,C,19,20,1,-20.0,Fall,10
2383,11-14-2025,C-11 Las Vulturistas,1,3,0,-13.0,C,19,21,0,-30.0,Fall,11
2384,11-14-2025,C-17 Fowl Play,1,3,0,-13.0,C,17,23,0,-20.0,Fall,12
2385,11-14-2025,C-03 Balls to the Narwhals,0,4,0,-42.0,C,16,24,0,-106.0,Fall,13
2386,11-14-2025,C-09 Strikalotls,4,0,0,19.0,C,14,25,1,-99.0,Fall,14
2387,11-14-2025,C-06 The GOATs,1,3,0,-15.0,C,13,26,1,-107.0,Fall,15
2388,11-14-2025,C-16 No Fox Given,0,4,0,-31.0,C,12,27,1,-126.0,Fall,16
2389,11-14-2025,"C-15 Dig, Dig, Goose",2,2,0,-11.0,C,11,29,0,-175.0,Fall,17
2390,11-14-2025,C-10 Duck Around and Find Out,1,3,0,-11.0,C,7,33,0,-177.0,Fall,18
2391,11-21-2025,C-08 The Quack Pack,4,0,0,38.0,C,40,3,1,299.0,Fall,1
2392,11-21-2025,C-12 Blocktopusses,3,1,0,22.0,C,31,12,1,147.0,Fall,2
2393,11-21-2025,C-05 Bumpin Bunnies,3,1,0,20.0,C,31,13,0,171.0,Fall,3
2394,11-21-2025,C-07 Otter Chaos,4,0,0,42.0,C,29,14,1,145.0,Fall,4
2395,11-21-2025,C-14 Hot Cheetahs,4,0,0,30.0,C,28,16,0,126.0,Fall,5
2396,11-21-2025,C-18 Digletts,4,0,0,40.0,C,27,17,0,111.0,Fall,6
2397,11-21-2025,C-13 Doggy Style,1,3,0,-16.0,C,23,20,1,34.0,Fall,7
2398,11-21-2025,C-11 Las Vulturistas,3,1,0,16.0,C,22,22,0,-14.0,Fall,8
2399,11-21-2025,C-01 Hitty Kitties,1,3,0,-12.0,C,22,22,0,-29.0,Fall,9
2400,11-21-2025,C-04 Panda-Monium,1,3,0,-20.0,C,21,21,2,0.0,Fall,10
2401,11-21-2025,C-02 Glory H Gorillas,2,2,0,13.0,C,21,22,1,-7.0,Fall,11
2402,11-21-2025,C-17 Fowl Play,1,3,0,-22.0,C,18,26,0,-42.0,Fall,12
2403,11-21-2025,C-03 Balls to the Narwhals,1,3,0,-22.0,C,17,27,0,-128.0,Fall,13
2404,11-21-2025,C-09 Strikalotls,2,2,0,5.0,C,16,27,1,-94.0,Fall,14
2405,11-21-2025,C-06 The GOATs,1,3,0,-18.0,C,14,29,1,-125.0,Fall,15
2406,11-21-2025,C-16 No Fox Given,1,3,0,-21.0,C,13,30,1,-147.0,Fall,16
2407,11-21-2025,"C-15 Dig, Dig, Goose",0,4,0,-53.0,C,11,33,0,-228.0,Fall,17
2408,11-21-2025,C-10 Duck Around and Find Out,0,4,0,-42.0,C,7,37,0,-219.0,Fall,18
2409,08-22-2025,E-01-Assassins Cream,3,1,0,18.0,E,3,1,0,18.0,Fall,1
2410,08-22-2025,E-08-Street Walkers,3,1,0,11.0,E,3,1,0,11.0,Fall,2
2411,08-22-2025,E-09-Sonic The Edgedhogs,3,1,0,10.0,E,3,1,0,10.0,Fall,3
2412,08-22-2025,E-04-Super Smash Hoes,3,1,0,8.0,E,3,1,0,8.0,Fall,4
2413,08-22-2025,E-05-Nintendo 69,2,2,0,-7.0,E,2,2,0,-7.0,Fall,5
2414,08-22-2025,E-02-Mortal Cumbat,2,2,0,-7.0,E,2,2,0,-7.0,Fall,6
2415,08-22-2025,E-06-Call of Booty: Block Ops,1,3,0,-1.0,E,1,3,0,-1.0,Fall,7
2416,08-22-2025,E-03-Donkey Schlong,1,3,0,-11.0,E,1,3,0,-11.0,Fall,8
2417,08-22-2025,E-07-Ms. Pac Man,0,4,0,-21.0,E,0,4,0,-21.0,Fall,9
2418,09-05-2025,E-01-Assassins Cream,4,0,0,19.0,E,7,1,0,37.0,Fall,1
2419,09-05-2025,E-09-Sonic The Edgedhogs,4,0,0,16.0,E,7,1,0,26.0,Fall,2
2420,09-05-2025,E-08-Street Walkers,2,2,0,6.0,E,5,3,0,17.0,Fall,3
2421,09-05-2025,E-02-Mortal Cumbat,3,1,0,12.0,E,5,3,0,5.0,Fall,4
2422,09-05-2025,E-04-Super Smash Hoes,1,3,0,-12.0,E,4,4,0,-4.0,Fall,5
2423,09-05-2025,E-05-Nintendo 69,1,3,0,-18.0,E,3,5,0,-25.0,Fall,6
2424,09-05-2025,E-06-Call of Booty: Block Ops,1,3,0,-9.0,E,2,6,0,-10.0,Fall,7
2425,09-05-2025,E-03-Donkey Schlong,1,3,0,-7.0,E,2,6,0,-18.0,Fall,8
2426,09-05-2025,E-07-Ms. Pac Man,1,3,0,-7.0,E,1,7,0,-28.0,Fall,9
2427,09-12-2025,E-09-Sonic The Edgedhogs,4,0,0,23.0,E,11,1,0,49.0,Fall,1
2428,09-12-2025,E-02-Mortal Cumbat,4,0,0,20.0,E,9,3,0,25.0,Fall,2
2429,09-12-2025,E-01-Assassins Cream,1,3,0,-6.0,E,8,4,0,31.0,Fall,3
2430,09-12-2025,E-08-Street Walkers,1,3,0,-10.0,E,6,6,0,7.0,Fall,4
2431,09-12-2025,E-04-Super Smash Hoes,2,2,0,-5.0,E,6,6,0,-9.0,Fall,5
2432,09-12-2025,E-03-Donkey Schlong,3,1,0,15.0,E,5,7,0,-3.0,Fall,6
2433,09-12-2025,E-06-Call of Booty: Block Ops,2,2,0,-7.0,E,4,8,0,-17.0,Fall,7
2434,09-12-2025,E-05-Nintendo 69,1,3,0,-17.0,E,4,8,0,-42.0,Fall,8
2435,09-12-2025,E-07-Ms. Pac Man,0,4,0,-13.0,E,1,11,0,-41.0,Fall,9
2436,09-19-2025,E-01-Assassins Cream,4,0,0,25.0,E,12,4,0,56.0,Fall,1
2437,09-19-2025,E-09-Sonic The Edgedhogs,1,3,0,-6.0,E,12,4,0,43.0,Fall,2
2438,09-19-2025,E-02-Mortal Cumbat,3,1,0,17.0,E,12,4,0,42.0,Fall,3
2439,09-19-2025,E-03-Donkey Schlong,3,1,0,6.0,E,8,8,0,3.0,Fall,4
2440,09-19-2025,E-04-Super Smash Hoes,2,2,0,-11.0,E,8,8,0,-20.0,Fall,5
2441,09-19-2025,E-08-Street Walkers,1,3,0,-9.0,E,7,9,0,-2.0,Fall,6
2442,09-19-2025,E-06-Call of Booty: Block Ops,1,3,0,-16.0,E,5,11,0,-33.0,Fall,7
2443,09-19-2025,E-05-Nintendo 69,1,3,0,-13.0,E,5,11,0,-55.0,Fall,8
2444,09-19-2025,E-07-Ms. Pac Man,2,2,0,7.0,E,3,13,0,-34.0,Fall,9
2445,09-26-2025,E-09-Sonic The Edgedhogs,4,0,0,35.0,E,16,4,0,78.0,Fall,1
2446,09-26-2025,E-01-Assassins Cream,3,1,0,12.0,E,15,5,0,68.0,Fall,2
2447,09-26-2025,E-02-Mortal Cumbat,1,3,0,-18.0,E,13,7,0,24.0,Fall,3
2448,09-26-2025,E-03-Donkey Schlong,2,2,0,6.0,E,10,10,0,9.0,Fall,4
2449,09-26-2025,E-08-Street Walkers,1,3,0,-19.0,E,8,12,0,-21.0,Fall,5
2450,09-26-2025,E-06-Call of Booty: Block Ops,3,1,0,12.0,E,8,12,0,-21.0,Fall,6
2451,09-26-2025,E-04-Super Smash Hoes,0,4,0,-18.0,E,8,12,0,-38.0,Fall,7
2452,09-26-2025,E-05-Nintendo 69,3,1,0,6.0,E,8,12,0,-49.0,Fall,8
2453,09-26-2025,E-07-Ms. Pac Man,1,3,0,-16.0,E,4,16,0,-50.0,Fall,9
2454,10-10-2025,E-09-Sonic The Edgedhogs,4,0,0,100.0,E,20,4,0,178.0,Fall,1
2455,10-10-2025,E-01-Assassins Cream,2,2,0,5.0,E,17,7,0,73.0,Fall,2
2456,10-10-2025,E-02-Mortal Cumbat,1,3,0,-9.0,E,14,10,0,15.0,Fall,3
2457,10-10-2025,E-05-Nintendo 69,4,0,0,22.0,E,12,12,0,-27.0,Fall,4
2458,10-10-2025,E-03-Donkey Schlong,0,2,2,-50.0,E,10,12,2,-41.0,Fall,5
2459,10-10-2025,E-04-Super Smash Hoes,2,2,0,-9.0,E,10,14,0,-47.0,Fall,6
2460,10-10-2025,E-08-Street Walkers,1,3,0,-13.0,E,9,15,0,-34.0,Fall,7
2461,10-10-2025,E-06-Call of Booty: Block Ops,0,2,2,-50.0,E,8,14,2,-71.0,Fall,8
2462,10-10-2025,E-07-Ms. Pac Man,2,2,0,4.0,E,6,18,0,-46.0,Fall,9
2463,10-17-2025,E-09-Sonic The Edgedhogs,1,3,0,-7.0,E,21,7,0,171.0,Fall,1
2464,10-17-2025,E-01-Assassins Cream,2,2,0,3.0,E,19,9,0,76.0,Fall,2
2465,10-17-2025,E-02-Mortal Cumbat,3,1,0,8.0,E,17,11,0,23.0,Fall,3
2466,10-17-2025,E-05-Nintendo 69,3,1,0,4.0,E,15,13,0,-23.0,Fall,4
2467,10-17-2025,E-03-Donkey Schlong,2,2,0,-8.0,E,12,14,2,-49.0,Fall,5
2468,10-17-2025,E-04-Super Smash Hoes,2,2,0,10.0,E,12,16,0,-37.0,Fall,6
2469,10-17-2025,E-08-Street Walkers,2,2,0,-2.0,E,11,17,0,-36.0,Fall,7
2470,10-17-2025,E-06-Call of Booty: Block Ops,2,2,0,-7.0,E,10,16,2,-78.0,Fall,8
2471,10-17-2025,E-07-Ms. Pac Man,1,3,0,-1.0,E,7,21,0,-47.0,Fall,9
2472,10-24-2025,E-09-Sonic The Edgedhogs,4,0,0,30.0,E,25,7,0,201.0,Fall,1
2473,10-24-2025,E-01-Assassins Cream,0,4,0,-19.0,E,19,13,0,57.0,Fall,2
2474,10-24-2025,E-02-Mortal Cumbat,0,4,0,-25.0,E,17,15,0,-2.0,Fall,3
2475,10-24-2025,E-05-Nintendo 69,1,3,0,-15.0,E,16,16,0,-38.0,Fall,4
2476,10-24-2025,E-03-Donkey Schlong,3,1,0,7.0,E,15,15,2,-42.0,Fall,5
2477,10-24-2025,E-06-Call of Booty: Block Ops,4,0,0,20.0,E,14,16,2,-58.0,Fall,6
2478,10-24-2025,E-04-Super Smash Hoes,2,2,0,-5.0,E,14,18,0,-42.0,Fall,7
2479,10-24-2025,E-08-Street Walkers,2,2,0,-1.0,E,13,19,0,-37.0,Fall,8
2480,10-24-2025,E-07-Ms. Pac Man,2,2,0,8.0,E,9,23,0,-39.0,Fall,9
2481,11-07-2025,E-09-Sonic The Edgedhogs,3,1,0,18.0,E,28,8,0,219.0,Fall,1
2482,11-07-2025,E-01-Assassins Cream,3,1,0,16.0,E,22,14,0,73.0,Fall,2
2483,11-07-2025,E-05-Nintendo 69,3,1,0,3.0,E,19,17,0,-35.0,Fall,3
2484,11-07-2025,E-03-Donkey Schlong,3,1,0,6.0,E,18,16,2,-36.0,Fall,4
2485,11-07-2025,E-06-Call of Booty: Block Ops,3,1,0,21.0,E,17,17,2,-37.0,Fall,5
2486,11-07-2025,E-02-Mortal Cumbat,0,4,0,-22.0,E,17,19,0,-24.0,Fall,6
2487,11-07-2025,E-08-Street Walkers,2,2,0,-5.0,E,15,21,0,-42.0,Fall,7
2488,11-07-2025,E-04-Super Smash Hoes,0,4,0,-24.0,E,14,22,0,-66.0,Fall,8
2489,11-07-2025,E-07-Ms. Pac Man,1,3,0,-13.0,E,10,26,0,-52.0,Fall,9
2490,11-14-2025,E-09-Sonic The Edgedhogs,0,4,0,-100.0,E,28,12,0,119.0,Fall,1
2491,11-14-2025,E-01-Assassins Cream,0,4,0,-100.0,E,22,18,0,-27.0,Fall,2
2492,11-14-2025,E-03-Donkey Schlong,3,1,0,50.0,E,21,17,2,14.0,Fall,3
2493,11-14-2025,E-06-Call of Booty: Block Ops,3,1,0,50.0,E,20,18,2,13.0,Fall,4
2494,11-14-2025,E-02-Mortal Cumbat,3,1,0,50.0,E,20,20,0,26.0,Fall,5
2495,11-14-2025,E-05-Nintendo 69,0,4,0,-100.0,E,19,21,0,-135.0,Fall,6
2496,11-14-2025,E-08-Street Walkers,3,1,0,50.0,E,18,22,0,8.0,Fall,7
2497,11-14-2025,E-04-Super Smash Hoes,3,1,0,52.0,E,17,23,0,-14.0,Fall,8
2498,11-14-2025,E-07-Ms. Pac Man,3,1,0,48.0,E,13,27,0,-4.0,Fall,9
2499,11-21-2025,E-09-Sonic The Edgedhogs,0,2,2,0.0,E,28,14,2,119.0,Fall,1
2500,11-21-2025,E-01-Assassins Cream,4,0,0,0.0,E,26,18,0,-27.0,Fall,2
2501,11-21-2025,E-03-Donkey Schlong,0,4,0,0.0,E,21,21,2,14.0,Fall,3
2502,11-21-2025,E-04-Super Smash Hoes,4,0,0,5.0,E,21,23,0,-9.0,Fall,4
2503,11-21-2025,E-06-Call of Booty: Block Ops,0,0,4,0.0,E,20,18,6,13.0,Fall,5
2504,11-21-2025,E-02-Mortal Cumbat,0,0,4,0.0,E,20,20,4,26.0,Fall,6
2505,11-21-2025,E-08-Street Walkers,2,2,0,-5.0,E,20,24,0,3.0,Fall,7
2506,11-21-2025,E-05-Nintendo 69,0,2,2,0.0,E,19,23,2,-135.0,Fall,8
2507,11-21-2025,E-07-Ms. Pac Man,0,0,4,0.0,E,13,27,4,-4.0,Fall,9
2508,08-22-2025,I-05 Sugar Rush,4,0,0,55.0,I,4,0,0,55.0,Fall,1
2509,08-22-2025,I-08 Fudge Force,4,0,0,39.0,I,4,0,0,39.0,Fall,2
2510,08-22-2025,I-07 Sour Patch Aces,3,1,0,21.0,I,3,1,0,21.0,Fall,3
2511,08-22-2025,I-04 Pelon PelonetAss,3,1,0,21.0,I,3,1,0,21.0,Fall,4
2512,08-22-2025,I-09 Sour Pass Kids,3,1,0,4.0,I,3,1,0,4.0,Fall,5
2513,08-22-2025,I-01 Sugar Spikers,2,2,0,4.0,I,2,2,0,4.0,Fall,6
2514,08-22-2025,I-03 Volleypops,2,2,0,1.0,I,2,2,0,1.0,Fall,7
2515,08-22-2025,I-06 Candy Crushers,2,2,0,-15.0,I,2,2,0,-15.0,Fall,8
2516,08-22-2025,I-11 Gummy Bear Spikers,1,3,0,-22.0,I,1,3,0,-22.0,Fall,9
2517,08-22-2025,I-02 Spike Tarts,0,4,0,-25.0,I,0,4,0,-25.0,Fall,10
2518,08-22-2025,I-10 Volley Ranchers,0,4,0,-40.0,I,0,4,0,-40.0,Fall,11
2519,08-22-2025,I-12 Gummy Humpers,0,4,0,-43.0,I,0,4,0,-43.0,Fall,12
2520,09-05-2025,I-05 Sugar Rush,3,1,0,27.0,I,7,1,0,82.0,Fall,1
2521,09-05-2025,I-08 Fudge Force,3,1,0,23.0,I,7,1,0,62.0,Fall,2
2522,09-05-2025,I-09 Sour Pass Kids,3,1,0,14.0,I,6,2,0,18.0,Fall,3
2523,09-05-2025,I-03 Volleypops,3,1,0,16.0,I,5,3,0,17.0,Fall,4
2524,09-05-2025,I-04 Pelon PelonetAss,2,2,0,-14.0,I,5,3,0,7.0,Fall,5
2525,09-05-2025,I-07 Sour Patch Aces,1,3,0,-7.0,I,4,4,0,14.0,Fall,6
2526,09-05-2025,I-01 Sugar Spikers,2,2,0,5.0,I,4,4,0,9.0,Fall,7
2527,09-05-2025,I-06 Candy Crushers,2,2,0,9.0,I,4,4,0,-6.0,Fall,8
2528,09-05-2025,I-11 Gummy Bear Spikers,2,1,1,-1.0,I,3,4,1,-23.0,Fall,9
2529,09-05-2025,I-12 Gummy Humpers,2,2,0,-7.0,I,2,6,0,-50.0,Fall,10
2530,09-05-2025,I-10 Volley Ranchers,0,3,1,-22.0,I,0,7,1,-62.0,Fall,11
2531,09-05-2025,I-02 Spike Tarts,0,4,0,-43.0,I,0,8,0,-68.0,Fall,12
2532,09-12-2025,I-05 Sugar Rush,3,0,1,18.0,I,10,1,1,100.0,Fall,1
2533,09-12-2025,I-08 Fudge Force,2,2,0,1.0,I,9,3,0,63.0,Fall,2
2534,09-12-2025,I-09 Sour Pass Kids,3,1,0,23.0,I,9,3,0,41.0,Fall,3
2535,09-12-2025,I-04 Pelon PelonetAss,4,0,0,23.0,I,9,3,0,30.0,Fall,4
2536,09-12-2025,I-01 Sugar Spikers,3,1,0,11.0,I,7,5,0,20.0,Fall,5
2537,09-12-2025,I-07 Sour Patch Aces,2,2,0,-4.0,I,6,6,0,10.0,Fall,6
2538,09-12-2025,I-06 Candy Crushers,1,2,1,-6.0,I,5,6,1,-12.0,Fall,7
2539,09-12-2025,I-03 Volleypops,0,4,0,-24.0,I,5,7,0,-7.0,Fall,8
2540,09-12-2025,I-10 Volley Ranchers,3,1,0,17.0,I,3,8,1,-45.0,Fall,9
2541,09-12-2025,I-11 Gummy Bear Spikers,0,4,0,-34.0,I,3,8,1,-57.0,Fall,10
2542,09-12-2025,I-12 Gummy Humpers,1,3,0,-12.0,I,3,9,0,-62.0,Fall,11
2543,09-12-2025,I-02 Spike Tarts,1,3,0,-13.0,I,1,11,0,-81.0,Fall,12
2544,09-19-2025,I-05 Sugar Rush,4,0,0,35.0,I,14,1,1,135.0,Fall,1
2545,09-19-2025,I-08 Fudge Force,4,0,0,36.0,I,13,3,0,99.0,Fall,2
2546,09-19-2025,I-04 Pelon PelonetAss,4,0,0,33.0,I,13,3,0,63.0,Fall,3
2547,09-19-2025,I-09 Sour Pass Kids,3,0,1,25.0,I,12,3,1,66.0,Fall,4
2548,09-19-2025,I-01 Sugar Spikers,1,3,0,-6.0,I,8,8,0,14.0,Fall,5
2549,09-19-2025,I-03 Volleypops,2,1,1,18.0,I,7,8,1,11.0,Fall,6
2550,09-19-2025,I-06 Candy Crushers,2,2,0,13.0,I,7,8,1,1.0,Fall,7
2551,09-19-2025,I-07 Sour Patch Aces,1,3,0,-29.0,I,7,9,0,-19.0,Fall,8
2552,09-19-2025,I-11 Gummy Bear Spikers,1,3,0,-23.0,I,4,11,1,-80.0,Fall,9
2553,09-19-2025,I-12 Gummy Humpers,1,3,0,-10.0,I,4,12,0,-72.0,Fall,10
2554,09-19-2025,I-10 Volley Ranchers,0,4,0,-43.0,I,3,12,1,-88.0,Fall,11
2555,09-19-2025,I-02 Spike Tarts,0,4,0,-49.0,I,1,15,0,-130.0,Fall,12
2556,09-26-2025,I-05 Sugar Rush,4,0,0,28.0,I,18,1,1,163.0,Fall,1
2557,09-26-2025,I-08 Fudge Force,4,0,0,43.0,I,17,3,0,142.0,Fall,2
2558,09-26-2025,I-04 Pelon PelonetAss,2,2,0,-4.0,I,15,5,0,59.0,Fall,3
2559,09-26-2025,I-09 Sour Pass Kids,2,2,0,-4.0,I,14,5,1,62.0,Fall,4
2560,09-26-2025,I-01 Sugar Spikers,3,0,1,29.0,I,11,8,1,43.0,Fall,5
2561,09-26-2025,I-06 Candy Crushers,3,1,0,26.0,I,10,9,1,27.0,Fall,6
2562,09-26-2025,I-03 Volleypops,1,3,0,-17.0,I,8,11,1,-6.0,Fall,7
2563,09-26-2025,I-07 Sour Patch Aces,0,4,0,-39.0,I,7,13,0,-58.0,Fall,8
2564,09-26-2025,I-12 Gummy Humpers,2,2,0,-9.0,I,6,14,0,-81.0,Fall,9
2565,09-26-2025,I-11 Gummy Bear Spikers,1,2,1,3.0,I,5,13,2,-77.0,Fall,10
2566,09-26-2025,I-10 Volley Ranchers,0,4,0,-24.0,I,3,16,1,-112.0,Fall,11
2567,09-26-2025,I-02 Spike Tarts,1,3,0,-32.0,I,2,18,0,-162.0,Fall,12
2568,10-10-2025,I-05 Sugar Rush,3,1,0,22.0,I,21,2,1,185.0,Fall,1
2569,10-10-2025,I-08 Fudge Force,4,0,0,49.0,I,21,3,0,191.0,Fall,2
2570,10-10-2025,I-04 Pelon PelonetAss,2,2,0,7.0,I,17,7,0,66.0,Fall,3
2571,10-10-2025,I-09 Sour Pass Kids,2,2,0,13.0,I,16,7,1,75.0,Fall,4
2572,10-10-2025,I-01 Sugar Spikers,4,0,0,28.0,I,15,8,1,71.0,Fall,5
2573,10-10-2025,I-03 Volleypops,3,1,0,10.0,I,11,12,1,4.0,Fall,6
2574,10-10-2025,I-06 Candy Crushers,0,4,0,-42.0,I,10,13,1,-15.0,Fall,7
2575,10-10-2025,I-07 Sour Patch Aces,1,3,0,-17.0,I,8,16,0,-75.0,Fall,8
2576,10-10-2025,I-12 Gummy Humpers,2,2,0,3.0,I,8,16,0,-78.0,Fall,9
2577,10-10-2025,I-11 Gummy Bear Spikers,2,2,0,-7.0,I,7,15,2,-84.0,Fall,10
2578,10-10-2025,I-10 Volley Ranchers,0,4,0,-31.0,I,3,20,1,-143.0,Fall,11
2579,10-10-2025,I-02 Spike Tarts,1,3,0,-35.0,I,3,21,0,-197.0,Fall,12
2580,10-17-2025,I-08 Fudge Force,3,1,0,13.0,I,24,4,0,204.0,Fall,1
2581,10-17-2025,I-05 Sugar Rush,1,3,0,-11.0,I,22,5,1,174.0,Fall,2
2582,10-17-2025,I-09 Sour Pass Kids,4,0,0,13.0,I,20,7,1,88.0,Fall,3
2583,10-17-2025,I-04 Pelon PelonetAss,2,1,1,-2.0,I,19,8,1,64.0,Fall,4
2584,10-17-2025,I-01 Sugar Spikers,2,2,0,-2.0,I,17,10,1,69.0,Fall,5
2585,10-17-2025,I-03 Volleypops,2,2,0,3.0,I,13,14,1,7.0,Fall,6
2586,10-17-2025,I-12 Gummy Humpers,3,1,0,18.0,I,11,17,0,-60.0,Fall,7
2587,10-17-2025,I-11 Gummy Bear Spikers,3,1,0,24.0,I,10,16,2,-60.0,Fall,8
2588,10-17-2025,I-06 Candy Crushers,0,4,0,-16.0,I,10,17,1,-31.0,Fall,9
2589,10-17-2025,I-07 Sour Patch Aces,1,3,0,-12.0,I,9,19,0,-87.0,Fall,10
2590,10-17-2025,I-02 Spike Tarts,2,2,0,-6.0,I,5,23,0,-203.0,Fall,11
2591,10-17-2025,I-10 Volley Ranchers,0,3,1,-22.0,I,3,23,2,-165.0,Fall,12
2592,10-24-2025,I-08 Fudge Force,4,0,0,36.0,I,28,4,0,240.0,Fall,1
2593,10-24-2025,I-05 Sugar Rush,4,0,0,23.0,I,26,5,1,197.0,Fall,2
2594,10-24-2025,I-09 Sour Pass Kids,4,0,0,41.0,I,24,7,1,129.0,Fall,3
2595,10-24-2025,I-01 Sugar Spikers,4,0,0,33.0,I,21,10,1,102.0,Fall,4
2596,10-24-2025,I-04 Pelon PelonetAss,2,2,0,19.0,I,21,10,1,83.0,Fall,5
2597,10-24-2025,I-03 Volleypops,2,2,0,14.0,I,15,16,1,21.0,Fall,6
2598,10-24-2025,I-12 Gummy Humpers,2,2,0,-1.0,I,13,19,0,-61.0,Fall,7
2599,10-24-2025,I-06 Candy Crushers,2,2,0,10.0,I,12,19,1,-21.0,Fall,8
2600,10-24-2025,I-11 Gummy Bear Spikers,0,4,0,-37.0,I,10,20,2,-97.0,Fall,9
2601,10-24-2025,I-07 Sour Patch Aces,0,4,0,-43.0,I,9,23,0,-130.0,Fall,10
2602,10-24-2025,I-02 Spike Tarts,0,4,0,-55.0,I,5,27,0,-258.0,Fall,11
2603,10-24-2025,I-10 Volley Ranchers,0,4,0,-40.0,I,3,27,2,-205.0,Fall,12
2604,11-07-2025,I-08 Fudge Force,4,0,0,37.0,I,32,4,0,277.0,Fall,1
2605,11-07-2025,I-05 Sugar Rush,2,2,0,-11.0,I,28,7,1,186.0,Fall,2
2606,11-07-2025,I-09 Sour Pass Kids,4,0,0,43.0,I,28,7,1,172.0,Fall,3
2607,11-07-2025,I-04 Pelon PelonetAss,4,0,0,32.0,I,25,10,1,115.0,Fall,4
2608,11-07-2025,I-01 Sugar Spikers,3,1,0,17.0,I,24,11,1,119.0,Fall,5
2609,11-07-2025,I-03 Volleypops,2,2,0,8.0,I,17,18,1,29.0,Fall,6
2610,11-07-2025,I-06 Candy Crushers,1,3,0,-19.0,I,13,22,1,-40.0,Fall,7
2611,11-07-2025,I-12 Gummy Humpers,0,4,0,-21.0,I,13,23,0,-82.0,Fall,8
2612,11-07-2025,I-11 Gummy Bear Spikers,1,3,0,-24.0,I,11,23,2,-121.0,Fall,9
2613,11-07-2025,I-07 Sour Patch Aces,0,4,0,-27.0,I,9,27,0,-157.0,Fall,10
2614,11-07-2025,I-02 Spike Tarts,1,3,0,-25.0,I,6,30,0,-283.0,Fall,11
2615,11-07-2025,I-10 Volley Ranchers,2,2,0,-10.0,I,5,29,2,-215.0,Fall,12
2616,11-14-2025,I-08 Fudge Force,3,1,0,5.0,I,35,5,0,282.0,Fall,1
2617,11-14-2025,I-05 Sugar Rush,4,0,0,23.0,I,32,7,1,209.0,Fall,2
2618,11-14-2025,I-09 Sour Pass Kids,2,2,0,5.0,I,30,9,1,177.0,Fall,3
2619,11-14-2025,I-01 Sugar Spikers,3,1,0,3.0,I,27,12,1,122.0,Fall,4
2620,11-14-2025,I-04 Pelon PelonetAss,1,3,0,-8.0,I,26,13,1,107.0,Fall,5
2621,11-14-2025,I-03 Volleypops,2,2,0,1.0,I,19,20,1,30.0,Fall,6
2622,11-14-2025,I-06 Candy Crushers,3,1,0,33.0,I,16,23,1,-7.0,Fall,7
2623,11-14-2025,I-12 Gummy Humpers,1,3,0,-6.0,I,14,26,0,-88.0,Fall,8
2624,11-14-2025,I-11 Gummy Bear Spikers,1,3,0,-4.0,I,12,26,2,-125.0,Fall,9
2625,11-14-2025,I-07 Sour Patch Aces,1,3,0,-19.0,I,10,30,0,-176.0,Fall,10
2626,11-14-2025,I-10 Volley Ranchers,2,2,0,-15.0,I,7,31,2,-230.0,Fall,11
2627,11-14-2025,I-02 Spike Tarts,1,3,0,-18.0,I,7,33,0,-301.0,Fall,12
2628,11-21-2025,I-08 Fudge Force,3,1,0,8.0,I,38,6,0,290.0,Fall,1
2629,11-21-2025,I-09 Sour Pass Kids,3,1,0,18.0,I,33,10,1,195.0,Fall,2
2630,11-21-2025,I-05 Sugar Rush,0,4,0,-26.0,I,32,11,1,183.0,Fall,3
2631,11-21-2025,I-01 Sugar Spikers,2,2,0,-4.0,I,29,14,1,118.0,Fall,4
2632,11-21-2025,I-04 Pelon PelonetAss,3,1,0,4.0,I,29,14,1,111.0,Fall,5
2633,11-21-2025,I-03 Volleypops,3,1,0,13.0,I,22,21,1,43.0,Fall,6
2634,11-21-2025,I-06 Candy Crushers,1,3,0,-8.0,I,17,26,1,-15.0,Fall,7
2635,11-21-2025,I-12 Gummy Humpers,3,1,0,0.0,I,17,27,0,-88.0,Fall,8
2636,11-21-2025,I-11 Gummy Bear Spikers,2,2,0,9.0,I,14,28,2,-116.0,Fall,9
2637,11-21-2025,I-07 Sour Patch Aces,2,2,0,4.0,I,12,32,0,-172.0,Fall,10
2638,11-21-2025,I-10 Volley Ranchers,1,3,0,-9.0,I,8,34,2,-239.0,Fall,11
2639,11-21-2025,I-02 Spike Tarts,1,3,0,-9.0,I,8,36,0,-310.0,Fall,12
2640,08-22-2025,P-09 Taste My Rainbow,4,0,0,19.0,P,4,0,0,19.0,Fall,1
2641,08-22-2025,P-05 Jaw Breakers,3,1,0,21.0,P,3,1,0,21.0,Fall,2
2642,08-22-2025,P-01 Pop rocks cock blocks,3,1,0,14.0,P,3,1,0,14.0,Fall,3
2643,08-22-2025,P-03 Blows Pop,2,2,0,13.0,P,2,2,0,13.0,Fall,4
2644,08-22-2025,P-06 Hot Ta-Mamas!,2,2,0,8.0,P,2,2,0,8.0,Fall,5
2645,08-22-2025,P-08 Nutty Buddies,1,3,0,-8.0,P,1,3,0,-8.0,Fall,6
2646,08-22-2025,P-07 Reese’s Pieces (of ass),1,3,0,-11.0,P,1,3,0,-11.0,Fall,7
2647,08-22-2025,P-02 Spikes and Ike’s,1,3,0,-27.0,P,1,3,0,-27.0,Fall,8
2648,08-22-2025,P-04 The SnM’s,1,3,0,-29.0,P,1,3,0,-29.0,Fall,9
2649,09-05-2025,P-01 Pop rocks cock blocks,4,0,0,18.0,P,7,1,0,32.0,Fall,1
2650,09-05-2025,P-03 Blows Pop,4,0,0,32.0,P,6,2,0,45.0,Fall,2
2651,09-05-2025,P-09 Taste My Rainbow,2,2,0,5.0,P,6,2,0,24.0,Fall,3
2652,09-05-2025,P-05 Jaw Breakers,1,3,0,-15.0,P,4,4,0,6.0,Fall,4
2653,09-05-2025,P-08 Nutty Buddies,3,1,0,7.0,P,4,4,0,-1.0,Fall,5
2654,09-05-2025,P-07 Reese’s Pieces (of ass),2,2,0,-2.0,P,3,5,0,-13.0,Fall,6
2655,09-05-2025,P-02 Spikes and Ike’s,2,2,0,8.0,P,3,5,0,-19.0,Fall,7
2656,09-05-2025,P-06 Hot Ta-Mamas!,0,4,0,-37.0,P,2,6,0,-29.0,Fall,8
2657,09-05-2025,P-04 The SnM’s,0,4,0,-16.0,P,1,7,0,-45.0,Fall,9
2658,09-12-2025,P-01 Pop rocks cock blocks,3,1,0,18.0,P,10,2,0,50.0,Fall,1
2659,09-12-2025,P-09 Taste My Rainbow,3,1,0,19.0,P,9,3,0,43.0,Fall,2
2660,09-12-2025,P-03 Blows Pop,2,2,0,-3.0,P,8,4,0,42.0,Fall,3
2661,09-12-2025,P-08 Nutty Buddies,3,1,0,15.0,P,7,5,0,14.0,Fall,4
2662,09-12-2025,P-07 Reese’s Pieces (of ass),2,2,0,8.0,P,5,7,0,-5.0,Fall,5
2663,09-12-2025,P-02 Spikes and Ike’s,2,2,0,-12.0,P,5,7,0,-31.0,Fall,6
2664,09-12-2025,P-06 Hot Ta-Mamas!,2,2,0,4.0,P,4,8,0,-25.0,Fall,7
2665,09-12-2025,P-05 Jaw Breakers,0,4,0,-37.0,P,4,8,0,-31.0,Fall,8
2666,09-12-2025,P-04 The SnM’s,1,3,0,-12.0,P,2,10,0,-57.0,Fall,9
2667,09-19-2025,P-01 Pop rocks cock blocks,4,0,0,31.0,P,14,2,0,81.0,Fall,1
2668,09-19-2025,P-09 Taste My Rainbow,3,1,0,19.0,P,12,4,0,62.0,Fall,2
2669,09-19-2025,P-03 Blows Pop,1,3,0,-10.0,P,9,7,0,32.0,Fall,3
2670,09-19-2025,P-05 Jaw Breakers,4,0,0,32.0,P,8,8,0,1.0,Fall,4
2671,09-19-2025,P-08 Nutty Buddies,1,3,0,-19.0,P,8,8,0,-5.0,Fall,5
2672,09-19-2025,P-02 Spikes and Ike’s,3,1,0,9.0,P,8,8,0,-22.0,Fall,6
2673,09-19-2025,P-07 Reese’s Pieces (of ass),1,3,0,-22.0,P,6,10,0,-27.0,Fall,7
2674,09-19-2025,P-06 Hot Ta-Mamas!,1,3,0,-12.0,P,5,11,0,-37.0,Fall,8
2675,09-19-2025,P-04 The SnM’s,0,4,0,-28.0,P,2,14,0,-85.0,Fall,9
2676,09-26-2025,P-01 Pop rocks cock blocks,2,2,0,2.0,P,16,4,0,83.0,Fall,1
2677,09-26-2025,P-09 Taste My Rainbow,3,1,0,14.0,P,15,5,0,76.0,Fall,2
2678,09-26-2025,P-03 Blows Pop,3,1,0,14.0,P,12,8,0,46.0,Fall,3
2679,09-26-2025,P-05 Jaw Breakers,4,0,0,36.0,P,12,8,0,37.0,Fall,4
2680,09-26-2025,P-08 Nutty Buddies,2,2,0,9.0,P,10,10,0,4.0,Fall,5
2681,09-26-2025,P-02 Spikes and Ike’s,1,3,0,-16.0,P,9,11,0,-38.0,Fall,6
2682,09-26-2025,P-07 Reese’s Pieces (of ass),1,3,0,-23.0,P,7,13,0,-50.0,Fall,7
2683,09-26-2025,P-06 Hot Ta-Mamas!,0,4,0,-44.0,P,5,15,0,-81.0,Fall,8
2684,09-26-2025,P-04 The SnM’s,2,2,0,8.0,P,4,16,0,-77.0,Fall,9
2685,10-10-2025,P-01 Pop rocks cock blocks,4,0,0,21.0,P,20,4,0,104.0,Fall,1
2686,10-10-2025,P-09 Taste My Rainbow,4,0,0,25.0,P,19,5,0,101.0,Fall,2
2687,10-10-2025,P-03 Blows Pop,2,2,0,18.0,P,14,10,0,64.0,Fall,3
2688,10-10-2025,P-05 Jaw Breakers,1,2,1,-9.0,P,13,10,1,28.0,Fall,4
2689,10-10-2025,P-02 Spikes and Ike’s,4,0,0,35.0,P,13,11,0,-3.0,Fall,5
2690,10-10-2025,P-08 Nutty Buddies,0,3,1,-26.0,P,10,13,1,-22.0,Fall,6
2691,10-10-2025,P-07 Reese’s Pieces (of ass),0,4,0,-19.0,P,7,17,0,-69.0,Fall,7
2692,10-10-2025,P-04 The SnM’s,2,2,0,-2.0,P,6,18,0,-79.0,Fall,8
2693,10-10-2025,P-06 Hot Ta-Mamas!,0,4,0,-43.0,P,5,19,0,-124.0,Fall,9
2694,10-17-2025,P-09 Taste My Rainbow,3,0,1,17.0,P,22,5,1,118.0,Fall,1
2695,10-17-2025,P-01 Pop rocks cock blocks,2,1,1,13.0,P,22,5,1,117.0,Fall,2
2696,10-17-2025,P-03 Blows Pop,3,1,0,8.0,P,17,11,0,72.0,Fall,3
2697,10-17-2025,P-02 Spikes and Ike’s,2,2,0,17.0,P,15,13,0,14.0,Fall,4
2698,10-17-2025,P-05 Jaw Breakers,0,4,0,-30.0,P,13,14,1,-2.0,Fall,5
2699,10-17-2025,P-08 Nutty Buddies,3,1,0,14.0,P,13,14,1,-8.0,Fall,6
2700,10-17-2025,P-07 Reese’s Pieces (of ass),3,1,0,15.0,P,10,18,0,-54.0,Fall,7
2701,10-17-2025,P-04 The SnM’s,0,4,0,-22.0,P,6,22,0,-101.0,Fall,8
2702,10-17-2025,P-06 Hot Ta-Mamas!,1,3,0,-32.0,P,6,22,0,-156.0,Fall,9
2703,10-24-2025,P-01 Pop rocks cock blocks,3,1,0,19.0,P,25,6,1,136.0,Fall,1
2704,10-24-2025,P-09 Taste My Rainbow,2,2,0,-3.0,P,24,7,1,115.0,Fall,2
2705,10-24-2025,P-03 Blows Pop,2,2,0,-8.0,P,19,13,0,64.0,Fall,3
2706,10-24-2025,P-02 Spikes and Ike’s,2,2,0,-1.0,P,17,15,0,13.0,Fall,4
2707,10-24-2025,P-05 Jaw Breakers,3,1,0,16.0,P,16,15,1,14.0,Fall,5
2708,10-24-2025,P-08 Nutty Buddies,3,1,0,3.0,P,16,15,1,-5.0,Fall,6
2709,10-24-2025,P-07 Reese’s Pieces (of ass),1,3,0,-8.0,P,11,21,0,-62.0,Fall,7
2710,10-24-2025,P-04 The SnM’s,2,2,0,4.0,P,8,24,0,-97.0,Fall,8
2711,10-24-2025,P-06 Hot Ta-Mamas!,0,4,0,-22.0,P,6,26,0,-178.0,Fall,9
2712,11-07-2025,P-01 Pop rocks cock blocks,3,1,0,27.0,P,28,7,1,163.0,Fall,1
2713,11-07-2025,P-09 Taste My Rainbow,2,2,0,-6.0,P,26,9,1,109.0,Fall,2
2714,11-07-2025,P-03 Blows Pop,3,1,0,4.0,P,22,14,0,68.0,Fall,3
2715,11-07-2025,P-05 Jaw Breakers,4,0,0,51.0,P,20,15,1,65.0,Fall,4
2716,11-07-2025,P-08 Nutty Buddies,1,3,0,-3.0,P,17,18,1,-8.0,Fall,5
2717,11-07-2025,P-02 Spikes and Ike’s,0,4,0,-31.0,P,17,19,0,-18.0,Fall,6
2718,11-07-2025,P-07 Reese’s Pieces (of ass),3,1,0,9.0,P,14,22,0,-53.0,Fall,7
2719,11-07-2025,P-04 The SnM’s,1,2,1,-18.0,P,9,26,1,-115.0,Fall,8
2720,11-07-2025,P-06 Hot Ta-Mamas!,0,3,1,-33.0,P,6,29,1,-211.0,Fall,9
2721,11-14-2025,P-01 Pop rocks cock blocks,4,0,0,17.0,P,32,7,1,180.0,Fall,1
2722,11-14-2025,P-09 Taste My Rainbow,2,2,0,2.0,P,28,11,1,111.0,Fall,2
2723,11-14-2025,P-03 Blows Pop,3,1,0,17.0,P,25,15,0,85.0,Fall,3
2724,11-14-2025,P-05 Jaw Breakers,3,0,1,22.0,P,23,15,2,87.0,Fall,4
2725,11-14-2025,P-08 Nutty Buddies,1,2,1,-5.0,P,18,20,2,-13.0,Fall,5
2726,11-14-2025,P-02 Spikes and Ike’s,1,3,0,-17.0,P,18,22,0,-35.0,Fall,6
2727,11-14-2025,P-07 Reese’s Pieces (of ass),1,3,0,-8.0,P,15,25,0,-61.0,Fall,7
2728,11-14-2025,P-04 The SnM’s,1,3,0,-9.0,P,10,29,1,-124.0,Fall,8
2729,11-14-2025,P-06 Hot Ta-Mamas!,1,3,0,-19.0,P,7,32,1,-230.0,Fall,9
2730,11-21-2025,P-01 Pop rocks cock blocks,3,1,0,6.0,P,35,8,1,186.0,Fall,1
2731,11-21-2025,P-03 Blows Pop,4,0,0,28.0,P,29,15,0,113.0,Fall,2
2732,11-21-2025,P-09 Taste My Rainbow,0,4,0,-31.0,P,28,15,1,80.0,Fall,3
2733,11-21-2025,P-05 Jaw Breakers,3,1,0,25.0,P,26,16,2,112.0,Fall,4
2734,11-21-2025,P-08 Nutty Buddies,1,3,0,-7.0,P,19,23,2,-20.0,Fall,5
2735,11-21-2025,P-02 Spikes and Ike’s,0,0,4,0.0,P,18,22,4,-35.0,Fall,6
2736,11-21-2025,P-07 Reese’s Pieces (of ass),0,0,4,0.0,P,15,25,4,-61.0,Fall,7
2737,11-21-2025,P-04 The SnM’s,1,3,0,-21.0,P,11,32,1,-145.0,Fall,8
2738,11-21-2025,P-06 Hot Ta-Mamas!,0,0,4,0.0,P,7,32,5,-230.0,Fall,9
2739,08-22-2025,R-02 Guardians of The Net,4,0,0,31.0,R,4,0,0,31.0,Fall,1
2740,08-22-2025,R-03 Thunderballz,3,1,0,22.0,R,3,1,0,22.0,Fall,2
2741,08-22-2025,R-06 Spike Men: Days of the Slay Past,3,1,0,8.0,R,3,1,0,8.0,Fall,3
2742,08-22-2025,R-05 The PowerPass Girls,2,2,0,-10.0,R,2,2,0,-10.0,Fall,4
2743,08-22-2025,R-04 Spiketastic Seven,0,4,0,-21.0,R,0,4,0,-21.0,Fall,5
2744,08-22-2025,R-01 Hulk-Smash,0,4,0,-30.0,R,0,4,0,-30.0,Fall,6
2745,09-05-2025,R-02 Guardians of The Net,3,1,0,17.0,R,7,1,0,48.0,Fall,1
2746,09-05-2025,R-03 Thunderballz,3,1,0,7.0,R,6,2,0,29.0,Fall,2
2747,09-05-2025,R-06 Spike Men: Days of the Slay Past,0,4,0,-24.0,R,3,5,0,-16.0,Fall,3
2748,09-05-2025,R-01 Hulk-Smash,3,1,0,6.0,R,3,5,0,-24.0,Fall,4
2749,09-05-2025,R-05 The PowerPass Girls,1,3,0,-26.0,R,3,5,0,-36.0,Fall,5
2750,09-05-2025,R-04 Spiketastic Seven,2,2,0,20.0,R,2,6,0,-1.0,Fall,6
2751,09-12-2025,R-02 Guardians of The Net,3,1,0,13.0,R,10,2,0,61.0,Fall,1
2752,09-12-2025,R-03 Thunderballz,4,0,0,16.0,R,10,2,0,45.0,Fall,2
2753,09-12-2025,R-06 Spike Men: Days of the Slay Past,2,2,0,-3.0,R,5,7,0,-19.0,Fall,3
2754,09-12-2025,R-01 Hulk-Smash,1,3,0,-12.0,R,4,8,0,-36.0,Fall,4
2755,09-12-2025,R-05 The PowerPass Girls,1,3,0,-10.0,R,4,8,0,-46.0,Fall,5
2756,09-12-2025,R-04 Spiketastic Seven,1,3,0,-4.0,R,3,9,0,-5.0,Fall,6
2757,09-19-2025,R-02 Guardians of The Net,4,0,0,25.0,R,14,2,0,86.0,Fall,1
2758,09-19-2025,R-03 Thunderballz,3,0,1,22.0,R,13,2,1,67.0,Fall,2
2759,09-19-2025,R-06 Spike Men: Days of the Slay Past,2,1,1,8.0,R,7,8,1,-11.0,Fall,3
2760,09-19-2025,R-05 The PowerPass Girls,2,2,0,0.0,R,6,10,0,-46.0,Fall,4
2761,09-19-2025,R-01 Hulk-Smash,0,4,0,-30.0,R,4,12,0,-66.0,Fall,5
2762,09-19-2025,R-04 Spiketastic Seven,0,4,0,-25.0,R,3,13,0,-30.0,Fall,6
2763,09-26-2025,R-02 Guardians of The Net,3,1,0,12.0,R,17,3,0,98.0,Fall,1
2764,09-26-2025,R-03 Thunderballz,3,1,0,23.0,R,16,3,1,90.0,Fall,2
2765,09-26-2025,R-06 Spike Men: Days of the Slay Past,3,1,0,7.0,R,10,9,1,-4.0,Fall,3
2766,09-26-2025,R-05 The PowerPass Girls,1,3,0,-3.0,R,7,13,0,-49.0,Fall,4
2767,09-26-2025,R-01 Hulk-Smash,2,2,0,-4.0,R,6,14,0,-70.0,Fall,5
2768,09-26-2025,R-04 Spiketastic Seven,0,4,0,-35.0,R,3,17,0,-65.0,Fall,6
2769,10-10-2025,R-03 Thunderballz,4,0,0,34.0,R,20,3,1,124.0,Fall,1
2770,10-10-2025,R-02 Guardians of The Net,2,2,0,-8.0,R,19,5,0,90.0,Fall,2
2771,10-10-2025,R-06 Spike Men: Days of the Slay Past,1,3,0,-8.0,R,11,12,1,-12.0,Fall,3
2772,10-10-2025,R-05 The PowerPass Girls,3,1,0,16.0,R,10,14,0,-33.0,Fall,4
2773,10-10-2025,R-01 Hulk-Smash,1,3,0,-6.0,R,7,17,0,-76.0,Fall,5
2774,10-10-2025,R-04 Spiketastic Seven,1,3,0,-28.0,R,4,20,0,-93.0,Fall,6
2775,10-17-2025,R-03 Thunderballz,3,1,0,17.0,R,23,4,1,141.0,Fall,1
2776,10-17-2025,R-02 Guardians of The Net,4,0,0,35.0,R,23,5,0,125.0,Fall,2
2777,10-17-2025,R-06 Spike Men: Days of the Slay Past,2,2,0,-1.0,R,13,14,1,-13.0,Fall,3
2778,10-17-2025,R-05 The PowerPass Girls,0,4,0,-30.0,R,10,18,0,-63.0,Fall,4
2779,10-17-2025,R-01 Hulk-Smash,1,3,0,-16.0,R,8,20,0,-92.0,Fall,5
2780,10-17-2025,R-04 Spiketastic Seven,2,2,0,-5.0,R,6,22,0,-98.0,Fall,6
2781,10-24-2025,R-03 Thunderballz,4,0,0,17.0,R,27,4,1,158.0,Fall,1
2782,10-24-2025,R-02 Guardians of The Net,2,2,0,12.0,R,25,7,0,137.0,Fall,2
2783,10-24-2025,R-06 Spike Men: Days of the Slay Past,2,2,0,-3.0,R,15,16,1,-16.0,Fall,3
2784,10-24-2025,R-05 The PowerPass Girls,2,2,0,3.0,R,12,20,0,-60.0,Fall,4
2785,10-24-2025,R-01 Hulk-Smash,2,2,0,0.0,R,10,22,0,-92.0,Fall,5
2786,10-24-2025,R-04 Spiketastic Seven,0,4,0,-29.0,R,6,26,0,-127.0,Fall,6
2787,11-07-2025,R-03 Thunderballz,4,0,0,43.0,R,31,4,1,201.0,Fall,1
2788,11-07-2025,R-02 Guardians of The Net,1,3,0,-12.0,R,26,10,0,125.0,Fall,2
2789,11-07-2025,R-06 Spike Men: Days of the Slay Past,1,3,0,-31.0,R,16,19,1,-47.0,Fall,3
2790,11-07-2025,R-05 The PowerPass Girls,3,1,0,23.0,R,15,21,0,-37.0,Fall,4
2791,11-07-2025,R-01 Hulk-Smash,1,3,0,-18.0,R,11,25,0,-110.0,Fall,5
2792,11-07-2025,R-04 Spiketastic Seven,2,2,0,-5.0,R,8,28,0,-132.0,Fall,6
2793,11-14-2025,R-03 Thunderballz,3,1,0,-6.0,R,34,5,1,195.0,Fall,1
2794,11-14-2025,R-02 Guardians of The Net,3,1,0,20.0,R,29,11,0,145.0,Fall,2
2795,11-14-2025,R-05 The PowerPass Girls,3,1,0,10.0,R,18,22,0,-27.0,Fall,3
2796,11-14-2025,R-06 Spike Men: Days of the Slay Past,1,3,0,-3.0,R,17,22,1,-50.0,Fall,4
2797,11-14-2025,R-01 Hulk-Smash,2,2,0,9.0,R,13,27,0,-101.0,Fall,5
2798,11-14-2025,R-04 Spiketastic Seven,0,4,0,-30.0,R,8,32,0,-162.0,Fall,6
2799,11-21-2025,R-03 Thunderballz,2,2,0,-11.0,R,36,7,1,184.0,Fall,1
2800,11-21-2025,R-02 Guardians of The Net,4,0,0,31.0,R,33,11,0,176.0,Fall,2
2801,11-21-2025,R-06 Spike Men: Days of the Slay Past,4,0,0,17.0,R,21,22,1,-33.0,Fall,3
2802,11-21-2025,R-05 The PowerPass Girls,0,4,0,-20.0,R,18,26,0,-47.0,Fall,4
2803,11-21-2025,R-01 Hulk-Smash,0,4,0,-15.0,R,13,31,0,-116.0,Fall,5
2804,11-21-2025,R-04 Spiketastic Seven,2,2,0,-2.0,R,10,34,0,-164.0,Fall,6
2805,08-22-2025,S-08 - Goldi-Blocks,4,0,0,39.0,S,4,0,0,39.0,Fall,1
2806,08-22-2025,S-05 - The Prince And The Passer,4,0,0,24.0,S,4,0,0,24.0,Fall,2
2807,08-22-2025,S-07 - The Blockyardigans,4,0,0,23.0,S,4,0,0,23.0,Fall,3
2808,08-22-2025,S-15 - Green Eggs & Slam,3,1,0,17.0,S,3,1,0,17.0,Fall,4
2809,08-22-2025,S-12 - Dragon Tales And Hits,3,1,0,15.0,S,3,1,0,15.0,Fall,5
2810,08-22-2025,S-11 - Bumpty Dumpty v1,3,1,0,15.0,S,3,1,0,15.0,Fall,6
2811,08-22-2025,S-01 - Duck Duck Ace,3,1,0,4.0,S,3,1,0,4.0,Fall,7
2812,08-22-2025,S-18 - Six Blind Mice,2,1,1,11.0,S,2,1,1,11.0,Fall,8
2813,08-22-2025,S-09 - Bibbidi Boppity Boom!,2,2,0,15.0,S,2,2,0,15.0,Fall,9
2814,08-22-2025,S-13 - Block A Bye Baby,2,2,0,0.0,S,2,2,0,0.0,Fall,10
2815,08-22-2025,S-14 - Slam I Am,2,2,0,-2.0,S,2,2,0,-2.0,Fall,11
2816,08-22-2025,S-16 - If You Give A Mouse A Set,2,2,0,-5.0,S,2,2,0,-5.0,Fall,12
2817,08-22-2025,S-10 - Bump-ty Dump-tys,1,3,0,-4.0,S,1,3,0,-4.0,Fall,13
2818,08-22-2025,S-06 - Twinkerbells,0,3,1,-26.0,S,0,3,1,-26.0,Fall,14
2819,08-22-2025,S-02 - Itsy Bitsy Spikers,0,4,0,-22.0,S,0,4,0,-22.0,Fall,15
2820,08-22-2025,S-17 - Horton Hits A Shoot,0,4,0,-32.0,S,0,4,0,-32.0,Fall,16
2821,08-22-2025,S-04 - Little Red Spikers,0,4,0,-34.0,S,0,4,0,-34.0,Fall,17
2822,08-22-2025,S-03 - Not The Gumdrop Aces,0,4,0,-38.0,S,0,4,0,-38.0,Fall,18
2823,09-05-2025,S-05 - The Prince And The Passer,4,0,0,26.0,S,8,0,0,50.0,Fall,1
2824,09-05-2025,S-08 - Goldi-Blocks,3,1,0,7.0,S,7,1,0,46.0,Fall,2
2825,09-05-2025,S-12 - Dragon Tales And Hits,4,0,0,25.0,S,7,1,0,40.0,Fall,3
2826,09-05-2025,S-07 - The Blockyardigans,3,1,0,4.0,S,7,1,0,27.0,Fall,4
2827,09-05-2025,S-09 - Bibbidi Boppity Boom!,3,1,0,20.0,S,5,3,0,35.0,Fall,5
2828,09-05-2025,S-15 - Green Eggs & Slam,2,2,0,9.0,S,5,3,0,26.0,Fall,6
2829,09-05-2025,S-16 - If You Give A Mouse A Set,3,1,0,2.0,S,5,3,0,-3.0,Fall,7
2830,09-05-2025,S-13 - Block A Bye Baby,2,2,0,23.0,S,4,4,0,23.0,Fall,8
2831,09-05-2025,S-01 - Duck Duck Ace,1,3,0,2.0,S,4,4,0,6.0,Fall,9
2832,09-05-2025,S-11 - Bumpty Dumpty v1,1,3,0,-13.0,S,4,4,0,2.0,Fall,10
2833,09-05-2025,S-10 - Bump-ty Dump-tys,2,2,0,4.0,S,3,5,0,0.0,Fall,11
2834,09-05-2025,S-14 - Slam I Am,1,3,0,-16.0,S,3,5,0,-18.0,Fall,12
2835,09-05-2025,S-04 - Little Red Spikers,3,1,0,12.0,S,3,5,0,-22.0,Fall,13
2836,09-05-2025,S-18 - Six Blind Mice,0,4,0,-30.0,S,2,5,1,-19.0,Fall,14
2837,09-05-2025,S-02 - Itsy Bitsy Spikers,2,2,0,11.0,S,2,6,0,-11.0,Fall,15
2838,09-05-2025,S-06 - Twinkerbells,1,3,0,-27.0,S,1,6,1,-53.0,Fall,16
2839,09-05-2025,S-03 - Not The Gumdrop Aces,1,3,0,-27.0,S,1,7,0,-65.0,Fall,17
2840,09-05-2025,S-17 - Horton Hits A Shoot,0,4,0,-32.0,S,0,8,0,-64.0,Fall,18
2841,09-12-2025,S-07 - The Blockyardigans,4,0,0,61.0,S,11,1,0,88.0,Fall,1
2842,09-12-2025,S-05 - The Prince And The Passer,2,2,0,6.0,S,10,2,0,56.0,Fall,2
2843,09-12-2025,S-08 - Goldi-Blocks,2,2,0,-7.0,S,9,3,0,39.0,Fall,3
2844,09-12-2025,S-01 - Duck Duck Ace,4,0,0,52.0,S,8,4,0,58.0,Fall,4
2845,09-12-2025,S-12 - Dragon Tales And Hits,1,3,0,1.0,S,8,4,0,41.0,Fall,5
2846,09-12-2025,S-11 - Bumpty Dumpty v1,4,0,0,23.0,S,8,4,0,25.0,Fall,6
2847,09-12-2025,S-04 - Little Red Spikers,4,0,0,20.0,S,7,5,0,-2.0,Fall,7
2848,09-12-2025,S-13 - Block A Bye Baby,2,2,0,1.0,S,6,6,0,24.0,Fall,8
2849,09-12-2025,S-02 - Itsy Bitsy Spikers,4,0,0,30.0,S,6,6,0,19.0,Fall,9
2850,09-12-2025,S-09 - Bibbidi Boppity Boom!,1,3,0,-24.0,S,6,6,0,11.0,Fall,10
2851,09-12-2025,S-15 - Green Eggs & Slam,1,3,0,-21.0,S,6,6,0,5.0,Fall,11
2852,09-12-2025,S-16 - If You Give A Mouse A Set,1,3,0,-24.0,S,6,6,0,-27.0,Fall,12
2853,09-12-2025,S-10 - Bump-ty Dump-tys,1,3,0,-9.0,S,4,8,0,-9.0,Fall,13
2854,09-12-2025,S-18 - Six Blind Mice,1,3,0,-28.0,S,3,8,1,-47.0,Fall,14
2855,09-12-2025,S-03 - Not The Gumdrop Aces,2,2,0,3.0,S,3,9,0,-62.0,Fall,15
2856,09-12-2025,S-14 - Slam I Am,0,4,0,-100.0,S,3,9,0,-118.0,Fall,16
2857,09-12-2025,S-17 - Horton Hits A Shoot,2,2,0,39.0,S,2,10,0,-25.0,Fall,17
2858,09-12-2025,S-06 - Twinkerbells,0,4,0,-23.0,S,1,10,1,-76.0,Fall,18
2859,09-19-2025,S-05 - The Prince And The Passer,3,1,0,37.0,S,13,3,0,93.0,Fall,1
2860,09-19-2025,S-07 - The Blockyardigans,2,2,0,-10.0,S,13,3,0,78.0,Fall,2
2861,09-19-2025,S-11 - Bumpty Dumpty v1,3,1,0,17.0,S,11,5,0,42.0,Fall,3
2862,09-19-2025,S-01 - Duck Duck Ace,2,2,0,8.0,S,10,6,0,66.0,Fall,4
2863,09-19-2025,S-08 - Goldi-Blocks,1,3,0,-6.0,S,10,6,0,33.0,Fall,5
2864,09-19-2025,S-16 - If You Give A Mouse A Set,4,0,0,29.0,S,10,6,0,2.0,Fall,6
2865,09-19-2025,S-12 - Dragon Tales And Hits,1,3,0,-6.0,S,9,7,0,35.0,Fall,7
2866,09-19-2025,S-09 - Bibbidi Boppity Boom!,3,1,0,14.0,S,9,7,0,25.0,Fall,8
2867,09-19-2025,S-04 - Little Red Spikers,2,2,0,-2.0,S,9,7,0,-4.0,Fall,9
2868,09-19-2025,S-02 - Itsy Bitsy Spikers,2,1,1,8.0,S,8,7,1,27.0,Fall,10
2869,09-19-2025,S-15 - Green Eggs & Slam,1,3,0,-23.0,S,7,9,0,-18.0,Fall,11
2870,09-19-2025,S-13 - Block A Bye Baby,0,3,1,-22.0,S,6,9,1,2.0,Fall,12
2871,09-19-2025,S-18 - Six Blind Mice,3,1,0,16.0,S,6,9,1,-31.0,Fall,13
2872,09-19-2025,S-10 - Bump-ty Dump-tys,2,2,0,-1.0,S,6,10,0,-10.0,Fall,14
2873,09-19-2025,S-03 - Not The Gumdrop Aces,2,2,0,-10.0,S,5,11,0,-72.0,Fall,15
2874,09-19-2025,S-14 - Slam I Am,2,2,0,3.0,S,5,11,0,-115.0,Fall,16
2875,09-19-2025,S-17 - Horton Hits A Shoot,1,3,0,-27.0,S,3,13,0,-52.0,Fall,17
2876,09-19-2025,S-06 - Twinkerbells,1,3,0,-25.0,S,2,13,1,-101.0,Fall,18
2877,09-26-2025,S-07 - The Blockyardigans,2,1,1,6.0,S,15,4,1,84.0,Fall,1
2878,09-26-2025,S-05 - The Prince And The Passer,2,2,0,-18.0,S,15,5,0,75.0,Fall,2
2879,09-26-2025,S-11 - Bumpty Dumpty v1,3,1,0,32.0,S,14,6,0,74.0,Fall,3
2880,09-26-2025,S-08 - Goldi-Blocks,4,0,0,24.0,S,14,6,0,57.0,Fall,4
2881,09-26-2025,S-01 - Duck Duck Ace,3,1,0,8.0,S,13,7,0,74.0,Fall,5
2882,09-26-2025,S-12 - Dragon Tales And Hits,4,0,0,33.0,S,13,7,0,68.0,Fall,6
2883,09-26-2025,S-09 - Bibbidi Boppity Boom!,3,1,0,23.0,S,12,8,0,48.0,Fall,7
2884,09-26-2025,S-16 - If You Give A Mouse A Set,1,3,0,-32.0,S,11,9,0,-30.0,Fall,8
2885,09-26-2025,S-02 - Itsy Bitsy Spikers,2,2,0,5.0,S,10,9,1,32.0,Fall,9
2886,09-26-2025,S-04 - Little Red Spikers,1,3,0,-14.0,S,10,10,0,-18.0,Fall,10
2887,09-26-2025,S-03 - Not The Gumdrop Aces,4,0,0,22.0,S,9,11,0,-50.0,Fall,11
2888,09-26-2025,S-10 - Bump-ty Dump-tys,2,2,0,-11.0,S,8,12,0,-21.0,Fall,12
2889,09-26-2025,S-13 - Block A Bye Baby,1,3,0,-16.0,S,7,12,1,-14.0,Fall,13
2890,09-26-2025,S-15 - Green Eggs & Slam,0,3,1,-14.0,S,7,12,1,-32.0,Fall,14
2891,09-26-2025,S-18 - Six Blind Mice,1,3,0,-6.0,S,7,12,1,-37.0,Fall,15
2892,09-26-2025,S-14 - Slam I Am,2,2,0,9.0,S,7,13,0,-106.0,Fall,16
2893,09-26-2025,S-17 - Horton Hits A Shoot,0,4,0,-38.0,S,3,17,0,-90.0,Fall,17
2894,09-26-2025,S-06 - Twinkerbells,0,4,0,-13.0,S,2,17,1,-114.0,Fall,18
2895,10-10-2025,S-07 - The Blockyardigans,3,1,0,10.0,S,18,5,1,94.0,Fall,1
2896,10-10-2025,S-11 - Bumpty Dumpty v1,4,0,0,64.0,S,18,6,0,138.0,Fall,2
2897,10-10-2025,S-05 - The Prince And The Passer,2,2,0,5.0,S,17,7,0,80.0,Fall,3
2898,10-10-2025,S-01 - Duck Duck Ace,2,2,0,5.0,S,15,9,0,79.0,Fall,4
2899,10-10-2025,S-12 - Dragon Tales And Hits,1,3,0,-9.0,S,14,10,0,59.0,Fall,5
2900,10-10-2025,S-08 - Goldi-Blocks,0,4,0,-18.0,S,14,10,0,39.0,Fall,6
2901,10-10-2025,S-09 - Bibbidi Boppity Boom!,2,2,0,-10.0,S,14,10,0,38.0,Fall,7
2902,10-10-2025,S-16 - If You Give A Mouse A Set,3,1,0,19.0,S,14,10,0,-11.0,Fall,8
2903,10-10-2025,S-02 - Itsy Bitsy Spikers,3,0,1,23.0,S,13,9,2,55.0,Fall,9
2904,10-10-2025,S-04 - Little Red Spikers,2,2,0,-6.0,S,12,12,0,-24.0,Fall,10
2905,10-10-2025,S-03 - Not The Gumdrop Aces,2,1,1,-5.0,S,11,12,1,-55.0,Fall,11
2906,10-10-2025,S-15 - Green Eggs & Slam,3,1,0,6.0,S,10,13,1,-26.0,Fall,12
2907,10-10-2025,S-10 - Bump-ty Dump-tys,2,2,0,-1.0,S,10,14,0,-22.0,Fall,13
2908,10-10-2025,S-14 - Slam I Am,2,2,0,36.0,S,9,15,0,-70.0,Fall,14
2909,10-10-2025,S-13 - Block A Bye Baby,1,3,0,0.0,S,8,15,1,-14.0,Fall,15
2910,10-10-2025,S-18 - Six Blind Mice,0,4,0,-100.0,S,7,16,1,-137.0,Fall,16
2911,10-10-2025,S-06 - Twinkerbells,2,2,0,-1.0,S,4,19,1,-115.0,Fall,17
2912,10-10-2025,S-17 - Horton Hits A Shoot,1,3,0,-18.0,S,4,20,0,-108.0,Fall,18
2913,10-17-2025,S-11 - Bumpty Dumpty v1,4,0,0,23.0,S,22,6,0,161.0,Fall,1
2914,10-17-2025,S-07 - The Blockyardigans,2,2,0,5.0,S,20,7,1,99.0,Fall,2
2915,10-17-2025,S-01 - Duck Duck Ace,3,0,1,24.0,S,18,9,1,103.0,Fall,3
2916,10-17-2025,S-05 - The Prince And The Passer,1,3,0,-19.0,S,18,10,0,61.0,Fall,4
2917,10-17-2025,S-02 - Itsy Bitsy Spikers,4,0,0,62.0,S,17,9,2,117.0,Fall,5
2918,10-17-2025,S-09 - Bibbidi Boppity Boom!,3,0,1,16.0,S,17,10,1,54.0,Fall,6
2919,10-17-2025,S-16 - If You Give A Mouse A Set,3,1,0,14.0,S,17,11,0,3.0,Fall,7
2920,10-17-2025,S-08 - Goldi-Blocks,1,2,1,2.0,S,15,12,1,41.0,Fall,8
2921,10-17-2025,S-12 - Dragon Tales And Hits,1,3,0,-13.0,S,15,13,0,46.0,Fall,9
2922,10-17-2025,S-04 - Little Red Spikers,2,2,0,38.0,S,14,14,0,14.0,Fall,10
2923,10-17-2025,S-03 - Not The Gumdrop Aces,1,3,0,-12.0,S,12,15,1,-67.0,Fall,11
2924,10-17-2025,S-13 - Block A Bye Baby,3,1,0,24.0,S,11,16,1,10.0,Fall,12
2925,10-17-2025,S-15 - Green Eggs & Slam,1,3,0,-10.0,S,11,16,1,-36.0,Fall,13
2926,10-17-2025,S-10 - Bump-ty Dump-tys,1,3,0,-11.0,S,11,17,0,-33.0,Fall,14
2927,10-17-2025,S-14 - Slam I Am,2,2,0,-11.0,S,11,17,0,-81.0,Fall,15
2928,10-17-2025,S-18 - Six Blind Mice,0,4,0,-100.0,S,7,20,1,-237.0,Fall,16
2929,10-17-2025,S-06 - Twinkerbells,1,2,1,-6.0,S,5,21,2,-121.0,Fall,17
2930,10-17-2025,S-17 - Horton Hits A Shoot,1,3,0,-26.0,S,5,23,0,-134.0,Fall,18
2931,10-24-2025,S-11 - Bumpty Dumpty v1,2,2,0,16.0,S,24,8,0,177.0,Fall,1
2932,10-24-2025,S-05 - The Prince And The Passer,4,0,0,45.0,S,22,10,0,106.0,Fall,2
2933,10-24-2025,S-09 - Bibbidi Boppity Boom!,4,0,0,39.0,S,21,10,1,93.0,Fall,3
2934,10-24-2025,S-02 - Itsy Bitsy Spikers,3,1,0,13.0,S,20,10,2,130.0,Fall,4
2935,10-24-2025,S-01 - Duck Duck Ace,2,2,0,-4.0,S,20,11,1,99.0,Fall,5
2936,10-24-2025,S-07 - The Blockyardigans,0,4,0,-27.0,S,20,11,1,72.0,Fall,6
2937,10-24-2025,S-16 - If You Give A Mouse A Set,3,1,0,3.0,S,20,12,0,6.0,Fall,7
2938,10-24-2025,S-08 - Goldi-Blocks,4,0,0,11.0,S,19,12,1,52.0,Fall,8
2939,10-24-2025,S-12 - Dragon Tales And Hits,2,2,0,-1.0,S,17,15,0,45.0,Fall,9
2940,10-24-2025,S-04 - Little Red Spikers,2,2,0,5.0,S,16,16,0,19.0,Fall,10
2941,10-24-2025,S-14 - Slam I Am,3,1,0,13.0,S,14,18,0,-68.0,Fall,11
2942,10-24-2025,S-15 - Green Eggs & Slam,2,2,0,-10.0,S,13,18,1,-46.0,Fall,12
2943,10-24-2025,S-13 - Block A Bye Baby,1,2,1,-2.0,S,12,18,2,8.0,Fall,13
2944,10-24-2025,S-10 - Bump-ty Dump-tys,1,2,1,-1.0,S,12,19,1,-34.0,Fall,14
2945,10-24-2025,S-03 - Not The Gumdrop Aces,0,4,0,-35.0,S,12,19,1,-102.0,Fall,15
2946,10-24-2025,S-18 - Six Blind Mice,1,3,0,-14.0,S,8,23,1,-251.0,Fall,16
2947,10-24-2025,S-17 - Horton Hits A Shoot,1,3,0,-25.0,S,6,26,0,-159.0,Fall,17
2948,10-24-2025,S-06 - Twinkerbells,0,4,0,-26.0,S,5,25,2,-147.0,Fall,18
2949,11-07-2025,S-11 - Bumpty Dumpty v1,3,1,0,4.0,S,27,9,0,181.0,Fall,1
2950,11-07-2025,S-05 - The Prince And The Passer,3,1,0,56.0,S,25,11,0,162.0,Fall,2
2951,11-07-2025,S-02 - Itsy Bitsy Spikers,4,0,0,20.0,S,24,10,2,150.0,Fall,3
2952,11-07-2025,S-09 - Bibbidi Boppity Boom!,2,2,0,-1.0,S,23,12,1,92.0,Fall,4
2953,11-07-2025,S-16 - If You Give A Mouse A Set,3,1,0,17.0,S,23,13,0,23.0,Fall,5
2954,11-07-2025,S-07 - The Blockyardigans,2,2,0,0.0,S,22,13,1,72.0,Fall,6
2955,11-07-2025,S-01 - Duck Duck Ace,0,4,0,-20.0,S,20,15,1,79.0,Fall,7
2956,11-07-2025,S-08 - Goldi-Blocks,1,3,0,-18.0,S,20,15,1,34.0,Fall,8
2957,11-07-2025,S-12 - Dragon Tales And Hits,3,1,0,44.0,S,20,16,0,89.0,Fall,9
2958,11-07-2025,S-04 - Little Red Spikers,3,1,0,20.0,S,19,17,0,39.0,Fall,10
2959,11-07-2025,S-15 - Green Eggs & Slam,4,0,0,57.0,S,17,18,1,11.0,Fall,11
2960,11-07-2025,S-14 - Slam I Am,3,1,0,5.0,S,17,19,0,-63.0,Fall,12
2961,11-07-2025,S-10 - Bump-ty Dump-tys,3,1,0,19.0,S,15,20,1,-15.0,Fall,13
2962,11-07-2025,S-13 - Block A Bye Baby,0,4,0,-24.0,S,12,22,2,-16.0,Fall,14
2963,11-07-2025,S-03 - Not The Gumdrop Aces,0,4,0,-22.0,S,12,23,1,-124.0,Fall,15
2964,11-07-2025,S-18 - Six Blind Mice,0,4,0,-100.0,S,8,27,1,-351.0,Fall,16
2965,11-07-2025,S-17 - Horton Hits A Shoot,2,2,0,43.0,S,8,28,0,-116.0,Fall,17
2966,11-07-2025,S-06 - Twinkerbells,0,4,0,-100.0,S,5,29,2,-247.0,Fall,18
2967,11-14-2025,S-11 - Bumpty Dumpty v1,2,2,0,2.0,S,29,11,0,183.0,Fall,1
2968,11-14-2025,S-05 - The Prince And The Passer,2,2,0,-5.0,S,27,13,0,157.0,Fall,2
2969,11-14-2025,S-09 - Bibbidi Boppity Boom!,3,1,0,26.0,S,26,13,1,118.0,Fall,3
2970,11-14-2025,S-07 - The Blockyardigans,4,0,0,26.0,S,26,13,1,98.0,Fall,4
2971,11-14-2025,S-02 - Itsy Bitsy Spikers,1,3,0,-13.0,S,25,13,2,137.0,Fall,5
2972,11-14-2025,S-16 - If You Give A Mouse A Set,1,3,0,0.0,S,24,16,0,23.0,Fall,6
2973,11-14-2025,S-08 - Goldi-Blocks,3,1,0,13.0,S,23,16,1,47.0,Fall,7
2974,11-14-2025,S-01 - Duck Duck Ace,2,2,0,2.0,S,22,17,1,81.0,Fall,8
2975,11-14-2025,S-12 - Dragon Tales And Hits,2,2,0,-1.0,S,22,18,0,88.0,Fall,9
2976,11-14-2025,S-14 - Slam I Am,4,0,0,53.0,S,21,19,0,-10.0,Fall,10
2977,11-14-2025,S-04 - Little Red Spikers,1,3,0,-12.0,S,20,20,0,27.0,Fall,11
2978,11-14-2025,S-10 - Bump-ty Dump-tys,4,0,0,34.0,S,19,20,1,19.0,Fall,12
2979,11-14-2025,S-15 - Green Eggs & Slam,0,4,0,-28.0,S,17,22,1,-17.0,Fall,13
2980,11-14-2025,S-13 - Block A Bye Baby,3,1,0,5.0,S,15,23,2,-11.0,Fall,14
2981,11-14-2025,S-03 - Not The Gumdrop Aces,2,2,0,47.0,S,14,25,1,-77.0,Fall,15
2982,11-14-2025,S-18 - Six Blind Mice,0,4,0,-100.0,S,8,31,1,-451.0,Fall,16
2983,11-14-2025,S-17 - Horton Hits A Shoot,0,4,0,-36.0,S,8,32,0,-152.0,Fall,17
2984,11-14-2025,S-06 - Twinkerbells,2,2,0,-13.0,S,7,31,2,-260.0,Fall,18
2985,11-21-2025,S-11 - Bumpty Dumpty v1,3,1,0,20.0,S,32,12,0,203.0,Fall,1
2986,11-21-2025,S-02 - Itsy Bitsy Spikers,4,0,0,9.0,S,29,13,2,146.0,Fall,2
2987,11-21-2025,S-07 - The Blockyardigans,3,1,0,8.0,S,29,14,1,106.0,Fall,3
2988,11-21-2025,S-05 - The Prince And The Passer,2,2,0,7.0,S,29,15,0,164.0,Fall,4
2989,11-21-2025,S-09 - Bibbidi Boppity Boom!,1,3,0,-21.0,S,27,16,1,97.0,Fall,5
2990,11-21-2025,S-16 - If You Give A Mouse A Set,2,2,0,1.0,S,26,18,0,24.0,Fall,6
2991,11-21-2025,S-08 - Goldi-Blocks,2,2,0,-4.0,S,25,18,1,43.0,Fall,7
2992,11-21-2025,S-14 - Slam I Am,4,0,0,16.0,S,25,19,0,6.0,Fall,8
2993,11-21-2025,S-01 - Duck Duck Ace,2,2,0,5.0,S,24,19,1,86.0,Fall,9
2994,11-21-2025,S-12 - Dragon Tales And Hits,1,3,0,-13.0,S,23,21,0,75.0,Fall,10
2995,11-21-2025,S-04 - Little Red Spikers,3,1,0,14.0,S,23,21,0,41.0,Fall,11
2996,11-21-2025,S-10 - Bump-ty Dump-tys,3,1,0,6.0,S,22,21,1,25.0,Fall,12
2997,11-21-2025,S-15 - Green Eggs & Slam,2,2,0,-9.0,S,19,24,1,-26.0,Fall,13
2998,11-21-2025,S-13 - Block A Bye Baby,3,1,0,20.0,S,18,24,2,9.0,Fall,14
2999,11-21-2025,S-03 - Not The Gumdrop Aces,0,4,0,-22.0,S,14,29,1,-99.0,Fall,15
3000,11-21-2025,S-17 - Horton Hits A Shoot,1,3,0,-16.0,S,9,35,0,-168.0,Fall,16
3001,11-21-2025,S-18 - Six Blind Mice,0,4,0,0.0,S,8,35,1,-451.0,Fall,17
3002,11-21-2025,S-06 - Twinkerbells,0,4,0,-21.0,S,7,35,2,-281.0,Fall,18
3003,01-23-2026,A-01 Hue’s Your Daddy,0,0,0,0.0,A,0,0,0,0.0,Spring,1
3004,01-23-2026,A-18 Rosebuds,0,0,0,0.0,A,0,0,0,0.0,Spring,2
3005,01-23-2026,A-17 Brown Beaver Baddies,0,0,0,0.0,A,0,0,0,0.0,Spring,3
3006,01-23-2026,A-16 50 Shades of Slay,0,0,0,0.0,A,0,0,0,0.0,Spring,4
3007,01-23-2026,A-15 Spikadelic,0,0,0,0.0,A,0,0,0,0.0,Spring,5
3008,01-23-2026,A-14 ROYGDig,0,0,0,0.0,A,0,0,0,0.0,Spring,6
3009,01-23-2026,A-13 Blue Ball Control,0,0,0,0.0,A,0,0,0,0.0,Spring,7
3010,01-23-2026,A-12 Mint Condition,0,0,0,0.0,A,0,0,0,0.0,Spring,8
3011,01-23-2026,A-10,0,0,0,0.0,A,0,0,0,0.0,Spring,9
3012,01-23-2026,A-09 Serve the Rainbow,0,0,0,0.0,A,0,0,0,0.0,Spring,10
3013,01-23-2026,A-08 Crayon Crunchers,0,0,0,0.0,A,0,0,0,0.0,Spring,11
3014,01-23-2026,A-07 Orange You Glad We Serve,0,0,0,0.0,A,0,0,0,0.0,Spring,12
3015,01-23-2026,A-06,0,0,0,0.0,A,0,0,0,0.0,Spring,13
3016,01-23-2026,A-05 Send Nudes,0,0,0,0.0,A,0,0,0,0.0,Spring,14
3017,01-23-2026,A-04,0,0,0,0.0,A,0,0,0,0.0,Spring,15
3018,01-23-2026,A-03 Chromatic Chaos,0,0,0,0.0,A,0,0,0,0.0,Spring,16
3019,01-23-2026,A-11 Paint the Town Red,0,0,0,0.0,A,0,0,0,0.0,Spring,17
3020,01-23-2026,A-02 Fifty Shades of Gay,0,0,0,0.0,A,0,0,0,0.0,Spring,18
3021,01-30-2026,A-08 Crayon Crunchers,4,0,0,38.0,A,4,0,0,38.0,Spring,1
3022,01-30-2026,A-16 50 Shades of Slay,4,0,0,8.0,A,4,0,0,8.0,Spring,2
3023,01-30-2026,A-07 Orange You Glad We Serve,3,1,0,15.0,A,3,1,0,15.0,Spring,3
3024,01-30-2026,A-14 ROYGDig,3,1,0,9.0,A,3,1,0,9.0,Spring,4
3025,01-30-2026,A-18 Rosebuds,3,1,0,6.0,A,3,1,0,6.0,Spring,5
3026,01-30-2026,A-02 Fifty Shades of Gay,2,1,1,17.0,A,2,1,1,17.0,Spring,6
3027,01-30-2026,A-04,2,1,1,6.0,A,2,1,1,6.0,Spring,7
3028,01-30-2026,A-01 Hue’s Your Daddy,2,1,1,4.0,A,2,1,1,4.0,Spring,8
3029,01-30-2026,A-05 Send Nudes,2,2,0,7.0,A,2,2,0,7.0,Spring,9
3030,01-30-2026,A-03 Chromatic Chaos,2,2,0,-4.0,A,2,2,0,-4.0,Spring,10
3031,01-30-2026,A-11 Paint the Town Red,2,2,0,-13.0,A,2,2,0,-13.0,Spring,11
3032,01-30-2026,A-13 Blue Ball Control,1,3,0,-1.0,A,1,3,0,-1.0,Spring,12
3033,01-30-2026,A-10,1,3,0,-7.0,A,1,3,0,-7.0,Spring,13
3034,01-30-2026,A-15 Spikadelic,1,3,0,-11.0,A,1,3,0,-11.0,Spring,14
3035,01-30-2026,A-06,1,3,0,-13.0,A,1,3,0,-13.0,Spring,15
3036,01-30-2026,A-09 Serve the Rainbow,1,3,0,-21.0,A,1,3,0,-21.0,Spring,16
3037,01-30-2026,A-17 Brown Beaver Baddies,0,3,1,-15.0,A,0,3,1,-15.0,Spring,17
3038,01-30-2026,A-12 Mint Condition,0,4,0,-25.0,A,0,4,0,-25.0,Spring,18
3039,02-06-2026,A-16 50 Shades of Slay,2,2,0,-4.0,A,6,2,0,4.0,Spring,1
3040,02-06-2026,A-01 Hue’s Your Daddy,3,1,0,20.0,A,5,2,1,24.0,Spring,2
3041,02-06-2026,A-11 Paint the Town Red,3,1,0,17.0,A,5,3,0,4.0,Spring,3
3042,02-06-2026,A-07 Orange You Glad We Serve,2,2,0,-17.0,A,5,3,0,-2.0,Spring,4
3043,02-06-2026,A-02 Fifty Shades of Gay,2,2,0,10.0,A,4,3,1,27.0,Spring,5
3044,02-06-2026,A-08 Crayon Crunchers,0,3,1,-21.0,A,4,3,1,17.0,Spring,6
3045,02-06-2026,A-15 Spikadelic,3,0,1,20.0,A,4,3,1,9.0,Spring,7
3046,02-06-2026,A-10,3,1,0,25.0,A,4,4,0,18.0,Spring,8
3047,02-06-2026,A-18 Rosebuds,1,3,0,7.0,A,4,4,0,13.0,Spring,9
3048,02-06-2026,A-13 Blue Ball Control,3,1,0,10.0,A,4,4,0,9.0,Spring,10
3049,02-06-2026,A-05 Send Nudes,2,2,0,1.0,A,4,4,0,8.0,Spring,11
3050,02-06-2026,A-06,2,1,1,9.0,A,3,4,1,-4.0,Spring,12
3051,02-06-2026,A-14 ROYGDig,0,3,1,-26.0,A,3,4,1,-17.0,Spring,13
3052,02-06-2026,A-04,1,3,0,-35.0,A,3,4,1,-29.0,Spring,14
3053,02-06-2026,A-12 Mint Condition,3,1,0,30.0,A,3,5,0,5.0,Spring,15
3054,02-06-2026,A-03 Chromatic Chaos,1,3,0,-16.0,A,3,5,0,-20.0,Spring,16
3055,02-06-2026,A-09 Serve the Rainbow,2,2,0,-3.0,A,3,5,0,-24.0,Spring,17
3056,02-06-2026,A-17 Brown Beaver Baddies,1,3,0,-27.0,A,1,6,1,-42.0,Spring,18
3057,02-20-2026,A-16 50 Shades of Slay,0,0,0,0.0,A,6,2,0,4.0,Spring,1
3058,02-20-2026,A-01 Hue’s Your Daddy,0,0,0,0.0,A,5,2,1,24.0,Spring,2
3059,02-20-2026,A-11 Paint the Town Red,0,0,0,0.0,A,5,3,0,4.0,Spring,3
3060,02-20-2026,A-07 Orange You Glad We Serve,0,0,0,0.0,A,5,3,0,-2.0,Spring,4
3061,02-20-2026,A-02 Fifty Shades of Gay,0,0,0,0.0,A,4,3,1,27.0,Spring,5
3062,02-20-2026,A-08 Crayon Crunchers,0,0,0,0.0,A,4,3,1,17.0,Spring,6
3063,02-20-2026,A-15 Spikadelic,0,0,0,0.0,A,4,3,1,9.0,Spring,7
3064,02-20-2026,A-10,0,0,0,0.0,A,4,4,0,18.0,Spring,8
3065,02-20-2026,A-18 Rosebuds,0,0,0,0.0,A,4,4,0,13.0,Spring,9
3066,02-20-2026,A-13 Blue Ball Control,0,0,0,0.0,A,4,4,0,9.0,Spring,10
3067,02-20-2026,A-05 Send Nudes,0,0,0,0.0,A,4,4,0,8.0,Spring,11
3068,02-20-2026,A-06,0,0,0,0.0,A,3,4,1,-4.0,Spring,12
3069,02-20-2026,A-14 ROYGDig,0,0,0,0.0,A,3,4,1,-17.0,Spring,13
3070,02-20-2026,A-04,0,0,0,0.0,A,3,4,1,-29.0,Spring,14
3071,02-20-2026,A-12 Mint Condition,0,0,0,0.0,A,3,5,0,5.0,Spring,15
3072,02-20-2026,A-03 Chromatic Chaos,0,0,0,0.0,A,3,5,0,-20.0,Spring,16
3073,02-20-2026,A-09 Serve the Rainbow,0,0,0,0.0,A,3,5,0,-24.0,Spring,17
3074,02-20-2026,A-17 Brown Beaver Baddies,0,0,0,0.0,A,1,6,1,-42.0,Spring,18
3075,02-27-2026,A-16 50 Shades of Slay,0,0,0,0.0,A,6,2,0,4.0,Spring,1
3076,02-27-2026,A-01 Hue’s Your Daddy,0,0,0,0.0,A,5,2,1,24.0,Spring,2
3077,02-27-2026,A-11 Paint the Town Red,0,0,0,0.0,A,5,3,0,4.0,Spring,3
3078,02-27-2026,A-07 Orange You Glad We Serve,0,0,0,0.0,A,5,3,0,-2.0,Spring,4
3079,02-27-2026,A-02 Fifty Shades of Gay,0,0,0,0.0,A,4,3,1,27.0,Spring,5
3080,02-27-2026,A-08 Crayon Crunchers,0,0,0,0.0,A,4,3,1,17.0,Spring,6
3081,02-27-2026,A-15 Spikadelic,0,0,0,0.0,A,4,3,1,9.0,Spring,7
3082,02-27-2026,A-10,0,0,0,0.0,A,4,4,0,18.0,Spring,8
3083,02-27-2026,A-18 Rosebuds,0,0,0,0.0,A,4,4,0,13.0,Spring,9
3084,02-27-2026,A-13 Blue Ball Control,0,0,0,0.0,A,4,4,0,9.0,Spring,10
3085,02-27-2026,A-05 Send Nudes,0,0,0,0.0,A,4,4,0,8.0,Spring,11
3086,02-27-2026,A-06,0,0,0,0.0,A,3,4,1,-4.0,Spring,12
3087,02-27-2026,A-14 ROYGDig,0,0,0,0.0,A,3,4,1,-17.0,Spring,13
3088,02-27-2026,A-04,0,0,0,0.0,A,3,4,1,-29.0,Spring,14
3089,02-27-2026,A-12 Mint Condition,0,0,0,0.0,A,3,5,0,5.0,Spring,15
3090,02-27-2026,A-03 Chromatic Chaos,0,0,0,0.0,A,3,5,0,-20.0,Spring,16
3091,02-27-2026,A-09 Serve the Rainbow,0,0,0,0.0,A,3,5,0,-24.0,Spring,17
3092,02-27-2026,A-17 Brown Beaver Baddies,0,0,0,0.0,A,1,6,1,-42.0,Spring,18
3093,03-06-2026,A-16 50 Shades of Slay,0,0,0,0.0,A,6,2,0,4.0,Spring,1
3094,03-06-2026,A-01 Hue’s Your Daddy,0,0,0,0.0,A,5,2,1,24.0,Spring,2
3095,03-06-2026,A-11 Paint the Town Red,0,0,0,0.0,A,5,3,0,4.0,Spring,3
3096,03-06-2026,A-07 Orange You Glad We Serve,0,0,0,0.0,A,5,3,0,-2.0,Spring,4
3097,03-06-2026,A-02 Fifty Shades of Gay,0,0,0,0.0,A,4,3,1,27.0,Spring,5
3098,03-06-2026,A-08 Crayon Crunchers,0,0,0,0.0,A,4,3,1,17.0,Spring,6
3099,03-06-2026,A-15 Spikadelic,0,0,0,0.0,A,4,3,1,9.0,Spring,7
3100,03-06-2026,A-10,0,0,0,0.0,A,4,4,0,18.0,Spring,8
3101,03-06-2026,A-18 Rosebuds,0,0,0,0.0,A,4,4,0,13.0,Spring,9
3102,03-06-2026,A-13 Blue Ball Control,0,0,0,0.0,A,4,4,0,9.0,Spring,10
3103,03-06-2026,A-05 Send Nudes,0,0,0,0.0,A,4,4,0,8.0,Spring,11
3104,03-06-2026,A-06,0,0,0,0.0,A,3,4,1,-4.0,Spring,12
3105,03-06-2026,A-14 ROYGDig,0,0,0,0.0,A,3,4,1,-17.0,Spring,13
3106,03-06-2026,A-04,0,0,0,0.0,A,3,4,1,-29.0,Spring,14
3107,03-06-2026,A-12 Mint Condition,0,0,0,0.0,A,3,5,0,5.0,Spring,15
3108,03-06-2026,A-03 Chromatic Chaos,0,0,0,0.0,A,3,5,0,-20.0,Spring,16
3109,03-06-2026,A-09 Serve the Rainbow,0,0,0,0.0,A,3,5,0,-24.0,Spring,17
3110,03-06-2026,A-17 Brown Beaver Baddies,0,0,0,0.0,A,1,6,1,-42.0,Spring,18
3111,03-20-2026,A-16 50 Shades of Slay,0,0,0,0.0,A,6,2,0,4.0,Spring,1
3112,03-20-2026,A-01 Hue’s Your Daddy,0,0,0,0.0,A,5,2,1,24.0,Spring,2
3113,03-20-2026,A-11 Paint the Town Red,0,0,0,0.0,A,5,3,0,4.0,Spring,3
3114,03-20-2026,A-07 Orange You Glad We Serve,0,0,0,0.0,A,5,3,0,-2.0,Spring,4
3115,03-20-2026,A-02 Fifty Shades of Gay,0,0,0,0.0,A,4,3,1,27.0,Spring,5
3116,03-20-2026,A-08 Crayon Crunchers,0,0,0,0.0,A,4,3,1,17.0,Spring,6
3117,03-20-2026,A-15 Spikadelic,0,0,0,0.0,A,4,3,1,9.0,Spring,7
3118,03-20-2026,A-10,0,0,0,0.0,A,4,4,0,18.0,Spring,8
3119,03-20-2026,A-18 Rosebuds,0,0,0,0.0,A,4,4,0,13.0,Spring,9
3120,03-20-2026,A-13 Blue Ball Control,0,0,0,0.0,A,4,4,0,9.0,Spring,10
3121,03-20-2026,A-05 Send Nudes,0,0,0,0.0,A,4,4,0,8.0,Spring,11
3122,03-20-2026,A-06,0,0,0,0.0,A,3,4,1,-4.0,Spring,12
3123,03-20-2026,A-14 ROYGDig,0,0,0,0.0,A,3,4,1,-17.0,Spring,13
3124,03-20-2026,A-04,0,0,0,0.0,A,3,4,1,-29.0,Spring,14
3125,03-20-2026,A-12 Mint Condition,0,0,0,0.0,A,3,5,0,5.0,Spring,15
3126,03-20-2026,A-03 Chromatic Chaos,0,0,0,0.0,A,3,5,0,-20.0,Spring,16
3127,03-20-2026,A-09 Serve the Rainbow,0,0,0,0.0,A,3,5,0,-24.0,Spring,17
3128,03-20-2026,A-17 Brown Beaver Baddies,0,0,0,0.0,A,1,6,1,-42.0,Spring,18
3129,03-27-2026,A-16 50 Shades of Slay,0,0,0,0.0,A,6,2,0,4.0,Spring,1
3130,03-27-2026,A-01 Hue’s Your Daddy,0,0,0,0.0,A,5,2,1,24.0,Spring,2
3131,03-27-2026,A-11 Paint the Town Red,0,0,0,0.0,A,5,3,0,4.0,Spring,3
3132,03-27-2026,A-07 Orange You Glad We Serve,0,0,0,0.0,A,5,3,0,-2.0,Spring,4
3133,03-27-2026,A-02 Fifty Shades of Gay,0,0,0,0.0,A,4,3,1,27.0,Spring,5
3134,03-27-2026,A-08 Crayon Crunchers,0,0,0,0.0,A,4,3,1,17.0,Spring,6
3135,03-27-2026,A-15 Spikadelic,0,0,0,0.0,A,4,3,1,9.0,Spring,7
3136,03-27-2026,A-10,0,0,0,0.0,A,4,4,0,18.0,Spring,8
3137,03-27-2026,A-18 Rosebuds,0,0,0,0.0,A,4,4,0,13.0,Spring,9
3138,03-27-2026,A-13 Blue Ball Control,0,0,0,0.0,A,4,4,0,9.0,Spring,10
3139,03-27-2026,A-05 Send Nudes,0,0,0,0.0,A,4,4,0,8.0,Spring,11
3140,03-27-2026,A-06,0,0,0,0.0,A,3,4,1,-4.0,Spring,12
3141,03-27-2026,A-14 ROYGDig,0,0,0,0.0,A,3,4,1,-17.0,Spring,13
3142,03-27-2026,A-04,0,0,0,0.0,A,3,4,1,-29.0,Spring,14
3143,03-27-2026,A-12 Mint Condition,0,0,0,0.0,A,3,5,0,5.0,Spring,15
3144,03-27-2026,A-03 Chromatic Chaos,0,0,0,0.0,A,3,5,0,-20.0,Spring,16
3145,03-27-2026,A-09 Serve the Rainbow,0,0,0,0.0,A,3,5,0,-24.0,Spring,17
3146,03-27-2026,A-17 Brown Beaver Baddies,0,0,0,0.0,A,1,6,1,-42.0,Spring,18
3147,04-10-2026,A-16 50 Shades of Slay,0,0,0,0.0,A,6,2,0,4.0,Spring,1
3148,04-10-2026,A-01 Hue’s Your Daddy,0,0,0,0.0,A,5,2,1,24.0,Spring,2
3149,04-10-2026,A-11 Paint the Town Red,0,0,0,0.0,A,5,3,0,4.0,Spring,3
3150,04-10-2026,A-07 Orange You Glad We Serve,0,0,0,0.0,A,5,3,0,-2.0,Spring,4
3151,04-10-2026,A-02 Fifty Shades of Gay,0,0,0,0.0,A,4,3,1,27.0,Spring,5
3152,04-10-2026,A-08 Crayon Crunchers,0,0,0,0.0,A,4,3,1,17.0,Spring,6
3153,04-10-2026,A-15 Spikadelic,0,0,0,0.0,A,4,3,1,9.0,Spring,7
3154,04-10-2026,A-10,0,0,0,0.0,A,4,4,0,18.0,Spring,8
3155,04-10-2026,A-18 Rosebuds,0,0,0,0.0,A,4,4,0,13.0,Spring,9
3156,04-10-2026,A-13 Blue Ball Control,0,0,0,0.0,A,4,4,0,9.0,Spring,10
3157,04-10-2026,A-05 Send Nudes,0,0,0,0.0,A,4,4,0,8.0,Spring,11
3158,04-10-2026,A-06,0,0,0,0.0,A,3,4,1,-4.0,Spring,12
3159,04-10-2026,A-14 ROYGDig,0,0,0,0.0,A,3,4,1,-17.0,Spring,13
3160,04-10-2026,A-04,0,0,0,0.0,A,3,4,1,-29.0,Spring,14
3161,04-10-2026,A-12 Mint Condition,0,0,0,0.0,A,3,5,0,5.0,Spring,15
3162,04-10-2026,A-03 Chromatic Chaos,0,0,0,0.0,A,3,5,0,-20.0,Spring,16
3163,04-10-2026,A-09 Serve the Rainbow,0,0,0,0.0,A,3,5,0,-24.0,Spring,17
3164,04-10-2026,A-17 Brown Beaver Baddies,0,0,0,0.0,A,1,6,1,-42.0,Spring,18
3165,04-17-2026,A-16 50 Shades of Slay,0,0,0,0.0,A,6,2,0,4.0,Spring,1
3166,04-17-2026,A-01 Hue’s Your Daddy,0,0,0,0.0,A,5,2,1,24.0,Spring,2
3167,04-17-2026,A-11 Paint the Town Red,0,0,0,0.0,A,5,3,0,4.0,Spring,3
3168,04-17-2026,A-07 Orange You Glad We Serve,0,0,0,0.0,A,5,3,0,-2.0,Spring,4
3169,04-17-2026,A-02 Fifty Shades of Gay,0,0,0,0.0,A,4,3,1,27.0,Spring,5
3170,04-17-2026,A-08 Crayon Crunchers,0,0,0,0.0,A,4,3,1,17.0,Spring,6
3171,04-17-2026,A-15 Spikadelic,0,0,0,0.0,A,4,3,1,9.0,Spring,7
3172,04-17-2026,A-10,0,0,0,0.0,A,4,4,0,18.0,Spring,8
3173,04-17-2026,A-18 Rosebuds,0,0,0,0.0,A,4,4,0,13.0,Spring,9
3174,04-17-2026,A-13 Blue Ball Control,0,0,0,0.0,A,4,4,0,9.0,Spring,10
3175,04-17-2026,A-05 Send Nudes,0,0,0,0.0,A,4,4,0,8.0,Spring,11
3176,04-17-2026,A-06,0,0,0,0.0,A,3,4,1,-4.0,Spring,12
3177,04-17-2026,A-14 ROYGDig,0,0,0,0.0,A,3,4,1,-17.0,Spring,13
3178,04-17-2026,A-04,0,0,0,0.0,A,3,4,1,-29.0,Spring,14
3179,04-17-2026,A-12 Mint Condition,0,0,0,0.0,A,3,5,0,5.0,Spring,15
3180,04-17-2026,A-03 Chromatic Chaos,0,0,0,0.0,A,3,5,0,-20.0,Spring,16
3181,04-17-2026,A-09 Serve the Rainbow,0,0,0,0.0,A,3,5,0,-24.0,Spring,17
3182,04-17-2026,A-17 Brown Beaver Baddies,0,0,0,0.0,A,1,6,1,-42.0,Spring,18
3183,04-24-2026,A-16 50 Shades of Slay,0,0,0,0.0,A,6,2,0,4.0,Spring,1
3184,04-24-2026,A-01 Hue’s Your Daddy,0,0,0,0.0,A,5,2,1,24.0,Spring,2
3185,04-24-2026,A-11 Paint the Town Red,0,0,0,0.0,A,5,3,0,4.0,Spring,3
3186,04-24-2026,A-07 Orange You Glad We Serve,0,0,0,0.0,A,5,3,0,-2.0,Spring,4
3187,04-24-2026,A-02 Fifty Shades of Gay,0,0,0,0.0,A,4,3,1,27.0,Spring,5
3188,04-24-2026,A-08 Crayon Crunchers,0,0,0,0.0,A,4,3,1,17.0,Spring,6
3189,04-24-2026,A-15 Spikadelic,0,0,0,0.0,A,4,3,1,9.0,Spring,7
3190,04-24-2026,A-10,0,0,0,0.0,A,4,4,0,18.0,Spring,8
3191,04-24-2026,A-18 Rosebuds,0,0,0,0.0,A,4,4,0,13.0,Spring,9
3192,04-24-2026,A-13 Blue Ball Control,0,0,0,0.0,A,4,4,0,9.0,Spring,10
3193,04-24-2026,A-05 Send Nudes,0,0,0,0.0,A,4,4,0,8.0,Spring,11
3194,04-24-2026,A-06,0,0,0,0.0,A,3,4,1,-4.0,Spring,12
3195,04-24-2026,A-14 ROYGDig,0,0,0,0.0,A,3,4,1,-17.0,Spring,13
3196,04-24-2026,A-04,0,0,0,0.0,A,3,4,1,-29.0,Spring,14
3197,04-24-2026,A-12 Mint Condition,0,0,0,0.0,A,3,5,0,5.0,Spring,15
3198,04-24-2026,A-03 Chromatic Chaos,0,0,0,0.0,A,3,5,0,-20.0,Spring,16
3199,04-24-2026,A-09 Serve the Rainbow,0,0,0,0.0,A,3,5,0,-24.0,Spring,17
3200,04-24-2026,A-17 Brown Beaver Baddies,0,0,0,0.0,A,1,6,1,-42.0,Spring,18
3201,01-23-2026,"C-03 Sugar, Spike and",0,0,0,0.0,C,0,0,0,0.0,Spring,1
3202,01-23-2026,"C-02 Ed, Edd n Edging!",0,0,0,0.0,C,0,0,0,0.0,Spring,2
3203,01-23-2026,C-01 Avatar: Net Benders,0,0,0,0.0,C,0,0,0,0.0,Spring,3
3204,01-23-2026,C-04 Peppa Dig,0,0,0,0.0,C,0,0,0,0.0,Spring,4
3205,01-23-2026,C-05 Dragon Ballz Deep,0,0,0,0.0,C,0,0,0,0.0,Spring,5
3206,01-23-2026,C-06 SpongeBall Spikepants,0,0,0,0.0,C,0,0,0,0.0,Spring,6
3207,01-23-2026,C-18 Straw Hat Striker,0,0,0,0.0,C,0,0,0,0.0,Spring,7
3208,01-23-2026,C-17 Scooby Do Me,0,0,0,0.0,C,0,0,0,0.0,Spring,8
3209,01-23-2026,C-15 Powerpuff Passers,0,0,0,0.0,C,0,0,0,0.0,Spring,9
3210,01-23-2026,C-14 Diva Slayers,0,0,0,0.0,C,0,0,0,0.0,Spring,10
3211,01-23-2026,C-13 Thunder Kills,0,0,0,0.0,C,0,0,0,0.0,Spring,11
3212,01-23-2026,C-12 The Magic Spikebus,0,0,0,0.0,C,0,0,0,0.0,Spring,12
3213,01-23-2026,C-11 Trans Performers,0,0,0,0.0,C,0,0,0,0.0,Spring,13
3214,01-23-2026,C-10 Courage the Cowardly Dig,0,0,0,0.0,C,0,0,0,0.0,Spring,14
3215,01-23-2026,C-09 The Netsons,0,0,0,0.0,C,0,0,0,0.0,Spring,15
3216,01-23-2026,C-08 Blocker's Home for Unimaginative Hitters,0,0,0,0.0,C,0,0,0,0.0,Spring,16
3217,01-23-2026,C-07 Sailor Spikers,0,0,0,0.0,C,0,0,0,0.0,Spring,17
3218,01-23-2026,C-16 The IncrediBalls,0,0,0,0.0,C,0,0,0,0.0,Spring,18
3219,01-30-2026,"C-03 Sugar, Spike and",4,0,0,30.0,C,4,0,0,30.0,Spring,1
3220,01-30-2026,C-05 Dragon Ballz Deep,3,1,0,24.0,C,3,1,0,24.0,Spring,2
3221,01-30-2026,C-17 Scooby Do Me,3,1,0,19.0,C,3,1,0,19.0,Spring,3
3222,01-30-2026,C-01 Avatar: Net Benders,3,1,0,12.0,C,3,1,0,12.0,Spring,4
3223,01-30-2026,C-06 SpongeBall Spikepants,3,1,0,12.0,C,3,1,0,12.0,Spring,5
3224,01-30-2026,C-14 Diva Slayers,3,1,0,9.0,C,3,1,0,9.0,Spring,6
3225,01-30-2026,C-11 Trans Performers,3,1,0,5.0,C,3,1,0,5.0,Spring,7
3226,01-30-2026,"C-02 Ed, Edd n Edging!",2,2,0,7.0,C,2,2,0,7.0,Spring,8
3227,01-30-2026,C-13 Thunder Kills,2,2,0,5.0,C,2,2,0,5.0,Spring,9
3228,01-30-2026,C-07 Sailor Spikers,2,2,0,5.0,C,2,2,0,5.0,Spring,10
3229,01-30-2026,C-16 The IncrediBalls,2,2,0,0.0,C,2,2,0,0.0,Spring,11
3230,01-30-2026,C-12 The Magic Spikebus,2,2,0,-1.0,C,2,2,0,-1.0,Spring,12
3231,01-30-2026,C-10 Courage the Cowardly Dig,2,2,0,-5.0,C,2,2,0,-5.0,Spring,13
3232,01-30-2026,C-08 Blocker's Home for Unimaginative Hitters,1,3,0,-4.0,C,1,3,0,-4.0,Spring,14
3233,01-30-2026,C-09 The Netsons,1,3,0,-19.0,C,1,3,0,-19.0,Spring,15
3234,01-30-2026,C-04 Peppa Dig,0,4,0,-28.0,C,0,4,0,-28.0,Spring,16
3235,01-30-2026,C-15 Powerpuff Passers,0,4,0,-35.0,C,0,4,0,-35.0,Spring,17
3236,01-30-2026,C-18 Straw Hat Striker,0,4,0,-36.0,C,0,4,0,-36.0,Spring,18
3237,02-06-2026,C-05 Dragon Ballz Deep,4,0,0,25.0,C,7,1,0,49.0,Spring,1
3238,02-06-2026,C-06 SpongeBall Spikepants,4,0,0,25.0,C,7,1,0,37.0,Spring,2
3239,02-06-2026,C-17 Scooby Do Me,3,1,0,16.0,C,6,2,0,35.0,Spring,3
3240,02-06-2026,C-01 Avatar: Net Benders,3,1,0,19.0,C,6,2,0,31.0,Spring,4
3241,02-06-2026,C-13 Thunder Kills,4,0,0,20.0,C,6,2,0,25.0,Spring,5
3242,02-06-2026,"C-03 Sugar, Spike and",1,3,0,-21.0,C,5,3,0,9.0,Spring,6
3243,02-06-2026,C-12 The Magic Spikebus,3,1,0,10.0,C,5,3,0,9.0,Spring,7
3244,02-06-2026,C-11 Trans Performers,2,2,0,-2.0,C,5,3,0,3.0,Spring,8
3245,02-06-2026,"C-02 Ed, Edd n Edging!",2,1,1,8.0,C,4,3,1,15.0,Spring,9
3246,02-06-2026,C-10 Courage the Cowardly Dig,2,1,1,5.0,C,4,3,1,0.0,Spring,10
3247,02-06-2026,C-16 The IncrediBalls,2,2,0,2.0,C,4,4,0,2.0,Spring,11
3248,02-06-2026,C-08 Blocker's Home for Unimaginative Hitters,2,2,0,10.0,C,3,5,0,6.0,Spring,12
3249,02-06-2026,C-07 Sailor Spikers,1,3,0,-9.0,C,3,5,0,-4.0,Spring,13
3250,02-06-2026,C-14 Diva Slayers,0,4,0,-23.0,C,3,5,0,-14.0,Spring,14
3251,02-06-2026,C-04 Peppa Dig,1,3,0,-13.0,C,1,7,0,-41.0,Spring,15
3252,02-06-2026,C-09 The Netsons,0,4,0,-26.0,C,1,7,0,-45.0,Spring,16
3253,02-06-2026,C-18 Straw Hat Striker,1,3,0,-11.0,C,1,7,0,-47.0,Spring,17
3254,02-06-2026,C-15 Powerpuff Passers,0,4,0,-35.0,C,0,8,0,-70.0,Spring,18
3255,02-20-2026,C-05 Dragon Ballz Deep,0,0,0,0.0,C,7,1,0,49.0,Spring,1
3256,02-20-2026,C-06 SpongeBall Spikepants,0,0,0,0.0,C,7,1,0,37.0,Spring,2
3257,02-20-2026,C-17 Scooby Do Me,0,0,0,0.0,C,6,2,0,35.0,Spring,3
3258,02-20-2026,C-01 Avatar: Net Benders,0,0,0,0.0,C,6,2,0,31.0,Spring,4
3259,02-20-2026,C-13 Thunder Kills,0,0,0,0.0,C,6,2,0,25.0,Spring,5
3260,02-20-2026,"C-03 Sugar, Spike and",0,0,0,0.0,C,5,3,0,9.0,Spring,6
3261,02-20-2026,C-12 The Magic Spikebus,0,0,0,0.0,C,5,3,0,9.0,Spring,7
3262,02-20-2026,C-11 Trans Performers,0,0,0,0.0,C,5,3,0,3.0,Spring,8
3263,02-20-2026,"C-02 Ed, Edd n Edging!",0,0,0,0.0,C,4,3,1,15.0,Spring,9
3264,02-20-2026,C-10 Courage the Cowardly Dig,0,0,0,0.0,C,4,3,1,0.0,Spring,10
3265,02-20-2026,C-16 The IncrediBalls,0,0,0,0.0,C,4,4,0,2.0,Spring,11
3266,02-20-2026,C-08 Blocker's Home for Unimaginative Hitters,0,0,0,0.0,C,3,5,0,6.0,Spring,12
3267,02-20-2026,C-07 Sailor Spikers,0,0,0,0.0,C,3,5,0,-4.0,Spring,13
3268,02-20-2026,C-14 Diva Slayers,0,0,0,0.0,C,3,5,0,-14.0,Spring,14
3269,02-20-2026,C-04 Peppa Dig,0,0,0,0.0,C,1,7,0,-41.0,Spring,15
3270,02-20-2026,C-09 The Netsons,0,0,0,0.0,C,1,7,0,-45.0,Spring,16
3271,02-20-2026,C-18 Straw Hat Striker,0,0,0,0.0,C,1,7,0,-47.0,Spring,17
3272,02-20-2026,C-15 Powerpuff Passers,0,0,0,0.0,C,0,8,0,-70.0,Spring,18
3273,02-27-2026,C-05 Dragon Ballz Deep,0,0,0,0.0,C,7,1,0,49.0,Spring,1
3274,02-27-2026,C-06 SpongeBall Spikepants,0,0,0,0.0,C,7,1,0,37.0,Spring,2
3275,02-27-2026,C-17 Scooby Do Me,0,0,0,0.0,C,6,2,0,35.0,Spring,3
3276,02-27-2026,C-01 Avatar: Net Benders,0,0,0,0.0,C,6,2,0,31.0,Spring,4
3277,02-27-2026,C-13 Thunder Kills,0,0,0,0.0,C,6,2,0,25.0,Spring,5
3278,02-27-2026,"C-03 Sugar, Spike and",0,0,0,0.0,C,5,3,0,9.0,Spring,6
3279,02-27-2026,C-12 The Magic Spikebus,0,0,0,0.0,C,5,3,0,9.0,Spring,7
3280,02-27-2026,C-11 Trans Performers,0,0,0,0.0,C,5,3,0,3.0,Spring,8
3281,02-27-2026,"C-02 Ed, Edd n Edging!",0,0,0,0.0,C,4,3,1,15.0,Spring,9
3282,02-27-2026,C-10 Courage the Cowardly Dig,0,0,0,0.0,C,4,3,1,0.0,Spring,10
3283,02-27-2026,C-16 The IncrediBalls,0,0,0,0.0,C,4,4,0,2.0,Spring,11
3284,02-27-2026,C-08 Blocker's Home for Unimaginative Hitters,0,0,0,0.0,C,3,5,0,6.0,Spring,12
3285,02-27-2026,C-07 Sailor Spikers,0,0,0,0.0,C,3,5,0,-4.0,Spring,13
3286,02-27-2026,C-14 Diva Slayers,0,0,0,0.0,C,3,5,0,-14.0,Spring,14
3287,02-27-2026,C-04 Peppa Dig,0,0,0,0.0,C,1,7,0,-41.0,Spring,15
3288,02-27-2026,C-09 The Netsons,0,0,0,0.0,C,1,7,0,-45.0,Spring,16
3289,02-27-2026,C-18 Straw Hat Striker,0,0,0,0.0,C,1,7,0,-47.0,Spring,17
3290,02-27-2026,C-15 Powerpuff Passers,0,0,0,0.0,C,0,8,0,-70.0,Spring,18
3291,03-06-2026,C-05 Dragon Ballz Deep,0,0,0,0.0,C,7,1,0,49.0,Spring,1
3292,03-06-2026,C-06 SpongeBall Spikepants,0,0,0,0.0,C,7,1,0,37.0,Spring,2
3293,03-06-2026,C-17 Scooby Do Me,0,0,0,0.0,C,6,2,0,35.0,Spring,3
3294,03-06-2026,C-01 Avatar: Net Benders,0,0,0,0.0,C,6,2,0,31.0,Spring,4
3295,03-06-2026,C-13 Thunder Kills,0,0,0,0.0,C,6,2,0,25.0,Spring,5
3296,03-06-2026,"C-03 Sugar, Spike and",0,0,0,0.0,C,5,3,0,9.0,Spring,6
3297,03-06-2026,C-12 The Magic Spikebus,0,0,0,0.0,C,5,3,0,9.0,Spring,7
3298,03-06-2026,C-11 Trans Performers,0,0,0,0.0,C,5,3,0,3.0,Spring,8
3299,03-06-2026,"C-02 Ed, Edd n Edging!",0,0,0,0.0,C,4,3,1,15.0,Spring,9
3300,03-06-2026,C-10 Courage the Cowardly Dig,0,0,0,0.0,C,4,3,1,0.0,Spring,10
3301,03-06-2026,C-16 The IncrediBalls,0,0,0,0.0,C,4,4,0,2.0,Spring,11
3302,03-06-2026,C-08 Blocker's Home for Unimaginative Hitters,0,0,0,0.0,C,3,5,0,6.0,Spring,12
3303,03-06-2026,C-07 Sailor Spikers,0,0,0,0.0,C,3,5,0,-4.0,Spring,13
3304,03-06-2026,C-14 Diva Slayers,0,0,0,0.0,C,3,5,0,-14.0,Spring,14
3305,03-06-2026,C-04 Peppa Dig,0,0,0,0.0,C,1,7,0,-41.0,Spring,15
3306,03-06-2026,C-09 The Netsons,0,0,0,0.0,C,1,7,0,-45.0,Spring,16
3307,03-06-2026,C-18 Straw Hat Striker,0,0,0,0.0,C,1,7,0,-47.0,Spring,17
3308,03-06-2026,C-15 Powerpuff Passers,0,0,0,0.0,C,0,8,0,-70.0,Spring,18
3309,03-20-2026,C-05 Dragon Ballz Deep,0,0,0,0.0,C,7,1,0,49.0,Spring,1
3310,03-20-2026,C-06 SpongeBall Spikepants,0,0,0,0.0,C,7,1,0,37.0,Spring,2
3311,03-20-2026,C-17 Scooby Do Me,0,0,0,0.0,C,6,2,0,35.0,Spring,3
3312,03-20-2026,C-01 Avatar: Net Benders,0,0,0,0.0,C,6,2,0,31.0,Spring,4
3313,03-20-2026,C-13 Thunder Kills,0,0,0,0.0,C,6,2,0,25.0,Spring,5
3314,03-20-2026,"C-03 Sugar, Spike and",0,0,0,0.0,C,5,3,0,9.0,Spring,6
3315,03-20-2026,C-12 The Magic Spikebus,0,0,0,0.0,C,5,3,0,9.0,Spring,7
3316,03-20-2026,C-11 Trans Performers,0,0,0,0.0,C,5,3,0,3.0,Spring,8
3317,03-20-2026,"C-02 Ed, Edd n Edging!",0,0,0,0.0,C,4,3,1,15.0,Spring,9
3318,03-20-2026,C-10 Courage the Cowardly Dig,0,0,0,0.0,C,4,3,1,0.0,Spring,10
3319,03-20-2026,C-16 The IncrediBalls,0,0,0,0.0,C,4,4,0,2.0,Spring,11
3320,03-20-2026,C-08 Blocker's Home for Unimaginative Hitters,0,0,0,0.0,C,3,5,0,6.0,Spring,12
3321,03-20-2026,C-07 Sailor Spikers,0,0,0,0.0,C,3,5,0,-4.0,Spring,13
3322,03-20-2026,C-14 Diva Slayers,0,0,0,0.0,C,3,5,0,-14.0,Spring,14
3323,03-20-2026,C-04 Peppa Dig,0,0,0,0.0,C,1,7,0,-41.0,Spring,15
3324,03-20-2026,C-09 The Netsons,0,0,0,0.0,C,1,7,0,-45.0,Spring,16
3325,03-20-2026,C-18 Straw Hat Striker,0,0,0,0.0,C,1,7,0,-47.0,Spring,17
3326,03-20-2026,C-15 Powerpuff Passers,0,0,0,0.0,C,0,8,0,-70.0,Spring,18
3327,03-27-2026,C-05 Dragon Ballz Deep,0,0,0,0.0,C,7,1,0,49.0,Spring,1
3328,03-27-2026,C-06 SpongeBall Spikepants,0,0,0,0.0,C,7,1,0,37.0,Spring,2
3329,03-27-2026,C-17 Scooby Do Me,0,0,0,0.0,C,6,2,0,35.0,Spring,3
3330,03-27-2026,C-01 Avatar: Net Benders,0,0,0,0.0,C,6,2,0,31.0,Spring,4
3331,03-27-2026,C-13 Thunder Kills,0,0,0,0.0,C,6,2,0,25.0,Spring,5
3332,03-27-2026,"C-03 Sugar, Spike and",0,0,0,0.0,C,5,3,0,9.0,Spring,6
3333,03-27-2026,C-12 The Magic Spikebus,0,0,0,0.0,C,5,3,0,9.0,Spring,7
3334,03-27-2026,C-11 Trans Performers,0,0,0,0.0,C,5,3,0,3.0,Spring,8
3335,03-27-2026,"C-02 Ed, Edd n Edging!",0,0,0,0.0,C,4,3,1,15.0,Spring,9
3336,03-27-2026,C-10 Courage the Cowardly Dig,0,0,0,0.0,C,4,3,1,0.0,Spring,10
3337,03-27-2026,C-16 The IncrediBalls,0,0,0,0.0,C,4,4,0,2.0,Spring,11
3338,03-27-2026,C-08 Blocker's Home for Unimaginative Hitters,0,0,0,0.0,C,3,5,0,6.0,Spring,12
3339,03-27-2026,C-07 Sailor Spikers,0,0,0,0.0,C,3,5,0,-4.0,Spring,13
3340,03-27-2026,C-14 Diva Slayers,0,0,0,0.0,C,3,5,0,-14.0,Spring,14
3341,03-27-2026,C-04 Peppa Dig,0,0,0,0.0,C,1,7,0,-41.0,Spring,15
3342,03-27-2026,C-09 The Netsons,0,0,0,0.0,C,1,7,0,-45.0,Spring,16
3343,03-27-2026,C-18 Straw Hat Striker,0,0,0,0.0,C,1,7,0,-47.0,Spring,17
3344,03-27-2026,C-15 Powerpuff Passers,0,0,0,0.0,C,0,8,0,-70.0,Spring,18
3345,04-10-2026,C-05 Dragon Ballz Deep,0,0,0,0.0,C,7,1,0,49.0,Spring,1
3346,04-10-2026,C-06 SpongeBall Spikepants,0,0,0,0.0,C,7,1,0,37.0,Spring,2
3347,04-10-2026,C-17 Scooby Do Me,0,0,0,0.0,C,6,2,0,35.0,Spring,3
3348,04-10-2026,C-01 Avatar: Net Benders,0,0,0,0.0,C,6,2,0,31.0,Spring,4
3349,04-10-2026,C-13 Thunder Kills,0,0,0,0.0,C,6,2,0,25.0,Spring,5
3350,04-10-2026,"C-03 Sugar, Spike and",0,0,0,0.0,C,5,3,0,9.0,Spring,6
3351,04-10-2026,C-12 The Magic Spikebus,0,0,0,0.0,C,5,3,0,9.0,Spring,7
3352,04-10-2026,C-11 Trans Performers,0,0,0,0.0,C,5,3,0,3.0,Spring,8
3353,04-10-2026,"C-02 Ed, Edd n Edging!",0,0,0,0.0,C,4,3,1,15.0,Spring,9
3354,04-10-2026,C-10 Courage the Cowardly Dig,0,0,0,0.0,C,4,3,1,0.0,Spring,10
3355,04-10-2026,C-16 The IncrediBalls,0,0,0,0.0,C,4,4,0,2.0,Spring,11
3356,04-10-2026,C-08 Blocker's Home for Unimaginative Hitters,0,0,0,0.0,C,3,5,0,6.0,Spring,12
3357,04-10-2026,C-07 Sailor Spikers,0,0,0,0.0,C,3,5,0,-4.0,Spring,13
3358,04-10-2026,C-14 Diva Slayers,0,0,0,0.0,C,3,5,0,-14.0,Spring,14
3359,04-10-2026,C-04 Peppa Dig,0,0,0,0.0,C,1,7,0,-41.0,Spring,15
3360,04-10-2026,C-09 The Netsons,0,0,0,0.0,C,1,7,0,-45.0,Spring,16
3361,04-10-2026,C-18 Straw Hat Striker,0,0,0,0.0,C,1,7,0,-47.0,Spring,17
3362,04-10-2026,C-15 Powerpuff Passers,0,0,0,0.0,C,0,8,0,-70.0,Spring,18
3363,04-17-2026,C-05 Dragon Ballz Deep,0,0,0,0.0,C,7,1,0,49.0,Spring,1
3364,04-17-2026,C-06 SpongeBall Spikepants,0,0,0,0.0,C,7,1,0,37.0,Spring,2
3365,04-17-2026,C-17 Scooby Do Me,0,0,0,0.0,C,6,2,0,35.0,Spring,3
3366,04-17-2026,C-01 Avatar: Net Benders,0,0,0,0.0,C,6,2,0,31.0,Spring,4
3367,04-17-2026,C-13 Thunder Kills,0,0,0,0.0,C,6,2,0,25.0,Spring,5
3368,04-17-2026,"C-03 Sugar, Spike and",0,0,0,0.0,C,5,3,0,9.0,Spring,6
3369,04-17-2026,C-12 The Magic Spikebus,0,0,0,0.0,C,5,3,0,9.0,Spring,7
3370,04-17-2026,C-11 Trans Performers,0,0,0,0.0,C,5,3,0,3.0,Spring,8
3371,04-17-2026,"C-02 Ed, Edd n Edging!",0,0,0,0.0,C,4,3,1,15.0,Spring,9
3372,04-17-2026,C-10 Courage the Cowardly Dig,0,0,0,0.0,C,4,3,1,0.0,Spring,10
3373,04-17-2026,C-16 The IncrediBalls,0,0,0,0.0,C,4,4,0,2.0,Spring,11
3374,04-17-2026,C-08 Blocker's Home for Unimaginative Hitters,0,0,0,0.0,C,3,5,0,6.0,Spring,12
3375,04-17-2026,C-07 Sailor Spikers,0,0,0,0.0,C,3,5,0,-4.0,Spring,13
3376,04-17-2026,C-14 Diva Slayers,0,0,0,0.0,C,3,5,0,-14.0,Spring,14
3377,04-17-2026,C-04 Peppa Dig,0,0,0,0.0,C,1,7,0,-41.0,Spring,15
3378,04-17-2026,C-09 The Netsons,0,0,0,0.0,C,1,7,0,-45.0,Spring,16
3379,04-17-2026,C-18 Straw Hat Striker,0,0,0,0.0,C,1,7,0,-47.0,Spring,17
3380,04-17-2026,C-15 Powerpuff Passers,0,0,0,0.0,C,0,8,0,-70.0,Spring,18
3381,04-24-2026,C-05 Dragon Ballz Deep,0,0,0,0.0,C,7,1,0,49.0,Spring,1
3382,04-24-2026,C-06 SpongeBall Spikepants,0,0,0,0.0,C,7,1,0,37.0,Spring,2
3383,04-24-2026,C-17 Scooby Do Me,0,0,0,0.0,C,6,2,0,35.0,Spring,3
3384,04-24-2026,C-01 Avatar: Net Benders,0,0,0,0.0,C,6,2,0,31.0,Spring,4
3385,04-24-2026,C-13 Thunder Kills,0,0,0,0.0,C,6,2,0,25.0,Spring,5
3386,04-24-2026,"C-03 Sugar, Spike and",0,0,0,0.0,C,5,3,0,9.0,Spring,6
3387,04-24-2026,C-12 The Magic Spikebus,0,0,0,0.0,C,5,3,0,9.0,Spring,7
3388,04-24-2026,C-11 Trans Performers,0,0,0,0.0,C,5,3,0,3.0,Spring,8
3389,04-24-2026,"C-02 Ed, Edd n Edging!",0,0,0,0.0,C,4,3,1,15.0,Spring,9
3390,04-24-2026,C-10 Courage the Cowardly Dig,0,0,0,0.0,C,4,3,1,0.0,Spring,10
3391,04-24-2026,C-16 The IncrediBalls,0,0,0,0.0,C,4,4,0,2.0,Spring,11
3392,04-24-2026,C-08 Blocker's Home for Unimaginative Hitters,0,0,0,0.0,C,3,5,0,6.0,Spring,12
3393,04-24-2026,C-07 Sailor Spikers,0,0,0,0.0,C,3,5,0,-4.0,Spring,13
3394,04-24-2026,C-14 Diva Slayers,0,0,0,0.0,C,3,5,0,-14.0,Spring,14
3395,04-24-2026,C-04 Peppa Dig,0,0,0,0.0,C,1,7,0,-41.0,Spring,15
3396,04-24-2026,C-09 The Netsons,0,0,0,0.0,C,1,7,0,-45.0,Spring,16
3397,04-24-2026,C-18 Straw Hat Striker,0,0,0,0.0,C,1,7,0,-47.0,Spring,17
3398,04-24-2026,C-15 Powerpuff Passers,0,0,0,0.0,C,0,8,0,-70.0,Spring,18
3399,01-23-2026,E-06-Kegel Crushers,0,0,0,0.0,E,0,0,0,0.0,Spring,1
3400,01-23-2026,"E-05-Spot Me Outside, How Bout That",0,0,0,0.0,E,0,0,0,0.0,Spring,2
3401,01-23-2026,E-04-Pump & Dump,0,0,0,0.0,E,0,0,0,0.0,Spring,3
3402,01-23-2026,E-02-Pull Up (But Don’t Pull Out),0,0,0,0.0,E,0,0,0,0.0,Spring,4
3403,01-23-2026,E-01-Squatty Hawties,0,0,0,0.0,E,0,0,0,0.0,Spring,5
3404,01-23-2026,E-03,0,0,0,0.0,E,0,0,0,0.0,Spring,6
3405,01-30-2026,E-04-Pump & Dump,4,0,0,16.0,E,4,0,0,16.0,Spring,1
3406,01-30-2026,E-06-Kegel Crushers,3,1,0,9.0,E,3,1,0,9.0,Spring,2
3407,01-30-2026,E-03,2,2,0,8.0,E,2,2,0,8.0,Spring,3
3408,01-30-2026,"E-05-Spot Me Outside, How Bout That",2,2,0,0.0,E,2,2,0,0.0,Spring,4
3409,01-30-2026,E-02-Pull Up (But Don’t Pull Out),1,3,0,-17.0,E,1,3,0,-17.0,Spring,5
3410,01-30-2026,E-01-Squatty Hawties,0,4,0,-16.0,E,0,4,0,-16.0,Spring,6
3411,02-06-2026,E-04-Pump & Dump,3,1,0,25.0,E,7,1,0,41.0,Spring,1
3412,02-06-2026,E-06-Kegel Crushers,2,2,0,1.0,E,5,3,0,10.0,Spring,2
3413,02-06-2026,E-02-Pull Up (But Don’t Pull Out),3,1,0,9.0,E,4,4,0,-8.0,Spring,3
3414,02-06-2026,E-01-Squatty Hawties,3,1,0,7.0,E,3,5,0,-9.0,Spring,4
3415,02-06-2026,"E-05-Spot Me Outside, How Bout That",1,3,0,-10.0,E,3,5,0,-10.0,Spring,5
3416,02-06-2026,E-03,0,4,0,-32.0,E,2,6,0,-24.0,Spring,6
3417,02-20-2026,E-04-Pump & Dump,0,0,0,0.0,E,7,1,0,41.0,Spring,1
3418,02-20-2026,E-06-Kegel Crushers,0,0,0,0.0,E,5,3,0,10.0,Spring,2
3419,02-20-2026,E-02-Pull Up (But Don’t Pull Out),0,0,0,0.0,E,4,4,0,-8.0,Spring,3
3420,02-20-2026,E-01-Squatty Hawties,0,0,0,0.0,E,3,5,0,-9.0,Spring,4
3421,02-20-2026,"E-05-Spot Me Outside, How Bout That",0,0,0,0.0,E,3,5,0,-10.0,Spring,5
3422,02-20-2026,E-03,0,0,0,0.0,E,2,6,0,-24.0,Spring,6
3423,02-27-2026,E-04-Pump & Dump,0,0,0,0.0,E,7,1,0,41.0,Spring,1
3424,02-27-2026,E-06-Kegel Crushers,0,0,0,0.0,E,5,3,0,10.0,Spring,2
3425,02-27-2026,E-02-Pull Up (But Don’t Pull Out),0,0,0,0.0,E,4,4,0,-8.0,Spring,3
3426,02-27-2026,E-01-Squatty Hawties,0,0,0,0.0,E,3,5,0,-9.0,Spring,4
3427,02-27-2026,"E-05-Spot Me Outside, How Bout That",0,0,0,0.0,E,3,5,0,-10.0,Spring,5
3428,02-27-2026,E-03,0,0,0,0.0,E,2,6,0,-24.0,Spring,6
3429,03-06-2026,E-04-Pump & Dump,0,0,0,0.0,E,7,1,0,41.0,Spring,1
3430,03-06-2026,E-06-Kegel Crushers,0,0,0,0.0,E,5,3,0,10.0,Spring,2
3431,03-06-2026,E-02-Pull Up (But Don’t Pull Out),0,0,0,0.0,E,4,4,0,-8.0,Spring,3
3432,03-06-2026,E-01-Squatty Hawties,0,0,0,0.0,E,3,5,0,-9.0,Spring,4
3433,03-06-2026,"E-05-Spot Me Outside, How Bout That",0,0,0,0.0,E,3,5,0,-10.0,Spring,5
3434,03-06-2026,E-03,0,0,0,0.0,E,2,6,0,-24.0,Spring,6
3435,03-20-2026,E-04-Pump & Dump,0,0,0,0.0,E,7,1,0,41.0,Spring,1
3436,03-20-2026,E-06-Kegel Crushers,0,0,0,0.0,E,5,3,0,10.0,Spring,2
3437,03-20-2026,E-02-Pull Up (But Don’t Pull Out),0,0,0,0.0,E,4,4,0,-8.0,Spring,3
3438,03-20-2026,E-01-Squatty Hawties,0,0,0,0.0,E,3,5,0,-9.0,Spring,4
3439,03-20-2026,"E-05-Spot Me Outside, How Bout That",0,0,0,0.0,E,3,5,0,-10.0,Spring,5
3440,03-20-2026,E-03,0,0,0,0.0,E,2,6,0,-24.0,Spring,6
3441,03-27-2026,E-04-Pump & Dump,0,0,0,0.0,E,7,1,0,41.0,Spring,1
3442,03-27-2026,E-06-Kegel Crushers,0,0,0,0.0,E,5,3,0,10.0,Spring,2
3443,03-27-2026,E-02-Pull Up (But Don’t Pull Out),0,0,0,0.0,E,4,4,0,-8.0,Spring,3
3444,03-27-2026,E-01-Squatty Hawties,0,0,0,0.0,E,3,5,0,-9.0,Spring,4
3445,03-27-2026,"E-05-Spot Me Outside, How Bout That",0,0,0,0.0,E,3,5,0,-10.0,Spring,5
3446,03-27-2026,E-03,0,0,0,0.0,E,2,6,0,-24.0,Spring,6
3447,04-10-2026,E-04-Pump & Dump,0,0,0,0.0,E,7,1,0,41.0,Spring,1
3448,04-10-2026,E-06-Kegel Crushers,0,0,0,0.0,E,5,3,0,10.0,Spring,2
3449,04-10-2026,E-02-Pull Up (But Don’t Pull Out),0,0,0,0.0,E,4,4,0,-8.0,Spring,3
3450,04-10-2026,E-01-Squatty Hawties,0,0,0,0.0,E,3,5,0,-9.0,Spring,4
3451,04-10-2026,"E-05-Spot Me Outside, How Bout That",0,0,0,0.0,E,3,5,0,-10.0,Spring,5
3452,04-10-2026,E-03,0,0,0,0.0,E,2,6,0,-24.0,Spring,6
3453,04-17-2026,E-04-Pump & Dump,0,0,0,0.0,E,7,1,0,41.0,Spring,1
3454,04-17-2026,E-06-Kegel Crushers,0,0,0,0.0,E,5,3,0,10.0,Spring,2
3455,04-17-2026,E-02-Pull Up (But Don’t Pull Out),0,0,0,0.0,E,4,4,0,-8.0,Spring,3
3456,04-17-2026,E-01-Squatty Hawties,0,0,0,0.0,E,3,5,0,-9.0,Spring,4
3457,04-17-2026,"E-05-Spot Me Outside, How Bout That",0,0,0,0.0,E,3,5,0,-10.0,Spring,5
3458,04-17-2026,E-03,0,0,0,0.0,E,2,6,0,-24.0,Spring,6
3459,04-24-2026,E-04-Pump & Dump,0,0,0,0.0,E,7,1,0,41.0,Spring,1
3460,04-24-2026,E-06-Kegel Crushers,0,0,0,0.0,E,5,3,0,10.0,Spring,2
3461,04-24-2026,E-02-Pull Up (But Don’t Pull Out),0,0,0,0.0,E,4,4,0,-8.0,Spring,3
3462,04-24-2026,E-01-Squatty Hawties,0,0,0,0.0,E,3,5,0,-9.0,Spring,4
3463,04-24-2026,"E-05-Spot Me Outside, How Bout That",0,0,0,0.0,E,3,5,0,-10.0,Spring,5
3464,04-24-2026,E-03,0,0,0,0.0,E,2,6,0,-24.0,Spring,6
3465,01-23-2026,I-15 Waka Waka,0,0,0,0.0,I,0,0,0,0.0,Spring,1
3466,01-23-2026,I-14 Super Spike Bros,0,0,0,0.0,I,0,0,0,0.0,Spring,2
3467,01-23-2026,I-13 Play Station Spikers,0,0,0,0.0,I,0,0,0,0.0,Spring,3
3468,01-23-2026,I-12 Arcade Spikers,0,0,0,0.0,I,0,0,0,0.0,Spring,4
3469,01-23-2026,I-11 Kirby s Dream Spikers,0,0,0,0.0,I,0,0,0,0.0,Spring,5
3470,01-23-2026,I-10 Volley pong,0,0,0,0.0,I,0,0,0,0.0,Spring,6
3471,01-23-2026,I-09 Super Smash Serves,0,0,0,0.0,I,0,0,0,0.0,Spring,7
3472,01-23-2026,I-08 Street Spikers,0,0,0,0.0,I,0,0,0,0.0,Spring,8
3473,01-23-2026,I-07 Ace Invaders,0,0,0,0.0,I,0,0,0,0.0,Spring,9
3474,01-23-2026,I-06 Spyro Spikers,0,0,0,0.0,I,0,0,0,0.0,Spring,10
3475,01-23-2026,I-04 Hyrule Hitters,0,0,0,0.0,I,0,0,0,0.0,Spring,11
3476,01-23-2026,I-05 It's On Like Donkey Kong,0,0,0,0.0,I,0,0,0,0.0,Spring,12
3477,01-23-2026,I-03 Super Sets Bros,0,0,0,0.0,I,0,0,0,0.0,Spring,13
3478,01-23-2026,I-02 Rainbow Road Runners,0,0,0,0.0,I,0,0,0,0.0,Spring,14
3479,01-23-2026,I-01 Slay Station,0,0,0,0.0,I,0,0,0,0.0,Spring,15
3480,01-30-2026,I-08 Street Spikers,4,0,0,14.0,I,4,0,0,14.0,Spring,1
3481,01-30-2026,I-02 Rainbow Road Runners,3,1,0,26.0,I,3,1,0,26.0,Spring,2
3482,01-30-2026,I-03 Super Sets Bros,3,1,0,12.0,I,3,1,0,12.0,Spring,3
3483,01-30-2026,I-07 Ace Invaders,3,1,0,8.0,I,3,1,0,8.0,Spring,4
3484,01-30-2026,I-10 Volley pong,3,1,0,8.0,I,3,1,0,8.0,Spring,5
3485,01-30-2026,I-14 Super Spike Bros,2,2,0,18.0,I,2,2,0,18.0,Spring,6
3486,01-30-2026,I-06 Spyro Spikers,2,2,0,2.0,I,2,2,0,2.0,Spring,7
3487,01-30-2026,I-15 Waka Waka,2,2,0,-6.0,I,2,2,0,-6.0,Spring,8
3488,01-30-2026,I-13 Play Station Spikers,2,2,0,-10.0,I,2,2,0,-10.0,Spring,9
3489,01-30-2026,I-11 Kirby s Dream Spikers,1,3,0,6.0,I,1,3,0,6.0,Spring,10
3490,01-30-2026,I-09 Super Smash Serves,1,3,0,-6.0,I,1,3,0,-6.0,Spring,11
3491,01-30-2026,I-05 It's On Like Donkey Kong,1,3,0,-10.0,I,1,3,0,-10.0,Spring,12
3492,01-30-2026,I-04 Hyrule Hitters,1,3,0,-16.0,I,1,3,0,-16.0,Spring,13
3493,01-30-2026,I-01 Slay Station,1,3,0,-20.0,I,1,3,0,-20.0,Spring,14
3494,01-30-2026,I-12 Arcade Spikers,1,3,0,-26.0,I,1,3,0,-26.0,Spring,15
3495,02-06-2026,I-14 Super Spike Bros,4,0,0,34.0,I,6,2,0,52.0,Spring,1
3496,02-06-2026,I-06 Spyro Spikers,4,0,0,32.0,I,6,2,0,34.0,Spring,2
3497,02-06-2026,I-03 Super Sets Bros,3,1,0,13.0,I,6,2,0,25.0,Spring,3
3498,02-06-2026,I-08 Street Spikers,2,2,0,-1.0,I,6,2,0,13.0,Spring,4
3499,02-06-2026,I-02 Rainbow Road Runners,2,2,0,2.0,I,5,3,0,28.0,Spring,5
3500,02-06-2026,I-15 Waka Waka,3,1,0,23.0,I,5,3,0,17.0,Spring,6
3501,02-06-2026,I-10 Volley pong,2,2,0,-4.0,I,5,3,0,4.0,Spring,7
3502,02-06-2026,I-05 It's On Like Donkey Kong,3,1,0,9.0,I,4,4,0,-1.0,Spring,8
3503,02-06-2026,I-07 Ace Invaders,1,3,0,-15.0,I,4,4,0,-7.0,Spring,9
3504,02-06-2026,I-04 Hyrule Hitters,2,2,0,11.0,I,3,5,0,-5.0,Spring,10
3505,02-06-2026,I-09 Super Smash Serves,2,2,0,-1.0,I,3,5,0,-7.0,Spring,11
3506,02-06-2026,I-12 Arcade Spikers,2,2,0,-8.0,I,3,5,0,-34.0,Spring,12
3507,02-06-2026,I-13 Play Station Spikers,0,4,0,-22.0,I,2,6,0,-32.0,Spring,13
3508,02-06-2026,I-11 Kirby s Dream Spikers,0,4,0,-28.0,I,1,7,0,-22.0,Spring,14
3509,02-06-2026,I-01 Slay Station,0,4,0,-45.0,I,1,7,0,-65.0,Spring,15
3510,02-20-2026,I-14 Super Spike Bros,0,0,0,0.0,I,6,2,0,52.0,Spring,1
3511,02-20-2026,I-06 Spyro Spikers,0,0,0,0.0,I,6,2,0,34.0,Spring,2
3512,02-20-2026,I-03 Super Sets Bros,0,0,0,0.0,I,6,2,0,25.0,Spring,3
3513,02-20-2026,I-08 Street Spikers,0,0,0,0.0,I,6,2,0,13.0,Spring,4
3514,02-20-2026,I-02 Rainbow Road Runners,0,0,0,0.0,I,5,3,0,28.0,Spring,5
3515,02-20-2026,I-15 Waka Waka,0,0,0,0.0,I,5,3,0,17.0,Spring,6
3516,02-20-2026,I-10 Volley pong,0,0,0,0.0,I,5,3,0,4.0,Spring,7
3517,02-20-2026,I-05 It's On Like Donkey Kong,0,0,0,0.0,I,4,4,0,-1.0,Spring,8
3518,02-20-2026,I-07 Ace Invaders,0,0,0,0.0,I,4,4,0,-7.0,Spring,9
3519,02-20-2026,I-04 Hyrule Hitters,0,0,0,0.0,I,3,5,0,-5.0,Spring,10
3520,02-20-2026,I-09 Super Smash Serves,0,0,0,0.0,I,3,5,0,-7.0,Spring,11
3521,02-20-2026,I-12 Arcade Spikers,0,0,0,0.0,I,3,5,0,-34.0,Spring,12
3522,02-20-2026,I-13 Play Station Spikers,0,0,0,0.0,I,2,6,0,-32.0,Spring,13
3523,02-20-2026,I-11 Kirby s Dream Spikers,0,0,0,0.0,I,1,7,0,-22.0,Spring,14
3524,02-20-2026,I-01 Slay Station,0,0,0,0.0,I,1,7,0,-65.0,Spring,15
3525,02-27-2026,I-14 Super Spike Bros,0,0,0,0.0,I,6,2,0,52.0,Spring,1
3526,02-27-2026,I-06 Spyro Spikers,0,0,0,0.0,I,6,2,0,34.0,Spring,2
3527,02-27-2026,I-03 Super Sets Bros,0,0,0,0.0,I,6,2,0,25.0,Spring,3
3528,02-27-2026,I-08 Street Spikers,0,0,0,0.0,I,6,2,0,13.0,Spring,4
3529,02-27-2026,I-02 Rainbow Road Runners,0,0,0,0.0,I,5,3,0,28.0,Spring,5
3530,02-27-2026,I-15 Waka Waka,0,0,0,0.0,I,5,3,0,17.0,Spring,6
3531,02-27-2026,I-10 Volley pong,0,0,0,0.0,I,5,3,0,4.0,Spring,7
3532,02-27-2026,I-05 It's On Like Donkey Kong,0,0,0,0.0,I,4,4,0,-1.0,Spring,8
3533,02-27-2026,I-07 Ace Invaders,0,0,0,0.0,I,4,4,0,-7.0,Spring,9
3534,02-27-2026,I-04 Hyrule Hitters,0,0,0,0.0,I,3,5,0,-5.0,Spring,10
3535,02-27-2026,I-09 Super Smash Serves,0,0,0,0.0,I,3,5,0,-7.0,Spring,11
3536,02-27-2026,I-12 Arcade Spikers,0,0,0,0.0,I,3,5,0,-34.0,Spring,12
3537,02-27-2026,I-13 Play Station Spikers,0,0,0,0.0,I,2,6,0,-32.0,Spring,13
3538,02-27-2026,I-11 Kirby s Dream Spikers,0,0,0,0.0,I,1,7,0,-22.0,Spring,14
3539,02-27-2026,I-01 Slay Station,0,0,0,0.0,I,1,7,0,-65.0,Spring,15
3540,03-06-2026,I-14 Super Spike Bros,0,0,0,0.0,I,6,2,0,52.0,Spring,1
3541,03-06-2026,I-06 Spyro Spikers,0,0,0,0.0,I,6,2,0,34.0,Spring,2
3542,03-06-2026,I-03 Super Sets Bros,0,0,0,0.0,I,6,2,0,25.0,Spring,3
3543,03-06-2026,I-08 Street Spikers,0,0,0,0.0,I,6,2,0,13.0,Spring,4
3544,03-06-2026,I-02 Rainbow Road Runners,0,0,0,0.0,I,5,3,0,28.0,Spring,5
3545,03-06-2026,I-15 Waka Waka,0,0,0,0.0,I,5,3,0,17.0,Spring,6
3546,03-06-2026,I-10 Volley pong,0,0,0,0.0,I,5,3,0,4.0,Spring,7
3547,03-06-2026,I-05 It's On Like Donkey Kong,0,0,0,0.0,I,4,4,0,-1.0,Spring,8
3548,03-06-2026,I-07 Ace Invaders,0,0,0,0.0,I,4,4,0,-7.0,Spring,9
3549,03-06-2026,I-04 Hyrule Hitters,0,0,0,0.0,I,3,5,0,-5.0,Spring,10
3550,03-06-2026,I-09 Super Smash Serves,0,0,0,0.0,I,3,5,0,-7.0,Spring,11
3551,03-06-2026,I-12 Arcade Spikers,0,0,0,0.0,I,3,5,0,-34.0,Spring,12
3552,03-06-2026,I-13 Play Station Spikers,0,0,0,0.0,I,2,6,0,-32.0,Spring,13
3553,03-06-2026,I-11 Kirby s Dream Spikers,0,0,0,0.0,I,1,7,0,-22.0,Spring,14
3554,03-06-2026,I-01 Slay Station,0,0,0,0.0,I,1,7,0,-65.0,Spring,15
3555,03-20-2026,I-14 Super Spike Bros,0,0,0,0.0,I,6,2,0,52.0,Spring,1
3556,03-20-2026,I-06 Spyro Spikers,0,0,0,0.0,I,6,2,0,34.0,Spring,2
3557,03-20-2026,I-03 Super Sets Bros,0,0,0,0.0,I,6,2,0,25.0,Spring,3
3558,03-20-2026,I-08 Street Spikers,0,0,0,0.0,I,6,2,0,13.0,Spring,4
3559,03-20-2026,I-02 Rainbow Road Runners,0,0,0,0.0,I,5,3,0,28.0,Spring,5
3560,03-20-2026,I-15 Waka Waka,0,0,0,0.0,I,5,3,0,17.0,Spring,6
3561,03-20-2026,I-10 Volley pong,0,0,0,0.0,I,5,3,0,4.0,Spring,7
3562,03-20-2026,I-05 It's On Like Donkey Kong,0,0,0,0.0,I,4,4,0,-1.0,Spring,8
3563,03-20-2026,I-07 Ace Invaders,0,0,0,0.0,I,4,4,0,-7.0,Spring,9
3564,03-20-2026,I-04 Hyrule Hitters,0,0,0,0.0,I,3,5,0,-5.0,Spring,10
3565,03-20-2026,I-09 Super Smash Serves,0,0,0,0.0,I,3,5,0,-7.0,Spring,11
3566,03-20-2026,I-12 Arcade Spikers,0,0,0,0.0,I,3,5,0,-34.0,Spring,12
3567,03-20-2026,I-13 Play Station Spikers,0,0,0,0.0,I,2,6,0,-32.0,Spring,13
3568,03-20-2026,I-11 Kirby s Dream Spikers,0,0,0,0.0,I,1,7,0,-22.0,Spring,14
3569,03-20-2026,I-01 Slay Station,0,0,0,0.0,I,1,7,0,-65.0,Spring,15
3570,03-27-2026,I-14 Super Spike Bros,0,0,0,0.0,I,6,2,0,52.0,Spring,1
3571,03-27-2026,I-06 Spyro Spikers,0,0,0,0.0,I,6,2,0,34.0,Spring,2
3572,03-27-2026,I-03 Super Sets Bros,0,0,0,0.0,I,6,2,0,25.0,Spring,3
3573,03-27-2026,I-08 Street Spikers,0,0,0,0.0,I,6,2,0,13.0,Spring,4
3574,03-27-2026,I-02 Rainbow Road Runners,0,0,0,0.0,I,5,3,0,28.0,Spring,5
3575,03-27-2026,I-15 Waka Waka,0,0,0,0.0,I,5,3,0,17.0,Spring,6
3576,03-27-2026,I-10 Volley pong,0,0,0,0.0,I,5,3,0,4.0,Spring,7
3577,03-27-2026,I-05 It's On Like Donkey Kong,0,0,0,0.0,I,4,4,0,-1.0,Spring,8
3578,03-27-2026,I-07 Ace Invaders,0,0,0,0.0,I,4,4,0,-7.0,Spring,9
3579,03-27-2026,I-04 Hyrule Hitters,0,0,0,0.0,I,3,5,0,-5.0,Spring,10
3580,03-27-2026,I-09 Super Smash Serves,0,0,0,0.0,I,3,5,0,-7.0,Spring,11
3581,03-27-2026,I-12 Arcade Spikers,0,0,0,0.0,I,3,5,0,-34.0,Spring,12
3582,03-27-2026,I-13 Play Station Spikers,0,0,0,0.0,I,2,6,0,-32.0,Spring,13
3583,03-27-2026,I-11 Kirby s Dream Spikers,0,0,0,0.0,I,1,7,0,-22.0,Spring,14
3584,03-27-2026,I-01 Slay Station,0,0,0,0.0,I,1,7,0,-65.0,Spring,15
3585,04-10-2026,I-14 Super Spike Bros,0,0,0,0.0,I,6,2,0,52.0,Spring,1
3586,04-10-2026,I-06 Spyro Spikers,0,0,0,0.0,I,6,2,0,34.0,Spring,2
3587,04-10-2026,I-03 Super Sets Bros,0,0,0,0.0,I,6,2,0,25.0,Spring,3
3588,04-10-2026,I-08 Street Spikers,0,0,0,0.0,I,6,2,0,13.0,Spring,4
3589,04-10-2026,I-02 Rainbow Road Runners,0,0,0,0.0,I,5,3,0,28.0,Spring,5
3590,04-10-2026,I-15 Waka Waka,0,0,0,0.0,I,5,3,0,17.0,Spring,6
3591,04-10-2026,I-10 Volley pong,0,0,0,0.0,I,5,3,0,4.0,Spring,7
3592,04-10-2026,I-05 It's On Like Donkey Kong,0,0,0,0.0,I,4,4,0,-1.0,Spring,8
3593,04-10-2026,I-07 Ace Invaders,0,0,0,0.0,I,4,4,0,-7.0,Spring,9
3594,04-10-2026,I-04 Hyrule Hitters,0,0,0,0.0,I,3,5,0,-5.0,Spring,10
3595,04-10-2026,I-09 Super Smash Serves,0,0,0,0.0,I,3,5,0,-7.0,Spring,11
3596,04-10-2026,I-12 Arcade Spikers,0,0,0,0.0,I,3,5,0,-34.0,Spring,12
3597,04-10-2026,I-13 Play Station Spikers,0,0,0,0.0,I,2,6,0,-32.0,Spring,13
3598,04-10-2026,I-11 Kirby s Dream Spikers,0,0,0,0.0,I,1,7,0,-22.0,Spring,14
3599,04-10-2026,I-01 Slay Station,0,0,0,0.0,I,1,7,0,-65.0,Spring,15
3600,04-17-2026,I-14 Super Spike Bros,0,0,0,0.0,I,6,2,0,52.0,Spring,1
3601,04-17-2026,I-06 Spyro Spikers,0,0,0,0.0,I,6,2,0,34.0,Spring,2
3602,04-17-2026,I-03 Super Sets Bros,0,0,0,0.0,I,6,2,0,25.0,Spring,3
3603,04-17-2026,I-08 Street Spikers,0,0,0,0.0,I,6,2,0,13.0,Spring,4
3604,04-17-2026,I-02 Rainbow Road Runners,0,0,0,0.0,I,5,3,0,28.0,Spring,5
3605,04-17-2026,I-15 Waka Waka,0,0,0,0.0,I,5,3,0,17.0,Spring,6
3606,04-17-2026,I-10 Volley pong,0,0,0,0.0,I,5,3,0,4.0,Spring,7
3607,04-17-2026,I-05 It's On Like Donkey Kong,0,0,0,0.0,I,4,4,0,-1.0,Spring,8
3608,04-17-2026,I-07 Ace Invaders,0,0,0,0.0,I,4,4,0,-7.0,Spring,9
3609,04-17-2026,I-04 Hyrule Hitters,0,0,0,0.0,I,3,5,0,-5.0,Spring,10
3610,04-17-2026,I-09 Super Smash Serves,0,0,0,0.0,I,3,5,0,-7.0,Spring,11
3611,04-17-2026,I-12 Arcade Spikers,0,0,0,0.0,I,3,5,0,-34.0,Spring,12
3612,04-17-2026,I-13 Play Station Spikers,0,0,0,0.0,I,2,6,0,-32.0,Spring,13
3613,04-17-2026,I-11 Kirby s Dream Spikers,0,0,0,0.0,I,1,7,0,-22.0,Spring,14
3614,04-17-2026,I-01 Slay Station,0,0,0,0.0,I,1,7,0,-65.0,Spring,15
3615,04-24-2026,I-14 Super Spike Bros,0,0,0,0.0,I,6,2,0,52.0,Spring,1
3616,04-24-2026,I-06 Spyro Spikers,0,0,0,0.0,I,6,2,0,34.0,Spring,2
3617,04-24-2026,I-03 Super Sets Bros,0,0,0,0.0,I,6,2,0,25.0,Spring,3
3618,04-24-2026,I-08 Street Spikers,0,0,0,0.0,I,6,2,0,13.0,Spring,4
3619,04-24-2026,I-02 Rainbow Road Runners,0,0,0,0.0,I,5,3,0,28.0,Spring,5
3620,04-24-2026,I-15 Waka Waka,0,0,0,0.0,I,5,3,0,17.0,Spring,6
3621,04-24-2026,I-10 Volley pong,0,0,0,0.0,I,5,3,0,4.0,Spring,7
3622,04-24-2026,I-05 It's On Like Donkey Kong,0,0,0,0.0,I,4,4,0,-1.0,Spring,8
3623,04-24-2026,I-07 Ace Invaders,0,0,0,0.0,I,4,4,0,-7.0,Spring,9
3624,04-24-2026,I-04 Hyrule Hitters,0,0,0,0.0,I,3,5,0,-5.0,Spring,10
3625,04-24-2026,I-09 Super Smash Serves,0,0,0,0.0,I,3,5,0,-7.0,Spring,11
3626,04-24-2026,I-12 Arcade Spikers,0,0,0,0.0,I,3,5,0,-34.0,Spring,12
3627,04-24-2026,I-13 Play Station Spikers,0,0,0,0.0,I,2,6,0,-32.0,Spring,13
3628,04-24-2026,I-11 Kirby s Dream Spikers,0,0,0,0.0,I,1,7,0,-22.0,Spring,14
3629,04-24-2026,I-01 Slay Station,0,0,0,0.0,I,1,7,0,-65.0,Spring,15
3630,01-23-2026,P-09 Don Julio’s,0,0,0,0.0,P,0,0,0,0.0,Spring,1
3631,01-23-2026,P-08 Baddie baddie shot o’clock,0,0,0,0.0,P,0,0,0,0.0,Spring,2
3632,01-23-2026,P-07 Whiskey Business,0,0,0,0.0,P,0,0,0,0.0,Spring,3
3633,01-23-2026,P-06,0,0,0,0.0,P,0,0,0,0.0,Spring,4
3634,01-23-2026,P-05,0,0,0,0.0,P,0,0,0,0.0,Spring,5
3635,01-23-2026,P-04 Aperol Spikez,0,0,0,0.0,P,0,0,0,0.0,Spring,6
3636,01-23-2026,P-03 Serving Neat and Naked,0,0,0,0.0,P,0,0,0,0.0,Spring,7
3637,01-23-2026,P-02 Serve Me Daddy,0,0,0,0.0,P,0,0,0,0.0,Spring,8
3638,01-23-2026,P-01,0,0,0,0.0,P,0,0,0,0.0,Spring,9
3639,01-30-2026,P-07 Whiskey Business,4,0,0,41.0,P,4,0,0,41.0,Spring,1
3640,01-30-2026,P-09 Don Julio’s,3,1,0,23.0,P,3,1,0,23.0,Spring,2
3641,01-30-2026,P-06,3,1,0,20.0,P,3,1,0,20.0,Spring,3
3642,01-30-2026,P-08 Baddie baddie shot o’clock,3,1,0,17.0,P,3,1,0,17.0,Spring,4
3643,01-30-2026,P-05,2,2,0,1.0,P,2,2,0,1.0,Spring,5
3644,01-30-2026,P-02 Serve Me Daddy,1,3,0,-18.0,P,1,3,0,-18.0,Spring,6
3645,01-30-2026,P-04 Aperol Spikez,1,3,0,-20.0,P,1,3,0,-20.0,Spring,7
3646,01-30-2026,P-01,1,3,0,-21.0,P,1,3,0,-21.0,Spring,8
3647,01-30-2026,P-03 Serving Neat and Naked,0,4,0,-43.0,P,0,4,0,-43.0,Spring,9
3648,02-06-2026,P-09 Don Julio’s,3,0,1,24.0,P,6,1,1,47.0,Spring,1
3649,02-06-2026,P-07 Whiskey Business,2,2,0,11.0,P,6,2,0,52.0,Spring,2
3650,02-06-2026,P-08 Baddie baddie shot o’clock,3,1,0,21.0,P,6,2,0,38.0,Spring,3
3651,02-06-2026,P-06,3,1,0,14.0,P,6,2,0,34.0,Spring,4
3652,02-06-2026,P-01,2,1,1,8.0,P,3,4,1,-13.0,Spring,5
3653,02-06-2026,P-04 Aperol Spikez,2,2,0,5.0,P,3,5,0,-15.0,Spring,6
3654,02-06-2026,P-05,0,4,0,-32.0,P,2,6,0,-31.0,Spring,7
3655,02-06-2026,P-02 Serve Me Daddy,1,3,0,-25.0,P,2,6,0,-43.0,Spring,8
3656,02-06-2026,P-03 Serving Neat and Naked,1,3,0,-26.0,P,1,7,0,-69.0,Spring,9
3657,02-20-2026,P-09 Don Julio’s,0,0,0,0.0,P,6,1,1,47.0,Spring,1
3658,02-20-2026,P-07 Whiskey Business,0,0,0,0.0,P,6,2,0,52.0,Spring,2
3659,02-20-2026,P-08 Baddie baddie shot o’clock,0,0,0,0.0,P,6,2,0,38.0,Spring,3
3660,02-20-2026,P-06,0,0,0,0.0,P,6,2,0,34.0,Spring,4
3661,02-20-2026,P-01,0,0,0,0.0,P,3,4,1,-13.0,Spring,5
3662,02-20-2026,P-04 Aperol Spikez,0,0,0,0.0,P,3,5,0,-15.0,Spring,6
3663,02-20-2026,P-05,0,0,0,0.0,P,2,6,0,-31.0,Spring,7
3664,02-20-2026,P-02 Serve Me Daddy,0,0,0,0.0,P,2,6,0,-43.0,Spring,8
3665,02-20-2026,P-03 Serving Neat and Naked,0,0,0,0.0,P,1,7,0,-69.0,Spring,9
3666,02-27-2026,P-09 Don Julio’s,0,0,0,0.0,P,6,1,1,47.0,Spring,1
3667,02-27-2026,P-07 Whiskey Business,0,0,0,0.0,P,6,2,0,52.0,Spring,2
3668,02-27-2026,P-08 Baddie baddie shot o’clock,0,0,0,0.0,P,6,2,0,38.0,Spring,3
3669,02-27-2026,P-06,0,0,0,0.0,P,6,2,0,34.0,Spring,4
3670,02-27-2026,P-01,0,0,0,0.0,P,3,4,1,-13.0,Spring,5
3671,02-27-2026,P-04 Aperol Spikez,0,0,0,0.0,P,3,5,0,-15.0,Spring,6
3672,02-27-2026,P-05,0,0,0,0.0,P,2,6,0,-31.0,Spring,7
3673,02-27-2026,P-02 Serve Me Daddy,0,0,0,0.0,P,2,6,0,-43.0,Spring,8
3674,02-27-2026,P-03 Serving Neat and Naked,0,0,0,0.0,P,1,7,0,-69.0,Spring,9
3675,03-06-2026,P-09 Don Julio’s,0,0,0,0.0,P,6,1,1,47.0,Spring,1
3676,03-06-2026,P-07 Whiskey Business,0,0,0,0.0,P,6,2,0,52.0,Spring,2
3677,03-06-2026,P-08 Baddie baddie shot o’clock,0,0,0,0.0,P,6,2,0,38.0,Spring,3
3678,03-06-2026,P-06,0,0,0,0.0,P,6,2,0,34.0,Spring,4
3679,03-06-2026,P-01,0,0,0,0.0,P,3,4,1,-13.0,Spring,5
3680,03-06-2026,P-04 Aperol Spikez,0,0,0,0.0,P,3,5,0,-15.0,Spring,6
3681,03-06-2026,P-05,0,0,0,0.0,P,2,6,0,-31.0,Spring,7
3682,03-06-2026,P-02 Serve Me Daddy,0,0,0,0.0,P,2,6,0,-43.0,Spring,8
3683,03-06-2026,P-03 Serving Neat and Naked,0,0,0,0.0,P,1,7,0,-69.0,Spring,9
3684,03-20-2026,P-09 Don Julio’s,0,0,0,0.0,P,6,1,1,47.0,Spring,1
3685,03-20-2026,P-07 Whiskey Business,0,0,0,0.0,P,6,2,0,52.0,Spring,2
3686,03-20-2026,P-08 Baddie baddie shot o’clock,0,0,0,0.0,P,6,2,0,38.0,Spring,3
3687,03-20-2026,P-06,0,0,0,0.0,P,6,2,0,34.0,Spring,4
3688,03-20-2026,P-01,0,0,0,0.0,P,3,4,1,-13.0,Spring,5
3689,03-20-2026,P-04 Aperol Spikez,0,0,0,0.0,P,3,5,0,-15.0,Spring,6
3690,03-20-2026,P-05,0,0,0,0.0,P,2,6,0,-31.0,Spring,7
3691,03-20-2026,P-02 Serve Me Daddy,0,0,0,0.0,P,2,6,0,-43.0,Spring,8
3692,03-20-2026,P-03 Serving Neat and Naked,0,0,0,0.0,P,1,7,0,-69.0,Spring,9
3693,03-27-2026,P-09 Don Julio’s,0,0,0,0.0,P,6,1,1,47.0,Spring,1
3694,03-27-2026,P-07 Whiskey Business,0,0,0,0.0,P,6,2,0,52.0,Spring,2
3695,03-27-2026,P-08 Baddie baddie shot o’clock,0,0,0,0.0,P,6,2,0,38.0,Spring,3
3696,03-27-2026,P-06,0,0,0,0.0,P,6,2,0,34.0,Spring,4
3697,03-27-2026,P-01,0,0,0,0.0,P,3,4,1,-13.0,Spring,5
3698,03-27-2026,P-04 Aperol Spikez,0,0,0,0.0,P,3,5,0,-15.0,Spring,6
3699,03-27-2026,P-05,0,0,0,0.0,P,2,6,0,-31.0,Spring,7
3700,03-27-2026,P-02 Serve Me Daddy,0,0,0,0.0,P,2,6,0,-43.0,Spring,8
3701,03-27-2026,P-03 Serving Neat and Naked,0,0,0,0.0,P,1,7,0,-69.0,Spring,9
3702,04-10-2026,P-09 Don Julio’s,0,0,0,0.0,P,6,1,1,47.0,Spring,1
3703,04-10-2026,P-07 Whiskey Business,0,0,0,0.0,P,6,2,0,52.0,Spring,2
3704,04-10-2026,P-08 Baddie baddie shot o’clock,0,0,0,0.0,P,6,2,0,38.0,Spring,3
3705,04-10-2026,P-06,0,0,0,0.0,P,6,2,0,34.0,Spring,4
3706,04-10-2026,P-01,0,0,0,0.0,P,3,4,1,-13.0,Spring,5
3707,04-10-2026,P-04 Aperol Spikez,0,0,0,0.0,P,3,5,0,-15.0,Spring,6
3708,04-10-2026,P-05,0,0,0,0.0,P,2,6,0,-31.0,Spring,7
3709,04-10-2026,P-02 Serve Me Daddy,0,0,0,0.0,P,2,6,0,-43.0,Spring,8
3710,04-10-2026,P-03 Serving Neat and Naked,0,0,0,0.0,P,1,7,0,-69.0,Spring,9
3711,04-17-2026,P-09 Don Julio’s,0,0,0,0.0,P,6,1,1,47.0,Spring,1
3712,04-17-2026,P-07 Whiskey Business,0,0,0,0.0,P,6,2,0,52.0,Spring,2
3713,04-17-2026,P-08 Baddie baddie shot o’clock,0,0,0,0.0,P,6,2,0,38.0,Spring,3
3714,04-17-2026,P-06,0,0,0,0.0,P,6,2,0,34.0,Spring,4
3715,04-17-2026,P-01,0,0,0,0.0,P,3,4,1,-13.0,Spring,5
3716,04-17-2026,P-04 Aperol Spikez,0,0,0,0.0,P,3,5,0,-15.0,Spring,6
3717,04-17-2026,P-05,0,0,0,0.0,P,2,6,0,-31.0,Spring,7
3718,04-17-2026,P-02 Serve Me Daddy,0,0,0,0.0,P,2,6,0,-43.0,Spring,8
3719,04-17-2026,P-03 Serving Neat and Naked,0,0,0,0.0,P,1,7,0,-69.0,Spring,9
3720,04-24-2026,P-09 Don Julio’s,0,0,0,0.0,P,6,1,1,47.0,Spring,1
3721,04-24-2026,P-07 Whiskey Business,0,0,0,0.0,P,6,2,0,52.0,Spring,2
3722,04-24-2026,P-08 Baddie baddie shot o’clock,0,0,0,0.0,P,6,2,0,38.0,Spring,3
3723,04-24-2026,P-06,0,0,0,0.0,P,6,2,0,34.0,Spring,4
3724,04-24-2026,P-01,0,0,0,0.0,P,3,4,1,-13.0,Spring,5
3725,04-24-2026,P-04 Aperol Spikez,0,0,0,0.0,P,3,5,0,-15.0,Spring,6
3726,04-24-2026,P-05,0,0,0,0.0,P,2,6,0,-31.0,Spring,7
3727,04-24-2026,P-02 Serve Me Daddy,0,0,0,0.0,P,2,6,0,-43.0,Spring,8
3728,04-24-2026,P-03 Serving Neat and Naked,0,0,0,0.0,P,1,7,0,-69.0,Spring,9
3729,01-23-2026,R-02 KrakenBalls,0,0,0,0.0,R,0,0,0,0.0,Spring,1
3730,01-23-2026,R-01 Dragon Slayers,0,0,0,0.0,R,0,0,0,0.0,Spring,2
3731,01-23-2026,R-03 Serverus,0,0,0,0.0,R,0,0,0,0.0,Spring,3
3732,01-23-2026,R-05 Blockunawa,0,0,0,0.0,R,0,0,0,0.0,Spring,4
3733,01-23-2026,R-06 Pegasets,0,0,0,0.0,R,0,0,0,0.0,Spring,5
3734,01-23-2026,R-07 Blockness Monsters,0,0,0,0.0,R,0,0,0,0.0,Spring,6
3735,01-23-2026,R-09 Volley Valkyries,0,0,0,0.0,R,0,0,0,0.0,Spring,7
3736,01-23-2026,R-08 Spikesus,0,0,0,0.0,R,0,0,0,0.0,Spring,8
3737,01-23-2026,R-04 Digfoot,0,0,0,0.0,R,0,0,0,0.0,Spring,9
3738,01-30-2026,R-07 Blockness Monsters,4,0,0,33.0,R,4,0,0,33.0,Spring,1
3739,01-30-2026,R-06 Pegasets,4,0,0,27.0,R,4,0,0,27.0,Spring,2
3740,01-30-2026,R-02 KrakenBalls,4,0,0,21.0,R,4,0,0,21.0,Spring,3
3741,01-30-2026,R-09 Volley Valkyries,2,2,0,11.0,R,2,2,0,11.0,Spring,4
3742,01-30-2026,R-08 Spikesus,2,2,0,-6.0,R,2,2,0,-6.0,Spring,5
3743,01-30-2026,R-03 Serverus,2,2,0,-12.0,R,2,2,0,-12.0,Spring,6
3744,01-30-2026,R-01 Dragon Slayers,0,4,0,-21.0,R,0,4,0,-21.0,Spring,7
3745,01-30-2026,R-04 Digfoot,0,4,0,-21.0,R,0,4,0,-21.0,Spring,8
3746,01-30-2026,R-05 Blockunawa,0,4,0,-32.0,R,0,4,0,-32.0,Spring,9
3747,02-06-2026,R-02 KrakenBalls,3,1,0,19.0,R,7,1,0,40.0,Spring,1
3748,02-06-2026,R-09 Volley Valkyries,4,0,0,30.0,R,6,2,0,41.0,Spring,2
3749,02-06-2026,R-06 Pegasets,2,2,0,-3.0,R,6,2,0,24.0,Spring,3
3750,02-06-2026,R-08 Spikesus,3,1,0,23.0,R,5,3,0,17.0,Spring,4
3751,02-06-2026,R-07 Blockness Monsters,0,4,0,-27.0,R,4,4,0,6.0,Spring,5
3752,02-06-2026,R-01 Dragon Slayers,3,1,0,17.0,R,3,5,0,-4.0,Spring,6
3753,02-06-2026,R-05 Blockunawa,3,1,0,21.0,R,3,5,0,-11.0,Spring,7
3754,02-06-2026,R-03 Serverus,0,4,0,-38.0,R,2,6,0,-50.0,Spring,8
3755,02-06-2026,R-04 Digfoot,0,4,0,-42.0,R,0,8,0,-63.0,Spring,9
3756,02-20-2026,R-02 KrakenBalls,0,0,0,0.0,R,7,1,0,40.0,Spring,1
3757,02-20-2026,R-09 Volley Valkyries,0,0,0,0.0,R,6,2,0,41.0,Spring,2
3758,02-20-2026,R-06 Pegasets,0,0,0,0.0,R,6,2,0,24.0,Spring,3
3759,02-20-2026,R-08 Spikesus,0,0,0,0.0,R,5,3,0,17.0,Spring,4
3760,02-20-2026,R-07 Blockness Monsters,0,0,0,0.0,R,4,4,0,6.0,Spring,5
3761,02-20-2026,R-01 Dragon Slayers,0,0,0,0.0,R,3,5,0,-4.0,Spring,6
3762,02-20-2026,R-05 Blockunawa,0,0,0,0.0,R,3,5,0,-11.0,Spring,7
3763,02-20-2026,R-03 Serverus,0,0,0,0.0,R,2,6,0,-50.0,Spring,8
3764,02-20-2026,R-04 Digfoot,0,0,0,0.0,R,0,8,0,-63.0,Spring,9
3765,02-27-2026,R-02 KrakenBalls,0,0,0,0.0,R,7,1,0,40.0,Spring,1
3766,02-27-2026,R-09 Volley Valkyries,0,0,0,0.0,R,6,2,0,41.0,Spring,2
3767,02-27-2026,R-06 Pegasets,0,0,0,0.0,R,6,2,0,24.0,Spring,3
3768,02-27-2026,R-08 Spikesus,0,0,0,0.0,R,5,3,0,17.0,Spring,4
3769,02-27-2026,R-07 Blockness Monsters,0,0,0,0.0,R,4,4,0,6.0,Spring,5
3770,02-27-2026,R-01 Dragon Slayers,0,0,0,0.0,R,3,5,0,-4.0,Spring,6
3771,02-27-2026,R-05 Blockunawa,0,0,0,0.0,R,3,5,0,-11.0,Spring,7
3772,02-27-2026,R-03 Serverus,0,0,0,0.0,R,2,6,0,-50.0,Spring,8
3773,02-27-2026,R-04 Digfoot,0,0,0,0.0,R,0,8,0,-63.0,Spring,9
3774,03-06-2026,R-02 KrakenBalls,0,0,0,0.0,R,7,1,0,40.0,Spring,1
3775,03-06-2026,R-09 Volley Valkyries,0,0,0,0.0,R,6,2,0,41.0,Spring,2
3776,03-06-2026,R-06 Pegasets,0,0,0,0.0,R,6,2,0,24.0,Spring,3
3777,03-06-2026,R-08 Spikesus,0,0,0,0.0,R,5,3,0,17.0,Spring,4
3778,03-06-2026,R-07 Blockness Monsters,0,0,0,0.0,R,4,4,0,6.0,Spring,5
3779,03-06-2026,R-01 Dragon Slayers,0,0,0,0.0,R,3,5,0,-4.0,Spring,6
3780,03-06-2026,R-05 Blockunawa,0,0,0,0.0,R,3,5,0,-11.0,Spring,7
3781,03-06-2026,R-03 Serverus,0,0,0,0.0,R,2,6,0,-50.0,Spring,8
3782,03-06-2026,R-04 Digfoot,0,0,0,0.0,R,0,8,0,-63.0,Spring,9
3783,03-20-2026,R-02 KrakenBalls,0,0,0,0.0,R,7,1,0,40.0,Spring,1
3784,03-20-2026,R-09 Volley Valkyries,0,0,0,0.0,R,6,2,0,41.0,Spring,2
3785,03-20-2026,R-06 Pegasets,0,0,0,0.0,R,6,2,0,24.0,Spring,3
3786,03-20-2026,R-08 Spikesus,0,0,0,0.0,R,5,3,0,17.0,Spring,4
3787,03-20-2026,R-07 Blockness Monsters,0,0,0,0.0,R,4,4,0,6.0,Spring,5
3788,03-20-2026,R-01 Dragon Slayers,0,0,0,0.0,R,3,5,0,-4.0,Spring,6
3789,03-20-2026,R-05 Blockunawa,0,0,0,0.0,R,3,5,0,-11.0,Spring,7
3790,03-20-2026,R-03 Serverus,0,0,0,0.0,R,2,6,0,-50.0,Spring,8
3791,03-20-2026,R-04 Digfoot,0,0,0,0.0,R,0,8,0,-63.0,Spring,9
3792,03-27-2026,R-02 KrakenBalls,0,0,0,0.0,R,7,1,0,40.0,Spring,1
3793,03-27-2026,R-09 Volley Valkyries,0,0,0,0.0,R,6,2,0,41.0,Spring,2
3794,03-27-2026,R-06 Pegasets,0,0,0,0.0,R,6,2,0,24.0,Spring,3
3795,03-27-2026,R-08 Spikesus,0,0,0,0.0,R,5,3,0,17.0,Spring,4
3796,03-27-2026,R-07 Blockness Monsters,0,0,0,0.0,R,4,4,0,6.0,Spring,5
3797,03-27-2026,R-01 Dragon Slayers,0,0,0,0.0,R,3,5,0,-4.0,Spring,6
3798,03-27-2026,R-05 Blockunawa,0,0,0,0.0,R,3,5,0,-11.0,Spring,7
3799,03-27-2026,R-03 Serverus,0,0,0,0.0,R,2,6,0,-50.0,Spring,8
3800,03-27-2026,R-04 Digfoot,0,0,0,0.0,R,0,8,0,-63.0,Spring,9
3801,04-10-2026,R-02 KrakenBalls,0,0,0,0.0,R,7,1,0,40.0,Spring,1
3802,04-10-2026,R-09 Volley Valkyries,0,0,0,0.0,R,6,2,0,41.0,Spring,2
3803,04-10-2026,R-06 Pegasets,0,0,0,0.0,R,6,2,0,24.0,Spring,3
3804,04-10-2026,R-08 Spikesus,0,0,0,0.0,R,5,3,0,17.0,Spring,4
3805,04-10-2026,R-07 Blockness Monsters,0,0,0,0.0,R,4,4,0,6.0,Spring,5
3806,04-10-2026,R-01 Dragon Slayers,0,0,0,0.0,R,3,5,0,-4.0,Spring,6
3807,04-10-2026,R-05 Blockunawa,0,0,0,0.0,R,3,5,0,-11.0,Spring,7
3808,04-10-2026,R-03 Serverus,0,0,0,0.0,R,2,6,0,-50.0,Spring,8
3809,04-10-2026,R-04 Digfoot,0,0,0,0.0,R,0,8,0,-63.0,Spring,9
3810,04-17-2026,R-02 KrakenBalls,0,0,0,0.0,R,7,1,0,40.0,Spring,1
3811,04-17-2026,R-09 Volley Valkyries,0,0,0,0.0,R,6,2,0,41.0,Spring,2
3812,04-17-2026,R-06 Pegasets,0,0,0,0.0,R,6,2,0,24.0,Spring,3
3813,04-17-2026,R-08 Spikesus,0,0,0,0.0,R,5,3,0,17.0,Spring,4
3814,04-17-2026,R-07 Blockness Monsters,0,0,0,0.0,R,4,4,0,6.0,Spring,5
3815,04-17-2026,R-01 Dragon Slayers,0,0,0,0.0,R,3,5,0,-4.0,Spring,6
3816,04-17-2026,R-05 Blockunawa,0,0,0,0.0,R,3,5,0,-11.0,Spring,7
3817,04-17-2026,R-03 Serverus,0,0,0,0.0,R,2,6,0,-50.0,Spring,8
3818,04-17-2026,R-04 Digfoot,0,0,0,0.0,R,0,8,0,-63.0,Spring,9
3819,04-24-2026,R-02 KrakenBalls,0,0,0,0.0,R,7,1,0,40.0,Spring,1
3820,04-24-2026,R-09 Volley Valkyries,0,0,0,0.0,R,6,2,0,41.0,Spring,2
3821,04-24-2026,R-06 Pegasets,0,0,0,0.0,R,6,2,0,24.0,Spring,3
3822,04-24-2026,R-08 Spikesus,0,0,0,0.0,R,5,3,0,17.0,Spring,4
3823,04-24-2026,R-07 Blockness Monsters,0,0,0,0.0,R,4,4,0,6.0,Spring,5
3824,04-24-2026,R-01 Dragon Slayers,0,0,0,0.0,R,3,5,0,-4.0,Spring,6
3825,04-24-2026,R-05 Blockunawa,0,0,0,0.0,R,3,5,0,-11.0,Spring,7
3826,04-24-2026,R-03 Serverus,0,0,0,0.0,R,2,6,0,-50.0,Spring,8
3827,04-24-2026,R-04 Digfoot,0,0,0,0.0,R,0,8,0,-63.0,Spring,9
3828,01-23-2026,S-18 - Spike Krispies,0,0,0,0.0,S,0,0,0,0.0,Spring,1
3829,01-23-2026,S-17 - Honey Bunches of Floats,0,0,0,0.0,S,0,0,0,0.0,Spring,2
3830,01-23-2026,S-16 - Frosted Tips,0,0,0,0.0,S,0,0,0,0.0,Spring,3
3831,01-23-2026,S-15 - Kanine Krunchies,0,0,0,0.0,S,0,0,0,0.0,Spring,4
3832,01-23-2026,S-14 - Chex Appeal,0,0,0,0.0,S,0,0,0,0.0,Spring,5
3833,01-23-2026,S-13 - Ace Krispies,0,0,0,0.0,S,0,0,0,0.0,Spring,6
3834,01-23-2026,S-12,0,0,0,0.0,S,0,0,0,0.0,Spring,7
3835,01-23-2026,S-11 - Cap'n C*nt,0,0,0,0.0,S,0,0,0,0.0,Spring,8
3836,01-23-2026,S-10 - Count Blockula,0,0,0,0.0,S,0,0,0,0.0,Spring,9
3837,01-23-2026,S-09 - Honey Nut Cheeri-Hoes,0,0,0,0.0,S,0,0,0,0.0,Spring,10
3838,01-23-2026,S-07 - Heavy Is The Crown,0,0,0,0.0,S,0,0,0,0.0,Spring,11
3839,01-23-2026,S-06 - Frosted Freaks,0,0,0,0.0,S,0,0,0,0.0,Spring,12
3840,01-23-2026,"S-05 - My Set, My Quick (Spike It!)",0,0,0,0.0,S,0,0,0,0.0,Spring,13
3841,01-23-2026,S-04 - Sets With Me,0,0,0,0.0,S,0,0,0,0.0,Spring,14
3842,01-23-2026,S-03,0,0,0,0.0,S,0,0,0,0.0,Spring,15
3843,01-23-2026,S-02 - I Write Sets Not Tragedies,0,0,0,0.0,S,0,0,0,0.0,Spring,16
3844,01-23-2026,S-01 - Oops I Hit It Again,0,0,0,0.0,S,0,0,0,0.0,Spring,17
3845,01-23-2026,S-08 - Cereal Killers,0,0,0,0.0,S,0,0,0,0.0,Spring,18
3846,01-30-2026,S-10 - Count Blockula,4,0,0,45.0,S,4,0,0,45.0,Spring,1
3847,01-30-2026,S-18 - Spike Krispies,4,0,0,16.0,S,4,0,0,16.0,Spring,2
3848,01-30-2026,S-15 - Kanine Krunchies,3,1,0,31.0,S,3,1,0,31.0,Spring,3
3849,01-30-2026,S-09 - Honey Nut Cheeri-Hoes,3,1,0,14.0,S,3,1,0,14.0,Spring,4
3850,01-30-2026,S-04 - Sets With Me,3,1,0,13.0,S,3,1,0,13.0,Spring,5
3851,01-30-2026,S-08 - Cereal Killers,3,1,0,7.0,S,3,1,0,7.0,Spring,6
3852,01-30-2026,S-07 - Heavy Is The Crown,3,1,0,-5.0,S,3,1,0,-5.0,Spring,7
3853,01-30-2026,S-11 - Cap'n C*nt,2,2,0,14.0,S,2,2,0,14.0,Spring,8
3854,01-30-2026,S-06 - Frosted Freaks,2,2,0,11.0,S,2,2,0,11.0,Spring,9
3855,01-30-2026,S-14 - Chex Appeal,2,2,0,8.0,S,2,2,0,8.0,Spring,10
3856,01-30-2026,S-02 - I Write Sets Not Tragedies,2,2,0,1.0,S,2,2,0,1.0,Spring,11
3857,01-30-2026,S-16 - Frosted Tips,2,2,0,-14.0,S,2,2,0,-14.0,Spring,12
3858,01-30-2026,S-01 - Oops I Hit It Again,1,3,0,-15.0,S,1,3,0,-15.0,Spring,13
3859,01-30-2026,S-17 - Honey Bunches of Floats,1,3,0,-21.0,S,1,3,0,-21.0,Spring,14
3860,01-30-2026,S-12,1,3,0,-21.0,S,1,3,0,-21.0,Spring,15
3861,01-30-2026,S-03,0,4,0,-26.0,S,0,4,0,-26.0,Spring,16
3862,01-30-2026,"S-05 - My Set, My Quick (Spike It!)",0,4,0,-27.0,S,0,4,0,-27.0,Spring,17
3863,01-30-2026,S-13 - Ace Krispies,0,4,0,-31.0,S,0,4,0,-31.0,Spring,18
3864,02-06-2026,S-10 - Count Blockula,2,2,0,12.0,S,6,2,0,57.0,Spring,1
3865,02-06-2026,S-15 - Kanine Krunchies,3,1,0,19.0,S,6,2,0,50.0,Spring,2
3866,02-06-2026,S-11 - Cap'n C*nt,4,0,0,24.0,S,6,2,0,38.0,Spring,3
3867,02-06-2026,S-16 - Frosted Tips,4,0,0,34.0,S,6,2,0,20.0,Spring,4
3868,02-06-2026,S-07 - Heavy Is The Crown,3,1,0,14.0,S,6,2,0,9.0,Spring,5
3869,02-06-2026,S-09 - Honey Nut Cheeri-Hoes,2,2,0,14.0,S,5,3,0,28.0,Spring,6
3870,02-06-2026,S-04 - Sets With Me,2,2,0,-2.0,S,5,3,0,11.0,Spring,7
3871,02-06-2026,S-18 - Spike Krispies,1,3,0,-8.0,S,5,3,0,8.0,Spring,8
3872,02-06-2026,S-08 - Cereal Killers,2,2,0,-7.0,S,5,3,0,0.0,Spring,9
3873,02-06-2026,S-12,3,1,0,13.0,S,4,4,0,-8.0,Spring,10
3874,02-06-2026,S-02 - I Write Sets Not Tragedies,2,2,0,-10.0,S,4,4,0,-9.0,Spring,11
3875,02-06-2026,S-06 - Frosted Freaks,1,3,0,-10.0,S,3,5,0,1.0,Spring,12
3876,02-06-2026,S-14 - Chex Appeal,1,3,0,-14.0,S,3,5,0,-6.0,Spring,13
3877,02-06-2026,S-01 - Oops I Hit It Again,1,3,0,-14.0,S,2,6,0,-29.0,Spring,14
3878,02-06-2026,S-13 - Ace Krispies,2,2,0,-6.0,S,2,6,0,-37.0,Spring,15
3879,02-06-2026,S-17 - Honey Bunches of Floats,1,3,0,-27.0,S,2,6,0,-48.0,Spring,16
3880,02-06-2026,"S-05 - My Set, My Quick (Spike It!)",1,3,0,-12.0,S,1,7,0,-39.0,Spring,17
3881,02-06-2026,S-03,1,3,0,-20.0,S,1,7,0,-46.0,Spring,18
3882,02-20-2026,S-10 - Count Blockula,0,0,0,0.0,S,6,2,0,57.0,Spring,1
3883,02-20-2026,S-15 - Kanine Krunchies,0,0,0,0.0,S,6,2,0,50.0,Spring,2
3884,02-20-2026,S-11 - Cap'n C*nt,0,0,0,0.0,S,6,2,0,38.0,Spring,3
3885,02-20-2026,S-16 - Frosted Tips,0,0,0,0.0,S,6,2,0,20.0,Spring,4
3886,02-20-2026,S-07 - Heavy Is The Crown,0,0,0,0.0,S,6,2,0,9.0,Spring,5
3887,02-20-2026,S-09 - Honey Nut Cheeri-Hoes,0,0,0,0.0,S,5,3,0,28.0,Spring,6
3888,02-20-2026,S-04 - Sets With Me,0,0,0,0.0,S,5,3,0,11.0,Spring,7
3889,02-20-2026,S-18 - Spike Krispies,0,0,0,0.0,S,5,3,0,8.0,Spring,8
3890,02-20-2026,S-08 - Cereal Killers,0,0,0,0.0,S,5,3,0,0.0,Spring,9
3891,02-20-2026,S-12,0,0,0,0.0,S,4,4,0,-8.0,Spring,10
3892,02-20-2026,S-02 - I Write Sets Not Tragedies,0,0,0,0.0,S,4,4,0,-9.0,Spring,11
3893,02-20-2026,S-06 - Frosted Freaks,0,0,0,0.0,S,3,5,0,1.0,Spring,12
3894,02-20-2026,S-14 - Chex Appeal,0,0,0,0.0,S,3,5,0,-6.0,Spring,13
3895,02-20-2026,S-01 - Oops I Hit It Again,0,0,0,0.0,S,2,6,0,-29.0,Spring,14
3896,02-20-2026,S-13 - Ace Krispies,0,0,0,0.0,S,2,6,0,-37.0,Spring,15
3897,02-20-2026,S-17 - Honey Bunches of Floats,0,0,0,0.0,S,2,6,0,-48.0,Spring,16
3898,02-20-2026,"S-05 - My Set, My Quick (Spike It!)",0,0,0,0.0,S,1,7,0,-39.0,Spring,17
3899,02-20-2026,S-03,0,0,0,0.0,S,1,7,0,-46.0,Spring,18
3900,02-27-2026,S-10 - Count Blockula,0,0,0,0.0,S,6,2,0,57.0,Spring,1
3901,02-27-2026,S-15 - Kanine Krunchies,0,0,0,0.0,S,6,2,0,50.0,Spring,2
3902,02-27-2026,S-11 - Cap'n C*nt,0,0,0,0.0,S,6,2,0,38.0,Spring,3
3903,02-27-2026,S-16 - Frosted Tips,0,0,0,0.0,S,6,2,0,20.0,Spring,4
3904,02-27-2026,S-07 - Heavy Is The Crown,0,0,0,0.0,S,6,2,0,9.0,Spring,5
3905,02-27-2026,S-09 - Honey Nut Cheeri-Hoes,0,0,0,0.0,S,5,3,0,28.0,Spring,6
3906,02-27-2026,S-04 - Sets With Me,0,0,0,0.0,S,5,3,0,11.0,Spring,7
3907,02-27-2026,S-18 - Spike Krispies,0,0,0,0.0,S,5,3,0,8.0,Spring,8
3908,02-27-2026,S-08 - Cereal Killers,0,0,0,0.0,S,5,3,0,0.0,Spring,9
3909,02-27-2026,S-12,0,0,0,0.0,S,4,4,0,-8.0,Spring,10
3910,02-27-2026,S-02 - I Write Sets Not Tragedies,0,0,0,0.0,S,4,4,0,-9.0,Spring,11
3911,02-27-2026,S-06 - Frosted Freaks,0,0,0,0.0,S,3,5,0,1.0,Spring,12
3912,02-27-2026,S-14 - Chex Appeal,0,0,0,0.0,S,3,5,0,-6.0,Spring,13
3913,02-27-2026,S-01 - Oops I Hit It Again,0,0,0,0.0,S,2,6,0,-29.0,Spring,14
3914,02-27-2026,S-13 - Ace Krispies,0,0,0,0.0,S,2,6,0,-37.0,Spring,15
3915,02-27-2026,S-17 - Honey Bunches of Floats,0,0,0,0.0,S,2,6,0,-48.0,Spring,16
3916,02-27-2026,"S-05 - My Set, My Quick (Spike It!)",0,0,0,0.0,S,1,7,0,-39.0,Spring,17
3917,02-27-2026,S-03,0,0,0,0.0,S,1,7,0,-46.0,Spring,18
3918,03-06-2026,S-10 - Count Blockula,0,0,0,0.0,S,6,2,0,57.0,Spring,1
3919,03-06-2026,S-15 - Kanine Krunchies,0,0,0,0.0,S,6,2,0,50.0,Spring,2
3920,03-06-2026,S-11 - Cap'n C*nt,0,0,0,0.0,S,6,2,0,38.0,Spring,3
3921,03-06-2026,S-16 - Frosted Tips,0,0,0,0.0,S,6,2,0,20.0,Spring,4
3922,03-06-2026,S-07 - Heavy Is The Crown,0,0,0,0.0,S,6,2,0,9.0,Spring,5
3923,03-06-2026,S-09 - Honey Nut Cheeri-Hoes,0,0,0,0.0,S,5,3,0,28.0,Spring,6
3924,03-06-2026,S-04 - Sets With Me,0,0,0,0.0,S,5,3,0,11.0,Spring,7
3925,03-06-2026,S-18 - Spike Krispies,0,0,0,0.0,S,5,3,0,8.0,Spring,8
3926,03-06-2026,S-08 - Cereal Killers,0,0,0,0.0,S,5,3,0,0.0,Spring,9
3927,03-06-2026,S-12,0,0,0,0.0,S,4,4,0,-8.0,Spring,10
3928,03-06-2026,S-02 - I Write Sets Not Tragedies,0,0,0,0.0,S,4,4,0,-9.0,Spring,11
3929,03-06-2026,S-06 - Frosted Freaks,0,0,0,0.0,S,3,5,0,1.0,Spring,12
3930,03-06-2026,S-14 - Chex Appeal,0,0,0,0.0,S,3,5,0,-6.0,Spring,13
3931,03-06-2026,S-01 - Oops I Hit It Again,0,0,0,0.0,S,2,6,0,-29.0,Spring,14
3932,03-06-2026,S-13 - Ace Krispies,0,0,0,0.0,S,2,6,0,-37.0,Spring,15
3933,03-06-2026,S-17 - Honey Bunches of Floats,0,0,0,0.0,S,2,6,0,-48.0,Spring,16
3934,03-06-2026,"S-05 - My Set, My Quick (Spike It!)",0,0,0,0.0,S,1,7,0,-39.0,Spring,17
3935,03-06-2026,S-03,0,0,0,0.0,S,1,7,0,-46.0,Spring,18
3936,03-20-2026,S-10 - Count Blockula,0,0,0,0.0,S,6,2,0,57.0,Spring,1
3937,03-20-2026,S-15 - Kanine Krunchies,0,0,0,0.0,S,6,2,0,50.0,Spring,2
3938,03-20-2026,S-11 - Cap'n C*nt,0,0,0,0.0,S,6,2,0,38.0,Spring,3
3939,03-20-2026,S-16 - Frosted Tips,0,0,0,0.0,S,6,2,0,20.0,Spring,4
3940,03-20-2026,S-07 - Heavy Is The Crown,0,0,0,0.0,S,6,2,0,9.0,Spring,5
3941,03-20-2026,S-09 - Honey Nut Cheeri-Hoes,0,0,0,0.0,S,5,3,0,28.0,Spring,6
3942,03-20-2026,S-04 - Sets With Me,0,0,0,0.0,S,5,3,0,11.0,Spring,7
3943,03-20-2026,S-18 - Spike Krispies,0,0,0,0.0,S,5,3,0,8.0,Spring,8
3944,03-20-2026,S-08 - Cereal Killers,0,0,0,0.0,S,5,3,0,0.0,Spring,9
3945,03-20-2026,S-12,0,0,0,0.0,S,4,4,0,-8.0,Spring,10
3946,03-20-2026,S-02 - I Write Sets Not Tragedies,0,0,0,0.0,S,4,4,0,-9.0,Spring,11
3947,03-20-2026,S-06 - Frosted Freaks,0,0,0,0.0,S,3,5,0,1.0,Spring,12
3948,03-20-2026,S-14 - Chex Appeal,0,0,0,0.0,S,3,5,0,-6.0,Spring,13
3949,03-20-2026,S-01 - Oops I Hit It Again,0,0,0,0.0,S,2,6,0,-29.0,Spring,14
3950,03-20-2026,S-13 - Ace Krispies,0,0,0,0.0,S,2,6,0,-37.0,Spring,15
3951,03-20-2026,S-17 - Honey Bunches of Floats,0,0,0,0.0,S,2,6,0,-48.0,Spring,16
3952,03-20-2026,"S-05 - My Set, My Quick (Spike It!)",0,0,0,0.0,S,1,7,0,-39.0,Spring,17
3953,03-20-2026,S-03,0,0,0,0.0,S,1,7,0,-46.0,Spring,18
3954,03-27-2026,S-10 - Count Blockula,0,0,0,0.0,S,6,2,0,57.0,Spring,1
3955,03-27-2026,S-15 - Kanine Krunchies,0,0,0,0.0,S,6,2,0,50.0,Spring,2
3956,03-27-2026,S-11 - Cap'n C*nt,0,0,0,0.0,S,6,2,0,38.0,Spring,3
3957,03-27-2026,S-16 - Frosted Tips,0,0,0,0.0,S,6,2,0,20.0,Spring,4
3958,03-27-2026,S-07 - Heavy Is The Crown,0,0,0,0.0,S,6,2,0,9.0,Spring,5
3959,03-27-2026,S-09 - Honey Nut Cheeri-Hoes,0,0,0,0.0,S,5,3,0,28.0,Spring,6
3960,03-27-2026,S-04 - Sets With Me,0,0,0,0.0,S,5,3,0,11.0,Spring,7
3961,03-27-2026,S-18 - Spike Krispies,0,0,0,0.0,S,5,3,0,8.0,Spring,8
3962,03-27-2026,S-08 - Cereal Killers,0,0,0,0.0,S,5,3,0,0.0,Spring,9
3963,03-27-2026,S-12,0,0,0,0.0,S,4,4,0,-8.0,Spring,10
3964,03-27-2026,S-02 - I Write Sets Not Tragedies,0,0,0,0.0,S,4,4,0,-9.0,Spring,11
3965,03-27-2026,S-06 - Frosted Freaks,0,0,0,0.0,S,3,5,0,1.0,Spring,12
3966,03-27-2026,S-14 - Chex Appeal,0,0,0,0.0,S,3,5,0,-6.0,Spring,13
3967,03-27-2026,S-01 - Oops I Hit It Again,0,0,0,0.0,S,2,6,0,-29.0,Spring,14
3968,03-27-2026,S-13 - Ace Krispies,0,0,0,0.0,S,2,6,0,-37.0,Spring,15
3969,03-27-2026,S-17 - Honey Bunches of Floats,0,0,0,0.0,S,2,6,0,-48.0,Spring,16
3970,03-27-2026,"S-05 - My Set, My Quick (Spike It!)",0,0,0,0.0,S,1,7,0,-39.0,Spring,17
3971,03-27-2026,S-03,0,0,0,0.0,S,1,7,0,-46.0,Spring,18
3972,04-10-2026,S-10 - Count Blockula,0,0,0,0.0,S,6,2,0,57.0,Spring,1
3973,04-10-2026,S-15 - Kanine Krunchies,0,0,0,0.0,S,6,2,0,50.0,Spring,2
3974,04-10-2026,S-11 - Cap'n C*nt,0,0,0,0.0,S,6,2,0,38.0,Spring,3
3975,04-10-2026,S-16 - Frosted Tips,0,0,0,0.0,S,6,2,0,20.0,Spring,4
3976,04-10-2026,S-07 - Heavy Is The Crown,0,0,0,0.0,S,6,2,0,9.0,Spring,5
3977,04-10-2026,S-09 - Honey Nut Cheeri-Hoes,0,0,0,0.0,S,5,3,0,28.0,Spring,6
3978,04-10-2026,S-04 - Sets With Me,0,0,0,0.0,S,5,3,0,11.0,Spring,7
3979,04-10-2026,S-18 - Spike Krispies,0,0,0,0.0,S,5,3,0,8.0,Spring,8
3980,04-10-2026,S-08 - Cereal Killers,0,0,0,0.0,S,5,3,0,0.0,Spring,9
3981,04-10-2026,S-12,0,0,0,0.0,S,4,4,0,-8.0,Spring,10
3982,04-10-2026,S-02 - I Write Sets Not Tragedies,0,0,0,0.0,S,4,4,0,-9.0,Spring,11
3983,04-10-2026,S-06 - Frosted Freaks,0,0,0,0.0,S,3,5,0,1.0,Spring,12
3984,04-10-2026,S-14 - Chex Appeal,0,0,0,0.0,S,3,5,0,-6.0,Spring,13
3985,04-10-2026,S-01 - Oops I Hit It Again,0,0,0,0.0,S,2,6,0,-29.0,Spring,14
3986,04-10-2026,S-13 - Ace Krispies,0,0,0,0.0,S,2,6,0,-37.0,Spring,15
3987,04-10-2026,S-17 - Honey Bunches of Floats,0,0,0,0.0,S,2,6,0,-48.0,Spring,16
3988,04-10-2026,"S-05 - My Set, My Quick (Spike It!)",0,0,0,0.0,S,1,7,0,-39.0,Spring,17
3989,04-10-2026,S-03,0,0,0,0.0,S,1,7,0,-46.0,Spring,18
3990,04-17-2026,S-10 - Count Blockula,0,0,0,0.0,S,6,2,0,57.0,Spring,1
3991,04-17-2026,S-15 - Kanine Krunchies,0,0,0,0.0,S,6,2,0,50.0,Spring,2
3992,04-17-2026,S-11 - Cap'n C*nt,0,0,0,0.0,S,6,2,0,38.0,Spring,3
3993,04-17-2026,S-16 - Frosted Tips,0,0,0,0.0,S,6,2,0,20.0,Spring,4
3994,04-17-2026,S-07 - Heavy Is The Crown,0,0,0,0.0,S,6,2,0,9.0,Spring,5
3995,04-17-2026,S-09 - Honey Nut Cheeri-Hoes,0,0,0,0.0,S,5,3,0,28.0,Spring,6
3996,04-17-2026,S-04 - Sets With Me,0,0,0,0.0,S,5,3,0,11.0,Spring,7
3997,04-17-2026,S-18 - Spike Krispies,0,0,0,0.0,S,5,3,0,8.0,Spring,8
3998,04-17-2026,S-08 - Cereal Killers,0,0,0,0.0,S,5,3,0,0.0,Spring,9
3999,04-17-2026,S-12,0,0,0,0.0,S,4,4,0,-8.0,Spring,10
4000,04-17-2026,S-02 - I Write Sets Not Tragedies,0,0,0,0.0,S,4,4,0,-9.0,Spring,11
4001,04-17-2026,S-06 - Frosted Freaks,0,0,0,0.0,S,3,5,0,1.0,Spring,12
4002,04-17-2026,S-14 - Chex Appeal,0,0,0,0.0,S,3,5,0,-6.0,Spring,13
4003,04-17-2026,S-01 - Oops I Hit It Again,0,0,0,0.0,S,2,6,0,-29.0,Spring,14
4004,04-17-2026,S-13 - Ace Krispies,0,0,0,0.0,S,2,6,0,-37.0,Spring,15
4005,04-17-2026,S-17 - Honey Bunches of Floats,0,0,0,0.0,S,2,6,0,-48.0,Spring,16
4006,04-17-2026,"S-05 - My Set, My Quick (Spike It!)",0,0,0,0.0,S,1,7,0,-39.0,Spring,17
4007,04-17-2026,S-03,0,0,0,0.0,S,1,7,0,-46.0,Spring,18
4008,04-24-2026,S-10 - Count Blockula,0,0,0,0.0,S,6,2,0,57.0,Spring,1
4009,04-24-2026,S-15 - Kanine Krunchies,0,0,0,0.0,S,6,2,0,50.0,Spring,2
4010,04-24-2026,S-11 - Cap'n C*nt,0,0,0,0.0,S,6,2,0,38.0,Spring,3
4011,04-24-2026,S-16 - Frosted Tips,0,0,0,0.0,S,6,2,0,20.0,Spring,4
4012,04-24-2026,S-07 - Heavy Is The Crown,0,0,0,0.0,S,6,2,0,9.0,Spring,5
4013,04-24-2026,S-09 - Honey Nut Cheeri-Hoes,0,0,0,0.0,S,5,3,0,28.0,Spring,6
4014,04-24-2026,S-04 - Sets With Me,0,0,0,0.0,S,5,3,0,11.0,Spring,7
4015,04-24-2026,S-18 - Spike Krispies,0,0,0,0.0,S,5,3,0,8.0,Spring,8
4016,04-24-2026,S-08 - Cereal Killers,0,0,0,0.0,S,5,3,0,0.0,Spring,9
4017,04-24-2026,S-12,0,0,0,0.0,S,4,4,0,-8.0,Spring,10
4018,04-24-2026,S-02 - I Write Sets Not Tragedies,0,0,0,0.0,S,4,4,0,-9.0,Spring,11
4019,04-24-2026,S-06 - Frosted Freaks,0,0,0,0.0,S,3,5,0,1.0,Spring,12
4020,04-24-2026,S-14 - Chex Appeal,0,0,0,0.0,S,3,5,0,-6.0,Spring,13
4021,04-24-2026,S-01 - Oops I Hit It Again,0,0,0,0.0,S,2,6,0,-29.0,Spring,14
4022,04-24-2026,S-13 - Ace Krispies,0,0,0,0.0,S,2,6,0,-37.0,Spring,15
4023,04-24-2026,S-17 - Honey Bunches of Floats,0,0,0,0.0,S,2,6,0,-48.0,Spring,16
4024,04-24-2026,"S-05 - My Set, My Quick (Spike It!)",0,0,0,0.0,S,1,7,0,-39.0,Spring,17
4025,04-24-2026,S-03,0,0,0,0.0,S,1,7,0,-46.0,Spring,18
4026,08-22-2025,A-08,4,0,0,40.0,A,4,0,0,40.0,Fall,1
4027,08-22-2025,A-02,4,0,0,39.0,A,4,0,0,39.0,Fall,2
4028,08-22-2025,A-01,4,0,0,26.0,A,4,0,0,26.0,Fall,3
4029,08-22-2025,A-07,4,0,0,25.0,A,4,0,0,25.0,Fall,4
4030,08-22-2025,A-18,4,0,0,24.0,A,4,0,0,24.0,Fall,5
4031,08-22-2025,A-11,2,1,1,18.0,A,2,1,1,18.0,Fall,6
4032,08-22-2025,A-15,2,1,1,1.0,A,2,1,1,1.0,Fall,7
4033,08-22-2025,A-06,2,2,0,3.0,A,2,2,0,3.0,Fall,8
4034,08-22-2025,A-10,2,2,0,-10.0,A,2,2,0,-10.0,Fall,9
4035,08-22-2025,A-16,2,2,0,-20.0,A,2,2,0,-20.0,Fall,10
4036,08-22-2025,A-09,1,3,0,-6.0,A,1,3,0,-6.0,Fall,11
4037,08-22-2025,A-05,1,3,0,-11.0,A,1,3,0,-11.0,Fall,12
4038,08-22-2025,A-17,1,3,0,-19.0,A,1,3,0,-19.0,Fall,13
4039,08-22-2025,A-03,1,3,0,-19.0,A,1,3,0,-19.0,Fall,14
4040,08-22-2025,A-14,1,3,0,-28.0,A,1,3,0,-28.0,Fall,15
4041,08-22-2025,A-13,0,4,0,-16.0,A,0,4,0,-16.0,Fall,16
4042,08-22-2025,A-04,0,4,0,-20.0,A,0,4,0,-20.0,Fall,17
4043,08-22-2025,A-12,0,4,0,-27.0,A,0,4,0,-27.0,Fall,18
4044,09-05-2025,A-08,3,1,0,7.0,A,7,1,0,47.0,Fall,1
4045,09-05-2025,A-02,3,1,0,5.0,A,7,1,0,44.0,Fall,2
4046,09-05-2025,A-18,3,1,0,14.0,A,7,1,0,38.0,Fall,3
4047,09-05-2025,A-07,3,1,0,13.0,A,7,1,0,38.0,Fall,4
4048,09-05-2025,A-01,2,2,0,-2.0,A,6,2,0,24.0,Fall,5
4049,09-05-2025,A-11,2,2,0,-2.0,A,4,3,1,16.0,Fall,6
4050,09-05-2025,A-15,2,2,0,0.0,A,4,3,1,1.0,Fall,7
4051,09-05-2025,A-09,3,1,0,14.0,A,4,4,0,8.0,Fall,8
4052,09-05-2025,A-12,4,0,0,19.0,A,4,4,0,-8.0,Fall,9
4053,09-05-2025,A-10,2,2,0,-8.0,A,4,4,0,-18.0,Fall,10
4054,09-05-2025,A-06,1,3,0,-11.0,A,3,5,0,-8.0,Fall,11
4055,09-05-2025,A-17,2,2,0,-4.0,A,3,5,0,-23.0,Fall,12
4056,09-05-2025,A-16,1,3,0,-3.0,A,3,5,0,-23.0,Fall,13
4057,09-05-2025,A-05,1,3,0,-6.0,A,2,6,0,-17.0,Fall,14
4058,09-05-2025,A-13,2,2,0,-2.0,A,2,6,0,-18.0,Fall,15
4059,09-05-2025,A-14,1,3,0,-7.0,A,2,6,0,-35.0,Fall,16
4060,09-05-2025,A-04,1,3,0,-10.0,A,1,7,0,-30.0,Fall,17
4061,09-05-2025,A-03,0,4,0,-17.0,A,1,7,0,-36.0,Fall,18
4062,09-12-2025,A-07,4,0,0,33.0,A,11,1,0,71.0,Fall,1
4063,09-12-2025,A-18,3,1,0,11.0,A,10,2,0,49.0,Fall,2
4064,09-12-2025,A-08,2,1,1,2.0,A,9,2,1,49.0,Fall,3
4065,09-12-2025,A-11,4,0,0,16.0,A,8,3,1,32.0,Fall,4
4066,09-12-2025,A-01,2,1,1,1.0,A,8,3,1,25.0,Fall,5
4067,09-12-2025,A-02,1,3,0,-10.0,A,8,4,0,34.0,Fall,6
4068,09-12-2025,A-10,3,1,0,21.0,A,7,5,0,3.0,Fall,7
4069,09-12-2025,A-15,2,2,0,-11.0,A,6,5,1,-10.0,Fall,8
4070,09-12-2025,A-12,2,2,0,4.0,A,6,6,0,-4.0,Fall,9
4071,09-12-2025,A-17,2,2,0,14.0,A,5,7,0,-9.0,Fall,10
4072,09-12-2025,A-13,2,1,1,-2.0,A,4,7,1,-20.0,Fall,11
4073,09-12-2025,A-06,1,3,0,0.0,A,4,8,0,-8.0,Fall,12
4074,09-12-2025,A-09,0,4,0,-20.0,A,4,8,0,-12.0,Fall,13
4075,09-12-2025,A-04,3,1,0,0.0,A,4,8,0,-30.0,Fall,14
4076,09-12-2025,A-16,0,3,1,-12.0,A,3,8,1,-35.0,Fall,15
4077,09-12-2025,A-05,1,3,0,0.0,A,3,9,0,-17.0,Fall,16
4078,09-12-2025,A-03,2,2,0,0.0,A,3,9,0,-36.0,Fall,17
4079,09-12-2025,A-14,0,4,0,-47.0,A,2,10,0,-82.0,Fall,18
4080,09-19-2025,A-18,3,1,0,23.0,A,13,3,0,72.0,Fall,1
4081,09-19-2025,A-08,3,1,0,0.0,A,12,3,1,49.0,Fall,2
4082,09-19-2025,A-01,3,1,0,3.0,A,11,4,1,28.0,Fall,3
4083,09-19-2025,A-07,0,4,0,-23.0,A,11,5,0,48.0,Fall,4
4084,09-19-2025,A-10,4,0,0,25.0,A,11,5,0,28.0,Fall,5
4085,09-19-2025,A-02,2,1,1,4.0,A,10,5,1,38.0,Fall,6
4086,09-19-2025,A-11,2,2,0,-3.0,A,10,5,1,29.0,Fall,7
4087,09-19-2025,A-12,3,1,0,2.0,A,9,7,0,-2.0,Fall,8
4088,09-19-2025,A-15,2,2,0,9.0,A,8,7,1,-1.0,Fall,9
4089,09-19-2025,A-05,4,0,0,26.0,A,7,9,0,9.0,Fall,10
4090,09-19-2025,A-17,2,2,0,4.0,A,7,9,0,-5.0,Fall,11
4091,09-19-2025,A-09,2,1,1,16.0,A,6,9,1,4.0,Fall,12
4092,09-19-2025,A-04,2,2,0,-5.0,A,6,10,0,-35.0,Fall,13
4093,09-19-2025,A-13,1,3,0,-20.0,A,5,10,1,-40.0,Fall,14
4094,09-19-2025,A-06,1,3,0,0.0,A,5,11,0,-8.0,Fall,15
4095,09-19-2025,A-16,1,3,0,-11.0,A,4,11,1,-46.0,Fall,16
4096,09-19-2025,A-03,0,4,0,-30.0,A,3,13,0,-66.0,Fall,17
4097,09-19-2025,A-14,0,4,0,-20.0,A,2,14,0,-102.0,Fall,18
4098,09-26-2025,A-18,3,1,0,8.0,A,16,4,0,80.0,Fall,1
4099,09-26-2025,A-08,2,2,0,14.0,A,14,5,1,63.0,Fall,2
4100,09-26-2025,A-10,3,1,0,4.0,A,14,6,0,32.0,Fall,3
4101,09-26-2025,A-02,3,1,0,15.0,A,13,6,1,53.0,Fall,4
4102,09-26-2025,A-11,3,1,0,24.0,A,13,6,1,53.0,Fall,5
4103,09-26-2025,A-01,2,2,0,2.0,A,13,6,1,30.0,Fall,6
4104,09-26-2025,A-15,4,0,0,18.0,A,12,7,1,17.0,Fall,7
4105,09-26-2025,A-07,0,4,0,-20.0,A,11,9,0,28.0,Fall,8
4106,09-26-2025,A-12,2,2,0,7.0,A,11,9,0,5.0,Fall,9
4107,09-26-2025,A-05,2,2,0,0.0,A,9,11,0,9.0,Fall,10
4108,09-26-2025,A-16,4,0,0,40.0,A,8,11,1,-6.0,Fall,11
4109,09-26-2025,A-09,2,2,0,-13.0,A,8,11,1,-9.0,Fall,12
4110,09-26-2025,A-17,1,3,0,-22.0,A,8,12,0,-27.0,Fall,13
4111,09-26-2025,A-13,2,2,0,4.0,A,7,12,1,-36.0,Fall,14
4112,09-26-2025,A-04,1,3,0,-24.0,A,7,13,0,-59.0,Fall,15
4113,09-26-2025,A-06,1,3,0,-18.0,A,6,14,0,-26.0,Fall,16
4114,09-26-2025,A-03,1,3,0,-12.0,A,4,16,0,-78.0,Fall,17
4115,09-26-2025,A-14,0,4,0,-27.0,A,2,18,0,-129.0,Fall,18
4116,10-10-2025,A-18,4,0,0,30.0,A,20,4,0,110.0,Fall,1
4117,10-10-2025,A-02,4,0,0,32.0,A,17,6,1,85.0,Fall,2
4118,10-10-2025,A-01,4,0,0,31.0,A,17,6,1,61.0,Fall,3
4119,10-10-2025,A-10,2,2,0,1.0,A,16,8,0,33.0,Fall,4
4120,10-10-2025,A-08,1,3,0,3.0,A,15,8,1,66.0,Fall,5
4121,10-10-2025,A-11,2,2,0,1.0,A,15,8,1,54.0,Fall,6
4122,10-10-2025,A-15,3,1,0,21.0,A,15,8,1,38.0,Fall,7
4123,10-10-2025,A-07,2,2,0,-4.0,A,13,11,0,24.0,Fall,8
4124,10-10-2025,A-12,2,2,0,3.0,A,13,11,0,8.0,Fall,9
4125,10-10-2025,A-16,3,1,0,23.0,A,11,12,1,17.0,Fall,10
4126,10-10-2025,A-09,2,2,0,13.0,A,10,13,1,4.0,Fall,11
4127,10-10-2025,A-13,2,2,0,1.0,A,9,14,1,-35.0,Fall,12
4128,10-10-2025,A-05,0,4,0,-44.0,A,9,15,0,-35.0,Fall,13
4129,10-10-2025,A-17,1,3,0,-23.0,A,9,15,0,-50.0,Fall,14
4130,10-10-2025,A-06,2,2,0,0.0,A,8,16,0,-26.0,Fall,15
4131,10-10-2025,A-04,1,3,0,-22.0,A,8,16,0,-81.0,Fall,16
4132,10-10-2025,A-03,1,3,0,-35.0,A,5,19,0,-113.0,Fall,17
4133,10-10-2025,A-14,0,4,0,-31.0,A,2,22,0,-160.0,Fall,18
4134,10-17-2025,A-18,3,1,0,39.0,A,23,5,0,149.0,Fall,1
4135,10-17-2025,A-01,2,1,1,14.0,A,19,7,2,75.0,Fall,2
4136,10-17-2025,A-10,3,1,0,21.0,A,19,9,0,54.0,Fall,3
4137,10-17-2025,A-08,3,0,1,26.0,A,18,8,2,92.0,Fall,4
4138,10-17-2025,A-11,3,1,0,3.0,A,18,9,1,57.0,Fall,5
4139,10-17-2025,A-02,1,3,0,-33.0,A,18,9,1,52.0,Fall,6
4140,10-17-2025,A-15,1,3,0,-4.0,A,16,11,1,34.0,Fall,7
4141,10-17-2025,A-12,3,1,0,3.0,A,16,12,0,11.0,Fall,8
4142,10-17-2025,A-16,4,0,0,18.0,A,15,12,1,35.0,Fall,9
4143,10-17-2025,A-07,2,2,0,5.0,A,15,13,0,29.0,Fall,10
4144,10-17-2025,A-09,2,2,0,-4.0,A,12,15,1,0.0,Fall,11
4145,10-17-2025,A-13,3,1,0,17.0,A,12,15,1,-18.0,Fall,12
4146,10-17-2025,A-06,3,1,0,8.0,A,11,17,0,-18.0,Fall,13
4147,10-17-2025,A-04,2,2,0,-6.0,A,10,18,0,-87.0,Fall,14
4148,10-17-2025,A-05,0,4,0,-23.0,A,9,19,0,-58.0,Fall,15
4149,10-17-2025,A-17,0,4,0,-40.0,A,9,19,0,-90.0,Fall,16
4150,10-17-2025,A-03,0,4,0,-24.0,A,5,23,0,-137.0,Fall,17
4151,10-17-2025,A-14,0,4,0,-20.0,A,2,26,0,-180.0,Fall,18
4152,10-24-2025,A-18,4,0,0,33.0,A,27,5,0,182.0,Fall,1
4153,10-24-2025,A-01,4,0,0,17.0,A,23,7,2,92.0,Fall,2
4154,10-24-2025,A-02,3,1,0,17.0,A,21,10,1,69.0,Fall,3
4155,10-24-2025,A-11,3,1,0,4.0,A,21,10,1,61.0,Fall,4
4156,10-24-2025,A-10,2,2,0,0.0,A,21,11,0,54.0,Fall,5
4157,10-24-2025,A-08,1,2,1,-4.0,A,19,10,3,88.0,Fall,6
4158,10-24-2025,A-15,3,1,0,21.0,A,19,12,1,55.0,Fall,7
4159,10-24-2025,A-12,2,2,0,0.0,A,18,14,0,11.0,Fall,8
4160,10-24-2025,A-16,1,2,1,-4.0,A,16,14,2,31.0,Fall,9
4161,10-24-2025,A-07,1,2,1,0.0,A,16,15,1,29.0,Fall,10
4162,10-24-2025,A-13,2,1,1,4.0,A,14,16,2,-14.0,Fall,11
4163,10-24-2025,A-09,0,4,0,-27.0,A,12,19,1,-27.0,Fall,12
4164,10-24-2025,A-06,1,3,0,-11.0,A,12,20,0,-29.0,Fall,13
4165,10-24-2025,A-05,3,1,0,11.0,A,12,20,0,-47.0,Fall,14
4166,10-24-2025,A-17,2,2,0,-6.0,A,11,21,0,-96.0,Fall,15
4167,10-24-2025,A-04,0,4,0,-17.0,A,10,22,0,-104.0,Fall,16
4168,10-24-2025,A-03,0,4,0,-32.0,A,5,27,0,-169.0,Fall,17
4169,10-24-2025,A-14,2,2,0,-6.0,A,4,28,0,-186.0,Fall,18
4170,11-07-2025,A-18,2,2,0,10.0,A,29,7,0,192.0,Fall,1
4171,11-07-2025,A-02,4,0,0,32.0,A,25,10,1,101.0,Fall,2
4172,11-07-2025,A-11,4,0,0,25.0,A,25,10,1,86.0,Fall,3
4173,11-07-2025,A-08,4,0,0,47.0,A,23,10,3,135.0,Fall,4
4174,11-07-2025,A-01,0,4,0,-38.0,A,23,11,2,54.0,Fall,5
4175,11-07-2025,A-10,1,3,0,-12.0,A,22,14,0,42.0,Fall,6
4176,11-07-2025,A-15,2,2,0,-2.0,A,21,14,1,53.0,Fall,7
4177,11-07-2025,A-16,4,0,0,25.0,A,20,14,2,56.0,Fall,8
4178,11-07-2025,A-12,2,2,0,-1.0,A,20,16,0,10.0,Fall,9
4179,11-07-2025,A-07,2,2,0,6.0,A,18,17,1,35.0,Fall,10
4180,11-07-2025,A-13,2,2,0,-4.0,A,16,18,2,-18.0,Fall,11
4181,11-07-2025,A-05,4,0,0,30.0,A,16,20,0,-17.0,Fall,12
4182,11-07-2025,A-09,1,3,0,-35.0,A,13,22,1,-62.0,Fall,13
4183,11-07-2025,A-17,2,2,0,-8.0,A,13,23,0,-104.0,Fall,14
4184,11-07-2025,A-06,0,4,0,-29.0,A,12,24,0,-58.0,Fall,15
4185,11-07-2025,A-04,0,4,0,-21.0,A,10,26,0,-125.0,Fall,16
4186,11-07-2025,A-03,2,2,0,28.0,A,7,29,0,-141.0,Fall,17
4187,11-07-2025,A-14,0,4,0,-53.0,A,4,32,0,-239.0,Fall,18
4188,11-14-2025,A-18,2,2,0,8.0,A,31,9,0,200.0,Fall,1
4189,11-14-2025,A-11,4,0,0,28.0,A,29,10,1,114.0,Fall,2
4190,11-14-2025,A-08,3,1,0,6.0,A,26,11,3,141.0,Fall,3
4191,11-14-2025,A-01,3,1,0,10.0,A,26,12,2,64.0,Fall,4
4192,11-14-2025,A-02,0,4,0,-66.0,A,25,14,1,35.0,Fall,5
4193,11-14-2025,A-15,1,3,0,-18.0,A,22,17,1,35.0,Fall,6
4194,11-14-2025,A-10,0,3,1,-9.0,A,22,17,1,33.0,Fall,7
4195,11-14-2025,A-16,1,3,0,-6.0,A,21,17,2,50.0,Fall,8
4196,11-14-2025,A-12,1,3,0,-7.0,A,21,19,0,3.0,Fall,9
4197,11-14-2025,A-07,1,3,0,-10.0,A,19,20,1,25.0,Fall,10
4198,11-14-2025,A-05,3,1,0,10.0,A,19,21,0,-7.0,Fall,11
4199,11-14-2025,A-13,2,2,0,-4.0,A,18,20,2,-22.0,Fall,12
4200,11-14-2025,A-09,3,1,0,17.0,A,16,23,1,-45.0,Fall,13
4201,11-14-2025,A-17,2,1,1,-1.0,A,15,24,1,-105.0,Fall,14
4202,11-14-2025,A-06,3,1,0,49.0,A,15,25,0,-9.0,Fall,15
4203,11-14-2025,A-04,2,2,0,1.0,A,12,28,0,-124.0,Fall,16
4204,11-14-2025,A-03,4,0,0,22.0,A,11,29,0,-119.0,Fall,17
4205,11-14-2025,A-14,0,4,0,-30.0,A,4,36,0,-269.0,Fall,18
4206,11-21-2025,A-18,3,1,0,20.0,A,34,10,0,220.0,Fall,1
4207,11-21-2025,A-11,3,1,0,-4.0,A,32,11,1,110.0,Fall,2
4208,11-21-2025,A-01,4,0,0,38.0,A,30,12,2,102.0,Fall,3
4209,11-21-2025,A-08,3,1,0,0.0,A,29,12,3,141.0,Fall,4
4210,11-21-2025,A-02,2,2,0,19.0,A,27,16,1,54.0,Fall,5
4211,11-21-2025,A-16,2,2,0,0.0,A,23,19,2,50.0,Fall,6
4212,11-21-2025,A-15,1,3,0,-39.0,A,23,20,1,-4.0,Fall,7
4213,11-21-2025,A-10,0,0,4,0.0,A,22,17,5,33.0,Fall,8
4214,11-21-2025,A-12,0,0,4,0.0,A,21,19,4,3.0,Fall,9
4215,11-21-2025,A-05,0,0,4,0.0,A,19,21,4,-7.0,Fall,10
4216,11-21-2025,A-07,0,2,2,-50.0,A,19,22,3,-25.0,Fall,11
4217,11-21-2025,A-13,0,4,0,0.0,A,18,24,2,-22.0,Fall,12
4218,11-21-2025,A-17,3,1,0,0.0,A,18,25,1,-105.0,Fall,13
4219,11-21-2025,A-09,1,3,0,4.0,A,17,26,1,-41.0,Fall,14
4220,11-21-2025,A-04,4,0,0,100.0,A,16,28,0,-24.0,Fall,15
4221,11-21-2025,A-06,1,3,0,-26.0,A,16,28,0,-35.0,Fall,16
4222,11-21-2025,A-03,0,2,2,-50.0,A,11,31,2,-169.0,Fall,17
4223,11-21-2025,A-14,1,3,0,-12.0,A,5,39,0,-281.0,Fall,18
4224,08-22-2025,C-08 The Quack Pack,4,0,0,43.0,C,4,0,0,43.0,Fall,1
4225,08-22-2025,C-12 Blocktopusses,4,0,0,31.0,C,4,0,0,31.0,Fall,2
4226,08-22-2025,C-01 Hitty Kitties,4,0,0,12.0,C,4,0,0,12.0,Fall,3
4227,08-22-2025,C-17 Fowl Play,3,1,0,24.0,C,3,1,0,24.0,Fall,4
4228,08-22-2025,C-03 Balls to the Narwhals,3,1,0,9.0,C,3,1,0,9.0,Fall,5
4229,08-22-2025,C-14 Hot Cheetahs,3,1,0,9.0,C,3,1,0,9.0,Fall,6
4230,08-22-2025,C-07 Otter Chaos,2,1,1,11.0,C,2,1,1,11.0,Fall,7
4231,08-22-2025,C-05 Bumpin Bunnies,2,2,0,10.0,C,2,2,0,10.0,Fall,8
4232,08-22-2025,C-18 Digletts,2,2,0,1.0,C,2,2,0,1.0,Fall,9
4233,08-22-2025,C-11 Las Vulturistas,2,2,0,-1.0,C,2,2,0,-1.0,Fall,10
4234,08-22-2025,C-13 Doggy Style,2,2,0,-2.0,C,2,2,0,-2.0,Fall,11
4235,08-22-2025,C-16 No Fox Given,1,2,1,-20.0,C,1,2,1,-20.0,Fall,12
4236,08-22-2025,C-02 Glory H Gorillas,1,3,0,-19.0,C,1,3,0,-19.0,Fall,13
4237,08-22-2025,"C-15 Dig, Dig, Goose",1,3,0,-23.0,C,1,3,0,-23.0,Fall,14
4238,08-22-2025,C-09 Strikalotls,0,3,1,-20.0,C,0,3,1,-20.0,Fall,15
4239,08-22-2025,C-04 Panda-Monium,0,3,1,-23.0,C,0,3,1,-23.0,Fall,16
4240,08-22-2025,C-10 Duck Around and Find Out,0,4,0,-10.0,C,0,4,0,-10.0,Fall,17
4241,08-22-2025,C-06 The GOATs,0,4,0,-32.0,C,0,4,0,-32.0,Fall,18
4242,09-05-2025,C-08 The Quack Pack,3,1,0,17.0,C,7,1,0,60.0,Fall,1
4243,09-05-2025,C-12 Blocktopusses,3,1,0,25.0,C,7,1,0,56.0,Fall,2
4244,09-05-2025,C-07 Otter Chaos,4,0,0,20.0,C,6,1,1,31.0,Fall,3
4245,09-05-2025,C-17 Fowl Play,3,1,0,12.0,C,6,2,0,36.0,Fall,4
4246,09-05-2025,C-18 Digletts,4,0,0,27.0,C,6,2,0,28.0,Fall,5
4247,09-05-2025,C-03 Balls to the Narwhals,3,1,0,14.0,C,6,2,0,23.0,Fall,6
4248,09-05-2025,C-05 Bumpin Bunnies,2,2,0,-6.0,C,4,4,0,4.0,Fall,7
4249,09-05-2025,C-14 Hot Cheetahs,1,3,0,-14.0,C,4,4,0,-5.0,Fall,8
4250,09-05-2025,C-11 Las Vulturistas,2,2,0,-4.0,C,4,4,0,-5.0,Fall,9
4251,09-05-2025,C-02 Glory H Gorillas,3,1,0,12.0,C,4,4,0,-7.0,Fall,10
4252,09-05-2025,C-01 Hitty Kitties,0,4,0,-39.0,C,4,4,0,-27.0,Fall,11
4253,09-05-2025,C-13 Doggy Style,1,3,0,-13.0,C,3,5,0,-15.0,Fall,12
4254,09-05-2025,"C-15 Dig, Dig, Goose",2,2,0,-3.0,C,3,5,0,-26.0,Fall,13
4255,09-05-2025,C-09 Strikalotls,2,2,0,-6.0,C,2,5,1,-26.0,Fall,14
4256,09-05-2025,C-16 No Fox Given,1,3,0,-8.0,C,2,5,1,-28.0,Fall,15
4257,09-05-2025,C-04 Panda-Monium,1,3,0,-6.0,C,1,6,1,-29.0,Fall,16
4258,09-05-2025,C-06 The GOATs,1,3,0,-7.0,C,1,7,0,-39.0,Fall,17
4259,09-05-2025,C-10 Duck Around and Find Out,0,4,0,-21.0,C,0,8,0,-31.0,Fall,18
4260,09-12-2025,C-12 Blocktopusses,3,1,0,17.0,C,10,2,0,73.0,Fall,1
4261,09-12-2025,C-08 The Quack Pack,3,1,0,9.0,C,10,2,0,69.0,Fall,2
4262,09-12-2025,C-07 Otter Chaos,3,1,0,14.0,C,9,2,1,45.0,Fall,3
4263,09-12-2025,C-17 Fowl Play,2,2,0,-7.0,C,8,4,0,29.0,Fall,4
4264,09-12-2025,C-02 Glory H Gorillas,4,0,0,28.0,C,8,4,0,21.0,Fall,5
4265,09-12-2025,C-03 Balls to the Narwhals,2,2,0,-7.0,C,8,4,0,16.0,Fall,6
4266,09-12-2025,C-18 Digletts,1,3,0,-19.0,C,7,5,0,9.0,Fall,7
4267,09-12-2025,C-01 Hitty Kitties,3,1,0,17.0,C,7,5,0,-10.0,Fall,8
4268,09-12-2025,C-11 Las Vulturistas,2,2,0,3.0,C,6,6,0,-2.0,Fall,9
4269,09-12-2025,C-13 Doggy Style,2,2,0,9.0,C,5,7,0,-6.0,Fall,10
4270,09-12-2025,C-14 Hot Cheetahs,1,3,0,-7.0,C,5,7,0,-12.0,Fall,11
4271,09-12-2025,C-05 Bumpin Bunnies,1,3,0,-18.0,C,5,7,0,-14.0,Fall,12
4272,09-12-2025,C-16 No Fox Given,2,2,0,2.0,C,4,7,1,-26.0,Fall,13
4273,09-12-2025,C-04 Panda-Monium,2,2,0,18.0,C,3,8,1,-11.0,Fall,14
4274,09-12-2025,C-09 Strikalotls,1,3,0,-20.0,C,3,8,1,-46.0,Fall,15
4275,09-12-2025,C-06 The GOATs,2,2,0,-11.0,C,3,9,0,-50.0,Fall,16
4276,09-12-2025,"C-15 Dig, Dig, Goose",0,4,0,-29.0,C,3,9,0,-55.0,Fall,17
4277,09-12-2025,C-10 Duck Around and Find Out,2,2,0,1.0,C,2,10,0,-30.0,Fall,18
4278,09-19-2025,C-12 Blocktopusses,4,0,0,34.0,C,14,2,0,107.0,Fall,1
4279,09-19-2025,C-08 The Quack Pack,4,0,0,11.0,C,14,2,0,80.0,Fall,2
4280,09-19-2025,C-02 Glory H Gorillas,2,2,0,-7.0,C,10,6,0,14.0,Fall,3
4281,09-19-2025,C-11 Las Vulturistas,4,0,0,16.0,C,10,6,0,14.0,Fall,4
4282,09-19-2025,C-03 Balls to the Narwhals,2,2,0,-4.0,C,10,6,0,12.0,Fall,5
4283,09-19-2025,C-07 Otter Chaos,0,4,0,-16.0,C,9,6,1,29.0,Fall,6
4284,09-19-2025,C-18 Digletts,2,2,0,5.0,C,9,7,0,14.0,Fall,7
4285,09-19-2025,C-14 Hot Cheetahs,4,0,0,23.0,C,9,7,0,11.0,Fall,8
4286,09-19-2025,C-17 Fowl Play,1,3,0,-19.0,C,9,7,0,10.0,Fall,9
4287,09-19-2025,C-05 Bumpin Bunnies,3,1,0,23.0,C,8,8,0,9.0,Fall,10
4288,09-19-2025,C-13 Doggy Style,3,1,0,14.0,C,8,8,0,8.0,Fall,11
4289,09-19-2025,C-01 Hitty Kitties,1,3,0,-1.0,C,8,8,0,-11.0,Fall,12
4290,09-19-2025,C-04 Panda-Monium,2,2,0,2.0,C,5,10,1,-9.0,Fall,13
4291,09-19-2025,C-16 No Fox Given,1,3,0,-17.0,C,5,10,1,-43.0,Fall,14
4292,09-19-2025,C-09 Strikalotls,1,3,0,-7.0,C,4,11,1,-53.0,Fall,15
4293,09-19-2025,C-06 The GOATs,1,3,0,-15.0,C,4,12,0,-65.0,Fall,16
4294,09-19-2025,"C-15 Dig, Dig, Goose",1,3,0,-17.0,C,4,12,0,-72.0,Fall,17
4295,09-19-2025,C-10 Duck Around and Find Out,0,4,0,-25.0,C,2,14,0,-55.0,Fall,18
4296,09-26-2025,C-08 The Quack Pack,4,0,0,46.0,C,18,2,0,126.0,Fall,1
4297,09-26-2025,C-12 Blocktopusses,3,1,0,22.0,C,17,3,0,129.0,Fall,2
4298,09-26-2025,C-07 Otter Chaos,4,0,0,34.0,C,13,6,1,63.0,Fall,3
4299,09-26-2025,C-18 Digletts,2,2,0,17.0,C,11,9,0,31.0,Fall,4
4300,09-26-2025,C-14 Hot Cheetahs,2,2,0,18.0,C,11,9,0,29.0,Fall,5
4301,09-26-2025,C-13 Doggy Style,3,1,0,4.0,C,11,9,0,12.0,Fall,6
4302,09-26-2025,C-17 Fowl Play,2,2,0,-2.0,C,11,9,0,8.0,Fall,7
4303,09-26-2025,C-02 Glory H Gorillas,1,3,0,-20.0,C,11,9,0,-6.0,Fall,8
4304,09-26-2025,C-03 Balls to the Narwhals,1,3,0,-21.0,C,11,9,0,-9.0,Fall,9
4305,09-26-2025,C-05 Bumpin Bunnies,2,2,0,-2.0,C,10,10,0,7.0,Fall,10
4306,09-26-2025,C-11 Las Vulturistas,0,4,0,-24.0,C,10,10,0,-10.0,Fall,11
4307,09-26-2025,C-01 Hitty Kitties,2,2,0,-4.0,C,10,10,0,-15.0,Fall,12
4308,09-26-2025,C-04 Panda-Monium,4,0,0,26.0,C,9,10,1,17.0,Fall,13
4309,09-26-2025,C-16 No Fox Given,3,1,0,-3.0,C,8,11,1,-46.0,Fall,14
4310,09-26-2025,C-06 The GOATs,2,2,0,-4.0,C,6,14,0,-69.0,Fall,15
4311,09-26-2025,C-09 Strikalotls,1,3,0,-15.0,C,5,14,1,-68.0,Fall,16
4312,09-26-2025,"C-15 Dig, Dig, Goose",0,4,0,-30.0,C,4,16,0,-102.0,Fall,17
4313,09-26-2025,C-10 Duck Around and Find Out,0,4,0,-42.0,C,2,18,0,-97.0,Fall,18
4314,10-10-2025,C-08 The Quack Pack,4,0,0,45.0,C,22,2,0,171.0,Fall,1
4315,10-10-2025,C-12 Blocktopusses,3,1,0,10.0,C,20,4,0,139.0,Fall,2
4316,10-10-2025,C-07 Otter Chaos,2,2,0,15.0,C,15,8,1,78.0,Fall,3
4317,10-10-2025,C-14 Hot Cheetahs,3,1,0,18.0,C,14,10,0,47.0,Fall,4
4318,10-10-2025,C-05 Bumpin Bunnies,4,0,0,27.0,C,14,10,0,34.0,Fall,5
4319,10-10-2025,C-17 Fowl Play,3,1,0,18.0,C,14,10,0,26.0,Fall,6
4320,10-10-2025,C-11 Las Vulturistas,3,1,0,15.0,C,13,11,0,5.0,Fall,7
4321,10-10-2025,C-02 Glory H Gorillas,2,2,0,0.0,C,13,11,0,-6.0,Fall,8
4322,10-10-2025,C-04 Panda-Monium,3,0,1,15.0,C,12,10,2,32.0,Fall,9
4323,10-10-2025,C-13 Doggy Style,1,2,1,-16.0,C,12,11,1,-4.0,Fall,10
4324,10-10-2025,C-01 Hitty Kitties,2,2,0,7.0,C,12,12,0,-8.0,Fall,11
4325,10-10-2025,C-18 Digletts,0,4,0,-33.0,C,11,13,0,-2.0,Fall,12
4326,10-10-2025,C-03 Balls to the Narwhals,0,4,0,-45.0,C,11,13,0,-54.0,Fall,13
4327,10-10-2025,C-16 No Fox Given,1,3,0,-6.0,C,9,14,1,-52.0,Fall,14
4328,10-10-2025,C-06 The GOATs,2,2,0,-12.0,C,8,16,0,-81.0,Fall,15
4329,10-10-2025,C-09 Strikalotls,0,4,0,-34.0,C,5,18,1,-102.0,Fall,16
4330,10-10-2025,"C-15 Dig, Dig, Goose",1,3,0,1.0,C,5,19,0,-101.0,Fall,17
4331,10-10-2025,C-10 Duck Around and Find Out,1,3,0,-25.0,C,3,21,0,-122.0,Fall,18
4332,10-17-2025,C-08 The Quack Pack,4,0,0,27.0,C,26,2,0,198.0,Fall,1
4333,10-17-2025,C-12 Blocktopusses,2,2,0,-9.0,C,22,6,0,130.0,Fall,2
4334,10-17-2025,C-07 Otter Chaos,3,1,0,-6.0,C,18,9,1,72.0,Fall,3
4335,10-17-2025,C-05 Bumpin Bunnies,3,1,0,26.0,C,17,11,0,60.0,Fall,4
4336,10-17-2025,C-14 Hot Cheetahs,2,2,0,5.0,C,16,12,0,52.0,Fall,5
4337,10-17-2025,C-11 Las Vulturistas,3,1,0,15.0,C,16,12,0,20.0,Fall,6
4338,10-17-2025,C-04 Panda-Monium,3,1,0,-2.0,C,15,11,2,30.0,Fall,7
4339,10-17-2025,C-13 Doggy Style,2,2,0,4.0,C,14,13,1,0.0,Fall,8
4340,10-17-2025,C-17 Fowl Play,0,4,0,-19.0,C,14,14,0,7.0,Fall,9
4341,10-17-2025,C-01 Hitty Kitties,2,2,0,-8.0,C,14,14,0,-16.0,Fall,10
4342,10-17-2025,C-02 Glory H Gorillas,1,3,0,-12.0,C,14,14,0,-18.0,Fall,11
4343,10-17-2025,C-03 Balls to the Narwhals,3,1,0,5.0,C,14,14,0,-49.0,Fall,12
4344,10-17-2025,C-18 Digletts,2,2,0,14.0,C,13,15,0,12.0,Fall,13
4345,10-17-2025,C-06 The GOATs,2,2,0,6.0,C,10,18,0,-75.0,Fall,14
4346,10-17-2025,C-16 No Fox Given,0,4,0,-20.0,C,9,18,1,-72.0,Fall,15
4347,10-17-2025,C-09 Strikalotls,2,2,0,1.0,C,7,20,1,-101.0,Fall,16
4348,10-17-2025,"C-15 Dig, Dig, Goose",2,2,0,-7.0,C,7,21,0,-108.0,Fall,17
4349,10-17-2025,C-10 Duck Around and Find Out,0,4,0,-20.0,C,3,25,0,-142.0,Fall,18
4350,10-24-2025,C-08 The Quack Pack,4,0,0,34.0,C,30,2,0,232.0,Fall,1
4351,10-24-2025,C-12 Blocktopusses,1,3,0,-11.0,C,23,9,0,119.0,Fall,2
4352,10-24-2025,C-05 Bumpin Bunnies,4,0,0,39.0,C,21,11,0,99.0,Fall,3
4353,10-24-2025,C-07 Otter Chaos,1,3,0,-15.0,C,19,12,1,57.0,Fall,4
4354,10-24-2025,C-13 Doggy Style,4,0,0,41.0,C,18,13,1,41.0,Fall,5
4355,10-24-2025,C-14 Hot Cheetahs,2,2,0,6.0,C,18,14,0,58.0,Fall,6
4356,10-24-2025,C-04 Panda-Monium,2,2,0,0.0,C,17,13,2,30.0,Fall,7
4357,10-24-2025,C-11 Las Vulturistas,1,3,0,-19.0,C,17,15,0,1.0,Fall,8
4358,10-24-2025,C-01 Hitty Kitties,3,1,0,11.0,C,17,15,0,-5.0,Fall,9
4359,10-24-2025,C-18 Digletts,3,1,0,10.0,C,16,16,0,22.0,Fall,10
4360,10-24-2025,C-02 Glory H Gorillas,1,2,1,-12.0,C,15,16,1,-30.0,Fall,11
4361,10-24-2025,C-17 Fowl Play,1,3,0,-5.0,C,15,17,0,2.0,Fall,12
4362,10-24-2025,C-03 Balls to the Narwhals,1,3,0,-4.0,C,15,17,0,-53.0,Fall,13
4363,10-24-2025,C-06 The GOATs,2,1,1,6.0,C,12,19,1,-69.0,Fall,14
4364,10-24-2025,C-16 No Fox Given,1,3,0,-19.0,C,10,21,1,-91.0,Fall,15
4365,10-24-2025,C-09 Strikalotls,2,2,0,-5.0,C,9,22,1,-106.0,Fall,16
4366,10-24-2025,"C-15 Dig, Dig, Goose",1,3,0,-35.0,C,8,24,0,-143.0,Fall,17
4367,10-24-2025,C-10 Duck Around and Find Out,1,3,0,-22.0,C,4,28,0,-164.0,Fall,18
4368,11-07-2025,C-08 The Quack Pack,3,1,0,14.0,C,33,3,0,246.0,Fall,1
4369,11-07-2025,C-12 Blocktopusses,3,1,0,2.0,C,26,10,0,121.0,Fall,2
4370,11-07-2025,C-05 Bumpin Bunnies,3,1,0,21.0,C,24,12,0,120.0,Fall,3
4371,11-07-2025,C-07 Otter Chaos,3,1,0,22.0,C,22,13,1,79.0,Fall,4
4372,11-07-2025,C-14 Hot Cheetahs,3,1,0,15.0,C,21,15,0,73.0,Fall,5
4373,11-07-2025,C-04 Panda-Monium,3,1,0,9.0,C,20,14,2,39.0,Fall,6
4374,11-07-2025,C-13 Doggy Style,2,2,0,9.0,C,20,15,1,50.0,Fall,7
4375,11-07-2025,C-18 Digletts,4,0,0,30.0,C,20,16,0,52.0,Fall,8
4376,11-07-2025,C-02 Glory H Gorillas,3,1,0,14.0,C,18,17,1,-16.0,Fall,9
4377,11-07-2025,C-11 Las Vulturistas,1,3,0,-18.0,C,18,18,0,-17.0,Fall,10
4378,11-07-2025,C-01 Hitty Kitties,0,4,0,-36.0,C,17,19,0,-41.0,Fall,11
4379,11-07-2025,C-17 Fowl Play,1,3,0,-9.0,C,16,20,0,-7.0,Fall,12
4380,11-07-2025,C-03 Balls to the Narwhals,1,3,0,-11.0,C,16,20,0,-64.0,Fall,13
4381,11-07-2025,C-06 The GOATs,0,4,0,-23.0,C,12,23,1,-92.0,Fall,14
4382,11-07-2025,C-16 No Fox Given,2,2,0,-4.0,C,12,23,1,-95.0,Fall,15
4383,11-07-2025,C-09 Strikalotls,1,3,0,-12.0,C,10,25,1,-118.0,Fall,16
4384,11-07-2025,"C-15 Dig, Dig, Goose",1,3,0,-21.0,C,9,27,0,-164.0,Fall,17
4385,11-07-2025,C-10 Duck Around and Find Out,2,2,0,-2.0,C,6,30,0,-166.0,Fall,18
4386,11-14-2025,C-08 The Quack Pack,3,0,1,15.0,C,36,3,1,261.0,Fall,1
4387,11-14-2025,C-12 Blocktopusses,2,1,1,4.0,C,28,11,1,125.0,Fall,2
4388,11-14-2025,C-05 Bumpin Bunnies,4,0,0,31.0,C,28,12,0,151.0,Fall,3
4389,11-14-2025,C-07 Otter Chaos,3,1,0,24.0,C,25,14,1,103.0,Fall,4
4390,11-14-2025,C-14 Hot Cheetahs,3,1,0,23.0,C,24,16,0,96.0,Fall,5
4391,11-14-2025,C-18 Digletts,3,1,0,19.0,C,23,17,0,71.0,Fall,6
4392,11-14-2025,C-13 Doggy Style,2,2,0,0.0,C,22,17,1,50.0,Fall,7
4393,11-14-2025,C-01 Hitty Kitties,4,0,0,24.0,C,21,19,0,-17.0,Fall,8
4394,11-14-2025,C-04 Panda-Monium,0,4,0,-19.0,C,20,18,2,20.0,Fall,9
4395,11-14-2025,C-02 Glory H Gorillas,1,3,0,-4.0,C,19,20,1,-20.0,Fall,10
4396,11-14-2025,C-11 Las Vulturistas,1,3,0,-13.0,C,19,21,0,-30.0,Fall,11
4397,11-14-2025,C-17 Fowl Play,1,3,0,-13.0,C,17,23,0,-20.0,Fall,12
4398,11-14-2025,C-03 Balls to the Narwhals,0,4,0,-42.0,C,16,24,0,-106.0,Fall,13
4399,11-14-2025,C-09 Strikalotls,4,0,0,19.0,C,14,25,1,-99.0,Fall,14
4400,11-14-2025,C-06 The GOATs,1,3,0,-15.0,C,13,26,1,-107.0,Fall,15
4401,11-14-2025,C-16 No Fox Given,0,4,0,-31.0,C,12,27,1,-126.0,Fall,16
4402,11-14-2025,"C-15 Dig, Dig, Goose",2,2,0,-11.0,C,11,29,0,-175.0,Fall,17
4403,11-14-2025,C-10 Duck Around and Find Out,1,3,0,-11.0,C,7,33,0,-177.0,Fall,18
4404,11-21-2025,C-08 The Quack Pack,4,0,0,38.0,C,40,3,1,299.0,Fall,1
4405,11-21-2025,C-12 Blocktopusses,3,1,0,22.0,C,31,12,1,147.0,Fall,2
4406,11-21-2025,C-05 Bumpin Bunnies,3,1,0,20.0,C,31,13,0,171.0,Fall,3
4407,11-21-2025,C-07 Otter Chaos,4,0,0,42.0,C,29,14,1,145.0,Fall,4
4408,11-21-2025,C-14 Hot Cheetahs,4,0,0,30.0,C,28,16,0,126.0,Fall,5
4409,11-21-2025,C-18 Digletts,4,0,0,40.0,C,27,17,0,111.0,Fall,6
4410,11-21-2025,C-13 Doggy Style,1,3,0,-16.0,C,23,20,1,34.0,Fall,7
4411,11-21-2025,C-11 Las Vulturistas,3,1,0,16.0,C,22,22,0,-14.0,Fall,8
4412,11-21-2025,C-01 Hitty Kitties,1,3,0,-12.0,C,22,22,0,-29.0,Fall,9
4413,11-21-2025,C-04 Panda-Monium,1,3,0,-20.0,C,21,21,2,0.0,Fall,10
4414,11-21-2025,C-02 Glory H Gorillas,2,2,0,13.0,C,21,22,1,-7.0,Fall,11
4415,11-21-2025,C-17 Fowl Play,1,3,0,-22.0,C,18,26,0,-42.0,Fall,12
4416,11-21-2025,C-03 Balls to the Narwhals,1,3,0,-22.0,C,17,27,0,-128.0,Fall,13
4417,11-21-2025,C-09 Strikalotls,2,2,0,5.0,C,16,27,1,-94.0,Fall,14
4418,11-21-2025,C-06 The GOATs,1,3,0,-18.0,C,14,29,1,-125.0,Fall,15
4419,11-21-2025,C-16 No Fox Given,1,3,0,-21.0,C,13,30,1,-147.0,Fall,16
4420,11-21-2025,"C-15 Dig, Dig, Goose",0,4,0,-53.0,C,11,33,0,-228.0,Fall,17
4421,11-21-2025,C-10 Duck Around and Find Out,0,4,0,-42.0,C,7,37,0,-219.0,Fall,18
4422,08-22-2025,E-01-Assassins Cream,3,1,0,18.0,E,3,1,0,18.0,Fall,1
4423,08-22-2025,E-08-Street Walkers,3,1,0,11.0,E,3,1,0,11.0,Fall,2
4424,08-22-2025,E-09-Sonic The Edgedhogs,3,1,0,10.0,E,3,1,0,10.0,Fall,3
4425,08-22-2025,E-04-Super Smash Hoes,3,1,0,8.0,E,3,1,0,8.0,Fall,4
4426,08-22-2025,E-05-Nintendo 69,2,2,0,-7.0,E,2,2,0,-7.0,Fall,5
4427,08-22-2025,E-02-Mortal Cumbat,2,2,0,-7.0,E,2,2,0,-7.0,Fall,6
4428,08-22-2025,E-06-Call of Booty: Block Ops,1,3,0,-1.0,E,1,3,0,-1.0,Fall,7
4429,08-22-2025,E-03-Donkey Schlong,1,3,0,-11.0,E,1,3,0,-11.0,Fall,8
4430,08-22-2025,E-07-Ms. Pac Man,0,4,0,-21.0,E,0,4,0,-21.0,Fall,9
4431,09-05-2025,E-01-Assassins Cream,4,0,0,19.0,E,7,1,0,37.0,Fall,1
4432,09-05-2025,E-09-Sonic The Edgedhogs,4,0,0,16.0,E,7,1,0,26.0,Fall,2
4433,09-05-2025,E-08-Street Walkers,2,2,0,6.0,E,5,3,0,17.0,Fall,3
4434,09-05-2025,E-02-Mortal Cumbat,3,1,0,12.0,E,5,3,0,5.0,Fall,4
4435,09-05-2025,E-04-Super Smash Hoes,1,3,0,-12.0,E,4,4,0,-4.0,Fall,5
4436,09-05-2025,E-05-Nintendo 69,1,3,0,-18.0,E,3,5,0,-25.0,Fall,6
4437,09-05-2025,E-06-Call of Booty: Block Ops,1,3,0,-9.0,E,2,6,0,-10.0,Fall,7
4438,09-05-2025,E-03-Donkey Schlong,1,3,0,-7.0,E,2,6,0,-18.0,Fall,8
4439,09-05-2025,E-07-Ms. Pac Man,1,3,0,-7.0,E,1,7,0,-28.0,Fall,9
4440,09-12-2025,E-09-Sonic The Edgedhogs,4,0,0,23.0,E,11,1,0,49.0,Fall,1
4441,09-12-2025,E-02-Mortal Cumbat,4,0,0,20.0,E,9,3,0,25.0,Fall,2
4442,09-12-2025,E-01-Assassins Cream,1,3,0,-6.0,E,8,4,0,31.0,Fall,3
4443,09-12-2025,E-08-Street Walkers,1,3,0,-10.0,E,6,6,0,7.0,Fall,4
4444,09-12-2025,E-04-Super Smash Hoes,2,2,0,-5.0,E,6,6,0,-9.0,Fall,5
4445,09-12-2025,E-03-Donkey Schlong,3,1,0,15.0,E,5,7,0,-3.0,Fall,6
4446,09-12-2025,E-06-Call of Booty: Block Ops,2,2,0,-7.0,E,4,8,0,-17.0,Fall,7
4447,09-12-2025,E-05-Nintendo 69,1,3,0,-17.0,E,4,8,0,-42.0,Fall,8
4448,09-12-2025,E-07-Ms. Pac Man,0,4,0,-13.0,E,1,11,0,-41.0,Fall,9
4449,09-19-2025,E-01-Assassins Cream,4,0,0,25.0,E,12,4,0,56.0,Fall,1
4450,09-19-2025,E-09-Sonic The Edgedhogs,1,3,0,-6.0,E,12,4,0,43.0,Fall,2
4451,09-19-2025,E-02-Mortal Cumbat,3,1,0,17.0,E,12,4,0,42.0,Fall,3
4452,09-19-2025,E-03-Donkey Schlong,3,1,0,6.0,E,8,8,0,3.0,Fall,4
4453,09-19-2025,E-04-Super Smash Hoes,2,2,0,-11.0,E,8,8,0,-20.0,Fall,5
4454,09-19-2025,E-08-Street Walkers,1,3,0,-9.0,E,7,9,0,-2.0,Fall,6
4455,09-19-2025,E-06-Call of Booty: Block Ops,1,3,0,-16.0,E,5,11,0,-33.0,Fall,7
4456,09-19-2025,E-05-Nintendo 69,1,3,0,-13.0,E,5,11,0,-55.0,Fall,8
4457,09-19-2025,E-07-Ms. Pac Man,2,2,0,7.0,E,3,13,0,-34.0,Fall,9
4458,09-26-2025,E-09-Sonic The Edgedhogs,4,0,0,35.0,E,16,4,0,78.0,Fall,1
4459,09-26-2025,E-01-Assassins Cream,3,1,0,12.0,E,15,5,0,68.0,Fall,2
4460,09-26-2025,E-02-Mortal Cumbat,1,3,0,-18.0,E,13,7,0,24.0,Fall,3
4461,09-26-2025,E-03-Donkey Schlong,2,2,0,6.0,E,10,10,0,9.0,Fall,4
4462,09-26-2025,E-08-Street Walkers,1,3,0,-19.0,E,8,12,0,-21.0,Fall,5
4463,09-26-2025,E-06-Call of Booty: Block Ops,3,1,0,12.0,E,8,12,0,-21.0,Fall,6
4464,09-26-2025,E-04-Super Smash Hoes,0,4,0,-18.0,E,8,12,0,-38.0,Fall,7
4465,09-26-2025,E-05-Nintendo 69,3,1,0,6.0,E,8,12,0,-49.0,Fall,8
4466,09-26-2025,E-07-Ms. Pac Man,1,3,0,-16.0,E,4,16,0,-50.0,Fall,9
4467,10-10-2025,E-09-Sonic The Edgedhogs,4,0,0,100.0,E,20,4,0,178.0,Fall,1
4468,10-10-2025,E-01-Assassins Cream,2,2,0,5.0,E,17,7,0,73.0,Fall,2
4469,10-10-2025,E-02-Mortal Cumbat,1,3,0,-9.0,E,14,10,0,15.0,Fall,3
4470,10-10-2025,E-05-Nintendo 69,4,0,0,22.0,E,12,12,0,-27.0,Fall,4
4471,10-10-2025,E-03-Donkey Schlong,0,2,2,-50.0,E,10,12,2,-41.0,Fall,5
4472,10-10-2025,E-04-Super Smash Hoes,2,2,0,-9.0,E,10,14,0,-47.0,Fall,6
4473,10-10-2025,E-08-Street Walkers,1,3,0,-13.0,E,9,15,0,-34.0,Fall,7
4474,10-10-2025,E-06-Call of Booty: Block Ops,0,2,2,-50.0,E,8,14,2,-71.0,Fall,8
4475,10-10-2025,E-07-Ms. Pac Man,2,2,0,4.0,E,6,18,0,-46.0,Fall,9
4476,10-17-2025,E-09-Sonic The Edgedhogs,1,3,0,-7.0,E,21,7,0,171.0,Fall,1
4477,10-17-2025,E-01-Assassins Cream,2,2,0,3.0,E,19,9,0,76.0,Fall,2
4478,10-17-2025,E-02-Mortal Cumbat,3,1,0,8.0,E,17,11,0,23.0,Fall,3
4479,10-17-2025,E-05-Nintendo 69,3,1,0,4.0,E,15,13,0,-23.0,Fall,4
4480,10-17-2025,E-03-Donkey Schlong,2,2,0,-8.0,E,12,14,2,-49.0,Fall,5
4481,10-17-2025,E-04-Super Smash Hoes,2,2,0,10.0,E,12,16,0,-37.0,Fall,6
4482,10-17-2025,E-08-Street Walkers,2,2,0,-2.0,E,11,17,0,-36.0,Fall,7
4483,10-17-2025,E-06-Call of Booty: Block Ops,2,2,0,-7.0,E,10,16,2,-78.0,Fall,8
4484,10-17-2025,E-07-Ms. Pac Man,1,3,0,-1.0,E,7,21,0,-47.0,Fall,9
4485,10-24-2025,E-09-Sonic The Edgedhogs,4,0,0,30.0,E,25,7,0,201.0,Fall,1
4486,10-24-2025,E-01-Assassins Cream,0,4,0,-19.0,E,19,13,0,57.0,Fall,2
4487,10-24-2025,E-02-Mortal Cumbat,0,4,0,-25.0,E,17,15,0,-2.0,Fall,3
4488,10-24-2025,E-05-Nintendo 69,1,3,0,-15.0,E,16,16,0,-38.0,Fall,4
4489,10-24-2025,E-03-Donkey Schlong,3,1,0,7.0,E,15,15,2,-42.0,Fall,5
4490,10-24-2025,E-06-Call of Booty: Block Ops,4,0,0,20.0,E,14,16,2,-58.0,Fall,6
4491,10-24-2025,E-04-Super Smash Hoes,2,2,0,-5.0,E,14,18,0,-42.0,Fall,7
4492,10-24-2025,E-08-Street Walkers,2,2,0,-1.0,E,13,19,0,-37.0,Fall,8
4493,10-24-2025,E-07-Ms. Pac Man,2,2,0,8.0,E,9,23,0,-39.0,Fall,9
4494,11-07-2025,E-09-Sonic The Edgedhogs,3,1,0,18.0,E,28,8,0,219.0,Fall,1
4495,11-07-2025,E-01-Assassins Cream,3,1,0,16.0,E,22,14,0,73.0,Fall,2
4496,11-07-2025,E-05-Nintendo 69,3,1,0,3.0,E,19,17,0,-35.0,Fall,3
4497,11-07-2025,E-03-Donkey Schlong,3,1,0,6.0,E,18,16,2,-36.0,Fall,4
4498,11-07-2025,E-06-Call of Booty: Block Ops,3,1,0,21.0,E,17,17,2,-37.0,Fall,5
4499,11-07-2025,E-02-Mortal Cumbat,0,4,0,-22.0,E,17,19,0,-24.0,Fall,6
4500,11-07-2025,E-08-Street Walkers,2,2,0,-5.0,E,15,21,0,-42.0,Fall,7
4501,11-07-2025,E-04-Super Smash Hoes,0,4,0,-24.0,E,14,22,0,-66.0,Fall,8
4502,11-07-2025,E-07-Ms. Pac Man,1,3,0,-13.0,E,10,26,0,-52.0,Fall,9
4503,11-14-2025,E-09-Sonic The Edgedhogs,0,4,0,-100.0,E,28,12,0,119.0,Fall,1
4504,11-14-2025,E-01-Assassins Cream,0,4,0,-100.0,E,22,18,0,-27.0,Fall,2
4505,11-14-2025,E-03-Donkey Schlong,3,1,0,50.0,E,21,17,2,14.0,Fall,3
4506,11-14-2025,E-06-Call of Booty: Block Ops,3,1,0,50.0,E,20,18,2,13.0,Fall,4
4507,11-14-2025,E-02-Mortal Cumbat,3,1,0,50.0,E,20,20,0,26.0,Fall,5
4508,11-14-2025,E-05-Nintendo 69,0,4,0,-100.0,E,19,21,0,-135.0,Fall,6
4509,11-14-2025,E-08-Street Walkers,3,1,0,50.0,E,18,22,0,8.0,Fall,7
4510,11-14-2025,E-04-Super Smash Hoes,3,1,0,52.0,E,17,23,0,-14.0,Fall,8
4511,11-14-2025,E-07-Ms. Pac Man,3,1,0,48.0,E,13,27,0,-4.0,Fall,9
4512,11-21-2025,E-09-Sonic The Edgedhogs,0,2,2,0.0,E,28,14,2,119.0,Fall,1
4513,11-21-2025,E-01-Assassins Cream,4,0,0,0.0,E,26,18,0,-27.0,Fall,2
4514,11-21-2025,E-03-Donkey Schlong,0,4,0,0.0,E,21,21,2,14.0,Fall,3
4515,11-21-2025,E-04-Super Smash Hoes,4,0,0,5.0,E,21,23,0,-9.0,Fall,4
4516,11-21-2025,E-06-Call of Booty: Block Ops,0,0,4,0.0,E,20,18,6,13.0,Fall,5
4517,11-21-2025,E-02-Mortal Cumbat,0,0,4,0.0,E,20,20,4,26.0,Fall,6
4518,11-21-2025,E-08-Street Walkers,2,2,0,-5.0,E,20,24,0,3.0,Fall,7
4519,11-21-2025,E-05-Nintendo 69,0,2,2,0.0,E,19,23,2,-135.0,Fall,8
4520,11-21-2025,E-07-Ms. Pac Man,0,0,4,0.0,E,13,27,4,-4.0,Fall,9
4521,08-22-2025,I-05 Sugar Rush,4,0,0,55.0,I,4,0,0,55.0,Fall,1
4522,08-22-2025,I-08 Fudge Force,4,0,0,39.0,I,4,0,0,39.0,Fall,2
4523,08-22-2025,I-07 Sour Patch Aces,3,1,0,21.0,I,3,1,0,21.0,Fall,3
4524,08-22-2025,I-04 Pelon PelonetAss,3,1,0,21.0,I,3,1,0,21.0,Fall,4
4525,08-22-2025,I-09 Sour Pass Kids,3,1,0,4.0,I,3,1,0,4.0,Fall,5
4526,08-22-2025,I-01 Sugar Spikers,2,2,0,4.0,I,2,2,0,4.0,Fall,6
4527,08-22-2025,I-03 Volleypops,2,2,0,1.0,I,2,2,0,1.0,Fall,7
4528,08-22-2025,I-06 Candy Crushers,2,2,0,-15.0,I,2,2,0,-15.0,Fall,8
4529,08-22-2025,I-11 Gummy Bear Spikers,1,3,0,-22.0,I,1,3,0,-22.0,Fall,9
4530,08-22-2025,I-02 Spike Tarts,0,4,0,-25.0,I,0,4,0,-25.0,Fall,10
4531,08-22-2025,I-10 Volley Ranchers,0,4,0,-40.0,I,0,4,0,-40.0,Fall,11
4532,08-22-2025,I-12 Gummy Humpers,0,4,0,-43.0,I,0,4,0,-43.0,Fall,12
4533,09-05-2025,I-05 Sugar Rush,3,1,0,27.0,I,7,1,0,82.0,Fall,1
4534,09-05-2025,I-08 Fudge Force,3,1,0,23.0,I,7,1,0,62.0,Fall,2
4535,09-05-2025,I-09 Sour Pass Kids,3,1,0,14.0,I,6,2,0,18.0,Fall,3
4536,09-05-2025,I-03 Volleypops,3,1,0,16.0,I,5,3,0,17.0,Fall,4
4537,09-05-2025,I-04 Pelon PelonetAss,2,2,0,-14.0,I,5,3,0,7.0,Fall,5
4538,09-05-2025,I-07 Sour Patch Aces,1,3,0,-7.0,I,4,4,0,14.0,Fall,6
4539,09-05-2025,I-01 Sugar Spikers,2,2,0,5.0,I,4,4,0,9.0,Fall,7
4540,09-05-2025,I-06 Candy Crushers,2,2,0,9.0,I,4,4,0,-6.0,Fall,8
4541,09-05-2025,I-11 Gummy Bear Spikers,2,1,1,-1.0,I,3,4,1,-23.0,Fall,9
4542,09-05-2025,I-12 Gummy Humpers,2,2,0,-7.0,I,2,6,0,-50.0,Fall,10
4543,09-05-2025,I-10 Volley Ranchers,0,3,1,-22.0,I,0,7,1,-62.0,Fall,11
4544,09-05-2025,I-02 Spike Tarts,0,4,0,-43.0,I,0,8,0,-68.0,Fall,12
4545,09-12-2025,I-05 Sugar Rush,3,0,1,18.0,I,10,1,1,100.0,Fall,1
4546,09-12-2025,I-08 Fudge Force,2,2,0,1.0,I,9,3,0,63.0,Fall,2
4547,09-12-2025,I-09 Sour Pass Kids,3,1,0,23.0,I,9,3,0,41.0,Fall,3
4548,09-12-2025,I-04 Pelon PelonetAss,4,0,0,23.0,I,9,3,0,30.0,Fall,4
4549,09-12-2025,I-01 Sugar Spikers,3,1,0,11.0,I,7,5,0,20.0,Fall,5
4550,09-12-2025,I-07 Sour Patch Aces,2,2,0,-4.0,I,6,6,0,10.0,Fall,6
4551,09-12-2025,I-06 Candy Crushers,1,2,1,-6.0,I,5,6,1,-12.0,Fall,7
4552,09-12-2025,I-03 Volleypops,0,4,0,-24.0,I,5,7,0,-7.0,Fall,8
4553,09-12-2025,I-10 Volley Ranchers,3,1,0,17.0,I,3,8,1,-45.0,Fall,9
4554,09-12-2025,I-11 Gummy Bear Spikers,0,4,0,-34.0,I,3,8,1,-57.0,Fall,10
4555,09-12-2025,I-12 Gummy Humpers,1,3,0,-12.0,I,3,9,0,-62.0,Fall,11
4556,09-12-2025,I-02 Spike Tarts,1,3,0,-13.0,I,1,11,0,-81.0,Fall,12
4557,09-19-2025,I-05 Sugar Rush,4,0,0,35.0,I,14,1,1,135.0,Fall,1
4558,09-19-2025,I-08 Fudge Force,4,0,0,36.0,I,13,3,0,99.0,Fall,2
4559,09-19-2025,I-04 Pelon PelonetAss,4,0,0,33.0,I,13,3,0,63.0,Fall,3
4560,09-19-2025,I-09 Sour Pass Kids,3,0,1,25.0,I,12,3,1,66.0,Fall,4
4561,09-19-2025,I-01 Sugar Spikers,1,3,0,-6.0,I,8,8,0,14.0,Fall,5
4562,09-19-2025,I-03 Volleypops,2,1,1,18.0,I,7,8,1,11.0,Fall,6
4563,09-19-2025,I-06 Candy Crushers,2,2,0,13.0,I,7,8,1,1.0,Fall,7
4564,09-19-2025,I-07 Sour Patch Aces,1,3,0,-29.0,I,7,9,0,-19.0,Fall,8
4565,09-19-2025,I-11 Gummy Bear Spikers,1,3,0,-23.0,I,4,11,1,-80.0,Fall,9
4566,09-19-2025,I-12 Gummy Humpers,1,3,0,-10.0,I,4,12,0,-72.0,Fall,10
4567,09-19-2025,I-10 Volley Ranchers,0,4,0,-43.0,I,3,12,1,-88.0,Fall,11
4568,09-19-2025,I-02 Spike Tarts,0,4,0,-49.0,I,1,15,0,-130.0,Fall,12
4569,09-26-2025,I-05 Sugar Rush,4,0,0,28.0,I,18,1,1,163.0,Fall,1
4570,09-26-2025,I-08 Fudge Force,4,0,0,43.0,I,17,3,0,142.0,Fall,2
4571,09-26-2025,I-04 Pelon PelonetAss,2,2,0,-4.0,I,15,5,0,59.0,Fall,3
4572,09-26-2025,I-09 Sour Pass Kids,2,2,0,-4.0,I,14,5,1,62.0,Fall,4
4573,09-26-2025,I-01 Sugar Spikers,3,0,1,29.0,I,11,8,1,43.0,Fall,5
4574,09-26-2025,I-06 Candy Crushers,3,1,0,26.0,I,10,9,1,27.0,Fall,6
4575,09-26-2025,I-03 Volleypops,1,3,0,-17.0,I,8,11,1,-6.0,Fall,7
4576,09-26-2025,I-07 Sour Patch Aces,0,4,0,-39.0,I,7,13,0,-58.0,Fall,8
4577,09-26-2025,I-12 Gummy Humpers,2,2,0,-9.0,I,6,14,0,-81.0,Fall,9
4578,09-26-2025,I-11 Gummy Bear Spikers,1,2,1,3.0,I,5,13,2,-77.0,Fall,10
4579,09-26-2025,I-10 Volley Ranchers,0,4,0,-24.0,I,3,16,1,-112.0,Fall,11
4580,09-26-2025,I-02 Spike Tarts,1,3,0,-32.0,I,2,18,0,-162.0,Fall,12
4581,10-10-2025,I-05 Sugar Rush,3,1,0,22.0,I,21,2,1,185.0,Fall,1
4582,10-10-2025,I-08 Fudge Force,4,0,0,49.0,I,21,3,0,191.0,Fall,2
4583,10-10-2025,I-04 Pelon PelonetAss,2,2,0,7.0,I,17,7,0,66.0,Fall,3
4584,10-10-2025,I-09 Sour Pass Kids,2,2,0,13.0,I,16,7,1,75.0,Fall,4
4585,10-10-2025,I-01 Sugar Spikers,4,0,0,28.0,I,15,8,1,71.0,Fall,5
4586,10-10-2025,I-03 Volleypops,3,1,0,10.0,I,11,12,1,4.0,Fall,6
4587,10-10-2025,I-06 Candy Crushers,0,4,0,-42.0,I,10,13,1,-15.0,Fall,7
4588,10-10-2025,I-07 Sour Patch Aces,1,3,0,-17.0,I,8,16,0,-75.0,Fall,8
4589,10-10-2025,I-12 Gummy Humpers,2,2,0,3.0,I,8,16,0,-78.0,Fall,9
4590,10-10-2025,I-11 Gummy Bear Spikers,2,2,0,-7.0,I,7,15,2,-84.0,Fall,10
4591,10-10-2025,I-10 Volley Ranchers,0,4,0,-31.0,I,3,20,1,-143.0,Fall,11
4592,10-10-2025,I-02 Spike Tarts,1,3,0,-35.0,I,3,21,0,-197.0,Fall,12
4593,10-17-2025,I-08 Fudge Force,3,1,0,13.0,I,24,4,0,204.0,Fall,1
4594,10-17-2025,I-05 Sugar Rush,1,3,0,-11.0,I,22,5,1,174.0,Fall,2
4595,10-17-2025,I-09 Sour Pass Kids,4,0,0,13.0,I,20,7,1,88.0,Fall,3
4596,10-17-2025,I-04 Pelon PelonetAss,2,1,1,-2.0,I,19,8,1,64.0,Fall,4
4597,10-17-2025,I-01 Sugar Spikers,2,2,0,-2.0,I,17,10,1,69.0,Fall,5
4598,10-17-2025,I-03 Volleypops,2,2,0,3.0,I,13,14,1,7.0,Fall,6
4599,10-17-2025,I-12 Gummy Humpers,3,1,0,18.0,I,11,17,0,-60.0,Fall,7
4600,10-17-2025,I-11 Gummy Bear Spikers,3,1,0,24.0,I,10,16,2,-60.0,Fall,8
4601,10-17-2025,I-06 Candy Crushers,0,4,0,-16.0,I,10,17,1,-31.0,Fall,9
4602,10-17-2025,I-07 Sour Patch Aces,1,3,0,-12.0,I,9,19,0,-87.0,Fall,10
4603,10-17-2025,I-02 Spike Tarts,2,2,0,-6.0,I,5,23,0,-203.0,Fall,11
4604,10-17-2025,I-10 Volley Ranchers,0,3,1,-22.0,I,3,23,2,-165.0,Fall,12
4605,10-24-2025,I-08 Fudge Force,4,0,0,36.0,I,28,4,0,240.0,Fall,1
4606,10-24-2025,I-05 Sugar Rush,4,0,0,23.0,I,26,5,1,197.0,Fall,2
4607,10-24-2025,I-09 Sour Pass Kids,4,0,0,41.0,I,24,7,1,129.0,Fall,3
4608,10-24-2025,I-01 Sugar Spikers,4,0,0,33.0,I,21,10,1,102.0,Fall,4
4609,10-24-2025,I-04 Pelon PelonetAss,2,2,0,19.0,I,21,10,1,83.0,Fall,5
4610,10-24-2025,I-03 Volleypops,2,2,0,14.0,I,15,16,1,21.0,Fall,6
4611,10-24-2025,I-12 Gummy Humpers,2,2,0,-1.0,I,13,19,0,-61.0,Fall,7
4612,10-24-2025,I-06 Candy Crushers,2,2,0,10.0,I,12,19,1,-21.0,Fall,8
4613,10-24-2025,I-11 Gummy Bear Spikers,0,4,0,-37.0,I,10,20,2,-97.0,Fall,9
4614,10-24-2025,I-07 Sour Patch Aces,0,4,0,-43.0,I,9,23,0,-130.0,Fall,10
4615,10-24-2025,I-02 Spike Tarts,0,4,0,-55.0,I,5,27,0,-258.0,Fall,11
4616,10-24-2025,I-10 Volley Ranchers,0,4,0,-40.0,I,3,27,2,-205.0,Fall,12
4617,11-07-2025,I-08 Fudge Force,4,0,0,37.0,I,32,4,0,277.0,Fall,1
4618,11-07-2025,I-05 Sugar Rush,2,2,0,-11.0,I,28,7,1,186.0,Fall,2
4619,11-07-2025,I-09 Sour Pass Kids,4,0,0,43.0,I,28,7,1,172.0,Fall,3
4620,11-07-2025,I-04 Pelon PelonetAss,4,0,0,32.0,I,25,10,1,115.0,Fall,4
4621,11-07-2025,I-01 Sugar Spikers,3,1,0,17.0,I,24,11,1,119.0,Fall,5
4622,11-07-2025,I-03 Volleypops,2,2,0,8.0,I,17,18,1,29.0,Fall,6
4623,11-07-2025,I-06 Candy Crushers,1,3,0,-19.0,I,13,22,1,-40.0,Fall,7
4624,11-07-2025,I-12 Gummy Humpers,0,4,0,-21.0,I,13,23,0,-82.0,Fall,8
4625,11-07-2025,I-11 Gummy Bear Spikers,1,3,0,-24.0,I,11,23,2,-121.0,Fall,9
4626,11-07-2025,I-07 Sour Patch Aces,0,4,0,-27.0,I,9,27,0,-157.0,Fall,10
4627,11-07-2025,I-02 Spike Tarts,1,3,0,-25.0,I,6,30,0,-283.0,Fall,11
4628,11-07-2025,I-10 Volley Ranchers,2,2,0,-10.0,I,5,29,2,-215.0,Fall,12
4629,11-14-2025,I-08 Fudge Force,3,1,0,5.0,I,35,5,0,282.0,Fall,1
4630,11-14-2025,I-05 Sugar Rush,4,0,0,23.0,I,32,7,1,209.0,Fall,2
4631,11-14-2025,I-09 Sour Pass Kids,2,2,0,5.0,I,30,9,1,177.0,Fall,3
4632,11-14-2025,I-01 Sugar Spikers,3,1,0,3.0,I,27,12,1,122.0,Fall,4
4633,11-14-2025,I-04 Pelon PelonetAss,1,3,0,-8.0,I,26,13,1,107.0,Fall,5
4634,11-14-2025,I-03 Volleypops,2,2,0,1.0,I,19,20,1,30.0,Fall,6
4635,11-14-2025,I-06 Candy Crushers,3,1,0,33.0,I,16,23,1,-7.0,Fall,7
4636,11-14-2025,I-12 Gummy Humpers,1,3,0,-6.0,I,14,26,0,-88.0,Fall,8
4637,11-14-2025,I-11 Gummy Bear Spikers,1,3,0,-4.0,I,12,26,2,-125.0,Fall,9
4638,11-14-2025,I-07 Sour Patch Aces,1,3,0,-19.0,I,10,30,0,-176.0,Fall,10
4639,11-14-2025,I-10 Volley Ranchers,2,2,0,-15.0,I,7,31,2,-230.0,Fall,11
4640,11-14-2025,I-02 Spike Tarts,1,3,0,-18.0,I,7,33,0,-301.0,Fall,12
4641,11-21-2025,I-08 Fudge Force,3,1,0,8.0,I,38,6,0,290.0,Fall,1
4642,11-21-2025,I-09 Sour Pass Kids,3,1,0,18.0,I,33,10,1,195.0,Fall,2
4643,11-21-2025,I-05 Sugar Rush,0,4,0,-26.0,I,32,11,1,183.0,Fall,3
4644,11-21-2025,I-01 Sugar Spikers,2,2,0,-4.0,I,29,14,1,118.0,Fall,4
4645,11-21-2025,I-04 Pelon PelonetAss,3,1,0,4.0,I,29,14,1,111.0,Fall,5
4646,11-21-2025,I-03 Volleypops,3,1,0,13.0,I,22,21,1,43.0,Fall,6
4647,11-21-2025,I-06 Candy Crushers,1,3,0,-8.0,I,17,26,1,-15.0,Fall,7
4648,11-21-2025,I-12 Gummy Humpers,3,1,0,0.0,I,17,27,0,-88.0,Fall,8
4649,11-21-2025,I-11 Gummy Bear Spikers,2,2,0,9.0,I,14,28,2,-116.0,Fall,9
4650,11-21-2025,I-07 Sour Patch Aces,2,2,0,4.0,I,12,32,0,-172.0,Fall,10
4651,11-21-2025,I-10 Volley Ranchers,1,3,0,-9.0,I,8,34,2,-239.0,Fall,11
4652,11-21-2025,I-02 Spike Tarts,1,3,0,-9.0,I,8,36,0,-310.0,Fall,12
4653,08-22-2025,P-09 Taste My Rainbow,4,0,0,19.0,P,4,0,0,19.0,Fall,1
4654,08-22-2025,P-05 Jaw Breakers,3,1,0,21.0,P,3,1,0,21.0,Fall,2
4655,08-22-2025,P-01 Pop rocks cock blocks,3,1,0,14.0,P,3,1,0,14.0,Fall,3
4656,08-22-2025,P-03 Blows Pop,2,2,0,13.0,P,2,2,0,13.0,Fall,4
4657,08-22-2025,P-06 Hot Ta-Mamas!,2,2,0,8.0,P,2,2,0,8.0,Fall,5
4658,08-22-2025,P-08 Nutty Buddies,1,3,0,-8.0,P,1,3,0,-8.0,Fall,6
4659,08-22-2025,P-07 Reese’s Pieces (of ass),1,3,0,-11.0,P,1,3,0,-11.0,Fall,7
4660,08-22-2025,P-02 Spikes and Ike’s,1,3,0,-27.0,P,1,3,0,-27.0,Fall,8
4661,08-22-2025,P-04 The SnM’s,1,3,0,-29.0,P,1,3,0,-29.0,Fall,9
4662,09-05-2025,P-01 Pop rocks cock blocks,4,0,0,18.0,P,7,1,0,32.0,Fall,1
4663,09-05-2025,P-03 Blows Pop,4,0,0,32.0,P,6,2,0,45.0,Fall,2
4664,09-05-2025,P-09 Taste My Rainbow,2,2,0,5.0,P,6,2,0,24.0,Fall,3
4665,09-05-2025,P-05 Jaw Breakers,1,3,0,-15.0,P,4,4,0,6.0,Fall,4
4666,09-05-2025,P-08 Nutty Buddies,3,1,0,7.0,P,4,4,0,-1.0,Fall,5
4667,09-05-2025,P-07 Reese’s Pieces (of ass),2,2,0,-2.0,P,3,5,0,-13.0,Fall,6
4668,09-05-2025,P-02 Spikes and Ike’s,2,2,0,8.0,P,3,5,0,-19.0,Fall,7
4669,09-05-2025,P-06 Hot Ta-Mamas!,0,4,0,-37.0,P,2,6,0,-29.0,Fall,8
4670,09-05-2025,P-04 The SnM’s,0,4,0,-16.0,P,1,7,0,-45.0,Fall,9
4671,09-12-2025,P-01 Pop rocks cock blocks,3,1,0,18.0,P,10,2,0,50.0,Fall,1
4672,09-12-2025,P-09 Taste My Rainbow,3,1,0,19.0,P,9,3,0,43.0,Fall,2
4673,09-12-2025,P-03 Blows Pop,2,2,0,-3.0,P,8,4,0,42.0,Fall,3
4674,09-12-2025,P-08 Nutty Buddies,3,1,0,15.0,P,7,5,0,14.0,Fall,4
4675,09-12-2025,P-07 Reese’s Pieces (of ass),2,2,0,8.0,P,5,7,0,-5.0,Fall,5
4676,09-12-2025,P-02 Spikes and Ike’s,2,2,0,-12.0,P,5,7,0,-31.0,Fall,6
4677,09-12-2025,P-06 Hot Ta-Mamas!,2,2,0,4.0,P,4,8,0,-25.0,Fall,7
4678,09-12-2025,P-05 Jaw Breakers,0,4,0,-37.0,P,4,8,0,-31.0,Fall,8
4679,09-12-2025,P-04 The SnM’s,1,3,0,-12.0,P,2,10,0,-57.0,Fall,9
4680,09-19-2025,P-01 Pop rocks cock blocks,4,0,0,31.0,P,14,2,0,81.0,Fall,1
4681,09-19-2025,P-09 Taste My Rainbow,3,1,0,19.0,P,12,4,0,62.0,Fall,2
4682,09-19-2025,P-03 Blows Pop,1,3,0,-10.0,P,9,7,0,32.0,Fall,3
4683,09-19-2025,P-05 Jaw Breakers,4,0,0,32.0,P,8,8,0,1.0,Fall,4
4684,09-19-2025,P-08 Nutty Buddies,1,3,0,-19.0,P,8,8,0,-5.0,Fall,5
4685,09-19-2025,P-02 Spikes and Ike’s,3,1,0,9.0,P,8,8,0,-22.0,Fall,6
4686,09-19-2025,P-07 Reese’s Pieces (of ass),1,3,0,-22.0,P,6,10,0,-27.0,Fall,7
4687,09-19-2025,P-06 Hot Ta-Mamas!,1,3,0,-12.0,P,5,11,0,-37.0,Fall,8
4688,09-19-2025,P-04 The SnM’s,0,4,0,-28.0,P,2,14,0,-85.0,Fall,9
4689,09-26-2025,P-01 Pop rocks cock blocks,2,2,0,2.0,P,16,4,0,83.0,Fall,1
4690,09-26-2025,P-09 Taste My Rainbow,3,1,0,14.0,P,15,5,0,76.0,Fall,2
4691,09-26-2025,P-03 Blows Pop,3,1,0,14.0,P,12,8,0,46.0,Fall,3
4692,09-26-2025,P-05 Jaw Breakers,4,0,0,36.0,P,12,8,0,37.0,Fall,4
4693,09-26-2025,P-08 Nutty Buddies,2,2,0,9.0,P,10,10,0,4.0,Fall,5
4694,09-26-2025,P-02 Spikes and Ike’s,1,3,0,-16.0,P,9,11,0,-38.0,Fall,6
4695,09-26-2025,P-07 Reese’s Pieces (of ass),1,3,0,-23.0,P,7,13,0,-50.0,Fall,7
4696,09-26-2025,P-06 Hot Ta-Mamas!,0,4,0,-44.0,P,5,15,0,-81.0,Fall,8
4697,09-26-2025,P-04 The SnM’s,2,2,0,8.0,P,4,16,0,-77.0,Fall,9
4698,10-10-2025,P-01 Pop rocks cock blocks,4,0,0,21.0,P,20,4,0,104.0,Fall,1
4699,10-10-2025,P-09 Taste My Rainbow,4,0,0,25.0,P,19,5,0,101.0,Fall,2
4700,10-10-2025,P-03 Blows Pop,2,2,0,18.0,P,14,10,0,64.0,Fall,3
4701,10-10-2025,P-05 Jaw Breakers,1,2,1,-9.0,P,13,10,1,28.0,Fall,4
4702,10-10-2025,P-02 Spikes and Ike’s,4,0,0,35.0,P,13,11,0,-3.0,Fall,5
4703,10-10-2025,P-08 Nutty Buddies,0,3,1,-26.0,P,10,13,1,-22.0,Fall,6
4704,10-10-2025,P-07 Reese’s Pieces (of ass),0,4,0,-19.0,P,7,17,0,-69.0,Fall,7
4705,10-10-2025,P-04 The SnM’s,2,2,0,-2.0,P,6,18,0,-79.0,Fall,8
4706,10-10-2025,P-06 Hot Ta-Mamas!,0,4,0,-43.0,P,5,19,0,-124.0,Fall,9
4707,10-17-2025,P-09 Taste My Rainbow,3,0,1,17.0,P,22,5,1,118.0,Fall,1
4708,10-17-2025,P-01 Pop rocks cock blocks,2,1,1,13.0,P,22,5,1,117.0,Fall,2
4709,10-17-2025,P-03 Blows Pop,3,1,0,8.0,P,17,11,0,72.0,Fall,3
4710,10-17-2025,P-02 Spikes and Ike’s,2,2,0,17.0,P,15,13,0,14.0,Fall,4
4711,10-17-2025,P-05 Jaw Breakers,0,4,0,-30.0,P,13,14,1,-2.0,Fall,5
4712,10-17-2025,P-08 Nutty Buddies,3,1,0,14.0,P,13,14,1,-8.0,Fall,6
4713,10-17-2025,P-07 Reese’s Pieces (of ass),3,1,0,15.0,P,10,18,0,-54.0,Fall,7
4714,10-17-2025,P-04 The SnM’s,0,4,0,-22.0,P,6,22,0,-101.0,Fall,8
4715,10-17-2025,P-06 Hot Ta-Mamas!,1,3,0,-32.0,P,6,22,0,-156.0,Fall,9
4716,10-24-2025,P-01 Pop rocks cock blocks,3,1,0,19.0,P,25,6,1,136.0,Fall,1
4717,10-24-2025,P-09 Taste My Rainbow,2,2,0,-3.0,P,24,7,1,115.0,Fall,2
4718,10-24-2025,P-03 Blows Pop,2,2,0,-8.0,P,19,13,0,64.0,Fall,3
4719,10-24-2025,P-02 Spikes and Ike’s,2,2,0,-1.0,P,17,15,0,13.0,Fall,4
4720,10-24-2025,P-05 Jaw Breakers,3,1,0,16.0,P,16,15,1,14.0,Fall,5
4721,10-24-2025,P-08 Nutty Buddies,3,1,0,3.0,P,16,15,1,-5.0,Fall,6
4722,10-24-2025,P-07 Reese’s Pieces (of ass),1,3,0,-8.0,P,11,21,0,-62.0,Fall,7
4723,10-24-2025,P-04 The SnM’s,2,2,0,4.0,P,8,24,0,-97.0,Fall,8
4724,10-24-2025,P-06 Hot Ta-Mamas!,0,4,0,-22.0,P,6,26,0,-178.0,Fall,9
4725,11-07-2025,P-01 Pop rocks cock blocks,3,1,0,27.0,P,28,7,1,163.0,Fall,1
4726,11-07-2025,P-09 Taste My Rainbow,2,2,0,-6.0,P,26,9,1,109.0,Fall,2
4727,11-07-2025,P-03 Blows Pop,3,1,0,4.0,P,22,14,0,68.0,Fall,3
4728,11-07-2025,P-05 Jaw Breakers,4,0,0,51.0,P,20,15,1,65.0,Fall,4
4729,11-07-2025,P-08 Nutty Buddies,1,3,0,-3.0,P,17,18,1,-8.0,Fall,5
4730,11-07-2025,P-02 Spikes and Ike’s,0,4,0,-31.0,P,17,19,0,-18.0,Fall,6
4731,11-07-2025,P-07 Reese’s Pieces (of ass),3,1,0,9.0,P,14,22,0,-53.0,Fall,7
4732,11-07-2025,P-04 The SnM’s,1,2,1,-18.0,P,9,26,1,-115.0,Fall,8
4733,11-07-2025,P-06 Hot Ta-Mamas!,0,3,1,-33.0,P,6,29,1,-211.0,Fall,9
4734,11-14-2025,P-01 Pop rocks cock blocks,4,0,0,17.0,P,32,7,1,180.0,Fall,1
4735,11-14-2025,P-09 Taste My Rainbow,2,2,0,2.0,P,28,11,1,111.0,Fall,2
4736,11-14-2025,P-03 Blows Pop,3,1,0,17.0,P,25,15,0,85.0,Fall,3
4737,11-14-2025,P-05 Jaw Breakers,3,0,1,22.0,P,23,15,2,87.0,Fall,4
4738,11-14-2025,P-08 Nutty Buddies,1,2,1,-5.0,P,18,20,2,-13.0,Fall,5
4739,11-14-2025,P-02 Spikes and Ike’s,1,3,0,-17.0,P,18,22,0,-35.0,Fall,6
4740,11-14-2025,P-07 Reese’s Pieces (of ass),1,3,0,-8.0,P,15,25,0,-61.0,Fall,7
4741,11-14-2025,P-04 The SnM’s,1,3,0,-9.0,P,10,29,1,-124.0,Fall,8
4742,11-14-2025,P-06 Hot Ta-Mamas!,1,3,0,-19.0,P,7,32,1,-230.0,Fall,9
4743,11-21-2025,P-01 Pop rocks cock blocks,3,1,0,6.0,P,35,8,1,186.0,Fall,1
4744,11-21-2025,P-03 Blows Pop,4,0,0,28.0,P,29,15,0,113.0,Fall,2
4745,11-21-2025,P-09 Taste My Rainbow,0,4,0,-31.0,P,28,15,1,80.0,Fall,3
4746,11-21-2025,P-05 Jaw Breakers,3,1,0,25.0,P,26,16,2,112.0,Fall,4
4747,11-21-2025,P-08 Nutty Buddies,1,3,0,-7.0,P,19,23,2,-20.0,Fall,5
4748,11-21-2025,P-02 Spikes and Ike’s,0,0,4,0.0,P,18,22,4,-35.0,Fall,6
4749,11-21-2025,P-07 Reese’s Pieces (of ass),0,0,4,0.0,P,15,25,4,-61.0,Fall,7
4750,11-21-2025,P-04 The SnM’s,1,3,0,-21.0,P,11,32,1,-145.0,Fall,8
4751,11-21-2025,P-06 Hot Ta-Mamas!,0,0,4,0.0,P,7,32,5,-230.0,Fall,9
4752,08-22-2025,R-02 Guardians of The Net,4,0,0,31.0,R,4,0,0,31.0,Fall,1
4753,08-22-2025,R-03 Thunderballz,3,1,0,22.0,R,3,1,0,22.0,Fall,2
4754,08-22-2025,R-06 Spike Men: Days of the Slay Past,3,1,0,8.0,R,3,1,0,8.0,Fall,3
4755,08-22-2025,R-05 The PowerPass Girls,2,2,0,-10.0,R,2,2,0,-10.0,Fall,4
4756,08-22-2025,R-04 Spiketastic Seven,0,4,0,-21.0,R,0,4,0,-21.0,Fall,5
4757,08-22-2025,R-01 Hulk-Smash,0,4,0,-30.0,R,0,4,0,-30.0,Fall,6
4758,09-05-2025,R-02 Guardians of The Net,3,1,0,17.0,R,7,1,0,48.0,Fall,1
4759,09-05-2025,R-03 Thunderballz,3,1,0,7.0,R,6,2,0,29.0,Fall,2
4760,09-05-2025,R-06 Spike Men: Days of the Slay Past,0,4,0,-24.0,R,3,5,0,-16.0,Fall,3
4761,09-05-2025,R-01 Hulk-Smash,3,1,0,6.0,R,3,5,0,-24.0,Fall,4
4762,09-05-2025,R-05 The PowerPass Girls,1,3,0,-26.0,R,3,5,0,-36.0,Fall,5
4763,09-05-2025,R-04 Spiketastic Seven,2,2,0,20.0,R,2,6,0,-1.0,Fall,6
4764,09-12-2025,R-02 Guardians of The Net,3,1,0,13.0,R,10,2,0,61.0,Fall,1
4765,09-12-2025,R-03 Thunderballz,4,0,0,16.0,R,10,2,0,45.0,Fall,2
4766,09-12-2025,R-06 Spike Men: Days of the Slay Past,2,2,0,-3.0,R,5,7,0,-19.0,Fall,3
4767,09-12-2025,R-01 Hulk-Smash,1,3,0,-12.0,R,4,8,0,-36.0,Fall,4
4768,09-12-2025,R-05 The PowerPass Girls,1,3,0,-10.0,R,4,8,0,-46.0,Fall,5
4769,09-12-2025,R-04 Spiketastic Seven,1,3,0,-4.0,R,3,9,0,-5.0,Fall,6
4770,09-19-2025,R-02 Guardians of The Net,4,0,0,25.0,R,14,2,0,86.0,Fall,1
4771,09-19-2025,R-03 Thunderballz,3,0,1,22.0,R,13,2,1,67.0,Fall,2
4772,09-19-2025,R-06 Spike Men: Days of the Slay Past,2,1,1,8.0,R,7,8,1,-11.0,Fall,3
4773,09-19-2025,R-05 The PowerPass Girls,2,2,0,0.0,R,6,10,0,-46.0,Fall,4
4774,09-19-2025,R-01 Hulk-Smash,0,4,0,-30.0,R,4,12,0,-66.0,Fall,5
4775,09-19-2025,R-04 Spiketastic Seven,0,4,0,-25.0,R,3,13,0,-30.0,Fall,6
4776,09-26-2025,R-02 Guardians of The Net,3,1,0,12.0,R,17,3,0,98.0,Fall,1
4777,09-26-2025,R-03 Thunderballz,3,1,0,23.0,R,16,3,1,90.0,Fall,2
4778,09-26-2025,R-06 Spike Men: Days of the Slay Past,3,1,0,7.0,R,10,9,1,-4.0,Fall,3
4779,09-26-2025,R-05 The PowerPass Girls,1,3,0,-3.0,R,7,13,0,-49.0,Fall,4
4780,09-26-2025,R-01 Hulk-Smash,2,2,0,-4.0,R,6,14,0,-70.0,Fall,5
4781,09-26-2025,R-04 Spiketastic Seven,0,4,0,-35.0,R,3,17,0,-65.0,Fall,6
4782,10-10-2025,R-03 Thunderballz,4,0,0,34.0,R,20,3,1,124.0,Fall,1
4783,10-10-2025,R-02 Guardians of The Net,2,2,0,-8.0,R,19,5,0,90.0,Fall,2
4784,10-10-2025,R-06 Spike Men: Days of the Slay Past,1,3,0,-8.0,R,11,12,1,-12.0,Fall,3
4785,10-10-2025,R-05 The PowerPass Girls,3,1,0,16.0,R,10,14,0,-33.0,Fall,4
4786,10-10-2025,R-01 Hulk-Smash,1,3,0,-6.0,R,7,17,0,-76.0,Fall,5
4787,10-10-2025,R-04 Spiketastic Seven,1,3,0,-28.0,R,4,20,0,-93.0,Fall,6
4788,10-17-2025,R-03 Thunderballz,3,1,0,17.0,R,23,4,1,141.0,Fall,1
4789,10-17-2025,R-02 Guardians of The Net,4,0,0,35.0,R,23,5,0,125.0,Fall,2
4790,10-17-2025,R-06 Spike Men: Days of the Slay Past,2,2,0,-1.0,R,13,14,1,-13.0,Fall,3
4791,10-17-2025,R-05 The PowerPass Girls,0,4,0,-30.0,R,10,18,0,-63.0,Fall,4
4792,10-17-2025,R-01 Hulk-Smash,1,3,0,-16.0,R,8,20,0,-92.0,Fall,5
4793,10-17-2025,R-04 Spiketastic Seven,2,2,0,-5.0,R,6,22,0,-98.0,Fall,6
4794,10-24-2025,R-03 Thunderballz,4,0,0,17.0,R,27,4,1,158.0,Fall,1
4795,10-24-2025,R-02 Guardians of The Net,2,2,0,12.0,R,25,7,0,137.0,Fall,2
4796,10-24-2025,R-06 Spike Men: Days of the Slay Past,2,2,0,-3.0,R,15,16,1,-16.0,Fall,3
4797,10-24-2025,R-05 The PowerPass Girls,2,2,0,3.0,R,12,20,0,-60.0,Fall,4
4798,10-24-2025,R-01 Hulk-Smash,2,2,0,0.0,R,10,22,0,-92.0,Fall,5
4799,10-24-2025,R-04 Spiketastic Seven,0,4,0,-29.0,R,6,26,0,-127.0,Fall,6
4800,11-07-2025,R-03 Thunderballz,4,0,0,43.0,R,31,4,1,201.0,Fall,1
4801,11-07-2025,R-02 Guardians of The Net,1,3,0,-12.0,R,26,10,0,125.0,Fall,2
4802,11-07-2025,R-06 Spike Men: Days of the Slay Past,1,3,0,-31.0,R,16,19,1,-47.0,Fall,3
4803,11-07-2025,R-05 The PowerPass Girls,3,1,0,23.0,R,15,21,0,-37.0,Fall,4
4804,11-07-2025,R-01 Hulk-Smash,1,3,0,-18.0,R,11,25,0,-110.0,Fall,5
4805,11-07-2025,R-04 Spiketastic Seven,2,2,0,-5.0,R,8,28,0,-132.0,Fall,6
4806,11-14-2025,R-03 Thunderballz,3,1,0,-6.0,R,34,5,1,195.0,Fall,1
4807,11-14-2025,R-02 Guardians of The Net,3,1,0,20.0,R,29,11,0,145.0,Fall,2
4808,11-14-2025,R-05 The PowerPass Girls,3,1,0,10.0,R,18,22,0,-27.0,Fall,3
4809,11-14-2025,R-06 Spike Men: Days of the Slay Past,1,3,0,-3.0,R,17,22,1,-50.0,Fall,4
4810,11-14-2025,R-01 Hulk-Smash,2,2,0,9.0,R,13,27,0,-101.0,Fall,5
4811,11-14-2025,R-04 Spiketastic Seven,0,4,0,-30.0,R,8,32,0,-162.0,Fall,6
4812,11-21-2025,R-03 Thunderballz,2,2,0,-11.0,R,36,7,1,184.0,Fall,1
4813,11-21-2025,R-02 Guardians of The Net,4,0,0,31.0,R,33,11,0,176.0,Fall,2
4814,11-21-2025,R-06 Spike Men: Days of the Slay Past,4,0,0,17.0,R,21,22,1,-33.0,Fall,3
4815,11-21-2025,R-05 The PowerPass Girls,0,4,0,-20.0,R,18,26,0,-47.0,Fall,4
4816,11-21-2025,R-01 Hulk-Smash,0,4,0,-15.0,R,13,31,0,-116.0,Fall,5
4817,11-21-2025,R-04 Spiketastic Seven,2,2,0,-2.0,R,10,34,0,-164.0,Fall,6
4818,08-22-2025,S-08 - Goldi-Blocks,4,0,0,39.0,S,4,0,0,39.0,Fall,1
4819,08-22-2025,S-05 - The Prince And The Passer,4,0,0,24.0,S,4,0,0,24.0,Fall,2
4820,08-22-2025,S-07 - The Blockyardigans,4,0,0,23.0,S,4,0,0,23.0,Fall,3
4821,08-22-2025,S-15 - Green Eggs & Slam,3,1,0,17.0,S,3,1,0,17.0,Fall,4
4822,08-22-2025,S-12 - Dragon Tales And Hits,3,1,0,15.0,S,3,1,0,15.0,Fall,5
4823,08-22-2025,S-11 - Bumpty Dumpty v1,3,1,0,15.0,S,3,1,0,15.0,Fall,6
4824,08-22-2025,S-01 - Duck Duck Ace,3,1,0,4.0,S,3,1,0,4.0,Fall,7
4825,08-22-2025,S-18 - Six Blind Mice,2,1,1,11.0,S,2,1,1,11.0,Fall,8
4826,08-22-2025,S-09 - Bibbidi Boppity Boom!,2,2,0,15.0,S,2,2,0,15.0,Fall,9
4827,08-22-2025,S-13 - Block A Bye Baby,2,2,0,0.0,S,2,2,0,0.0,Fall,10
4828,08-22-2025,S-14 - Slam I Am,2,2,0,-2.0,S,2,2,0,-2.0,Fall,11
4829,08-22-2025,S-16 - If You Give A Mouse A Set,2,2,0,-5.0,S,2,2,0,-5.0,Fall,12
4830,08-22-2025,S-10 - Bump-ty Dump-tys,1,3,0,-4.0,S,1,3,0,-4.0,Fall,13
4831,08-22-2025,S-06 - Twinkerbells,0,3,1,-26.0,S,0,3,1,-26.0,Fall,14
4832,08-22-2025,S-02 - Itsy Bitsy Spikers,0,4,0,-22.0,S,0,4,0,-22.0,Fall,15
4833,08-22-2025,S-17 - Horton Hits A Shoot,0,4,0,-32.0,S,0,4,0,-32.0,Fall,16
4834,08-22-2025,S-04 - Little Red Spikers,0,4,0,-34.0,S,0,4,0,-34.0,Fall,17
4835,08-22-2025,S-03 - Not The Gumdrop Aces,0,4,0,-38.0,S,0,4,0,-38.0,Fall,18
4836,09-05-2025,S-05 - The Prince And The Passer,4,0,0,26.0,S,8,0,0,50.0,Fall,1
4837,09-05-2025,S-08 - Goldi-Blocks,3,1,0,7.0,S,7,1,0,46.0,Fall,2
4838,09-05-2025,S-12 - Dragon Tales And Hits,4,0,0,25.0,S,7,1,0,40.0,Fall,3
4839,09-05-2025,S-07 - The Blockyardigans,3,1,0,4.0,S,7,1,0,27.0,Fall,4
4840,09-05-2025,S-09 - Bibbidi Boppity Boom!,3,1,0,20.0,S,5,3,0,35.0,Fall,5
4841,09-05-2025,S-15 - Green Eggs & Slam,2,2,0,9.0,S,5,3,0,26.0,Fall,6
4842,09-05-2025,S-16 - If You Give A Mouse A Set,3,1,0,2.0,S,5,3,0,-3.0,Fall,7
4843,09-05-2025,S-13 - Block A Bye Baby,2,2,0,23.0,S,4,4,0,23.0,Fall,8
4844,09-05-2025,S-01 - Duck Duck Ace,1,3,0,2.0,S,4,4,0,6.0,Fall,9
4845,09-05-2025,S-11 - Bumpty Dumpty v1,1,3,0,-13.0,S,4,4,0,2.0,Fall,10
4846,09-05-2025,S-10 - Bump-ty Dump-tys,2,2,0,4.0,S,3,5,0,0.0,Fall,11
4847,09-05-2025,S-14 - Slam I Am,1,3,0,-16.0,S,3,5,0,-18.0,Fall,12
4848,09-05-2025,S-04 - Little Red Spikers,3,1,0,12.0,S,3,5,0,-22.0,Fall,13
4849,09-05-2025,S-18 - Six Blind Mice,0,4,0,-30.0,S,2,5,1,-19.0,Fall,14
4850,09-05-2025,S-02 - Itsy Bitsy Spikers,2,2,0,11.0,S,2,6,0,-11.0,Fall,15
4851,09-05-2025,S-06 - Twinkerbells,1,3,0,-27.0,S,1,6,1,-53.0,Fall,16
4852,09-05-2025,S-03 - Not The Gumdrop Aces,1,3,0,-27.0,S,1,7,0,-65.0,Fall,17
4853,09-05-2025,S-17 - Horton Hits A Shoot,0,4,0,-32.0,S,0,8,0,-64.0,Fall,18
4854,09-12-2025,S-07 - The Blockyardigans,4,0,0,61.0,S,11,1,0,88.0,Fall,1
4855,09-12-2025,S-05 - The Prince And The Passer,2,2,0,6.0,S,10,2,0,56.0,Fall,2
4856,09-12-2025,S-08 - Goldi-Blocks,2,2,0,-7.0,S,9,3,0,39.0,Fall,3
4857,09-12-2025,S-01 - Duck Duck Ace,4,0,0,52.0,S,8,4,0,58.0,Fall,4
4858,09-12-2025,S-12 - Dragon Tales And Hits,1,3,0,1.0,S,8,4,0,41.0,Fall,5
4859,09-12-2025,S-11 - Bumpty Dumpty v1,4,0,0,23.0,S,8,4,0,25.0,Fall,6
4860,09-12-2025,S-04 - Little Red Spikers,4,0,0,20.0,S,7,5,0,-2.0,Fall,7
4861,09-12-2025,S-13 - Block A Bye Baby,2,2,0,1.0,S,6,6,0,24.0,Fall,8
4862,09-12-2025,S-02 - Itsy Bitsy Spikers,4,0,0,30.0,S,6,6,0,19.0,Fall,9
4863,09-12-2025,S-09 - Bibbidi Boppity Boom!,1,3,0,-24.0,S,6,6,0,11.0,Fall,10
4864,09-12-2025,S-15 - Green Eggs & Slam,1,3,0,-21.0,S,6,6,0,5.0,Fall,11
4865,09-12-2025,S-16 - If You Give A Mouse A Set,1,3,0,-24.0,S,6,6,0,-27.0,Fall,12
4866,09-12-2025,S-10 - Bump-ty Dump-tys,1,3,0,-9.0,S,4,8,0,-9.0,Fall,13
4867,09-12-2025,S-18 - Six Blind Mice,1,3,0,-28.0,S,3,8,1,-47.0,Fall,14
4868,09-12-2025,S-03 - Not The Gumdrop Aces,2,2,0,3.0,S,3,9,0,-62.0,Fall,15
4869,09-12-2025,S-14 - Slam I Am,0,4,0,-100.0,S,3,9,0,-118.0,Fall,16
4870,09-12-2025,S-17 - Horton Hits A Shoot,2,2,0,39.0,S,2,10,0,-25.0,Fall,17
4871,09-12-2025,S-06 - Twinkerbells,0,4,0,-23.0,S,1,10,1,-76.0,Fall,18
4872,09-19-2025,S-05 - The Prince And The Passer,3,1,0,37.0,S,13,3,0,93.0,Fall,1
4873,09-19-2025,S-07 - The Blockyardigans,2,2,0,-10.0,S,13,3,0,78.0,Fall,2
4874,09-19-2025,S-11 - Bumpty Dumpty v1,3,1,0,17.0,S,11,5,0,42.0,Fall,3
4875,09-19-2025,S-01 - Duck Duck Ace,2,2,0,8.0,S,10,6,0,66.0,Fall,4
4876,09-19-2025,S-08 - Goldi-Blocks,1,3,0,-6.0,S,10,6,0,33.0,Fall,5
4877,09-19-2025,S-16 - If You Give A Mouse A Set,4,0,0,29.0,S,10,6,0,2.0,Fall,6
4878,09-19-2025,S-12 - Dragon Tales And Hits,1,3,0,-6.0,S,9,7,0,35.0,Fall,7
4879,09-19-2025,S-09 - Bibbidi Boppity Boom!,3,1,0,14.0,S,9,7,0,25.0,Fall,8
4880,09-19-2025,S-04 - Little Red Spikers,2,2,0,-2.0,S,9,7,0,-4.0,Fall,9
4881,09-19-2025,S-02 - Itsy Bitsy Spikers,2,1,1,8.0,S,8,7,1,27.0,Fall,10
4882,09-19-2025,S-15 - Green Eggs & Slam,1,3,0,-23.0,S,7,9,0,-18.0,Fall,11
4883,09-19-2025,S-13 - Block A Bye Baby,0,3,1,-22.0,S,6,9,1,2.0,Fall,12
4884,09-19-2025,S-18 - Six Blind Mice,3,1,0,16.0,S,6,9,1,-31.0,Fall,13
4885,09-19-2025,S-10 - Bump-ty Dump-tys,2,2,0,-1.0,S,6,10,0,-10.0,Fall,14
4886,09-19-2025,S-03 - Not The Gumdrop Aces,2,2,0,-10.0,S,5,11,0,-72.0,Fall,15
4887,09-19-2025,S-14 - Slam I Am,2,2,0,3.0,S,5,11,0,-115.0,Fall,16
4888,09-19-2025,S-17 - Horton Hits A Shoot,1,3,0,-27.0,S,3,13,0,-52.0,Fall,17
4889,09-19-2025,S-06 - Twinkerbells,1,3,0,-25.0,S,2,13,1,-101.0,Fall,18
4890,09-26-2025,S-07 - The Blockyardigans,2,1,1,6.0,S,15,4,1,84.0,Fall,1
4891,09-26-2025,S-05 - The Prince And The Passer,2,2,0,-18.0,S,15,5,0,75.0,Fall,2
4892,09-26-2025,S-11 - Bumpty Dumpty v1,3,1,0,32.0,S,14,6,0,74.0,Fall,3
4893,09-26-2025,S-08 - Goldi-Blocks,4,0,0,24.0,S,14,6,0,57.0,Fall,4
4894,09-26-2025,S-01 - Duck Duck Ace,3,1,0,8.0,S,13,7,0,74.0,Fall,5
4895,09-26-2025,S-12 - Dragon Tales And Hits,4,0,0,33.0,S,13,7,0,68.0,Fall,6
4896,09-26-2025,S-09 - Bibbidi Boppity Boom!,3,1,0,23.0,S,12,8,0,48.0,Fall,7
4897,09-26-2025,S-16 - If You Give A Mouse A Set,1,3,0,-32.0,S,11,9,0,-30.0,Fall,8
4898,09-26-2025,S-02 - Itsy Bitsy Spikers,2,2,0,5.0,S,10,9,1,32.0,Fall,9
4899,09-26-2025,S-04 - Little Red Spikers,1,3,0,-14.0,S,10,10,0,-18.0,Fall,10
4900,09-26-2025,S-03 - Not The Gumdrop Aces,4,0,0,22.0,S,9,11,0,-50.0,Fall,11
4901,09-26-2025,S-10 - Bump-ty Dump-tys,2,2,0,-11.0,S,8,12,0,-21.0,Fall,12
4902,09-26-2025,S-13 - Block A Bye Baby,1,3,0,-16.0,S,7,12,1,-14.0,Fall,13
4903,09-26-2025,S-15 - Green Eggs & Slam,0,3,1,-14.0,S,7,12,1,-32.0,Fall,14
4904,09-26-2025,S-18 - Six Blind Mice,1,3,0,-6.0,S,7,12,1,-37.0,Fall,15
4905,09-26-2025,S-14 - Slam I Am,2,2,0,9.0,S,7,13,0,-106.0,Fall,16
4906,09-26-2025,S-17 - Horton Hits A Shoot,0,4,0,-38.0,S,3,17,0,-90.0,Fall,17
4907,09-26-2025,S-06 - Twinkerbells,0,4,0,-13.0,S,2,17,1,-114.0,Fall,18
4908,10-10-2025,S-07 - The Blockyardigans,3,1,0,10.0,S,18,5,1,94.0,Fall,1
4909,10-10-2025,S-11 - Bumpty Dumpty v1,4,0,0,64.0,S,18,6,0,138.0,Fall,2
4910,10-10-2025,S-05 - The Prince And The Passer,2,2,0,5.0,S,17,7,0,80.0,Fall,3
4911,10-10-2025,S-01 - Duck Duck Ace,2,2,0,5.0,S,15,9,0,79.0,Fall,4
4912,10-10-2025,S-12 - Dragon Tales And Hits,1,3,0,-9.0,S,14,10,0,59.0,Fall,5
4913,10-10-2025,S-08 - Goldi-Blocks,0,4,0,-18.0,S,14,10,0,39.0,Fall,6
4914,10-10-2025,S-09 - Bibbidi Boppity Boom!,2,2,0,-10.0,S,14,10,0,38.0,Fall,7
4915,10-10-2025,S-16 - If You Give A Mouse A Set,3,1,0,19.0,S,14,10,0,-11.0,Fall,8
4916,10-10-2025,S-02 - Itsy Bitsy Spikers,3,0,1,23.0,S,13,9,2,55.0,Fall,9
4917,10-10-2025,S-04 - Little Red Spikers,2,2,0,-6.0,S,12,12,0,-24.0,Fall,10
4918,10-10-2025,S-03 - Not The Gumdrop Aces,2,1,1,-5.0,S,11,12,1,-55.0,Fall,11
4919,10-10-2025,S-15 - Green Eggs & Slam,3,1,0,6.0,S,10,13,1,-26.0,Fall,12
4920,10-10-2025,S-10 - Bump-ty Dump-tys,2,2,0,-1.0,S,10,14,0,-22.0,Fall,13
4921,10-10-2025,S-14 - Slam I Am,2,2,0,36.0,S,9,15,0,-70.0,Fall,14
4922,10-10-2025,S-13 - Block A Bye Baby,1,3,0,0.0,S,8,15,1,-14.0,Fall,15
4923,10-10-2025,S-18 - Six Blind Mice,0,4,0,-100.0,S,7,16,1,-137.0,Fall,16
4924,10-10-2025,S-06 - Twinkerbells,2,2,0,-1.0,S,4,19,1,-115.0,Fall,17
4925,10-10-2025,S-17 - Horton Hits A Shoot,1,3,0,-18.0,S,4,20,0,-108.0,Fall,18
4926,10-17-2025,S-11 - Bumpty Dumpty v1,4,0,0,23.0,S,22,6,0,161.0,Fall,1
4927,10-17-2025,S-07 - The Blockyardigans,2,2,0,5.0,S,20,7,1,99.0,Fall,2
4928,10-17-2025,S-01 - Duck Duck Ace,3,0,1,24.0,S,18,9,1,103.0,Fall,3
4929,10-17-2025,S-05 - The Prince And The Passer,1,3,0,-19.0,S,18,10,0,61.0,Fall,4
4930,10-17-2025,S-02 - Itsy Bitsy Spikers,4,0,0,62.0,S,17,9,2,117.0,Fall,5
4931,10-17-2025,S-09 - Bibbidi Boppity Boom!,3,0,1,16.0,S,17,10,1,54.0,Fall,6
4932,10-17-2025,S-16 - If You Give A Mouse A Set,3,1,0,14.0,S,17,11,0,3.0,Fall,7
4933,10-17-2025,S-08 - Goldi-Blocks,1,2,1,2.0,S,15,12,1,41.0,Fall,8
4934,10-17-2025,S-12 - Dragon Tales And Hits,1,3,0,-13.0,S,15,13,0,46.0,Fall,9
4935,10-17-2025,S-04 - Little Red Spikers,2,2,0,38.0,S,14,14,0,14.0,Fall,10
4936,10-17-2025,S-03 - Not The Gumdrop Aces,1,3,0,-12.0,S,12,15,1,-67.0,Fall,11
4937,10-17-2025,S-13 - Block A Bye Baby,3,1,0,24.0,S,11,16,1,10.0,Fall,12
4938,10-17-2025,S-15 - Green Eggs & Slam,1,3,0,-10.0,S,11,16,1,-36.0,Fall,13
4939,10-17-2025,S-10 - Bump-ty Dump-tys,1,3,0,-11.0,S,11,17,0,-33.0,Fall,14
4940,10-17-2025,S-14 - Slam I Am,2,2,0,-11.0,S,11,17,0,-81.0,Fall,15
4941,10-17-2025,S-18 - Six Blind Mice,0,4,0,-100.0,S,7,20,1,-237.0,Fall,16
4942,10-17-2025,S-06 - Twinkerbells,1,2,1,-6.0,S,5,21,2,-121.0,Fall,17
4943,10-17-2025,S-17 - Horton Hits A Shoot,1,3,0,-26.0,S,5,23,0,-134.0,Fall,18
4944,10-24-2025,S-11 - Bumpty Dumpty v1,2,2,0,16.0,S,24,8,0,177.0,Fall,1
4945,10-24-2025,S-05 - The Prince And The Passer,4,0,0,45.0,S,22,10,0,106.0,Fall,2
4946,10-24-2025,S-09 - Bibbidi Boppity Boom!,4,0,0,39.0,S,21,10,1,93.0,Fall,3
4947,10-24-2025,S-02 - Itsy Bitsy Spikers,3,1,0,13.0,S,20,10,2,130.0,Fall,4
4948,10-24-2025,S-01 - Duck Duck Ace,2,2,0,-4.0,S,20,11,1,99.0,Fall,5
4949,10-24-2025,S-07 - The Blockyardigans,0,4,0,-27.0,S,20,11,1,72.0,Fall,6
4950,10-24-2025,S-16 - If You Give A Mouse A Set,3,1,0,3.0,S,20,12,0,6.0,Fall,7
4951,10-24-2025,S-08 - Goldi-Blocks,4,0,0,11.0,S,19,12,1,52.0,Fall,8
4952,10-24-2025,S-12 - Dragon Tales And Hits,2,2,0,-1.0,S,17,15,0,45.0,Fall,9
4953,10-24-2025,S-04 - Little Red Spikers,2,2,0,5.0,S,16,16,0,19.0,Fall,10
4954,10-24-2025,S-14 - Slam I Am,3,1,0,13.0,S,14,18,0,-68.0,Fall,11
4955,10-24-2025,S-15 - Green Eggs & Slam,2,2,0,-10.0,S,13,18,1,-46.0,Fall,12
4956,10-24-2025,S-13 - Block A Bye Baby,1,2,1,-2.0,S,12,18,2,8.0,Fall,13
4957,10-24-2025,S-10 - Bump-ty Dump-tys,1,2,1,-1.0,S,12,19,1,-34.0,Fall,14
4958,10-24-2025,S-03 - Not The Gumdrop Aces,0,4,0,-35.0,S,12,19,1,-102.0,Fall,15
4959,10-24-2025,S-18 - Six Blind Mice,1,3,0,-14.0,S,8,23,1,-251.0,Fall,16
4960,10-24-2025,S-17 - Horton Hits A Shoot,1,3,0,-25.0,S,6,26,0,-159.0,Fall,17
4961,10-24-2025,S-06 - Twinkerbells,0,4,0,-26.0,S,5,25,2,-147.0,Fall,18
4962,11-07-2025,S-11 - Bumpty Dumpty v1,3,1,0,4.0,S,27,9,0,181.0,Fall,1
4963,11-07-2025,S-05 - The Prince And The Passer,3,1,0,56.0,S,25,11,0,162.0,Fall,2
4964,11-07-2025,S-02 - Itsy Bitsy Spikers,4,0,0,20.0,S,24,10,2,150.0,Fall,3
4965,11-07-2025,S-09 - Bibbidi Boppity Boom!,2,2,0,-1.0,S,23,12,1,92.0,Fall,4
4966,11-07-2025,S-16 - If You Give A Mouse A Set,3,1,0,17.0,S,23,13,0,23.0,Fall,5
4967,11-07-2025,S-07 - The Blockyardigans,2,2,0,0.0,S,22,13,1,72.0,Fall,6
4968,11-07-2025,S-01 - Duck Duck Ace,0,4,0,-20.0,S,20,15,1,79.0,Fall,7
4969,11-07-2025,S-08 - Goldi-Blocks,1,3,0,-18.0,S,20,15,1,34.0,Fall,8
4970,11-07-2025,S-12 - Dragon Tales And Hits,3,1,0,44.0,S,20,16,0,89.0,Fall,9
4971,11-07-2025,S-04 - Little Red Spikers,3,1,0,20.0,S,19,17,0,39.0,Fall,10
4972,11-07-2025,S-15 - Green Eggs & Slam,4,0,0,57.0,S,17,18,1,11.0,Fall,11
4973,11-07-2025,S-14 - Slam I Am,3,1,0,5.0,S,17,19,0,-63.0,Fall,12
4974,11-07-2025,S-10 - Bump-ty Dump-tys,3,1,0,19.0,S,15,20,1,-15.0,Fall,13
4975,11-07-2025,S-13 - Block A Bye Baby,0,4,0,-24.0,S,12,22,2,-16.0,Fall,14
4976,11-07-2025,S-03 - Not The Gumdrop Aces,0,4,0,-22.0,S,12,23,1,-124.0,Fall,15
4977,11-07-2025,S-18 - Six Blind Mice,0,4,0,-100.0,S,8,27,1,-351.0,Fall,16
4978,11-07-2025,S-17 - Horton Hits A Shoot,2,2,0,43.0,S,8,28,0,-116.0,Fall,17
4979,11-07-2025,S-06 - Twinkerbells,0,4,0,-100.0,S,5,29,2,-247.0,Fall,18
4980,11-14-2025,S-11 - Bumpty Dumpty v1,2,2,0,2.0,S,29,11,0,183.0,Fall,1
4981,11-14-2025,S-05 - The Prince And The Passer,2,2,0,-5.0,S,27,13,0,157.0,Fall,2
4982,11-14-2025,S-09 - Bibbidi Boppity Boom!,3,1,0,26.0,S,26,13,1,118.0,Fall,3
4983,11-14-2025,S-07 - The Blockyardigans,4,0,0,26.0,S,26,13,1,98.0,Fall,4
4984,11-14-2025,S-02 - Itsy Bitsy Spikers,1,3,0,-13.0,S,25,13,2,137.0,Fall,5
4985,11-14-2025,S-16 - If You Give A Mouse A Set,1,3,0,0.0,S,24,16,0,23.0,Fall,6
4986,11-14-2025,S-08 - Goldi-Blocks,3,1,0,13.0,S,23,16,1,47.0,Fall,7
4987,11-14-2025,S-01 - Duck Duck Ace,2,2,0,2.0,S,22,17,1,81.0,Fall,8
4988,11-14-2025,S-12 - Dragon Tales And Hits,2,2,0,-1.0,S,22,18,0,88.0,Fall,9
4989,11-14-2025,S-14 - Slam I Am,4,0,0,53.0,S,21,19,0,-10.0,Fall,10
4990,11-14-2025,S-04 - Little Red Spikers,1,3,0,-12.0,S,20,20,0,27.0,Fall,11
4991,11-14-2025,S-10 - Bump-ty Dump-tys,4,0,0,34.0,S,19,20,1,19.0,Fall,12
4992,11-14-2025,S-15 - Green Eggs & Slam,0,4,0,-28.0,S,17,22,1,-17.0,Fall,13
4993,11-14-2025,S-13 - Block A Bye Baby,3,1,0,5.0,S,15,23,2,-11.0,Fall,14
4994,11-14-2025,S-03 - Not The Gumdrop Aces,2,2,0,47.0,S,14,25,1,-77.0,Fall,15
4995,11-14-2025,S-18 - Six Blind Mice,0,4,0,-100.0,S,8,31,1,-451.0,Fall,16
4996,11-14-2025,S-17 - Horton Hits A Shoot,0,4,0,-36.0,S,8,32,0,-152.0,Fall,17
4997,11-14-2025,S-06 - Twinkerbells,2,2,0,-13.0,S,7,31,2,-260.0,Fall,18
4998,11-21-2025,S-11 - Bumpty Dumpty v1,3,1,0,20.0,S,32,12,0,203.0,Fall,1
4999,11-21-2025,S-02 - Itsy Bitsy Spikers,4,0,0,9.0,S,29,13,2,146.0,Fall,2
5000,11-21-2025,S-07 - The Blockyardigans,3,1,0,8.0,S,29,14,1,106.0,Fall,3
5001,11-21-2025,S-05 - The Prince And The Passer,2,2,0,7.0,S,29,15,0,164.0,Fall,4
5002,11-21-2025,S-09 - Bibbidi Boppity Boom!,1,3,0,-21.0,S,27,16,1,97.0,Fall,5
5003,11-21-2025,S-16 - If You Give A Mouse A Set,2,2,0,1.0,S,26,18,0,24.0,Fall,6
5004,11-21-2025,S-08 - Goldi-Blocks,2,2,0,-4.0,S,25,18,1,43.0,Fall,7
5005,11-21-2025,S-14 - Slam I Am,4,0,0,16.0,S,25,19,0,6.0,Fall,8
5006,11-21-2025,S-01 - Duck Duck Ace,2,2,0,5.0,S,24,19,1,86.0,Fall,9
5007,11-21-2025,S-12 - Dragon Tales And Hits,1,3,0,-13.0,S,23,21,0,75.0,Fall,10
5008,11-21-2025,S-04 - Little Red Spikers,3,1,0,14.0,S,23,21,0,41.0,Fall,11
5009,11-21-2025,S-10 - Bump-ty Dump-tys,3,1,0,6.0,S,22,21,1,25.0,Fall,12
5010,11-21-2025,S-15 - Green Eggs & Slam,2,2,0,-9.0,S,19,24,1,-26.0,Fall,13
5011,11-21-2025,S-13 - Block A Bye Baby,3,1,0,20.0,S,18,24,2,9.0,Fall,14
5012,11-21-2025,S-03 - Not The Gumdrop Aces,0,4,0,-22.0,S,14,29,1,-99.0,Fall,15
5013,11-21-2025,S-17 - Horton Hits A Shoot,1,3,0,-16.0,S,9,35,0,-168.0,Fall,16
5014,11-21-2025,S-18 - Six Blind Mice,0,4,0,0.0,S,8,35,1,-451.0,Fall,17
5015,11-21-2025,S-06 - Twinkerbells,0,4,0,-21.0,S,7,35,2,-281.0,Fall,18
5016,01-23-2026,A-01 Hue’s Your Daddy,0,0,0,0.0,A,0,0,0,0.0,Spring,1
5017,01-23-2026,A-18 Rosebuds,0,0,0,0.0,A,0,0,0,0.0,Spring,2
5018,01-23-2026,A-17 Brown Beaver Baddies,0,0,0,0.0,A,0,0,0,0.0,Spring,3
5019,01-23-2026,A-16 50 Shades of Slay,0,0,0,0.0,A,0,0,0,0.0,Spring,4
5020,01-23-2026,A-15 Spikadelic,0,0,0,0.0,A,0,0,0,0.0,Spring,5
5021,01-23-2026,A-14 ROYGDig,0,0,0,0.0,A,0,0,0,0.0,Spring,6
5022,01-23-2026,A-13 Blue Ball Control,0,0,0,0.0,A,0,0,0,0.0,Spring,7
5023,01-23-2026,A-12 Mint Condition,0,0,0,0.0,A,0,0,0,0.0,Spring,8
5024,01-23-2026,A-10,0,0,0,0.0,A,0,0,0,0.0,Spring,9
5025,01-23-2026,A-09 Serve the Rainbow,0,0,0,0.0,A,0,0,0,0.0,Spring,10
5026,01-23-2026,A-08 Crayon Crunchers,0,0,0,0.0,A,0,0,0,0.0,Spring,11
5027,01-23-2026,A-07 Orange You Glad We Serve,0,0,0,0.0,A,0,0,0,0.0,Spring,12
5028,01-23-2026,A-06,0,0,0,0.0,A,0,0,0,0.0,Spring,13
5029,01-23-2026,A-05 Send Nudes,0,0,0,0.0,A,0,0,0,0.0,Spring,14
5030,01-23-2026,A-04,0,0,0,0.0,A,0,0,0,0.0,Spring,15
5031,01-23-2026,A-03 Chromatic Chaos,0,0,0,0.0,A,0,0,0,0.0,Spring,16
5032,01-23-2026,A-11 Paint the Town Red,0,0,0,0.0,A,0,0,0,0.0,Spring,17
5033,01-23-2026,A-02 Fifty Shades of Gay,0,0,0,0.0,A,0,0,0,0.0,Spring,18
5034,01-30-2026,A-08 Crayon Crunchers,4,0,0,38.0,A,4,0,0,38.0,Spring,1
5035,01-30-2026,A-16 50 Shades of Slay,4,0,0,8.0,A,4,0,0,8.0,Spring,2
5036,01-30-2026,A-07 Orange You Glad We Serve,3,1,0,15.0,A,3,1,0,15.0,Spring,3
5037,01-30-2026,A-14 ROYGDig,3,1,0,9.0,A,3,1,0,9.0,Spring,4
5038,01-30-2026,A-18 Rosebuds,3,1,0,6.0,A,3,1,0,6.0,Spring,5
5039,01-30-2026,A-02 Fifty Shades of Gay,2,1,1,17.0,A,2,1,1,17.0,Spring,6
5040,01-30-2026,A-04,2,1,1,6.0,A,2,1,1,6.0,Spring,7
5041,01-30-2026,A-01 Hue’s Your Daddy,2,1,1,4.0,A,2,1,1,4.0,Spring,8
5042,01-30-2026,A-05 Send Nudes,2,2,0,7.0,A,2,2,0,7.0,Spring,9
5043,01-30-2026,A-03 Chromatic Chaos,2,2,0,-4.0,A,2,2,0,-4.0,Spring,10
5044,01-30-2026,A-11 Paint the Town Red,2,2,0,-13.0,A,2,2,0,-13.0,Spring,11
5045,01-30-2026,A-13 Blue Ball Control,1,3,0,-1.0,A,1,3,0,-1.0,Spring,12
5046,01-30-2026,A-10,1,3,0,-7.0,A,1,3,0,-7.0,Spring,13
5047,01-30-2026,A-15 Spikadelic,1,3,0,-11.0,A,1,3,0,-11.0,Spring,14
5048,01-30-2026,A-06,1,3,0,-13.0,A,1,3,0,-13.0,Spring,15
5049,01-30-2026,A-09 Serve the Rainbow,1,3,0,-21.0,A,1,3,0,-21.0,Spring,16
5050,01-30-2026,A-17 Brown Beaver Baddies,0,3,1,-15.0,A,0,3,1,-15.0,Spring,17
5051,01-30-2026,A-12 Mint Condition,0,4,0,-25.0,A,0,4,0,-25.0,Spring,18
5052,02-06-2026,A-16 50 Shades of Slay,2,2,0,-4.0,A,6,2,0,4.0,Spring,1
5053,02-06-2026,A-01 Hue’s Your Daddy,3,1,0,20.0,A,5,2,1,24.0,Spring,2
5054,02-06-2026,A-11 Paint the Town Red,3,1,0,17.0,A,5,3,0,4.0,Spring,3
5055,02-06-2026,A-07 Orange You Glad We Serve,2,2,0,-17.0,A,5,3,0,-2.0,Spring,4
5056,02-06-2026,A-02 Fifty Shades of Gay,2,2,0,10.0,A,4,3,1,27.0,Spring,5
5057,02-06-2026,A-08 Crayon Crunchers,0,3,1,-21.0,A,4,3,1,17.0,Spring,6
5058,02-06-2026,A-15 Spikadelic,3,0,1,20.0,A,4,3,1,9.0,Spring,7
5059,02-06-2026,A-10,3,1,0,25.0,A,4,4,0,18.0,Spring,8
5060,02-06-2026,A-18 Rosebuds,1,3,0,7.0,A,4,4,0,13.0,Spring,9
5061,02-06-2026,A-13 Blue Ball Control,3,1,0,10.0,A,4,4,0,9.0,Spring,10
5062,02-06-2026,A-05 Send Nudes,2,2,0,1.0,A,4,4,0,8.0,Spring,11
5063,02-06-2026,A-06,2,1,1,9.0,A,3,4,1,-4.0,Spring,12
5064,02-06-2026,A-14 ROYGDig,0,3,1,-26.0,A,3,4,1,-17.0,Spring,13
5065,02-06-2026,A-04,1,3,0,-35.0,A,3,4,1,-29.0,Spring,14
5066,02-06-2026,A-12 Mint Condition,3,1,0,30.0,A,3,5,0,5.0,Spring,15
5067,02-06-2026,A-03 Chromatic Chaos,1,3,0,-16.0,A,3,5,0,-20.0,Spring,16
5068,02-06-2026,A-09 Serve the Rainbow,2,2,0,-3.0,A,3,5,0,-24.0,Spring,17
5069,02-06-2026,A-17 Brown Beaver Baddies,1,3,0,-27.0,A,1,6,1,-42.0,Spring,18
5070,02-20-2026,A-16 50 Shades of Slay,0,0,0,0.0,A,6,2,0,4.0,Spring,1
5071,02-20-2026,A-01 Hue’s Your Daddy,0,0,0,0.0,A,5,2,1,24.0,Spring,2
5072,02-20-2026,A-11 Paint the Town Red,0,0,0,0.0,A,5,3,0,4.0,Spring,3
5073,02-20-2026,A-07 Orange You Glad We Serve,0,0,0,0.0,A,5,3,0,-2.0,Spring,4
5074,02-20-2026,A-02 Fifty Shades of Gay,0,0,0,0.0,A,4,3,1,27.0,Spring,5
5075,02-20-2026,A-08 Crayon Crunchers,0,0,0,0.0,A,4,3,1,17.0,Spring,6
5076,02-20-2026,A-15 Spikadelic,0,0,0,0.0,A,4,3,1,9.0,Spring,7
5077,02-20-2026,A-10,0,0,0,0.0,A,4,4,0,18.0,Spring,8
5078,02-20-2026,A-18 Rosebuds,0,0,0,0.0,A,4,4,0,13.0,Spring,9
5079,02-20-2026,A-13 Blue Ball Control,0,0,0,0.0,A,4,4,0,9.0,Spring,10
5080,02-20-2026,A-05 Send Nudes,0,0,0,0.0,A,4,4,0,8.0,Spring,11
5081,02-20-2026,A-06,0,0,0,0.0,A,3,4,1,-4.0,Spring,12
5082,02-20-2026,A-14 ROYGDig,0,0,0,0.0,A,3,4,1,-17.0,Spring,13
5083,02-20-2026,A-04,0,0,0,0.0,A,3,4,1,-29.0,Spring,14
5084,02-20-2026,A-12 Mint Condition,0,0,0,0.0,A,3,5,0,5.0,Spring,15
5085,02-20-2026,A-03 Chromatic Chaos,0,0,0,0.0,A,3,5,0,-20.0,Spring,16
5086,02-20-2026,A-09 Serve the Rainbow,0,0,0,0.0,A,3,5,0,-24.0,Spring,17
5087,02-20-2026,A-17 Brown Beaver Baddies,0,0,0,0.0,A,1,6,1,-42.0,Spring,18
5088,02-27-2026,A-16 50 Shades of Slay,0,0,0,0.0,A,6,2,0,4.0,Spring,1
5089,02-27-2026,A-01 Hue’s Your Daddy,0,0,0,0.0,A,5,2,1,24.0,Spring,2
5090,02-27-2026,A-11 Paint the Town Red,0,0,0,0.0,A,5,3,0,4.0,Spring,3
5091,02-27-2026,A-07 Orange You Glad We Serve,0,0,0,0.0,A,5,3,0,-2.0,Spring,4
5092,02-27-2026,A-02 Fifty Shades of Gay,0,0,0,0.0,A,4,3,1,27.0,Spring,5
5093,02-27-2026,A-08 Crayon Crunchers,0,0,0,0.0,A,4,3,1,17.0,Spring,6
5094,02-27-2026,A-15 Spikadelic,0,0,0,0.0,A,4,3,1,9.0,Spring,7
5095,02-27-2026,A-10,0,0,0,0.0,A,4,4,0,18.0,Spring,8
5096,02-27-2026,A-18 Rosebuds,0,0,0,0.0,A,4,4,0,13.0,Spring,9
5097,02-27-2026,A-13 Blue Ball Control,0,0,0,0.0,A,4,4,0,9.0,Spring,10
5098,02-27-2026,A-05 Send Nudes,0,0,0,0.0,A,4,4,0,8.0,Spring,11
5099,02-27-2026,A-06,0,0,0,0.0,A,3,4,1,-4.0,Spring,12
5100,02-27-2026,A-14 ROYGDig,0,0,0,0.0,A,3,4,1,-17.0,Spring,13
5101,02-27-2026,A-04,0,0,0,0.0,A,3,4,1,-29.0,Spring,14
5102,02-27-2026,A-12 Mint Condition,0,0,0,0.0,A,3,5,0,5.0,Spring,15
5103,02-27-2026,A-03 Chromatic Chaos,0,0,0,0.0,A,3,5,0,-20.0,Spring,16
5104,02-27-2026,A-09 Serve the Rainbow,0,0,0,0.0,A,3,5,0,-24.0,Spring,17
5105,02-27-2026,A-17 Brown Beaver Baddies,0,0,0,0.0,A,1,6,1,-42.0,Spring,18
5106,03-06-2026,A-16 50 Shades of Slay,0,0,0,0.0,A,6,2,0,4.0,Spring,1
5107,03-06-2026,A-01 Hue’s Your Daddy,0,0,0,0.0,A,5,2,1,24.0,Spring,2
5108,03-06-2026,A-11 Paint the Town Red,0,0,0,0.0,A,5,3,0,4.0,Spring,3
5109,03-06-2026,A-07 Orange You Glad We Serve,0,0,0,0.0,A,5,3,0,-2.0,Spring,4
5110,03-06-2026,A-02 Fifty Shades of Gay,0,0,0,0.0,A,4,3,1,27.0,Spring,5
5111,03-06-2026,A-08 Crayon Crunchers,0,0,0,0.0,A,4,3,1,17.0,Spring,6
5112,03-06-2026,A-15 Spikadelic,0,0,0,0.0,A,4,3,1,9.0,Spring,7
5113,03-06-2026,A-10,0,0,0,0.0,A,4,4,0,18.0,Spring,8
5114,03-06-2026,A-18 Rosebuds,0,0,0,0.0,A,4,4,0,13.0,Spring,9
5115,03-06-2026,A-13 Blue Ball Control,0,0,0,0.0,A,4,4,0,9.0,Spring,10
5116,03-06-2026,A-05 Send Nudes,0,0,0,0.0,A,4,4,0,8.0,Spring,11
5117,03-06-2026,A-06,0,0,0,0.0,A,3,4,1,-4.0,Spring,12
5118,03-06-2026,A-14 ROYGDig,0,0,0,0.0,A,3,4,1,-17.0,Spring,13
5119,03-06-2026,A-04,0,0,0,0.0,A,3,4,1,-29.0,Spring,14
5120,03-06-2026,A-12 Mint Condition,0,0,0,0.0,A,3,5,0,5.0,Spring,15
5121,03-06-2026,A-03 Chromatic Chaos,0,0,0,0.0,A,3,5,0,-20.0,Spring,16
5122,03-06-2026,A-09 Serve the Rainbow,0,0,0,0.0,A,3,5,0,-24.0,Spring,17
5123,03-06-2026,A-17 Brown Beaver Baddies,0,0,0,0.0,A,1,6,1,-42.0,Spring,18
5124,03-20-2026,A-16 50 Shades of Slay,0,0,0,0.0,A,6,2,0,4.0,Spring,1
5125,03-20-2026,A-01 Hue’s Your Daddy,0,0,0,0.0,A,5,2,1,24.0,Spring,2
5126,03-20-2026,A-11 Paint the Town Red,0,0,0,0.0,A,5,3,0,4.0,Spring,3
5127,03-20-2026,A-07 Orange You Glad We Serve,0,0,0,0.0,A,5,3,0,-2.0,Spring,4
5128,03-20-2026,A-02 Fifty Shades of Gay,0,0,0,0.0,A,4,3,1,27.0,Spring,5
5129,03-20-2026,A-08 Crayon Crunchers,0,0,0,0.0,A,4,3,1,17.0,Spring,6
5130,03-20-2026,A-15 Spikadelic,0,0,0,0.0,A,4,3,1,9.0,Spring,7
5131,03-20-2026,A-10,0,0,0,0.0,A,4,4,0,18.0,Spring,8
5132,03-20-2026,A-18 Rosebuds,0,0,0,0.0,A,4,4,0,13.0,Spring,9
5133,03-20-2026,A-13 Blue Ball Control,0,0,0,0.0,A,4,4,0,9.0,Spring,10
5134,03-20-2026,A-05 Send Nudes,0,0,0,0.0,A,4,4,0,8.0,Spring,11
5135,03-20-2026,A-06,0,0,0,0.0,A,3,4,1,-4.0,Spring,12
5136,03-20-2026,A-14 ROYGDig,0,0,0,0.0,A,3,4,1,-17.0,Spring,13
5137,03-20-2026,A-04,0,0,0,0.0,A,3,4,1,-29.0,Spring,14
5138,03-20-2026,A-12 Mint Condition,0,0,0,0.0,A,3,5,0,5.0,Spring,15
5139,03-20-2026,A-03 Chromatic Chaos,0,0,0,0.0,A,3,5,0,-20.0,Spring,16
5140,03-20-2026,A-09 Serve the Rainbow,0,0,0,0.0,A,3,5,0,-24.0,Spring,17
5141,03-20-2026,A-17 Brown Beaver Baddies,0,0,0,0.0,A,1,6,1,-42.0,Spring,18
5142,03-27-2026,A-16 50 Shades of Slay,0,0,0,0.0,A,6,2,0,4.0,Spring,1
5143,03-27-2026,A-01 Hue’s Your Daddy,0,0,0,0.0,A,5,2,1,24.0,Spring,2
5144,03-27-2026,A-11 Paint the Town Red,0,0,0,0.0,A,5,3,0,4.0,Spring,3
5145,03-27-2026,A-07 Orange You Glad We Serve,0,0,0,0.0,A,5,3,0,-2.0,Spring,4
5146,03-27-2026,A-02 Fifty Shades of Gay,0,0,0,0.0,A,4,3,1,27.0,Spring,5
5147,03-27-2026,A-08 Crayon Crunchers,0,0,0,0.0,A,4,3,1,17.0,Spring,6
5148,03-27-2026,A-15 Spikadelic,0,0,0,0.0,A,4,3,1,9.0,Spring,7
5149,03-27-2026,A-10,0,0,0,0.0,A,4,4,0,18.0,Spring,8
5150,03-27-2026,A-18 Rosebuds,0,0,0,0.0,A,4,4,0,13.0,Spring,9
5151,03-27-2026,A-13 Blue Ball Control,0,0,0,0.0,A,4,4,0,9.0,Spring,10
5152,03-27-2026,A-05 Send Nudes,0,0,0,0.0,A,4,4,0,8.0,Spring,11
5153,03-27-2026,A-06,0,0,0,0.0,A,3,4,1,-4.0,Spring,12
5154,03-27-2026,A-14 ROYGDig,0,0,0,0.0,A,3,4,1,-17.0,Spring,13
5155,03-27-2026,A-04,0,0,0,0.0,A,3,4,1,-29.0,Spring,14
5156,03-27-2026,A-12 Mint Condition,0,0,0,0.0,A,3,5,0,5.0,Spring,15
5157,03-27-2026,A-03 Chromatic Chaos,0,0,0,0.0,A,3,5,0,-20.0,Spring,16
5158,03-27-2026,A-09 Serve the Rainbow,0,0,0,0.0,A,3,5,0,-24.0,Spring,17
5159,03-27-2026,A-17 Brown Beaver Baddies,0,0,0,0.0,A,1,6,1,-42.0,Spring,18
5160,04-10-2026,A-16 50 Shades of Slay,0,0,0,0.0,A,6,2,0,4.0,Spring,1
5161,04-10-2026,A-01 Hue’s Your Daddy,0,0,0,0.0,A,5,2,1,24.0,Spring,2
5162,04-10-2026,A-11 Paint the Town Red,0,0,0,0.0,A,5,3,0,4.0,Spring,3
5163,04-10-2026,A-07 Orange You Glad We Serve,0,0,0,0.0,A,5,3,0,-2.0,Spring,4
5164,04-10-2026,A-02 Fifty Shades of Gay,0,0,0,0.0,A,4,3,1,27.0,Spring,5
5165,04-10-2026,A-08 Crayon Crunchers,0,0,0,0.0,A,4,3,1,17.0,Spring,6
5166,04-10-2026,A-15 Spikadelic,0,0,0,0.0,A,4,3,1,9.0,Spring,7
5167,04-10-2026,A-10,0,0,0,0.0,A,4,4,0,18.0,Spring,8
5168,04-10-2026,A-18 Rosebuds,0,0,0,0.0,A,4,4,0,13.0,Spring,9
5169,04-10-2026,A-13 Blue Ball Control,0,0,0,0.0,A,4,4,0,9.0,Spring,10
5170,04-10-2026,A-05 Send Nudes,0,0,0,0.0,A,4,4,0,8.0,Spring,11
5171,04-10-2026,A-06,0,0,0,0.0,A,3,4,1,-4.0,Spring,12
5172,04-10-2026,A-14 ROYGDig,0,0,0,0.0,A,3,4,1,-17.0,Spring,13
5173,04-10-2026,A-04,0,0,0,0.0,A,3,4,1,-29.0,Spring,14
5174,04-10-2026,A-12 Mint Condition,0,0,0,0.0,A,3,5,0,5.0,Spring,15
5175,04-10-2026,A-03 Chromatic Chaos,0,0,0,0.0,A,3,5,0,-20.0,Spring,16
5176,04-10-2026,A-09 Serve the Rainbow,0,0,0,0.0,A,3,5,0,-24.0,Spring,17
5177,04-10-2026,A-17 Brown Beaver Baddies,0,0,0,0.0,A,1,6,1,-42.0,Spring,18
5178,04-17-2026,A-16 50 Shades of Slay,0,0,0,0.0,A,6,2,0,4.0,Spring,1
5179,04-17-2026,A-01 Hue’s Your Daddy,0,0,0,0.0,A,5,2,1,24.0,Spring,2
5180,04-17-2026,A-11 Paint the Town Red,0,0,0,0.0,A,5,3,0,4.0,Spring,3
5181,04-17-2026,A-07 Orange You Glad We Serve,0,0,0,0.0,A,5,3,0,-2.0,Spring,4
5182,04-17-2026,A-02 Fifty Shades of Gay,0,0,0,0.0,A,4,3,1,27.0,Spring,5
5183,04-17-2026,A-08 Crayon Crunchers,0,0,0,0.0,A,4,3,1,17.0,Spring,6
5184,04-17-2026,A-15 Spikadelic,0,0,0,0.0,A,4,3,1,9.0,Spring,7
5185,04-17-2026,A-10,0,0,0,0.0,A,4,4,0,18.0,Spring,8
5186,04-17-2026,A-18 Rosebuds,0,0,0,0.0,A,4,4,0,13.0,Spring,9
5187,04-17-2026,A-13 Blue Ball Control,0,0,0,0.0,A,4,4,0,9.0,Spring,10
5188,04-17-2026,A-05 Send Nudes,0,0,0,0.0,A,4,4,0,8.0,Spring,11
5189,04-17-2026,A-06,0,0,0,0.0,A,3,4,1,-4.0,Spring,12
5190,04-17-2026,A-14 ROYGDig,0,0,0,0.0,A,3,4,1,-17.0,Spring,13
5191,04-17-2026,A-04,0,0,0,0.0,A,3,4,1,-29.0,Spring,14
5192,04-17-2026,A-12 Mint Condition,0,0,0,0.0,A,3,5,0,5.0,Spring,15
5193,04-17-2026,A-03 Chromatic Chaos,0,0,0,0.0,A,3,5,0,-20.0,Spring,16
5194,04-17-2026,A-09 Serve the Rainbow,0,0,0,0.0,A,3,5,0,-24.0,Spring,17
5195,04-17-2026,A-17 Brown Beaver Baddies,0,0,0,0.0,A,1,6,1,-42.0,Spring,18
5196,04-24-2026,A-16 50 Shades of Slay,0,0,0,0.0,A,6,2,0,4.0,Spring,1
5197,04-24-2026,A-01 Hue’s Your Daddy,0,0,0,0.0,A,5,2,1,24.0,Spring,2
5198,04-24-2026,A-11 Paint the Town Red,0,0,0,0.0,A,5,3,0,4.0,Spring,3
5199,04-24-2026,A-07 Orange You Glad We Serve,0,0,0,0.0,A,5,3,0,-2.0,Spring,4
5200,04-24-2026,A-02 Fifty Shades of Gay,0,0,0,0.0,A,4,3,1,27.0,Spring,5
5201,04-24-2026,A-08 Crayon Crunchers,0,0,0,0.0,A,4,3,1,17.0,Spring,6
5202,04-24-2026,A-15 Spikadelic,0,0,0,0.0,A,4,3,1,9.0,Spring,7
5203,04-24-2026,A-10,0,0,0,0.0,A,4,4,0,18.0,Spring,8
5204,04-24-2026,A-18 Rosebuds,0,0,0,0.0,A,4,4,0,13.0,Spring,9
5205,04-24-2026,A-13 Blue Ball Control,0,0,0,0.0,A,4,4,0,9.0,Spring,10
5206,04-24-2026,A-05 Send Nudes,0,0,0,0.0,A,4,4,0,8.0,Spring,11
5207,04-24-2026,A-06,0,0,0,0.0,A,3,4,1,-4.0,Spring,12
5208,04-24-2026,A-14 ROYGDig,0,0,0,0.0,A,3,4,1,-17.0,Spring,13
5209,04-24-2026,A-04,0,0,0,0.0,A,3,4,1,-29.0,Spring,14
5210,04-24-2026,A-12 Mint Condition,0,0,0,0.0,A,3,5,0,5.0,Spring,15
5211,04-24-2026,A-03 Chromatic Chaos,0,0,0,0.0,A,3,5,0,-20.0,Spring,16
5212,04-24-2026,A-09 Serve the Rainbow,0,0,0,0.0,A,3,5,0,-24.0,Spring,17
5213,04-24-2026,A-17 Brown Beaver Baddies,0,0,0,0.0,A,1,6,1,-42.0,Spring,18
5214,01-23-2026,"C-03 Sugar, Spike and",0,0,0,0.0,C,0,0,0,0.0,Spring,1
5215,01-23-2026,"C-02 Ed, Edd n Edging!",0,0,0,0.0,C,0,0,0,0.0,Spring,2
5216,01-23-2026,C-01 Avatar: Net Benders,0,0,0,0.0,C,0,0,0,0.0,Spring,3
5217,01-23-2026,C-04 Peppa Dig,0,0,0,0.0,C,0,0,0,0.0,Spring,4
5218,01-23-2026,C-05 Dragon Ballz Deep,0,0,0,0.0,C,0,0,0,0.0,Spring,5
5219,01-23-2026,C-06 SpongeBall Spikepants,0,0,0,0.0,C,0,0,0,0.0,Spring,6
5220,01-23-2026,C-18 Straw Hat Striker,0,0,0,0.0,C,0,0,0,0.0,Spring,7
5221,01-23-2026,C-17 Scooby Do Me,0,0,0,0.0,C,0,0,0,0.0,Spring,8
5222,01-23-2026,C-15 Powerpuff Passers,0,0,0,0.0,C,0,0,0,0.0,Spring,9
5223,01-23-2026,C-14 Diva Slayers,0,0,0,0.0,C,0,0,0,0.0,Spring,10
5224,01-23-2026,C-13 Thunder Kills,0,0,0,0.0,C,0,0,0,0.0,Spring,11
5225,01-23-2026,C-12 The Magic Spikebus,0,0,0,0.0,C,0,0,0,0.0,Spring,12
5226,01-23-2026,C-11 Trans Performers,0,0,0,0.0,C,0,0,0,0.0,Spring,13
5227,01-23-2026,C-10 Courage the Cowardly Dig,0,0,0,0.0,C,0,0,0,0.0,Spring,14
5228,01-23-2026,C-09 The Netsons,0,0,0,0.0,C,0,0,0,0.0,Spring,15
5229,01-23-2026,C-08 Blocker's Home for Unimaginative Hitters,0,0,0,0.0,C,0,0,0,0.0,Spring,16
5230,01-23-2026,C-07 Sailor Spikers,0,0,0,0.0,C,0,0,0,0.0,Spring,17
5231,01-23-2026,C-16 The IncrediBalls,0,0,0,0.0,C,0,0,0,0.0,Spring,18
5232,01-30-2026,"C-03 Sugar, Spike and",4,0,0,30.0,C,4,0,0,30.0,Spring,1
5233,01-30-2026,C-05 Dragon Ballz Deep,3,1,0,24.0,C,3,1,0,24.0,Spring,2
5234,01-30-2026,C-17 Scooby Do Me,3,1,0,19.0,C,3,1,0,19.0,Spring,3
5235,01-30-2026,C-01 Avatar: Net Benders,3,1,0,12.0,C,3,1,0,12.0,Spring,4
5236,01-30-2026,C-06 SpongeBall Spikepants,3,1,0,12.0,C,3,1,0,12.0,Spring,5
5237,01-30-2026,C-14 Diva Slayers,3,1,0,9.0,C,3,1,0,9.0,Spring,6
5238,01-30-2026,C-11 Trans Performers,3,1,0,5.0,C,3,1,0,5.0,Spring,7
5239,01-30-2026,"C-02 Ed, Edd n Edging!",2,2,0,7.0,C,2,2,0,7.0,Spring,8
5240,01-30-2026,C-13 Thunder Kills,2,2,0,5.0,C,2,2,0,5.0,Spring,9
5241,01-30-2026,C-07 Sailor Spikers,2,2,0,5.0,C,2,2,0,5.0,Spring,10
5242,01-30-2026,C-16 The IncrediBalls,2,2,0,0.0,C,2,2,0,0.0,Spring,11
5243,01-30-2026,C-12 The Magic Spikebus,2,2,0,-1.0,C,2,2,0,-1.0,Spring,12
5244,01-30-2026,C-10 Courage the Cowardly Dig,2,2,0,-5.0,C,2,2,0,-5.0,Spring,13
5245,01-30-2026,C-08 Blocker's Home for Unimaginative Hitters,1,3,0,-4.0,C,1,3,0,-4.0,Spring,14
5246,01-30-2026,C-09 The Netsons,1,3,0,-19.0,C,1,3,0,-19.0,Spring,15
5247,01-30-2026,C-04 Peppa Dig,0,4,0,-28.0,C,0,4,0,-28.0,Spring,16
5248,01-30-2026,C-15 Powerpuff Passers,0,4,0,-35.0,C,0,4,0,-35.0,Spring,17
5249,01-30-2026,C-18 Straw Hat Striker,0,4,0,-36.0,C,0,4,0,-36.0,Spring,18
5250,02-06-2026,C-05 Dragon Ballz Deep,4,0,0,25.0,C,7,1,0,49.0,Spring,1
5251,02-06-2026,C-06 SpongeBall Spikepants,4,0,0,25.0,C,7,1,0,37.0,Spring,2
5252,02-06-2026,C-17 Scooby Do Me,3,1,0,16.0,C,6,2,0,35.0,Spring,3
5253,02-06-2026,C-01 Avatar: Net Benders,3,1,0,19.0,C,6,2,0,31.0,Spring,4
5254,02-06-2026,C-13 Thunder Kills,4,0,0,20.0,C,6,2,0,25.0,Spring,5
5255,02-06-2026,"C-03 Sugar, Spike and",1,3,0,-21.0,C,5,3,0,9.0,Spring,6
5256,02-06-2026,C-12 The Magic Spikebus,3,1,0,10.0,C,5,3,0,9.0,Spring,7
5257,02-06-2026,C-11 Trans Performers,2,2,0,-2.0,C,5,3,0,3.0,Spring,8
5258,02-06-2026,"C-02 Ed, Edd n Edging!",2,1,1,8.0,C,4,3,1,15.0,Spring,9
5259,02-06-2026,C-10 Courage the Cowardly Dig,2,1,1,5.0,C,4,3,1,0.0,Spring,10
5260,02-06-2026,C-16 The IncrediBalls,2,2,0,2.0,C,4,4,0,2.0,Spring,11
5261,02-06-2026,C-08 Blocker's Home for Unimaginative Hitters,2,2,0,10.0,C,3,5,0,6.0,Spring,12
5262,02-06-2026,C-07 Sailor Spikers,1,3,0,-9.0,C,3,5,0,-4.0,Spring,13
5263,02-06-2026,C-14 Diva Slayers,0,4,0,-23.0,C,3,5,0,-14.0,Spring,14
5264,02-06-2026,C-04 Peppa Dig,1,3,0,-13.0,C,1,7,0,-41.0,Spring,15
5265,02-06-2026,C-09 The Netsons,0,4,0,-26.0,C,1,7,0,-45.0,Spring,16
5266,02-06-2026,C-18 Straw Hat Striker,1,3,0,-11.0,C,1,7,0,-47.0,Spring,17
5267,02-06-2026,C-15 Powerpuff Passers,0,4,0,-35.0,C,0,8,0,-70.0,Spring,18
5268,02-20-2026,C-05 Dragon Ballz Deep,0,0,0,0.0,C,7,1,0,49.0,Spring,1
5269,02-20-2026,C-06 SpongeBall Spikepants,0,0,0,0.0,C,7,1,0,37.0,Spring,2
5270,02-20-2026,C-17 Scooby Do Me,0,0,0,0.0,C,6,2,0,35.0,Spring,3
5271,02-20-2026,C-01 Avatar: Net Benders,0,0,0,0.0,C,6,2,0,31.0,Spring,4
5272,02-20-2026,C-13 Thunder Kills,0,0,0,0.0,C,6,2,0,25.0,Spring,5
5273,02-20-2026,"C-03 Sugar, Spike and",0,0,0,0.0,C,5,3,0,9.0,Spring,6
5274,02-20-2026,C-12 The Magic Spikebus,0,0,0,0.0,C,5,3,0,9.0,Spring,7
5275,02-20-2026,C-11 Trans Performers,0,0,0,0.0,C,5,3,0,3.0,Spring,8
5276,02-20-2026,"C-02 Ed, Edd n Edging!",0,0,0,0.0,C,4,3,1,15.0,Spring,9
5277,02-20-2026,C-10 Courage the Cowardly Dig,0,0,0,0.0,C,4,3,1,0.0,Spring,10
5278,02-20-2026,C-16 The IncrediBalls,0,0,0,0.0,C,4,4,0,2.0,Spring,11
5279,02-20-2026,C-08 Blocker's Home for Unimaginative Hitters,0,0,0,0.0,C,3,5,0,6.0,Spring,12
5280,02-20-2026,C-07 Sailor Spikers,0,0,0,0.0,C,3,5,0,-4.0,Spring,13
5281,02-20-2026,C-14 Diva Slayers,0,0,0,0.0,C,3,5,0,-14.0,Spring,14
5282,02-20-2026,C-04 Peppa Dig,0,0,0,0.0,C,1,7,0,-41.0,Spring,15
5283,02-20-2026,C-09 The Netsons,0,0,0,0.0,C,1,7,0,-45.0,Spring,16
5284,02-20-2026,C-18 Straw Hat Striker,0,0,0,0.0,C,1,7,0,-47.0,Spring,17
5285,02-20-2026,C-15 Powerpuff Passers,0,0,0,0.0,C,0,8,0,-70.0,Spring,18
5286,02-27-2026,C-05 Dragon Ballz Deep,0,0,0,0.0,C,7,1,0,49.0,Spring,1
5287,02-27-2026,C-06 SpongeBall Spikepants,0,0,0,0.0,C,7,1,0,37.0,Spring,2
5288,02-27-2026,C-17 Scooby Do Me,0,0,0,0.0,C,6,2,0,35.0,Spring,3
5289,02-27-2026,C-01 Avatar: Net Benders,0,0,0,0.0,C,6,2,0,31.0,Spring,4
5290,02-27-2026,C-13 Thunder Kills,0,0,0,0.0,C,6,2,0,25.0,Spring,5
5291,02-27-2026,"C-03 Sugar, Spike and",0,0,0,0.0,C,5,3,0,9.0,Spring,6
5292,02-27-2026,C-12 The Magic Spikebus,0,0,0,0.0,C,5,3,0,9.0,Spring,7
5293,02-27-2026,C-11 Trans Performers,0,0,0,0.0,C,5,3,0,3.0,Spring,8
5294,02-27-2026,"C-02 Ed, Edd n Edging!",0,0,0,0.0,C,4,3,1,15.0,Spring,9
5295,02-27-2026,C-10 Courage the Cowardly Dig,0,0,0,0.0,C,4,3,1,0.0,Spring,10
5296,02-27-2026,C-16 The IncrediBalls,0,0,0,0.0,C,4,4,0,2.0,Spring,11
5297,02-27-2026,C-08 Blocker's Home for Unimaginative Hitters,0,0,0,0.0,C,3,5,0,6.0,Spring,12
5298,02-27-2026,C-07 Sailor Spikers,0,0,0,0.0,C,3,5,0,-4.0,Spring,13
5299,02-27-2026,C-14 Diva Slayers,0,0,0,0.0,C,3,5,0,-14.0,Spring,14
5300,02-27-2026,C-04 Peppa Dig,0,0,0,0.0,C,1,7,0,-41.0,Spring,15
5301,02-27-2026,C-09 The Netsons,0,0,0,0.0,C,1,7,0,-45.0,Spring,16
5302,02-27-2026,C-18 Straw Hat Striker,0,0,0,0.0,C,1,7,0,-47.0,Spring,17
5303,02-27-2026,C-15 Powerpuff Passers,0,0,0,0.0,C,0,8,0,-70.0,Spring,18
5304,03-06-2026,C-05 Dragon Ballz Deep,0,0,0,0.0,C,7,1,0,49.0,Spring,1
5305,03-06-2026,C-06 SpongeBall Spikepants,0,0,0,0.0,C,7,1,0,37.0,Spring,2
5306,03-06-2026,C-17 Scooby Do Me,0,0,0,0.0,C,6,2,0,35.0,Spring,3
5307,03-06-2026,C-01 Avatar: Net Benders,0,0,0,0.0,C,6,2,0,31.0,Spring,4
5308,03-06-2026,C-13 Thunder Kills,0,0,0,0.0,C,6,2,0,25.0,Spring,5
5309,03-06-2026,"C-03 Sugar, Spike and",0,0,0,0.0,C,5,3,0,9.0,Spring,6
5310,03-06-2026,C-12 The Magic Spikebus,0,0,0,0.0,C,5,3,0,9.0,Spring,7
5311,03-06-2026,C-11 Trans Performers,0,0,0,0.0,C,5,3,0,3.0,Spring,8
5312,03-06-2026,"C-02 Ed, Edd n Edging!",0,0,0,0.0,C,4,3,1,15.0,Spring,9
5313,03-06-2026,C-10 Courage the Cowardly Dig,0,0,0,0.0,C,4,3,1,0.0,Spring,10
5314,03-06-2026,C-16 The IncrediBalls,0,0,0,0.0,C,4,4,0,2.0,Spring,11
5315,03-06-2026,C-08 Blocker's Home for Unimaginative Hitters,0,0,0,0.0,C,3,5,0,6.0,Spring,12
5316,03-06-2026,C-07 Sailor Spikers,0,0,0,0.0,C,3,5,0,-4.0,Spring,13
5317,03-06-2026,C-14 Diva Slayers,0,0,0,0.0,C,3,5,0,-14.0,Spring,14
5318,03-06-2026,C-04 Peppa Dig,0,0,0,0.0,C,1,7,0,-41.0,Spring,15
5319,03-06-2026,C-09 The Netsons,0,0,0,0.0,C,1,7,0,-45.0,Spring,16
5320,03-06-2026,C-18 Straw Hat Striker,0,0,0,0.0,C,1,7,0,-47.0,Spring,17
5321,03-06-2026,C-15 Powerpuff Passers,0,0,0,0.0,C,0,8,0,-70.0,Spring,18
5322,03-20-2026,C-05 Dragon Ballz Deep,0,0,0,0.0,C,7,1,0,49.0,Spring,1
5323,03-20-2026,C-06 SpongeBall Spikepants,0,0,0,0.0,C,7,1,0,37.0,Spring,2
5324,03-20-2026,C-17 Scooby Do Me,0,0,0,0.0,C,6,2,0,35.0,Spring,3
5325,03-20-2026,C-01 Avatar: Net Benders,0,0,0,0.0,C,6,2,0,31.0,Spring,4
5326,03-20-2026,C-13 Thunder Kills,0,0,0,0.0,C,6,2,0,25.0,Spring,5
5327,03-20-2026,"C-03 Sugar, Spike and",0,0,0,0.0,C,5,3,0,9.0,Spring,6
5328,03-20-2026,C-12 The Magic Spikebus,0,0,0,0.0,C,5,3,0,9.0,Spring,7
5329,03-20-2026,C-11 Trans Performers,0,0,0,0.0,C,5,3,0,3.0,Spring,8
5330,03-20-2026,"C-02 Ed, Edd n Edging!",0,0,0,0.0,C,4,3,1,15.0,Spring,9
5331,03-20-2026,C-10 Courage the Cowardly Dig,0,0,0,0.0,C,4,3,1,0.0,Spring,10
5332,03-20-2026,C-16 The IncrediBalls,0,0,0,0.0,C,4,4,0,2.0,Spring,11
5333,03-20-2026,C-08 Blocker's Home for Unimaginative Hitters,0,0,0,0.0,C,3,5,0,6.0,Spring,12
5334,03-20-2026,C-07 Sailor Spikers,0,0,0,0.0,C,3,5,0,-4.0,Spring,13
5335,03-20-2026,C-14 Diva Slayers,0,0,0,0.0,C,3,5,0,-14.0,Spring,14
5336,03-20-2026,C-04 Peppa Dig,0,0,0,0.0,C,1,7,0,-41.0,Spring,15
5337,03-20-2026,C-09 The Netsons,0,0,0,0.0,C,1,7,0,-45.0,Spring,16
5338,03-20-2026,C-18 Straw Hat Striker,0,0,0,0.0,C,1,7,0,-47.0,Spring,17
5339,03-20-2026,C-15 Powerpuff Passers,0,0,0,0.0,C,0,8,0,-70.0,Spring,18
5340,03-27-2026,C-05 Dragon Ballz Deep,0,0,0,0.0,C,7,1,0,49.0,Spring,1
5341,03-27-2026,C-06 SpongeBall Spikepants,0,0,0,0.0,C,7,1,0,37.0,Spring,2
5342,03-27-2026,C-17 Scooby Do Me,0,0,0,0.0,C,6,2,0,35.0,Spring,3
5343,03-27-2026,C-01 Avatar: Net Benders,0,0,0,0.0,C,6,2,0,31.0,Spring,4
5344,03-27-2026,C-13 Thunder Kills,0,0,0,0.0,C,6,2,0,25.0,Spring,5
5345,03-27-2026,"C-03 Sugar, Spike and",0,0,0,0.0,C,5,3,0,9.0,Spring,6
5346,03-27-2026,C-12 The Magic Spikebus,0,0,0,0.0,C,5,3,0,9.0,Spring,7
5347,03-27-2026,C-11 Trans Performers,0,0,0,0.0,C,5,3,0,3.0,Spring,8
5348,03-27-2026,"C-02 Ed, Edd n Edging!",0,0,0,0.0,C,4,3,1,15.0,Spring,9
5349,03-27-2026,C-10 Courage the Cowardly Dig,0,0,0,0.0,C,4,3,1,0.0,Spring,10
5350,03-27-2026,C-16 The IncrediBalls,0,0,0,0.0,C,4,4,0,2.0,Spring,11
5351,03-27-2026,C-08 Blocker's Home for Unimaginative Hitters,0,0,0,0.0,C,3,5,0,6.0,Spring,12
5352,03-27-2026,C-07 Sailor Spikers,0,0,0,0.0,C,3,5,0,-4.0,Spring,13
5353,03-27-2026,C-14 Diva Slayers,0,0,0,0.0,C,3,5,0,-14.0,Spring,14
5354,03-27-2026,C-04 Peppa Dig,0,0,0,0.0,C,1,7,0,-41.0,Spring,15
5355,03-27-2026,C-09 The Netsons,0,0,0,0.0,C,1,7,0,-45.0,Spring,16
5356,03-27-2026,C-18 Straw Hat Striker,0,0,0,0.0,C,1,7,0,-47.0,Spring,17
5357,03-27-2026,C-15 Powerpuff Passers,0,0,0,0.0,C,0,8,0,-70.0,Spring,18
5358,04-10-2026,C-05 Dragon Ballz Deep,0,0,0,0.0,C,7,1,0,49.0,Spring,1
5359,04-10-2026,C-06 SpongeBall Spikepants,0,0,0,0.0,C,7,1,0,37.0,Spring,2
5360,04-10-2026,C-17 Scooby Do Me,0,0,0,0.0,C,6,2,0,35.0,Spring,3
5361,04-10-2026,C-01 Avatar: Net Benders,0,0,0,0.0,C,6,2,0,31.0,Spring,4
5362,04-10-2026,C-13 Thunder Kills,0,0,0,0.0,C,6,2,0,25.0,Spring,5
5363,04-10-2026,"C-03 Sugar, Spike and",0,0,0,0.0,C,5,3,0,9.0,Spring,6
5364,04-10-2026,C-12 The Magic Spikebus,0,0,0,0.0,C,5,3,0,9.0,Spring,7
5365,04-10-2026,C-11 Trans Performers,0,0,0,0.0,C,5,3,0,3.0,Spring,8
5366,04-10-2026,"C-02 Ed, Edd n Edging!",0,0,0,0.0,C,4,3,1,15.0,Spring,9
5367,04-10-2026,C-10 Courage the Cowardly Dig,0,0,0,0.0,C,4,3,1,0.0,Spring,10
5368,04-10-2026,C-16 The IncrediBalls,0,0,0,0.0,C,4,4,0,2.0,Spring,11
5369,04-10-2026,C-08 Blocker's Home for Unimaginative Hitters,0,0,0,0.0,C,3,5,0,6.0,Spring,12
5370,04-10-2026,C-07 Sailor Spikers,0,0,0,0.0,C,3,5,0,-4.0,Spring,13
5371,04-10-2026,C-14 Diva Slayers,0,0,0,0.0,C,3,5,0,-14.0,Spring,14
5372,04-10-2026,C-04 Peppa Dig,0,0,0,0.0,C,1,7,0,-41.0,Spring,15
5373,04-10-2026,C-09 The Netsons,0,0,0,0.0,C,1,7,0,-45.0,Spring,16
5374,04-10-2026,C-18 Straw Hat Striker,0,0,0,0.0,C,1,7,0,-47.0,Spring,17
5375,04-10-2026,C-15 Powerpuff Passers,0,0,0,0.0,C,0,8,0,-70.0,Spring,18
5376,04-17-2026,C-05 Dragon Ballz Deep,0,0,0,0.0,C,7,1,0,49.0,Spring,1
5377,04-17-2026,C-06 SpongeBall Spikepants,0,0,0,0.0,C,7,1,0,37.0,Spring,2
5378,04-17-2026,C-17 Scooby Do Me,0,0,0,0.0,C,6,2,0,35.0,Spring,3
5379,04-17-2026,C-01 Avatar: Net Benders,0,0,0,0.0,C,6,2,0,31.0,Spring,4
5380,04-17-2026,C-13 Thunder Kills,0,0,0,0.0,C,6,2,0,25.0,Spring,5
5381,04-17-2026,"C-03 Sugar, Spike and",0,0,0,0.0,C,5,3,0,9.0,Spring,6
5382,04-17-2026,C-12 The Magic Spikebus,0,0,0,0.0,C,5,3,0,9.0,Spring,7
5383,04-17-2026,C-11 Trans Performers,0,0,0,0.0,C,5,3,0,3.0,Spring,8
5384,04-17-2026,"C-02 Ed, Edd n Edging!",0,0,0,0.0,C,4,3,1,15.0,Spring,9
5385,04-17-2026,C-10 Courage the Cowardly Dig,0,0,0,0.0,C,4,3,1,0.0,Spring,10
5386,04-17-2026,C-16 The IncrediBalls,0,0,0,0.0,C,4,4,0,2.0,Spring,11
5387,04-17-2026,C-08 Blocker's Home for Unimaginative Hitters,0,0,0,0.0,C,3,5,0,6.0,Spring,12
5388,04-17-2026,C-07 Sailor Spikers,0,0,0,0.0,C,3,5,0,-4.0,Spring,13
5389,04-17-2026,C-14 Diva Slayers,0,0,0,0.0,C,3,5,0,-14.0,Spring,14
5390,04-17-2026,C-04 Peppa Dig,0,0,0,0.0,C,1,7,0,-41.0,Spring,15
5391,04-17-2026,C-09 The Netsons,0,0,0,0.0,C,1,7,0,-45.0,Spring,16
5392,04-17-2026,C-18 Straw Hat Striker,0,0,0,0.0,C,1,7,0,-47.0,Spring,17
5393,04-17-2026,C-15 Powerpuff Passers,0,0,0,0.0,C,0,8,0,-70.0,Spring,18
5394,04-24-2026,C-05 Dragon Ballz Deep,0,0,0,0.0,C,7,1,0,49.0,Spring,1
5395,04-24-2026,C-06 SpongeBall Spikepants,0,0,0,0.0,C,7,1,0,37.0,Spring,2
5396,04-24-2026,C-17 Scooby Do Me,0,0,0,0.0,C,6,2,0,35.0,Spring,3
5397,04-24-2026,C-01 Avatar: Net Benders,0,0,0,0.0,C,6,2,0,31.0,Spring,4
5398,04-24-2026,C-13 Thunder Kills,0,0,0,0.0,C,6,2,0,25.0,Spring,5
5399,04-24-2026,"C-03 Sugar, Spike and",0,0,0,0.0,C,5,3,0,9.0,Spring,6
5400,04-24-2026,C-12 The Magic Spikebus,0,0,0,0.0,C,5,3,0,9.0,Spring,7
5401,04-24-2026,C-11 Trans Performers,0,0,0,0.0,C,5,3,0,3.0,Spring,8
5402,04-24-2026,"C-02 Ed, Edd n Edging!",0,0,0,0.0,C,4,3,1,15.0,Spring,9
5403,04-24-2026,C-10 Courage the Cowardly Dig,0,0,0,0.0,C,4,3,1,0.0,Spring,10
5404,04-24-2026,C-16 The IncrediBalls,0,0,0,0.0,C,4,4,0,2.0,Spring,11
5405,04-24-2026,C-08 Blocker's Home for Unimaginative Hitters,0,0,0,0.0,C,3,5,0,6.0,Spring,12
5406,04-24-2026,C-07 Sailor Spikers,0,0,0,0.0,C,3,5,0,-4.0,Spring,13
5407,04-24-2026,C-14 Diva Slayers,0,0,0,0.0,C,3,5,0,-14.0,Spring,14
5408,04-24-2026,C-04 Peppa Dig,0,0,0,0.0,C,1,7,0,-41.0,Spring,15
5409,04-24-2026,C-09 The Netsons,0,0,0,0.0,C,1,7,0,-45.0,Spring,16
5410,04-24-2026,C-18 Straw Hat Striker,0,0,0,0.0,C,1,7,0,-47.0,Spring,17
5411,04-24-2026,C-15 Powerpuff Passers,0,0,0,0.0,C,0,8,0,-70.0,Spring,18
5412,01-23-2026,E-06-Kegel Crushers,0,0,0,0.0,E,0,0,0,0.0,Spring,1
5413,01-23-2026,"E-05-Spot Me Outside, How Bout That",0,0,0,0.0,E,0,0,0,0.0,Spring,2
5414,01-23-2026,E-04-Pump & Dump,0,0,0,0.0,E,0,0,0,0.0,Spring,3
5415,01-23-2026,E-02-Pull Up (But Don’t Pull Out),0,0,0,0.0,E,0,0,0,0.0,Spring,4
5416,01-23-2026,E-01-Squatty Hawties,0,0,0,0.0,E,0,0,0,0.0,Spring,5
5417,01-23-2026,E-03,0,0,0,0.0,E,0,0,0,0.0,Spring,6
5418,01-30-2026,E-04-Pump & Dump,4,0,0,16.0,E,4,0,0,16.0,Spring,1
5419,01-30-2026,E-06-Kegel Crushers,3,1,0,9.0,E,3,1,0,9.0,Spring,2
5420,01-30-2026,E-03,2,2,0,8.0,E,2,2,0,8.0,Spring,3
5421,01-30-2026,"E-05-Spot Me Outside, How Bout That",2,2,0,0.0,E,2,2,0,0.0,Spring,4
5422,01-30-2026,E-02-Pull Up (But Don’t Pull Out),1,3,0,-17.0,E,1,3,0,-17.0,Spring,5
5423,01-30-2026,E-01-Squatty Hawties,0,4,0,-16.0,E,0,4,0,-16.0,Spring,6
5424,02-06-2026,E-04-Pump & Dump,3,1,0,25.0,E,7,1,0,41.0,Spring,1
5425,02-06-2026,E-06-Kegel Crushers,2,2,0,1.0,E,5,3,0,10.0,Spring,2
5426,02-06-2026,E-02-Pull Up (But Don’t Pull Out),3,1,0,9.0,E,4,4,0,-8.0,Spring,3
5427,02-06-2026,E-01-Squatty Hawties,3,1,0,7.0,E,3,5,0,-9.0,Spring,4
5428,02-06-2026,"E-05-Spot Me Outside, How Bout That",1,3,0,-10.0,E,3,5,0,-10.0,Spring,5
5429,02-06-2026,E-03,0,4,0,-32.0,E,2,6,0,-24.0,Spring,6
5430,02-20-2026,E-04-Pump & Dump,0,0,0,0.0,E,7,1,0,41.0,Spring,1
5431,02-20-2026,E-06-Kegel Crushers,0,0,0,0.0,E,5,3,0,10.0,Spring,2
5432,02-20-2026,E-02-Pull Up (But Don’t Pull Out),0,0,0,0.0,E,4,4,0,-8.0,Spring,3
5433,02-20-2026,E-01-Squatty Hawties,0,0,0,0.0,E,3,5,0,-9.0,Spring,4
5434,02-20-2026,"E-05-Spot Me Outside, How Bout That",0,0,0,0.0,E,3,5,0,-10.0,Spring,5
5435,02-20-2026,E-03,0,0,0,0.0,E,2,6,0,-24.0,Spring,6
5436,02-27-2026,E-04-Pump & Dump,0,0,0,0.0,E,7,1,0,41.0,Spring,1
5437,02-27-2026,E-06-Kegel Crushers,0,0,0,0.0,E,5,3,0,10.0,Spring,2
5438,02-27-2026,E-02-Pull Up (But Don’t Pull Out),0,0,0,0.0,E,4,4,0,-8.0,Spring,3
5439,02-27-2026,E-01-Squatty Hawties,0,0,0,0.0,E,3,5,0,-9.0,Spring,4
5440,02-27-2026,"E-05-Spot Me Outside, How Bout That",0,0,0,0.0,E,3,5,0,-10.0,Spring,5
5441,02-27-2026,E-03,0,0,0,0.0,E,2,6,0,-24.0,Spring,6
5442,03-06-2026,E-04-Pump & Dump,0,0,0,0.0,E,7,1,0,41.0,Spring,1
5443,03-06-2026,E-06-Kegel Crushers,0,0,0,0.0,E,5,3,0,10.0,Spring,2
5444,03-06-2026,E-02-Pull Up (But Don’t Pull Out),0,0,0,0.0,E,4,4,0,-8.0,Spring,3
5445,03-06-2026,E-01-Squatty Hawties,0,0,0,0.0,E,3,5,0,-9.0,Spring,4
5446,03-06-2026,"E-05-Spot Me Outside, How Bout That",0,0,0,0.0,E,3,5,0,-10.0,Spring,5
5447,03-06-2026,E-03,0,0,0,0.0,E,2,6,0,-24.0,Spring,6
5448,03-20-2026,E-04-Pump & Dump,0,0,0,0.0,E,7,1,0,41.0,Spring,1
5449,03-20-2026,E-06-Kegel Crushers,0,0,0,0.0,E,5,3,0,10.0,Spring,2
5450,03-20-2026,E-02-Pull Up (But Don’t Pull Out),0,0,0,0.0,E,4,4,0,-8.0,Spring,3
5451,03-20-2026,E-01-Squatty Hawties,0,0,0,0.0,E,3,5,0,-9.0,Spring,4
5452,03-20-2026,"E-05-Spot Me Outside, How Bout That",0,0,0,0.0,E,3,5,0,-10.0,Spring,5
5453,03-20-2026,E-03,0,0,0,0.0,E,2,6,0,-24.0,Spring,6
5454,03-27-2026,E-04-Pump & Dump,0,0,0,0.0,E,7,1,0,41.0,Spring,1
5455,03-27-2026,E-06-Kegel Crushers,0,0,0,0.0,E,5,3,0,10.0,Spring,2
5456,03-27-2026,E-02-Pull Up (But Don’t Pull Out),0,0,0,0.0,E,4,4,0,-8.0,Spring,3
5457,03-27-2026,E-01-Squatty Hawties,0,0,0,0.0,E,3,5,0,-9.0,Spring,4
5458,03-27-2026,"E-05-Spot Me Outside, How Bout That",0,0,0,0.0,E,3,5,0,-10.0,Spring,5
5459,03-27-2026,E-03,0,0,0,0.0,E,2,6,0,-24.0,Spring,6
5460,04-10-2026,E-04-Pump & Dump,0,0,0,0.0,E,7,1,0,41.0,Spring,1
5461,04-10-2026,E-06-Kegel Crushers,0,0,0,0.0,E,5,3,0,10.0,Spring,2
5462,04-10-2026,E-02-Pull Up (But Don’t Pull Out),0,0,0,0.0,E,4,4,0,-8.0,Spring,3
5463,04-10-2026,E-01-Squatty Hawties,0,0,0,0.0,E,3,5,0,-9.0,Spring,4
5464,04-10-2026,"E-05-Spot Me Outside, How Bout That",0,0,0,0.0,E,3,5,0,-10.0,Spring,5
5465,04-10-2026,E-03,0,0,0,0.0,E,2,6,0,-24.0,Spring,6
5466,04-17-2026,E-04-Pump & Dump,0,0,0,0.0,E,7,1,0,41.0,Spring,1
5467,04-17-2026,E-06-Kegel Crushers,0,0,0,0.0,E,5,3,0,10.0,Spring,2
5468,04-17-2026,E-02-Pull Up (But Don’t Pull Out),0,0,0,0.0,E,4,4,0,-8.0,Spring,3
5469,04-17-2026,E-01-Squatty Hawties,0,0,0,0.0,E,3,5,0,-9.0,Spring,4
5470,04-17-2026,"E-05-Spot Me Outside, How Bout That",0,0,0,0.0,E,3,5,0,-10.0,Spring,5
5471,04-17-2026,E-03,0,0,0,0.0,E,2,6,0,-24.0,Spring,6
5472,04-24-2026,E-04-Pump & Dump,0,0,0,0.0,E,7,1,0,41.0,Spring,1
5473,04-24-2026,E-06-Kegel Crushers,0,0,0,0.0,E,5,3,0,10.0,Spring,2
5474,04-24-2026,E-02-Pull Up (But Don’t Pull Out),0,0,0,0.0,E,4,4,0,-8.0,Spring,3
5475,04-24-2026,E-01-Squatty Hawties,0,0,0,0.0,E,3,5,0,-9.0,Spring,4
5476,04-24-2026,"E-05-Spot Me Outside, How Bout That",0,0,0,0.0,E,3,5,0,-10.0,Spring,5
5477,04-24-2026,E-03,0,0,0,0.0,E,2,6,0,-24.0,Spring,6
5478,01-23-2026,I-15 Waka Waka,0,0,0,0.0,I,0,0,0,0.0,Spring,1
5479,01-23-2026,I-14 Super Spike Bros,0,0,0,0.0,I,0,0,0,0.0,Spring,2
5480,01-23-2026,I-13 Play Station Spikers,0,0,0,0.0,I,0,0,0,0.0,Spring,3
5481,01-23-2026,I-12 Arcade Spikers,0,0,0,0.0,I,0,0,0,0.0,Spring,4
5482,01-23-2026,I-11 Kirby s Dream Spikers,0,0,0,0.0,I,0,0,0,0.0,Spring,5
5483,01-23-2026,I-10 Volley pong,0,0,0,0.0,I,0,0,0,0.0,Spring,6
5484,01-23-2026,I-09 Super Smash Serves,0,0,0,0.0,I,0,0,0,0.0,Spring,7
5485,01-23-2026,I-08 Street Spikers,0,0,0,0.0,I,0,0,0,0.0,Spring,8
5486,01-23-2026,I-07 Ace Invaders,0,0,0,0.0,I,0,0,0,0.0,Spring,9
5487,01-23-2026,I-06 Spyro Spikers,0,0,0,0.0,I,0,0,0,0.0,Spring,10
5488,01-23-2026,I-04 Hyrule Hitters,0,0,0,0.0,I,0,0,0,0.0,Spring,11
5489,01-23-2026,I-05 It's On Like Donkey Kong,0,0,0,0.0,I,0,0,0,0.0,Spring,12
5490,01-23-2026,I-03 Super Sets Bros,0,0,0,0.0,I,0,0,0,0.0,Spring,13
5491,01-23-2026,I-02 Rainbow Road Runners,0,0,0,0.0,I,0,0,0,0.0,Spring,14
5492,01-23-2026,I-01 Slay Station,0,0,0,0.0,I,0,0,0,0.0,Spring,15
5493,01-30-2026,I-08 Street Spikers,4,0,0,14.0,I,4,0,0,14.0,Spring,1
5494,01-30-2026,I-02 Rainbow Road Runners,3,1,0,26.0,I,3,1,0,26.0,Spring,2
5495,01-30-2026,I-03 Super Sets Bros,3,1,0,12.0,I,3,1,0,12.0,Spring,3
5496,01-30-2026,I-07 Ace Invaders,3,1,0,8.0,I,3,1,0,8.0,Spring,4
5497,01-30-2026,I-10 Volley pong,3,1,0,8.0,I,3,1,0,8.0,Spring,5
5498,01-30-2026,I-14 Super Spike Bros,2,2,0,18.0,I,2,2,0,18.0,Spring,6
5499,01-30-2026,I-06 Spyro Spikers,2,2,0,2.0,I,2,2,0,2.0,Spring,7
5500,01-30-2026,I-15 Waka Waka,2,2,0,-6.0,I,2,2,0,-6.0,Spring,8
5501,01-30-2026,I-13 Play Station Spikers,2,2,0,-10.0,I,2,2,0,-10.0,Spring,9
5502,01-30-2026,I-11 Kirby s Dream Spikers,1,3,0,6.0,I,1,3,0,6.0,Spring,10
5503,01-30-2026,I-09 Super Smash Serves,1,3,0,-6.0,I,1,3,0,-6.0,Spring,11
5504,01-30-2026,I-05 It's On Like Donkey Kong,1,3,0,-10.0,I,1,3,0,-10.0,Spring,12
5505,01-30-2026,I-04 Hyrule Hitters,1,3,0,-16.0,I,1,3,0,-16.0,Spring,13
5506,01-30-2026,I-01 Slay Station,1,3,0,-20.0,I,1,3,0,-20.0,Spring,14
5507,01-30-2026,I-12 Arcade Spikers,1,3,0,-26.0,I,1,3,0,-26.0,Spring,15
5508,02-06-2026,I-14 Super Spike Bros,4,0,0,34.0,I,6,2,0,52.0,Spring,1
5509,02-06-2026,I-06 Spyro Spikers,4,0,0,32.0,I,6,2,0,34.0,Spring,2
5510,02-06-2026,I-03 Super Sets Bros,3,1,0,13.0,I,6,2,0,25.0,Spring,3
5511,02-06-2026,I-08 Street Spikers,2,2,0,-1.0,I,6,2,0,13.0,Spring,4
5512,02-06-2026,I-02 Rainbow Road Runners,2,2,0,2.0,I,5,3,0,28.0,Spring,5
5513,02-06-2026,I-15 Waka Waka,3,1,0,23.0,I,5,3,0,17.0,Spring,6
5514,02-06-2026,I-10 Volley pong,2,2,0,-4.0,I,5,3,0,4.0,Spring,7
5515,02-06-2026,I-05 It's On Like Donkey Kong,3,1,0,9.0,I,4,4,0,-1.0,Spring,8
5516,02-06-2026,I-07 Ace Invaders,1,3,0,-15.0,I,4,4,0,-7.0,Spring,9
5517,02-06-2026,I-04 Hyrule Hitters,2,2,0,11.0,I,3,5,0,-5.0,Spring,10
5518,02-06-2026,I-09 Super Smash Serves,2,2,0,-1.0,I,3,5,0,-7.0,Spring,11
5519,02-06-2026,I-12 Arcade Spikers,2,2,0,-8.0,I,3,5,0,-34.0,Spring,12
5520,02-06-2026,I-13 Play Station Spikers,0,4,0,-22.0,I,2,6,0,-32.0,Spring,13
5521,02-06-2026,I-11 Kirby s Dream Spikers,0,4,0,-28.0,I,1,7,0,-22.0,Spring,14
5522,02-06-2026,I-01 Slay Station,0,4,0,-45.0,I,1,7,0,-65.0,Spring,15
5523,02-20-2026,I-14 Super Spike Bros,0,0,0,0.0,I,6,2,0,52.0,Spring,1
5524,02-20-2026,I-06 Spyro Spikers,0,0,0,0.0,I,6,2,0,34.0,Spring,2
5525,02-20-2026,I-03 Super Sets Bros,0,0,0,0.0,I,6,2,0,25.0,Spring,3
5526,02-20-2026,I-08 Street Spikers,0,0,0,0.0,I,6,2,0,13.0,Spring,4
5527,02-20-2026,I-02 Rainbow Road Runners,0,0,0,0.0,I,5,3,0,28.0,Spring,5
5528,02-20-2026,I-15 Waka Waka,0,0,0,0.0,I,5,3,0,17.0,Spring,6
5529,02-20-2026,I-10 Volley pong,0,0,0,0.0,I,5,3,0,4.0,Spring,7
5530,02-20-2026,I-05 It's On Like Donkey Kong,0,0,0,0.0,I,4,4,0,-1.0,Spring,8
5531,02-20-2026,I-07 Ace Invaders,0,0,0,0.0,I,4,4,0,-7.0,Spring,9
5532,02-20-2026,I-04 Hyrule Hitters,0,0,0,0.0,I,3,5,0,-5.0,Spring,10
5533,02-20-2026,I-09 Super Smash Serves,0,0,0,0.0,I,3,5,0,-7.0,Spring,11
5534,02-20-2026,I-12 Arcade Spikers,0,0,0,0.0,I,3,5,0,-34.0,Spring,12
5535,02-20-2026,I-13 Play Station Spikers,0,0,0,0.0,I,2,6,0,-32.0,Spring,13
5536,02-20-2026,I-11 Kirby s Dream Spikers,0,0,0,0.0,I,1,7,0,-22.0,Spring,14
5537,02-20-2026,I-01 Slay Station,0,0,0,0.0,I,1,7,0,-65.0,Spring,15
5538,02-27-2026,I-14 Super Spike Bros,0,0,0,0.0,I,6,2,0,52.0,Spring,1
5539,02-27-2026,I-06 Spyro Spikers,0,0,0,0.0,I,6,2,0,34.0,Spring,2
5540,02-27-2026,I-03 Super Sets Bros,0,0,0,0.0,I,6,2,0,25.0,Spring,3
5541,02-27-2026,I-08 Street Spikers,0,0,0,0.0,I,6,2,0,13.0,Spring,4
5542,02-27-2026,I-02 Rainbow Road Runners,0,0,0,0.0,I,5,3,0,28.0,Spring,5
5543,02-27-2026,I-15 Waka Waka,0,0,0,0.0,I,5,3,0,17.0,Spring,6
5544,02-27-2026,I-10 Volley pong,0,0,0,0.0,I,5,3,0,4.0,Spring,7
5545,02-27-2026,I-05 It's On Like Donkey Kong,0,0,0,0.0,I,4,4,0,-1.0,Spring,8
5546,02-27-2026,I-07 Ace Invaders,0,0,0,0.0,I,4,4,0,-7.0,Spring,9
5547,02-27-2026,I-04 Hyrule Hitters,0,0,0,0.0,I,3,5,0,-5.0,Spring,10
5548,02-27-2026,I-09 Super Smash Serves,0,0,0,0.0,I,3,5,0,-7.0,Spring,11
5549,02-27-2026,I-12 Arcade Spikers,0,0,0,0.0,I,3,5,0,-34.0,Spring,12
5550,02-27-2026,I-13 Play Station Spikers,0,0,0,0.0,I,2,6,0,-32.0,Spring,13
5551,02-27-2026,I-11 Kirby s Dream Spikers,0,0,0,0.0,I,1,7,0,-22.0,Spring,14
5552,02-27-2026,I-01 Slay Station,0,0,0,0.0,I,1,7,0,-65.0,Spring,15
5553,03-06-2026,I-14 Super Spike Bros,0,0,0,0.0,I,6,2,0,52.0,Spring,1
5554,03-06-2026,I-06 Spyro Spikers,0,0,0,0.0,I,6,2,0,34.0,Spring,2
5555,03-06-2026,I-03 Super Sets Bros,0,0,0,0.0,I,6,2,0,25.0,Spring,3
5556,03-06-2026,I-08 Street Spikers,0,0,0,0.0,I,6,2,0,13.0,Spring,4
5557,03-06-2026,I-02 Rainbow Road Runners,0,0,0,0.0,I,5,3,0,28.0,Spring,5
5558,03-06-2026,I-15 Waka Waka,0,0,0,0.0,I,5,3,0,17.0,Spring,6
5559,03-06-2026,I-10 Volley pong,0,0,0,0.0,I,5,3,0,4.0,Spring,7
5560,03-06-2026,I-05 It's On Like Donkey Kong,0,0,0,0.0,I,4,4,0,-1.0,Spring,8
5561,03-06-2026,I-07 Ace Invaders,0,0,0,0.0,I,4,4,0,-7.0,Spring,9
5562,03-06-2026,I-04 Hyrule Hitters,0,0,0,0.0,I,3,5,0,-5.0,Spring,10
5563,03-06-2026,I-09 Super Smash Serves,0,0,0,0.0,I,3,5,0,-7.0,Spring,11
5564,03-06-2026,I-12 Arcade Spikers,0,0,0,0.0,I,3,5,0,-34.0,Spring,12
5565,03-06-2026,I-13 Play Station Spikers,0,0,0,0.0,I,2,6,0,-32.0,Spring,13
5566,03-06-2026,I-11 Kirby s Dream Spikers,0,0,0,0.0,I,1,7,0,-22.0,Spring,14
5567,03-06-2026,I-01 Slay Station,0,0,0,0.0,I,1,7,0,-65.0,Spring,15
5568,03-20-2026,I-14 Super Spike Bros,0,0,0,0.0,I,6,2,0,52.0,Spring,1
5569,03-20-2026,I-06 Spyro Spikers,0,0,0,0.0,I,6,2,0,34.0,Spring,2
5570,03-20-2026,I-03 Super Sets Bros,0,0,0,0.0,I,6,2,0,25.0,Spring,3
5571,03-20-2026,I-08 Street Spikers,0,0,0,0.0,I,6,2,0,13.0,Spring,4
5572,03-20-2026,I-02 Rainbow Road Runners,0,0,0,0.0,I,5,3,0,28.0,Spring,5
5573,03-20-2026,I-15 Waka Waka,0,0,0,0.0,I,5,3,0,17.0,Spring,6
5574,03-20-2026,I-10 Volley pong,0,0,0,0.0,I,5,3,0,4.0,Spring,7
5575,03-20-2026,I-05 It's On Like Donkey Kong,0,0,0,0.0,I,4,4,0,-1.0,Spring,8
5576,03-20-2026,I-07 Ace Invaders,0,0,0,0.0,I,4,4,0,-7.0,Spring,9
5577,03-20-2026,I-04 Hyrule Hitters,0,0,0,0.0,I,3,5,0,-5.0,Spring,10
5578,03-20-2026,I-09 Super Smash Serves,0,0,0,0.0,I,3,5,0,-7.0,Spring,11
5579,03-20-2026,I-12 Arcade Spikers,0,0,0,0.0,I,3,5,0,-34.0,Spring,12
5580,03-20-2026,I-13 Play Station Spikers,0,0,0,0.0,I,2,6,0,-32.0,Spring,13
5581,03-20-2026,I-11 Kirby s Dream Spikers,0,0,0,0.0,I,1,7,0,-22.0,Spring,14
5582,03-20-2026,I-01 Slay Station,0,0,0,0.0,I,1,7,0,-65.0,Spring,15
5583,03-27-2026,I-14 Super Spike Bros,0,0,0,0.0,I,6,2,0,52.0,Spring,1
5584,03-27-2026,I-06 Spyro Spikers,0,0,0,0.0,I,6,2,0,34.0,Spring,2
5585,03-27-2026,I-03 Super Sets Bros,0,0,0,0.0,I,6,2,0,25.0,Spring,3
5586,03-27-2026,I-08 Street Spikers,0,0,0,0.0,I,6,2,0,13.0,Spring,4
5587,03-27-2026,I-02 Rainbow Road Runners,0,0,0,0.0,I,5,3,0,28.0,Spring,5
5588,03-27-2026,I-15 Waka Waka,0,0,0,0.0,I,5,3,0,17.0,Spring,6
5589,03-27-2026,I-10 Volley pong,0,0,0,0.0,I,5,3,0,4.0,Spring,7
5590,03-27-2026,I-05 It's On Like Donkey Kong,0,0,0,0.0,I,4,4,0,-1.0,Spring,8
5591,03-27-2026,I-07 Ace Invaders,0,0,0,0.0,I,4,4,0,-7.0,Spring,9
5592,03-27-2026,I-04 Hyrule Hitters,0,0,0,0.0,I,3,5,0,-5.0,Spring,10
5593,03-27-2026,I-09 Super Smash Serves,0,0,0,0.0,I,3,5,0,-7.0,Spring,11
5594,03-27-2026,I-12 Arcade Spikers,0,0,0,0.0,I,3,5,0,-34.0,Spring,12
5595,03-27-2026,I-13 Play Station Spikers,0,0,0,0.0,I,2,6,0,-32.0,Spring,13
5596,03-27-2026,I-11 Kirby s Dream Spikers,0,0,0,0.0,I,1,7,0,-22.0,Spring,14
5597,03-27-2026,I-01 Slay Station,0,0,0,0.0,I,1,7,0,-65.0,Spring,15
5598,04-10-2026,I-14 Super Spike Bros,0,0,0,0.0,I,6,2,0,52.0,Spring,1
5599,04-10-2026,I-06 Spyro Spikers,0,0,0,0.0,I,6,2,0,34.0,Spring,2
5600,04-10-2026,I-03 Super Sets Bros,0,0,0,0.0,I,6,2,0,25.0,Spring,3
5601,04-10-2026,I-08 Street Spikers,0,0,0,0.0,I,6,2,0,13.0,Spring,4
5602,04-10-2026,I-02 Rainbow Road Runners,0,0,0,0.0,I,5,3,0,28.0,Spring,5
5603,04-10-2026,I-15 Waka Waka,0,0,0,0.0,I,5,3,0,17.0,Spring,6
5604,04-10-2026,I-10 Volley pong,0,0,0,0.0,I,5,3,0,4.0,Spring,7
5605,04-10-2026,I-05 It's On Like Donkey Kong,0,0,0,0.0,I,4,4,0,-1.0,Spring,8
5606,04-10-2026,I-07 Ace Invaders,0,0,0,0.0,I,4,4,0,-7.0,Spring,9
5607,04-10-2026,I-04 Hyrule Hitters,0,0,0,0.0,I,3,5,0,-5.0,Spring,10
5608,04-10-2026,I-09 Super Smash Serves,0,0,0,0.0,I,3,5,0,-7.0,Spring,11
5609,04-10-2026,I-12 Arcade Spikers,0,0,0,0.0,I,3,5,0,-34.0,Spring,12
5610,04-10-2026,I-13 Play Station Spikers,0,0,0,0.0,I,2,6,0,-32.0,Spring,13
5611,04-10-2026,I-11 Kirby s Dream Spikers,0,0,0,0.0,I,1,7,0,-22.0,Spring,14
5612,04-10-2026,I-01 Slay Station,0,0,0,0.0,I,1,7,0,-65.0,Spring,15
5613,04-17-2026,I-14 Super Spike Bros,0,0,0,0.0,I,6,2,0,52.0,Spring,1
5614,04-17-2026,I-06 Spyro Spikers,0,0,0,0.0,I,6,2,0,34.0,Spring,2
5615,04-17-2026,I-03 Super Sets Bros,0,0,0,0.0,I,6,2,0,25.0,Spring,3
5616,04-17-2026,I-08 Street Spikers,0,0,0,0.0,I,6,2,0,13.0,Spring,4
5617,04-17-2026,I-02 Rainbow Road Runners,0,0,0,0.0,I,5,3,0,28.0,Spring,5
5618,04-17-2026,I-15 Waka Waka,0,0,0,0.0,I,5,3,0,17.0,Spring,6
5619,04-17-2026,I-10 Volley pong,0,0,0,0.0,I,5,3,0,4.0,Spring,7
5620,04-17-2026,I-05 It's On Like Donkey Kong,0,0,0,0.0,I,4,4,0,-1.0,Spring,8
5621,04-17-2026,I-07 Ace Invaders,0,0,0,0.0,I,4,4,0,-7.0,Spring,9
5622,04-17-2026,I-04 Hyrule Hitters,0,0,0,0.0,I,3,5,0,-5.0,Spring,10
5623,04-17-2026,I-09 Super Smash Serves,0,0,0,0.0,I,3,5,0,-7.0,Spring,11
5624,04-17-2026,I-12 Arcade Spikers,0,0,0,0.0,I,3,5,0,-34.0,Spring,12
5625,04-17-2026,I-13 Play Station Spikers,0,0,0,0.0,I,2,6,0,-32.0,Spring,13
5626,04-17-2026,I-11 Kirby s Dream Spikers,0,0,0,0.0,I,1,7,0,-22.0,Spring,14
5627,04-17-2026,I-01 Slay Station,0,0,0,0.0,I,1,7,0,-65.0,Spring,15
5628,04-24-2026,I-14 Super Spike Bros,0,0,0,0.0,I,6,2,0,52.0,Spring,1
5629,04-24-2026,I-06 Spyro Spikers,0,0,0,0.0,I,6,2,0,34.0,Spring,2
5630,04-24-2026,I-03 Super Sets Bros,0,0,0,0.0,I,6,2,0,25.0,Spring,3
5631,04-24-2026,I-08 Street Spikers,0,0,0,0.0,I,6,2,0,13.0,Spring,4
5632,04-24-2026,I-02 Rainbow Road Runners,0,0,0,0.0,I,5,3,0,28.0,Spring,5
5633,04-24-2026,I-15 Waka Waka,0,0,0,0.0,I,5,3,0,17.0,Spring,6
5634,04-24-2026,I-10 Volley pong,0,0,0,0.0,I,5,3,0,4.0,Spring,7
5635,04-24-2026,I-05 It's On Like Donkey Kong,0,0,0,0.0,I,4,4,0,-1.0,Spring,8
5636,04-24-2026,I-07 Ace Invaders,0,0,0,0.0,I,4,4,0,-7.0,Spring,9
5637,04-24-2026,I-04 Hyrule Hitters,0,0,0,0.0,I,3,5,0,-5.0,Spring,10
5638,04-24-2026,I-09 Super Smash Serves,0,0,0,0.0,I,3,5,0,-7.0,Spring,11
5639,04-24-2026,I-12 Arcade Spikers,0,0,0,0.0,I,3,5,0,-34.0,Spring,12
5640,04-24-2026,I-13 Play Station Spikers,0,0,0,0.0,I,2,6,0,-32.0,Spring,13
5641,04-24-2026,I-11 Kirby s Dream Spikers,0,0,0,0.0,I,1,7,0,-22.0,Spring,14
5642,04-24-2026,I-01 Slay Station,0,0,0,0.0,I,1,7,0,-65.0,Spring,15
5643,01-23-2026,P-09 Don Julio’s,0,0,0,0.0,P,0,0,0,0.0,Spring,1
5644,01-23-2026,P-08 Baddie baddie shot o’clock,0,0,0,0.0,P,0,0,0,0.0,Spring,2
5645,01-23-2026,P-07 Whiskey Business,0,0,0,0.0,P,0,0,0,0.0,Spring,3
5646,01-23-2026,P-06,0,0,0,0.0,P,0,0,0,0.0,Spring,4
5647,01-23-2026,P-05,0,0,0,0.0,P,0,0,0,0.0,Spring,5
5648,01-23-2026,P-04 Aperol Spikez,0,0,0,0.0,P,0,0,0,0.0,Spring,6
5649,01-23-2026,P-03 Serving Neat and Naked,0,0,0,0.0,P,0,0,0,0.0,Spring,7
5650,01-23-2026,P-02 Serve Me Daddy,0,0,0,0.0,P,0,0,0,0.0,Spring,8
5651,01-23-2026,P-01,0,0,0,0.0,P,0,0,0,0.0,Spring,9
5652,01-30-2026,P-07 Whiskey Business,4,0,0,41.0,P,4,0,0,41.0,Spring,1
5653,01-30-2026,P-09 Don Julio’s,3,1,0,23.0,P,3,1,0,23.0,Spring,2
5654,01-30-2026,P-06,3,1,0,20.0,P,3,1,0,20.0,Spring,3
5655,01-30-2026,P-08 Baddie baddie shot o’clock,3,1,0,17.0,P,3,1,0,17.0,Spring,4
5656,01-30-2026,P-05,2,2,0,1.0,P,2,2,0,1.0,Spring,5
5657,01-30-2026,P-02 Serve Me Daddy,1,3,0,-18.0,P,1,3,0,-18.0,Spring,6
5658,01-30-2026,P-04 Aperol Spikez,1,3,0,-20.0,P,1,3,0,-20.0,Spring,7
5659,01-30-2026,P-01,1,3,0,-21.0,P,1,3,0,-21.0,Spring,8
5660,01-30-2026,P-03 Serving Neat and Naked,0,4,0,-43.0,P,0,4,0,-43.0,Spring,9
5661,02-06-2026,P-09 Don Julio’s,3,0,1,24.0,P,6,1,1,47.0,Spring,1
5662,02-06-2026,P-07 Whiskey Business,2,2,0,11.0,P,6,2,0,52.0,Spring,2
5663,02-06-2026,P-08 Baddie baddie shot o’clock,3,1,0,21.0,P,6,2,0,38.0,Spring,3
5664,02-06-2026,P-06,3,1,0,14.0,P,6,2,0,34.0,Spring,4
5665,02-06-2026,P-01,2,1,1,8.0,P,3,4,1,-13.0,Spring,5
5666,02-06-2026,P-04 Aperol Spikez,2,2,0,5.0,P,3,5,0,-15.0,Spring,6
5667,02-06-2026,P-05,0,4,0,-32.0,P,2,6,0,-31.0,Spring,7
5668,02-06-2026,P-02 Serve Me Daddy,1,3,0,-25.0,P,2,6,0,-43.0,Spring,8
5669,02-06-2026,P-03 Serving Neat and Naked,1,3,0,-26.0,P,1,7,0,-69.0,Spring,9
5670,02-20-2026,P-09 Don Julio’s,0,0,0,0.0,P,6,1,1,47.0,Spring,1
5671,02-20-2026,P-07 Whiskey Business,0,0,0,0.0,P,6,2,0,52.0,Spring,2
5672,02-20-2026,P-08 Baddie baddie shot o’clock,0,0,0,0.0,P,6,2,0,38.0,Spring,3
5673,02-20-2026,P-06,0,0,0,0.0,P,6,2,0,34.0,Spring,4
5674,02-20-2026,P-01,0,0,0,0.0,P,3,4,1,-13.0,Spring,5
5675,02-20-2026,P-04 Aperol Spikez,0,0,0,0.0,P,3,5,0,-15.0,Spring,6
5676,02-20-2026,P-05,0,0,0,0.0,P,2,6,0,-31.0,Spring,7
5677,02-20-2026,P-02 Serve Me Daddy,0,0,0,0.0,P,2,6,0,-43.0,Spring,8
5678,02-20-2026,P-03 Serving Neat and Naked,0,0,0,0.0,P,1,7,0,-69.0,Spring,9
5679,02-27-2026,P-09 Don Julio’s,0,0,0,0.0,P,6,1,1,47.0,Spring,1
5680,02-27-2026,P-07 Whiskey Business,0,0,0,0.0,P,6,2,0,52.0,Spring,2
5681,02-27-2026,P-08 Baddie baddie shot o’clock,0,0,0,0.0,P,6,2,0,38.0,Spring,3
5682,02-27-2026,P-06,0,0,0,0.0,P,6,2,0,34.0,Spring,4
5683,02-27-2026,P-01,0,0,0,0.0,P,3,4,1,-13.0,Spring,5
5684,02-27-2026,P-04 Aperol Spikez,0,0,0,0.0,P,3,5,0,-15.0,Spring,6
5685,02-27-2026,P-05,0,0,0,0.0,P,2,6,0,-31.0,Spring,7
5686,02-27-2026,P-02 Serve Me Daddy,0,0,0,0.0,P,2,6,0,-43.0,Spring,8
5687,02-27-2026,P-03 Serving Neat and Naked,0,0,0,0.0,P,1,7,0,-69.0,Spring,9
5688,03-06-2026,P-09 Don Julio’s,0,0,0,0.0,P,6,1,1,47.0,Spring,1
5689,03-06-2026,P-07 Whiskey Business,0,0,0,0.0,P,6,2,0,52.0,Spring,2
5690,03-06-2026,P-08 Baddie baddie shot o’clock,0,0,0,0.0,P,6,2,0,38.0,Spring,3
5691,03-06-2026,P-06,0,0,0,0.0,P,6,2,0,34.0,Spring,4
5692,03-06-2026,P-01,0,0,0,0.0,P,3,4,1,-13.0,Spring,5
5693,03-06-2026,P-04 Aperol Spikez,0,0,0,0.0,P,3,5,0,-15.0,Spring,6
5694,03-06-2026,P-05,0,0,0,0.0,P,2,6,0,-31.0,Spring,7
5695,03-06-2026,P-02 Serve Me Daddy,0,0,0,0.0,P,2,6,0,-43.0,Spring,8
5696,03-06-2026,P-03 Serving Neat and Naked,0,0,0,0.0,P,1,7,0,-69.0,Spring,9
5697,03-20-2026,P-09 Don Julio’s,0,0,0,0.0,P,6,1,1,47.0,Spring,1
5698,03-20-2026,P-07 Whiskey Business,0,0,0,0.0,P,6,2,0,52.0,Spring,2
5699,03-20-2026,P-08 Baddie baddie shot o’clock,0,0,0,0.0,P,6,2,0,38.0,Spring,3
5700,03-20-2026,P-06,0,0,0,0.0,P,6,2,0,34.0,Spring,4
5701,03-20-2026,P-01,0,0,0,0.0,P,3,4,1,-13.0,Spring,5
5702,03-20-2026,P-04 Aperol Spikez,0,0,0,0.0,P,3,5,0,-15.0,Spring,6
5703,03-20-2026,P-05,0,0,0,0.0,P,2,6,0,-31.0,Spring,7
5704,03-20-2026,P-02 Serve Me Daddy,0,0,0,0.0,P,2,6,0,-43.0,Spring,8
5705,03-20-2026,P-03 Serving Neat and Naked,0,0,0,0.0,P,1,7,0,-69.0,Spring,9
5706,03-27-2026,P-09 Don Julio’s,0,0,0,0.0,P,6,1,1,47.0,Spring,1
5707,03-27-2026,P-07 Whiskey Business,0,0,0,0.0,P,6,2,0,52.0,Spring,2
5708,03-27-2026,P-08 Baddie baddie shot o’clock,0,0,0,0.0,P,6,2,0,38.0,Spring,3
5709,03-27-2026,P-06,0,0,0,0.0,P,6,2,0,34.0,Spring,4
5710,03-27-2026,P-01,0,0,0,0.0,P,3,4,1,-13.0,Spring,5
5711,03-27-2026,P-04 Aperol Spikez,0,0,0,0.0,P,3,5,0,-15.0,Spring,6
5712,03-27-2026,P-05,0,0,0,0.0,P,2,6,0,-31.0,Spring,7
5713,03-27-2026,P-02 Serve Me Daddy,0,0,0,0.0,P,2,6,0,-43.0,Spring,8
5714,03-27-2026,P-03 Serving Neat and Naked,0,0,0,0.0,P,1,7,0,-69.0,Spring,9
5715,04-10-2026,P-09 Don Julio’s,0,0,0,0.0,P,6,1,1,47.0,Spring,1
5716,04-10-2026,P-07 Whiskey Business,0,0,0,0.0,P,6,2,0,52.0,Spring,2
5717,04-10-2026,P-08 Baddie baddie shot o’clock,0,0,0,0.0,P,6,2,0,38.0,Spring,3
5718,04-10-2026,P-06,0,0,0,0.0,P,6,2,0,34.0,Spring,4
5719,04-10-2026,P-01,0,0,0,0.0,P,3,4,1,-13.0,Spring,5
5720,04-10-2026,P-04 Aperol Spikez,0,0,0,0.0,P,3,5,0,-15.0,Spring,6
5721,04-10-2026,P-05,0,0,0,0.0,P,2,6,0,-31.0,Spring,7
5722,04-10-2026,P-02 Serve Me Daddy,0,0,0,0.0,P,2,6,0,-43.0,Spring,8
5723,04-10-2026,P-03 Serving Neat and Naked,0,0,0,0.0,P,1,7,0,-69.0,Spring,9
5724,04-17-2026,P-09 Don Julio’s,0,0,0,0.0,P,6,1,1,47.0,Spring,1
5725,04-17-2026,P-07 Whiskey Business,0,0,0,0.0,P,6,2,0,52.0,Spring,2
5726,04-17-2026,P-08 Baddie baddie shot o’clock,0,0,0,0.0,P,6,2,0,38.0,Spring,3
5727,04-17-2026,P-06,0,0,0,0.0,P,6,2,0,34.0,Spring,4
5728,04-17-2026,P-01,0,0,0,0.0,P,3,4,1,-13.0,Spring,5
5729,04-17-2026,P-04 Aperol Spikez,0,0,0,0.0,P,3,5,0,-15.0,Spring,6
5730,04-17-2026,P-05,0,0,0,0.0,P,2,6,0,-31.0,Spring,7
5731,04-17-2026,P-02 Serve Me Daddy,0,0,0,0.0,P,2,6,0,-43.0,Spring,8
5732,04-17-2026,P-03 Serving Neat and Naked,0,0,0,0.0,P,1,7,0,-69.0,Spring,9
5733,04-24-2026,P-09 Don Julio’s,0,0,0,0.0,P,6,1,1,47.0,Spring,1
5734,04-24-2026,P-07 Whiskey Business,0,0,0,0.0,P,6,2,0,52.0,Spring,2
5735,04-24-2026,P-08 Baddie baddie shot o’clock,0,0,0,0.0,P,6,2,0,38.0,Spring,3
5736,04-24-2026,P-06,0,0,0,0.0,P,6,2,0,34.0,Spring,4
5737,04-24-2026,P-01,0,0,0,0.0,P,3,4,1,-13.0,Spring,5
5738,04-24-2026,P-04 Aperol Spikez,0,0,0,0.0,P,3,5,0,-15.0,Spring,6
5739,04-24-2026,P-05,0,0,0,0.0,P,2,6,0,-31.0,Spring,7
5740,04-24-2026,P-02 Serve Me Daddy,0,0,0,0.0,P,2,6,0,-43.0,Spring,8
5741,04-24-2026,P-03 Serving Neat and Naked,0,0,0,0.0,P,1,7,0,-69.0,Spring,9
5742,01-23-2026,R-02 KrakenBalls,0,0,0,0.0,R,0,0,0,0.0,Spring,1
5743,01-23-2026,R-01 Dragon Slayers,0,0,0,0.0,R,0,0,0,0.0,Spring,2
5744,01-23-2026,R-03 Serverus,0,0,0,0.0,R,0,0,0,0.0,Spring,3
5745,01-23-2026,R-05 Blockunawa,0,0,0,0.0,R,0,0,0,0.0,Spring,4
5746,01-23-2026,R-06 Pegasets,0,0,0,0.0,R,0,0,0,0.0,Spring,5
5747,01-23-2026,R-07 Blockness Monsters,0,0,0,0.0,R,0,0,0,0.0,Spring,6
5748,01-23-2026,R-09 Volley Valkyries,0,0,0,0.0,R,0,0,0,0.0,Spring,7
5749,01-23-2026,R-08 Spikesus,0,0,0,0.0,R,0,0,0,0.0,Spring,8
5750,01-23-2026,R-04 Digfoot,0,0,0,0.0,R,0,0,0,0.0,Spring,9
5751,01-30-2026,R-07 Blockness Monsters,4,0,0,33.0,R,4,0,0,33.0,Spring,1
5752,01-30-2026,R-06 Pegasets,4,0,0,27.0,R,4,0,0,27.0,Spring,2
5753,01-30-2026,R-02 KrakenBalls,4,0,0,21.0,R,4,0,0,21.0,Spring,3
5754,01-30-2026,R-09 Volley Valkyries,2,2,0,11.0,R,2,2,0,11.0,Spring,4
5755,01-30-2026,R-08 Spikesus,2,2,0,-6.0,R,2,2,0,-6.0,Spring,5
5756,01-30-2026,R-03 Serverus,2,2,0,-12.0,R,2,2,0,-12.0,Spring,6
5757,01-30-2026,R-01 Dragon Slayers,0,4,0,-21.0,R,0,4,0,-21.0,Spring,7
5758,01-30-2026,R-04 Digfoot,0,4,0,-21.0,R,0,4,0,-21.0,Spring,8
5759,01-30-2026,R-05 Blockunawa,0,4,0,-32.0,R,0,4,0,-32.0,Spring,9
5760,02-06-2026,R-02 KrakenBalls,3,1,0,19.0,R,7,1,0,40.0,Spring,1
5761,02-06-2026,R-09 Volley Valkyries,4,0,0,30.0,R,6,2,0,41.0,Spring,2
5762,02-06-2026,R-06 Pegasets,2,2,0,-3.0,R,6,2,0,24.0,Spring,3
5763,02-06-2026,R-08 Spikesus,3,1,0,23.0,R,5,3,0,17.0,Spring,4
5764,02-06-2026,R-07 Blockness Monsters,0,4,0,-27.0,R,4,4,0,6.0,Spring,5
5765,02-06-2026,R-01 Dragon Slayers,3,1,0,17.0,R,3,5,0,-4.0,Spring,6
5766,02-06-2026,R-05 Blockunawa,3,1,0,21.0,R,3,5,0,-11.0,Spring,7
5767,02-06-2026,R-03 Serverus,0,4,0,-38.0,R,2,6,0,-50.0,Spring,8
5768,02-06-2026,R-04 Digfoot,0,4,0,-42.0,R,0,8,0,-63.0,Spring,9
5769,02-20-2026,R-02 KrakenBalls,0,0,0,0.0,R,7,1,0,40.0,Spring,1
5770,02-20-2026,R-09 Volley Valkyries,0,0,0,0.0,R,6,2,0,41.0,Spring,2
5771,02-20-2026,R-06 Pegasets,0,0,0,0.0,R,6,2,0,24.0,Spring,3
5772,02-20-2026,R-08 Spikesus,0,0,0,0.0,R,5,3,0,17.0,Spring,4
5773,02-20-2026,R-07 Blockness Monsters,0,0,0,0.0,R,4,4,0,6.0,Spring,5
5774,02-20-2026,R-01 Dragon Slayers,0,0,0,0.0,R,3,5,0,-4.0,Spring,6
5775,02-20-2026,R-05 Blockunawa,0,0,0,0.0,R,3,5,0,-11.0,Spring,7
5776,02-20-2026,R-03 Serverus,0,0,0,0.0,R,2,6,0,-50.0,Spring,8
5777,02-20-2026,R-04 Digfoot,0,0,0,0.0,R,0,8,0,-63.0,Spring,9
5778,02-27-2026,R-02 KrakenBalls,0,0,0,0.0,R,7,1,0,40.0,Spring,1
5779,02-27-2026,R-09 Volley Valkyries,0,0,0,0.0,R,6,2,0,41.0,Spring,2
5780,02-27-2026,R-06 Pegasets,0,0,0,0.0,R,6,2,0,24.0,Spring,3
5781,02-27-2026,R-08 Spikesus,0,0,0,0.0,R,5,3,0,17.0,Spring,4
5782,02-27-2026,R-07 Blockness Monsters,0,0,0,0.0,R,4,4,0,6.0,Spring,5
5783,02-27-2026,R-01 Dragon Slayers,0,0,0,0.0,R,3,5,0,-4.0,Spring,6
5784,02-27-2026,R-05 Blockunawa,0,0,0,0.0,R,3,5,0,-11.0,Spring,7
5785,02-27-2026,R-03 Serverus,0,0,0,0.0,R,2,6,0,-50.0,Spring,8
5786,02-27-2026,R-04 Digfoot,0,0,0,0.0,R,0,8,0,-63.0,Spring,9
5787,03-06-2026,R-02 KrakenBalls,0,0,0,0.0,R,7,1,0,40.0,Spring,1
5788,03-06-2026,R-09 Volley Valkyries,0,0,0,0.0,R,6,2,0,41.0,Spring,2
5789,03-06-2026,R-06 Pegasets,0,0,0,0.0,R,6,2,0,24.0,Spring,3
5790,03-06-2026,R-08 Spikesus,0,0,0,0.0,R,5,3,0,17.0,Spring,4
5791,03-06-2026,R-07 Blockness Monsters,0,0,0,0.0,R,4,4,0,6.0,Spring,5
5792,03-06-2026,R-01 Dragon Slayers,0,0,0,0.0,R,3,5,0,-4.0,Spring,6
5793,03-06-2026,R-05 Blockunawa,0,0,0,0.0,R,3,5,0,-11.0,Spring,7
5794,03-06-2026,R-03 Serverus,0,0,0,0.0,R,2,6,0,-50.0,Spring,8
5795,03-06-2026,R-04 Digfoot,0,0,0,0.0,R,0,8,0,-63.0,Spring,9
5796,03-20-2026,R-02 KrakenBalls,0,0,0,0.0,R,7,1,0,40.0,Spring,1
5797,03-20-2026,R-09 Volley Valkyries,0,0,0,0.0,R,6,2,0,41.0,Spring,2
5798,03-20-2026,R-06 Pegasets,0,0,0,0.0,R,6,2,0,24.0,Spring,3
5799,03-20-2026,R-08 Spikesus,0,0,0,0.0,R,5,3,0,17.0,Spring,4
5800,03-20-2026,R-07 Blockness Monsters,0,0,0,0.0,R,4,4,0,6.0,Spring,5
5801,03-20-2026,R-01 Dragon Slayers,0,0,0,0.0,R,3,5,0,-4.0,Spring,6
5802,03-20-2026,R-05 Blockunawa,0,0,0,0.0,R,3,5,0,-11.0,Spring,7
5803,03-20-2026,R-03 Serverus,0,0,0,0.0,R,2,6,0,-50.0,Spring,8
5804,03-20-2026,R-04 Digfoot,0,0,0,0.0,R,0,8,0,-63.0,Spring,9
5805,03-27-2026,R-02 KrakenBalls,0,0,0,0.0,R,7,1,0,40.0,Spring,1
5806,03-27-2026,R-09 Volley Valkyries,0,0,0,0.0,R,6,2,0,41.0,Spring,2
5807,03-27-2026,R-06 Pegasets,0,0,0,0.0,R,6,2,0,24.0,Spring,3
5808,03-27-2026,R-08 Spikesus,0,0,0,0.0,R,5,3,0,17.0,Spring,4
5809,03-27-2026,R-07 Blockness Monsters,0,0,0,0.0,R,4,4,0,6.0,Spring,5
5810,03-27-2026,R-01 Dragon Slayers,0,0,0,0.0,R,3,5,0,-4.0,Spring,6
5811,03-27-2026,R-05 Blockunawa,0,0,0,0.0,R,3,5,0,-11.0,Spring,7
5812,03-27-2026,R-03 Serverus,0,0,0,0.0,R,2,6,0,-50.0,Spring,8
5813,03-27-2026,R-04 Digfoot,0,0,0,0.0,R,0,8,0,-63.0,Spring,9
5814,04-10-2026,R-02 KrakenBalls,0,0,0,0.0,R,7,1,0,40.0,Spring,1
5815,04-10-2026,R-09 Volley Valkyries,0,0,0,0.0,R,6,2,0,41.0,Spring,2
5816,04-10-2026,R-06 Pegasets,0,0,0,0.0,R,6,2,0,24.0,Spring,3
5817,04-10-2026,R-08 Spikesus,0,0,0,0.0,R,5,3,0,17.0,Spring,4
5818,04-10-2026,R-07 Blockness Monsters,0,0,0,0.0,R,4,4,0,6.0,Spring,5
5819,04-10-2026,R-01 Dragon Slayers,0,0,0,0.0,R,3,5,0,-4.0,Spring,6
5820,04-10-2026,R-05 Blockunawa,0,0,0,0.0,R,3,5,0,-11.0,Spring,7
5821,04-10-2026,R-03 Serverus,0,0,0,0.0,R,2,6,0,-50.0,Spring,8
5822,04-10-2026,R-04 Digfoot,0,0,0,0.0,R,0,8,0,-63.0,Spring,9
5823,04-17-2026,R-02 KrakenBalls,0,0,0,0.0,R,7,1,0,40.0,Spring,1
5824,04-17-2026,R-09 Volley Valkyries,0,0,0,0.0,R,6,2,0,41.0,Spring,2
5825,04-17-2026,R-06 Pegasets,0,0,0,0.0,R,6,2,0,24.0,Spring,3
5826,04-17-2026,R-08 Spikesus,0,0,0,0.0,R,5,3,0,17.0,Spring,4
5827,04-17-2026,R-07 Blockness Monsters,0,0,0,0.0,R,4,4,0,6.0,Spring,5
5828,04-17-2026,R-01 Dragon Slayers,0,0,0,0.0,R,3,5,0,-4.0,Spring,6
5829,04-17-2026,R-05 Blockunawa,0,0,0,0.0,R,3,5,0,-11.0,Spring,7
5830,04-17-2026,R-03 Serverus,0,0,0,0.0,R,2,6,0,-50.0,Spring,8
5831,04-17-2026,R-04 Digfoot,0,0,0,0.0,R,0,8,0,-63.0,Spring,9
5832,04-24-2026,R-02 KrakenBalls,0,0,0,0.0,R,7,1,0,40.0,Spring,1
5833,04-24-2026,R-09 Volley Valkyries,0,0,0,0.0,R,6,2,0,41.0,Spring,2
5834,04-24-2026,R-06 Pegasets,0,0,0,0.0,R,6,2,0,24.0,Spring,3
5835,04-24-2026,R-08 Spikesus,0,0,0,0.0,R,5,3,0,17.0,Spring,4
5836,04-24-2026,R-07 Blockness Monsters,0,0,0,0.0,R,4,4,0,6.0,Spring,5
5837,04-24-2026,R-01 Dragon Slayers,0,0,0,0.0,R,3,5,0,-4.0,Spring,6
5838,04-24-2026,R-05 Blockunawa,0,0,0,0.0,R,3,5,0,-11.0,Spring,7
5839,04-24-2026,R-03 Serverus,0,0,0,0.0,R,2,6,0,-50.0,Spring,8
5840,04-24-2026,R-04 Digfoot,0,0,0,0.0,R,0,8,0,-63.0,Spring,9
5841,01-23-2026,S-18 - Spike Krispies,0,0,0,0.0,S,0,0,0,0.0,Spring,1
5842,01-23-2026,S-17 - Honey Bunches of Floats,0,0,0,0.0,S,0,0,0,0.0,Spring,2
5843,01-23-2026,S-16 - Frosted Tips,0,0,0,0.0,S,0,0,0,0.0,Spring,3
5844,01-23-2026,S-15 - Kanine Krunchies,0,0,0,0.0,S,0,0,0,0.0,Spring,4
5845,01-23-2026,S-14 - Chex Appeal,0,0,0,0.0,S,0,0,0,0.0,Spring,5
5846,01-23-2026,S-13 - Ace Krispies,0,0,0,0.0,S,0,0,0,0.0,Spring,6
5847,01-23-2026,S-12,0,0,0,0.0,S,0,0,0,0.0,Spring,7
5848,01-23-2026,S-11 - Cap'n C*nt,0,0,0,0.0,S,0,0,0,0.0,Spring,8
5849,01-23-2026,S-10 - Count Blockula,0,0,0,0.0,S,0,0,0,0.0,Spring,9
5850,01-23-2026,S-09 - Honey Nut Cheeri-Hoes,0,0,0,0.0,S,0,0,0,0.0,Spring,10
5851,01-23-2026,S-07 - Heavy Is The Crown,0,0,0,0.0,S,0,0,0,0.0,Spring,11
5852,01-23-2026,S-06 - Frosted Freaks,0,0,0,0.0,S,0,0,0,0.0,Spring,12
5853,01-23-2026,"S-05 - My Set, My Quick (Spike It!)",0,0,0,0.0,S,0,0,0,0.0,Spring,13
5854,01-23-2026,S-04 - Sets With Me,0,0,0,0.0,S,0,0,0,0.0,Spring,14
5855,01-23-2026,S-03,0,0,0,0.0,S,0,0,0,0.0,Spring,15
5856,01-23-2026,S-02 - I Write Sets Not Tragedies,0,0,0,0.0,S,0,0,0,0.0,Spring,16
5857,01-23-2026,S-01 - Oops I Hit It Again,0,0,0,0.0,S,0,0,0,0.0,Spring,17
5858,01-23-2026,S-08 - Cereal Killers,0,0,0,0.0,S,0,0,0,0.0,Spring,18
5859,01-30-2026,S-10 - Count Blockula,4,0,0,45.0,S,4,0,0,45.0,Spring,1
5860,01-30-2026,S-18 - Spike Krispies,4,0,0,16.0,S,4,0,0,16.0,Spring,2
5861,01-30-2026,S-15 - Kanine Krunchies,3,1,0,31.0,S,3,1,0,31.0,Spring,3
5862,01-30-2026,S-09 - Honey Nut Cheeri-Hoes,3,1,0,14.0,S,3,1,0,14.0,Spring,4
5863,01-30-2026,S-04 - Sets With Me,3,1,0,13.0,S,3,1,0,13.0,Spring,5
5864,01-30-2026,S-08 - Cereal Killers,3,1,0,7.0,S,3,1,0,7.0,Spring,6
5865,01-30-2026,S-07 - Heavy Is The Crown,3,1,0,-5.0,S,3,1,0,-5.0,Spring,7
5866,01-30-2026,S-11 - Cap'n C*nt,2,2,0,14.0,S,2,2,0,14.0,Spring,8
5867,01-30-2026,S-06 - Frosted Freaks,2,2,0,11.0,S,2,2,0,11.0,Spring,9
5868,01-30-2026,S-14 - Chex Appeal,2,2,0,8.0,S,2,2,0,8.0,Spring,10
5869,01-30-2026,S-02 - I Write Sets Not Tragedies,2,2,0,1.0,S,2,2,0,1.0,Spring,11
5870,01-30-2026,S-16 - Frosted Tips,2,2,0,-14.0,S,2,2,0,-14.0,Spring,12
5871,01-30-2026,S-01 - Oops I Hit It Again,1,3,0,-15.0,S,1,3,0,-15.0,Spring,13
5872,01-30-2026,S-17 - Honey Bunches of Floats,1,3,0,-21.0,S,1,3,0,-21.0,Spring,14
5873,01-30-2026,S-12,1,3,0,-21.0,S,1,3,0,-21.0,Spring,15
5874,01-30-2026,S-03,0,4,0,-26.0,S,0,4,0,-26.0,Spring,16
5875,01-30-2026,"S-05 - My Set, My Quick (Spike It!)",0,4,0,-27.0,S,0,4,0,-27.0,Spring,17
5876,01-30-2026,S-13 - Ace Krispies,0,4,0,-31.0,S,0,4,0,-31.0,Spring,18
5877,02-06-2026,S-10 - Count Blockula,2,2,0,12.0,S,6,2,0,57.0,Spring,1
5878,02-06-2026,S-15 - Kanine Krunchies,3,1,0,19.0,S,6,2,0,50.0,Spring,2
5879,02-06-2026,S-11 - Cap'n C*nt,4,0,0,24.0,S,6,2,0,38.0,Spring,3
5880,02-06-2026,S-16 - Frosted Tips,4,0,0,34.0,S,6,2,0,20.0,Spring,4
5881,02-06-2026,S-07 - Heavy Is The Crown,3,1,0,14.0,S,6,2,0,9.0,Spring,5
5882,02-06-2026,S-09 - Honey Nut Cheeri-Hoes,2,2,0,14.0,S,5,3,0,28.0,Spring,6
5883,02-06-2026,S-04 - Sets With Me,2,2,0,-2.0,S,5,3,0,11.0,Spring,7
5884,02-06-2026,S-18 - Spike Krispies,1,3,0,-8.0,S,5,3,0,8.0,Spring,8
5885,02-06-2026,S-08 - Cereal Killers,2,2,0,-7.0,S,5,3,0,0.0,Spring,9
5886,02-06-2026,S-12,3,1,0,13.0,S,4,4,0,-8.0,Spring,10
5887,02-06-2026,S-02 - I Write Sets Not Tragedies,2,2,0,-10.0,S,4,4,0,-9.0,Spring,11
5888,02-06-2026,S-06 - Frosted Freaks,1,3,0,-10.0,S,3,5,0,1.0,Spring,12
5889,02-06-2026,S-14 - Chex Appeal,1,3,0,-14.0,S,3,5,0,-6.0,Spring,13
5890,02-06-2026,S-01 - Oops I Hit It Again,1,3,0,-14.0,S,2,6,0,-29.0,Spring,14
5891,02-06-2026,S-13 - Ace Krispies,2,2,0,-6.0,S,2,6,0,-37.0,Spring,15
5892,02-06-2026,S-17 - Honey Bunches of Floats,1,3,0,-27.0,S,2,6,0,-48.0,Spring,16
5893,02-06-2026,"S-05 - My Set, My Quick (Spike It!)",1,3,0,-12.0,S,1,7,0,-39.0,Spring,17
5894,02-06-2026,S-03,1,3,0,-20.0,S,1,7,0,-46.0,Spring,18
5895,02-20-2026,S-10 - Count Blockula,0,0,0,0.0,S,6,2,0,57.0,Spring,1
5896,02-20-2026,S-15 - Kanine Krunchies,0,0,0,0.0,S,6,2,0,50.0,Spring,2
5897,02-20-2026,S-11 - Cap'n C*nt,0,0,0,0.0,S,6,2,0,38.0,Spring,3
5898,02-20-2026,S-16 - Frosted Tips,0,0,0,0.0,S,6,2,0,20.0,Spring,4
5899,02-20-2026,S-07 - Heavy Is The Crown,0,0,0,0.0,S,6,2,0,9.0,Spring,5
5900,02-20-2026,S-09 - Honey Nut Cheeri-Hoes,0,0,0,0.0,S,5,3,0,28.0,Spring,6
5901,02-20-2026,S-04 - Sets With Me,0,0,0,0.0,S,5,3,0,11.0,Spring,7
5902,02-20-2026,S-18 - Spike Krispies,0,0,0,0.0,S,5,3,0,8.0,Spring,8
5903,02-20-2026,S-08 - Cereal Killers,0,0,0,0.0,S,5,3,0,0.0,Spring,9
5904,02-20-2026,S-12,0,0,0,0.0,S,4,4,0,-8.0,Spring,10
5905,02-20-2026,S-02 - I Write Sets Not Tragedies,0,0,0,0.0,S,4,4,0,-9.0,Spring,11
5906,02-20-2026,S-06 - Frosted Freaks,0,0,0,0.0,S,3,5,0,1.0,Spring,12
5907,02-20-2026,S-14 - Chex Appeal,0,0,0,0.0,S,3,5,0,-6.0,Spring,13
5908,02-20-2026,S-01 - Oops I Hit It Again,0,0,0,0.0,S,2,6,0,-29.0,Spring,14
5909,02-20-2026,S-13 - Ace Krispies,0,0,0,0.0,S,2,6,0,-37.0,Spring,15
5910,02-20-2026,S-17 - Honey Bunches of Floats,0,0,0,0.0,S,2,6,0,-48.0,Spring,16
5911,02-20-2026,"S-05 - My Set, My Quick (Spike It!)",0,0,0,0.0,S,1,7,0,-39.0,Spring,17
5912,02-20-2026,S-03,0,0,0,0.0,S,1,7,0,-46.0,Spring,18
5913,02-27-2026,S-10 - Count Blockula,0,0,0,0.0,S,6,2,0,57.0,Spring,1
5914,02-27-2026,S-15 - Kanine Krunchies,0,0,0,0.0,S,6,2,0,50.0,Spring,2
5915,02-27-2026,S-11 - Cap'n C*nt,0,0,0,0.0,S,6,2,0,38.0,Spring,3
5916,02-27-2026,S-16 - Frosted Tips,0,0,0,0.0,S,6,2,0,20.0,Spring,4
5917,02-27-2026,S-07 - Heavy Is The Crown,0,0,0,0.0,S,6,2,0,9.0,Spring,5
5918,02-27-2026,S-09 - Honey Nut Cheeri-Hoes,0,0,0,0.0,S,5,3,0,28.0,Spring,6
5919,02-27-2026,S-04 - Sets With Me,0,0,0,0.0,S,5,3,0,11.0,Spring,7
5920,02-27-2026,S-18 - Spike Krispies,0,0,0,0.0,S,5,3,0,8.0,Spring,8
5921,02-27-2026,S-08 - Cereal Killers,0,0,0,0.0,S,5,3,0,0.0,Spring,9
5922,02-27-2026,S-12,0,0,0,0.0,S,4,4,0,-8.0,Spring,10
5923,02-27-2026,S-02 - I Write Sets Not Tragedies,0,0,0,0.0,S,4,4,0,-9.0,Spring,11
5924,02-27-2026,S-06 - Frosted Freaks,0,0,0,0.0,S,3,5,0,1.0,Spring,12
5925,02-27-2026,S-14 - Chex Appeal,0,0,0,0.0,S,3,5,0,-6.0,Spring,13
5926,02-27-2026,S-01 - Oops I Hit It Again,0,0,0,0.0,S,2,6,0,-29.0,Spring,14
5927,02-27-2026,S-13 - Ace Krispies,0,0,0,0.0,S,2,6,0,-37.0,Spring,15
5928,02-27-2026,S-17 - Honey Bunches of Floats,0,0,0,0.0,S,2,6,0,-48.0,Spring,16
5929,02-27-2026,"S-05 - My Set, My Quick (Spike It!)",0,0,0,0.0,S,1,7,0,-39.0,Spring,17
5930,02-27-2026,S-03,0,0,0,0.0,S,1,7,0,-46.0,Spring,18
5931,03-06-2026,S-10 - Count Blockula,0,0,0,0.0,S,6,2,0,57.0,Spring,1
5932,03-06-2026,S-15 - Kanine Krunchies,0,0,0,0.0,S,6,2,0,50.0,Spring,2
5933,03-06-2026,S-11 - Cap'n C*nt,0,0,0,0.0,S,6,2,0,38.0,Spring,3
5934,03-06-2026,S-16 - Frosted Tips,0,0,0,0.0,S,6,2,0,20.0,Spring,4
5935,03-06-2026,S-07 - Heavy Is The Crown,0,0,0,0.0,S,6,2,0,9.0,Spring,5
5936,03-06-2026,S-09 - Honey Nut Cheeri-Hoes,0,0,0,0.0,S,5,3,0,28.0,Spring,6
5937,03-06-2026,S-04 - Sets With Me,0,0,0,0.0,S,5,3,0,11.0,Spring,7
5938,03-06-2026,S-18 - Spike Krispies,0,0,0,0.0,S,5,3,0,8.0,Spring,8
5939,03-06-2026,S-08 - Cereal Killers,0,0,0,0.0,S,5,3,0,0.0,Spring,9
5940,03-06-2026,S-12,0,0,0,0.0,S,4,4,0,-8.0,Spring,10
5941,03-06-2026,S-02 - I Write Sets Not Tragedies,0,0,0,0.0,S,4,4,0,-9.0,Spring,11
5942,03-06-2026,S-06 - Frosted Freaks,0,0,0,0.0,S,3,5,0,1.0,Spring,12
5943,03-06-2026,S-14 - Chex Appeal,0,0,0,0.0,S,3,5,0,-6.0,Spring,13
5944,03-06-2026,S-01 - Oops I Hit It Again,0,0,0,0.0,S,2,6,0,-29.0,Spring,14
5945,03-06-2026,S-13 - Ace Krispies,0,0,0,0.0,S,2,6,0,-37.0,Spring,15
5946,03-06-2026,S-17 - Honey Bunches of Floats,0,0,0,0.0,S,2,6,0,-48.0,Spring,16
5947,03-06-2026,"S-05 - My Set, My Quick (Spike It!)",0,0,0,0.0,S,1,7,0,-39.0,Spring,17
5948,03-06-2026,S-03,0,0,0,0.0,S,1,7,0,-46.0,Spring,18
5949,03-20-2026,S-10 - Count Blockula,0,0,0,0.0,S,6,2,0,57.0,Spring,1
5950,03-20-2026,S-15 - Kanine Krunchies,0,0,0,0.0,S,6,2,0,50.0,Spring,2
5951,03-20-2026,S-11 - Cap'n C*nt,0,0,0,0.0,S,6,2,0,38.0,Spring,3
5952,03-20-2026,S-16 - Frosted Tips,0,0,0,0.0,S,6,2,0,20.0,Spring,4
5953,03-20-2026,S-07 - Heavy Is The Crown,0,0,0,0.0,S,6,2,0,9.0,Spring,5
5954,03-20-2026,S-09 - Honey Nut Cheeri-Hoes,0,0,0,0.0,S,5,3,0,28.0,Spring,6
5955,03-20-2026,S-04 - Sets With Me,0,0,0,0.0,S,5,3,0,11.0,Spring,7
5956,03-20-2026,S-18 - Spike Krispies,0,0,0,0.0,S,5,3,0,8.0,Spring,8
5957,03-20-2026,S-08 - Cereal Killers,0,0,0,0.0,S,5,3,0,0.0,Spring,9
5958,03-20-2026,S-12,0,0,0,0.0,S,4,4,0,-8.0,Spring,10
5959,03-20-2026,S-02 - I Write Sets Not Tragedies,0,0,0,0.0,S,4,4,0,-9.0,Spring,11
5960,03-20-2026,S-06 - Frosted Freaks,0,0,0,0.0,S,3,5,0,1.0,Spring,12
5961,03-20-2026,S-14 - Chex Appeal,0,0,0,0.0,S,3,5,0,-6.0,Spring,13
5962,03-20-2026,S-01 - Oops I Hit It Again,0,0,0,0.0,S,2,6,0,-29.0,Spring,14
5963,03-20-2026,S-13 - Ace Krispies,0,0,0,0.0,S,2,6,0,-37.0,Spring,15
5964,03-20-2026,S-17 - Honey Bunches of Floats,0,0,0,0.0,S,2,6,0,-48.0,Spring,16
5965,03-20-2026,"S-05 - My Set, My Quick (Spike It!)",0,0,0,0.0,S,1,7,0,-39.0,Spring,17
5966,03-20-2026,S-03,0,0,0,0.0,S,1,7,0,-46.0,Spring,18
5967,03-27-2026,S-10 - Count Blockula,0,0,0,0.0,S,6,2,0,57.0,Spring,1
5968,03-27-2026,S-15 - Kanine Krunchies,0,0,0,0.0,S,6,2,0,50.0,Spring,2
5969,03-27-2026,S-11 - Cap'n C*nt,0,0,0,0.0,S,6,2,0,38.0,Spring,3
5970,03-27-2026,S-16 - Frosted Tips,0,0,0,0.0,S,6,2,0,20.0,Spring,4
5971,03-27-2026,S-07 - Heavy Is The Crown,0,0,0,0.0,S,6,2,0,9.0,Spring,5
5972,03-27-2026,S-09 - Honey Nut Cheeri-Hoes,0,0,0,0.0,S,5,3,0,28.0,Spring,6
5973,03-27-2026,S-04 - Sets With Me,0,0,0,0.0,S,5,3,0,11.0,Spring,7
5974,03-27-2026,S-18 - Spike Krispies,0,0,0,0.0,S,5,3,0,8.0,Spring,8
5975,03-27-2026,S-08 - Cereal Killers,0,0,0,0.0,S,5,3,0,0.0,Spring,9
5976,03-27-2026,S-12,0,0,0,0.0,S,4,4,0,-8.0,Spring,10
5977,03-27-2026,S-02 - I Write Sets Not Tragedies,0,0,0,0.0,S,4,4,0,-9.0,Spring,11
5978,03-27-2026,S-06 - Frosted Freaks,0,0,0,0.0,S,3,5,0,1.0,Spring,12
5979,03-27-2026,S-14 - Chex Appeal,0,0,0,0.0,S,3,5,0,-6.0,Spring,13
5980,03-27-2026,S-01 - Oops I Hit It Again,0,0,0,0.0,S,2,6,0,-29.0,Spring,14
5981,03-27-2026,S-13 - Ace Krispies,0,0,0,0.0,S,2,6,0,-37.0,Spring,15
5982,03-27-2026,S-17 - Honey Bunches of Floats,0,0,0,0.0,S,2,6,0,-48.0,Spring,16
5983,03-27-2026,"S-05 - My Set, My Quick (Spike It!)",0,0,0,0.0,S,1,7,0,-39.0,Spring,17
5984,03-27-2026,S-03,0,0,0,0.0,S,1,7,0,-46.0,Spring,18
5985,04-10-2026,S-10 - Count Blockula,0,0,0,0.0,S,6,2,0,57.0,Spring,1
5986,04-10-2026,S-15 - Kanine Krunchies,0,0,0,0.0,S,6,2,0,50.0,Spring,2
5987,04-10-2026,S-11 - Cap'n C*nt,0,0,0,0.0,S,6,2,0,38.0,Spring,3
5988,04-10-2026,S-16 - Frosted Tips,0,0,0,0.0,S,6,2,0,20.0,Spring,4
5989,04-10-2026,S-07 - Heavy Is The Crown,0,0,0,0.0,S,6,2,0,9.0,Spring,5
5990,04-10-2026,S-09 - Honey Nut Cheeri-Hoes,0,0,0,0.0,S,5,3,0,28.0,Spring,6
5991,04-10-2026,S-04 - Sets With Me,0,0,0,0.0,S,5,3,0,11.0,Spring,7
5992,04-10-2026,S-18 - Spike Krispies,0,0,0,0.0,S,5,3,0,8.0,Spring,8
5993,04-10-2026,S-08 - Cereal Killers,0,0,0,0.0,S,5,3,0,0.0,Spring,9
5994,04-10-2026,S-12,0,0,0,0.0,S,4,4,0,-8.0,Spring,10
5995,04-10-2026,S-02 - I Write Sets Not Tragedies,0,0,0,0.0,S,4,4,0,-9.0,Spring,11
5996,04-10-2026,S-06 - Frosted Freaks,0,0,0,0.0,S,3,5,0,1.0,Spring,12
5997,04-10-2026,S-14 - Chex Appeal,0,0,0,0.0,S,3,5,0,-6.0,Spring,13
5998,04-10-2026,S-01 - Oops I Hit It Again,0,0,0,0.0,S,2,6,0,-29.0,Spring,14
5999,04-10-2026,S-13 - Ace Krispies,0,0,0,0.0,S,2,6,0,-37.0,Spring,15
6000,04-10-2026,S-17 - Honey Bunches of Floats,0,0,0,0.0,S,2,6,0,-48.0,Spring,16
6001,04-10-2026,"S-05 - My Set, My Quick (Spike It!)",0,0,0,0.0,S,1,7,0,-39.0,Spring,17
6002,04-10-2026,S-03,0,0,0,0.0,S,1,7,0,-46.0,Spring,18
6003,04-17-2026,S-10 - Count Blockula,0,0,0,0.0,S,6,2,0,57.0,Spring,1
6004,04-17-2026,S-15 - Kanine Krunchies,0,0,0,0.0,S,6,2,0,50.0,Spring,2
6005,04-17-2026,S-11 - Cap'n C*nt,0,0,0,0.0,S,6,2,0,38.0,Spring,3
6006,04-17-2026,S-16 - Frosted Tips,0,0,0,0.0,S,6,2,0,20.0,Spring,4
6007,04-17-2026,S-07 - Heavy Is The Crown,0,0,0,0.0,S,6,2,0,9.0,Spring,5
6008,04-17-2026,S-09 - Honey Nut Cheeri-Hoes,0,0,0,0.0,S,5,3,0,28.0,Spring,6
6009,04-17-2026,S-04 - Sets With Me,0,0,0,0.0,S,5,3,0,11.0,Spring,7
6010,04-17-2026,S-18 - Spike Krispies,0,0,0,0.0,S,5,3,0,8.0,Spring,8
6011,04-17-2026,S-08 - Cereal Killers,0,0,0,0.0,S,5,3,0,0.0,Spring,9
6012,04-17-2026,S-12,0,0,0,0.0,S,4,4,0,-8.0,Spring,10
6013,04-17-2026,S-02 - I Write Sets Not Tragedies,0,0,0,0.0,S,4,4,0,-9.0,Spring,11
6014,04-17-2026,S-06 - Frosted Freaks,0,0,0,0.0,S,3,5,0,1.0,Spring,12
6015,04-17-2026,S-14 - Chex Appeal,0,0,0,0.0,S,3,5,0,-6.0,Spring,13
6016,04-17-2026,S-01 - Oops I Hit It Again,0,0,0,0.0,S,2,6,0,-29.0,Spring,14
6017,04-17-2026,S-13 - Ace Krispies,0,0,0,0.0,S,2,6,0,-37.0,Spring,15
6018,04-17-2026,S-17 - Honey Bunches of Floats,0,0,0,0.0,S,2,6,0,-48.0,Spring,16
6019,04-17-2026,"S-05 - My Set, My Quick (Spike It!)",0,0,0,0.0,S,1,7,0,-39.0,Spring,17
6020,04-17-2026,S-03,0,0,0,0.0,S,1,7,0,-46.0,Spring,18
6021,04-24-2026,S-10 - Count Blockula,0,0,0,0.0,S,6,2,0,57.0,Spring,1
6022,04-24-2026,S-15 - Kanine Krunchies,0,0,0,0.0,S,6,2,0,50.0,Spring,2
6023,04-24-2026,S-11 - Cap'n C*nt,0,0,0,0.0,S,6,2,0,38.0,Spring,3
6024,04-24-2026,S-16 - Frosted Tips,0,0,0,0.0,S,6,2,0,20.0,Spring,4
6025,04-24-2026,S-07 - Heavy Is The Crown,0,0,0,0.0,S,6,2,0,9.0,Spring,5
6026,04-24-2026,S-09 - Honey Nut Cheeri-Hoes,0,0,0,0.0,S,5,3,0,28.0,Spring,6
6027,04-24-2026,S-04 - Sets With Me,0,0,0,0.0,S,5,3,0,11.0,Spring,7
6028,04-24-2026,S-18 - Spike Krispies,0,0,0,0.0,S,5,3,0,8.0,Spring,8
6029,04-24-2026,S-08 - Cereal Killers,0,0,0,0.0,S,5,3,0,0.0,Spring,9
6030,04-24-2026,S-12,0,0,0,0.0,S,4,4,0,-8.0,Spring,10
6031,04-24-2026,S-02 - I Write Sets Not Tragedies,0,0,0,0.0,S,4,4,0,-9.0,Spring,11
6032,04-24-2026,S-06 - Frosted Freaks,0,0,0,0.0,S,3,5,0,1.0,Spring,12
6033,04-24-2026,S-14 - Chex Appeal,0,0,0,0.0,S,3,5,0,-6.0,Spring,13
6034,04-24-2026,S-01 - Oops I Hit It Again,0,0,0,0.0,S,2,6,0,-29.0,Spring,14
6035,04-24-2026,S-13 - Ace Krispies,0,0,0,0.0,S,2,6,0,-37.0,Spring,15
6036,04-24-2026,S-17 - Honey Bunches of Floats,0,0,0,0.0,S,2,6,0,-48.0,Spring,16
6037,04-24-2026,"S-05 - My Set, My Quick (Spike It!)",0,0,0,0.0,S,1,7,0,-39.0,Spring,17
6038,04-24-2026,S-03,0,0,0,0.0,S,1,7,0,-46.0,Spring,18
6039,08-22-2025,A-08,4,0,0,40.0,A,4,0,0,40.0,Fall,1
6040,08-22-2025,A-02,4,0,0,39.0,A,4,0,0,39.0,Fall,2
6041,08-22-2025,A-01,4,0,0,26.0,A,4,0,0,26.0,Fall,3
6042,08-22-2025,A-07,4,0,0,25.0,A,4,0,0,25.0,Fall,4
6043,08-22-2025,A-18,4,0,0,24.0,A,4,0,0,24.0,Fall,5
6044,08-22-2025,A-11,2,1,1,18.0,A,2,1,1,18.0,Fall,6
6045,08-22-2025,A-15,2,1,1,1.0,A,2,1,1,1.0,Fall,7
6046,08-22-2025,A-06,2,2,0,3.0,A,2,2,0,3.0,Fall,8
6047,08-22-2025,A-10,2,2,0,-10.0,A,2,2,0,-10.0,Fall,9
6048,08-22-2025,A-16,2,2,0,-20.0,A,2,2,0,-20.0,Fall,10
6049,08-22-2025,A-09,1,3,0,-6.0,A,1,3,0,-6.0,Fall,11
6050,08-22-2025,A-05,1,3,0,-11.0,A,1,3,0,-11.0,Fall,12
6051,08-22-2025,A-17,1,3,0,-19.0,A,1,3,0,-19.0,Fall,13
6052,08-22-2025,A-03,1,3,0,-19.0,A,1,3,0,-19.0,Fall,14
6053,08-22-2025,A-14,1,3,0,-28.0,A,1,3,0,-28.0,Fall,15
6054,08-22-2025,A-13,0,4,0,-16.0,A,0,4,0,-16.0,Fall,16
6055,08-22-2025,A-04,0,4,0,-20.0,A,0,4,0,-20.0,Fall,17
6056,08-22-2025,A-12,0,4,0,-27.0,A,0,4,0,-27.0,Fall,18
6057,09-05-2025,A-08,3,1,0,7.0,A,7,1,0,47.0,Fall,1
6058,09-05-2025,A-02,3,1,0,5.0,A,7,1,0,44.0,Fall,2
6059,09-05-2025,A-18,3,1,0,14.0,A,7,1,0,38.0,Fall,3
6060,09-05-2025,A-07,3,1,0,13.0,A,7,1,0,38.0,Fall,4
6061,09-05-2025,A-01,2,2,0,-2.0,A,6,2,0,24.0,Fall,5
6062,09-05-2025,A-11,2,2,0,-2.0,A,4,3,1,16.0,Fall,6
6063,09-05-2025,A-15,2,2,0,0.0,A,4,3,1,1.0,Fall,7
6064,09-05-2025,A-09,3,1,0,14.0,A,4,4,0,8.0,Fall,8
6065,09-05-2025,A-12,4,0,0,19.0,A,4,4,0,-8.0,Fall,9
6066,09-05-2025,A-10,2,2,0,-8.0,A,4,4,0,-18.0,Fall,10
6067,09-05-2025,A-06,1,3,0,-11.0,A,3,5,0,-8.0,Fall,11
6068,09-05-2025,A-17,2,2,0,-4.0,A,3,5,0,-23.0,Fall,12
6069,09-05-2025,A-16,1,3,0,-3.0,A,3,5,0,-23.0,Fall,13
6070,09-05-2025,A-05,1,3,0,-6.0,A,2,6,0,-17.0,Fall,14
6071,09-05-2025,A-13,2,2,0,-2.0,A,2,6,0,-18.0,Fall,15
6072,09-05-2025,A-14,1,3,0,-7.0,A,2,6,0,-35.0,Fall,16
6073,09-05-2025,A-04,1,3,0,-10.0,A,1,7,0,-30.0,Fall,17
6074,09-05-2025,A-03,0,4,0,-17.0,A,1,7,0,-36.0,Fall,18
6075,09-12-2025,A-07,4,0,0,33.0,A,11,1,0,71.0,Fall,1
6076,09-12-2025,A-18,3,1,0,11.0,A,10,2,0,49.0,Fall,2
6077,09-12-2025,A-08,2,1,1,2.0,A,9,2,1,49.0,Fall,3
6078,09-12-2025,A-11,4,0,0,16.0,A,8,3,1,32.0,Fall,4
6079,09-12-2025,A-01,2,1,1,1.0,A,8,3,1,25.0,Fall,5
6080,09-12-2025,A-02,1,3,0,-10.0,A,8,4,0,34.0,Fall,6
6081,09-12-2025,A-10,3,1,0,21.0,A,7,5,0,3.0,Fall,7
6082,09-12-2025,A-15,2,2,0,-11.0,A,6,5,1,-10.0,Fall,8
6083,09-12-2025,A-12,2,2,0,4.0,A,6,6,0,-4.0,Fall,9
6084,09-12-2025,A-17,2,2,0,14.0,A,5,7,0,-9.0,Fall,10
6085,09-12-2025,A-13,2,1,1,-2.0,A,4,7,1,-20.0,Fall,11
6086,09-12-2025,A-06,1,3,0,0.0,A,4,8,0,-8.0,Fall,12
6087,09-12-2025,A-09,0,4,0,-20.0,A,4,8,0,-12.0,Fall,13
6088,09-12-2025,A-04,3,1,0,0.0,A,4,8,0,-30.0,Fall,14
6089,09-12-2025,A-16,0,3,1,-12.0,A,3,8,1,-35.0,Fall,15
6090,09-12-2025,A-05,1,3,0,0.0,A,3,9,0,-17.0,Fall,16
6091,09-12-2025,A-03,2,2,0,0.0,A,3,9,0,-36.0,Fall,17
6092,09-12-2025,A-14,0,4,0,-47.0,A,2,10,0,-82.0,Fall,18
6093,09-19-2025,A-18,3,1,0,23.0,A,13,3,0,72.0,Fall,1
6094,09-19-2025,A-08,3,1,0,0.0,A,12,3,1,49.0,Fall,2
6095,09-19-2025,A-01,3,1,0,3.0,A,11,4,1,28.0,Fall,3
6096,09-19-2025,A-07,0,4,0,-23.0,A,11,5,0,48.0,Fall,4
6097,09-19-2025,A-10,4,0,0,25.0,A,11,5,0,28.0,Fall,5
6098,09-19-2025,A-02,2,1,1,4.0,A,10,5,1,38.0,Fall,6
6099,09-19-2025,A-11,2,2,0,-3.0,A,10,5,1,29.0,Fall,7
6100,09-19-2025,A-12,3,1,0,2.0,A,9,7,0,-2.0,Fall,8
6101,09-19-2025,A-15,2,2,0,9.0,A,8,7,1,-1.0,Fall,9
6102,09-19-2025,A-05,4,0,0,26.0,A,7,9,0,9.0,Fall,10
6103,09-19-2025,A-17,2,2,0,4.0,A,7,9,0,-5.0,Fall,11
6104,09-19-2025,A-09,2,1,1,16.0,A,6,9,1,4.0,Fall,12
6105,09-19-2025,A-04,2,2,0,-5.0,A,6,10,0,-35.0,Fall,13
6106,09-19-2025,A-13,1,3,0,-20.0,A,5,10,1,-40.0,Fall,14
6107,09-19-2025,A-06,1,3,0,0.0,A,5,11,0,-8.0,Fall,15
6108,09-19-2025,A-16,1,3,0,-11.0,A,4,11,1,-46.0,Fall,16
6109,09-19-2025,A-03,0,4,0,-30.0,A,3,13,0,-66.0,Fall,17
6110,09-19-2025,A-14,0,4,0,-20.0,A,2,14,0,-102.0,Fall,18
6111,09-26-2025,A-18,3,1,0,8.0,A,16,4,0,80.0,Fall,1
6112,09-26-2025,A-08,2,2,0,14.0,A,14,5,1,63.0,Fall,2
6113,09-26-2025,A-10,3,1,0,4.0,A,14,6,0,32.0,Fall,3
6114,09-26-2025,A-02,3,1,0,15.0,A,13,6,1,53.0,Fall,4
6115,09-26-2025,A-11,3,1,0,24.0,A,13,6,1,53.0,Fall,5
6116,09-26-2025,A-01,2,2,0,2.0,A,13,6,1,30.0,Fall,6
6117,09-26-2025,A-15,4,0,0,18.0,A,12,7,1,17.0,Fall,7
6118,09-26-2025,A-07,0,4,0,-20.0,A,11,9,0,28.0,Fall,8
6119,09-26-2025,A-12,2,2,0,7.0,A,11,9,0,5.0,Fall,9
6120,09-26-2025,A-05,2,2,0,0.0,A,9,11,0,9.0,Fall,10
6121,09-26-2025,A-16,4,0,0,40.0,A,8,11,1,-6.0,Fall,11
6122,09-26-2025,A-09,2,2,0,-13.0,A,8,11,1,-9.0,Fall,12
6123,09-26-2025,A-17,1,3,0,-22.0,A,8,12,0,-27.0,Fall,13
6124,09-26-2025,A-13,2,2,0,4.0,A,7,12,1,-36.0,Fall,14
6125,09-26-2025,A-04,1,3,0,-24.0,A,7,13,0,-59.0,Fall,15
6126,09-26-2025,A-06,1,3,0,-18.0,A,6,14,0,-26.0,Fall,16
6127,09-26-2025,A-03,1,3,0,-12.0,A,4,16,0,-78.0,Fall,17
6128,09-26-2025,A-14,0,4,0,-27.0,A,2,18,0,-129.0,Fall,18
6129,10-10-2025,A-18,4,0,0,30.0,A,20,4,0,110.0,Fall,1
6130,10-10-2025,A-02,4,0,0,32.0,A,17,6,1,85.0,Fall,2
6131,10-10-2025,A-01,4,0,0,31.0,A,17,6,1,61.0,Fall,3
6132,10-10-2025,A-10,2,2,0,1.0,A,16,8,0,33.0,Fall,4
6133,10-10-2025,A-08,1,3,0,3.0,A,15,8,1,66.0,Fall,5
6134,10-10-2025,A-11,2,2,0,1.0,A,15,8,1,54.0,Fall,6
6135,10-10-2025,A-15,3,1,0,21.0,A,15,8,1,38.0,Fall,7
6136,10-10-2025,A-07,2,2,0,-4.0,A,13,11,0,24.0,Fall,8
6137,10-10-2025,A-12,2,2,0,3.0,A,13,11,0,8.0,Fall,9
6138,10-10-2025,A-16,3,1,0,23.0,A,11,12,1,17.0,Fall,10
6139,10-10-2025,A-09,2,2,0,13.0,A,10,13,1,4.0,Fall,11
6140,10-10-2025,A-13,2,2,0,1.0,A,9,14,1,-35.0,Fall,12
6141,10-10-2025,A-05,0,4,0,-44.0,A,9,15,0,-35.0,Fall,13
6142,10-10-2025,A-17,1,3,0,-23.0,A,9,15,0,-50.0,Fall,14
6143,10-10-2025,A-06,2,2,0,0.0,A,8,16,0,-26.0,Fall,15
6144,10-10-2025,A-04,1,3,0,-22.0,A,8,16,0,-81.0,Fall,16
6145,10-10-2025,A-03,1,3,0,-35.0,A,5,19,0,-113.0,Fall,17
6146,10-10-2025,A-14,0,4,0,-31.0,A,2,22,0,-160.0,Fall,18
6147,10-17-2025,A-18,3,1,0,39.0,A,23,5,0,149.0,Fall,1
6148,10-17-2025,A-01,2,1,1,14.0,A,19,7,2,75.0,Fall,2
6149,10-17-2025,A-10,3,1,0,21.0,A,19,9,0,54.0,Fall,3
6150,10-17-2025,A-08,3,0,1,26.0,A,18,8,2,92.0,Fall,4
6151,10-17-2025,A-11,3,1,0,3.0,A,18,9,1,57.0,Fall,5
6152,10-17-2025,A-02,1,3,0,-33.0,A,18,9,1,52.0,Fall,6
6153,10-17-2025,A-15,1,3,0,-4.0,A,16,11,1,34.0,Fall,7
6154,10-17-2025,A-12,3,1,0,3.0,A,16,12,0,11.0,Fall,8
6155,10-17-2025,A-16,4,0,0,18.0,A,15,12,1,35.0,Fall,9
6156,10-17-2025,A-07,2,2,0,5.0,A,15,13,0,29.0,Fall,10
6157,10-17-2025,A-09,2,2,0,-4.0,A,12,15,1,0.0,Fall,11
6158,10-17-2025,A-13,3,1,0,17.0,A,12,15,1,-18.0,Fall,12
6159,10-17-2025,A-06,3,1,0,8.0,A,11,17,0,-18.0,Fall,13
6160,10-17-2025,A-04,2,2,0,-6.0,A,10,18,0,-87.0,Fall,14
6161,10-17-2025,A-05,0,4,0,-23.0,A,9,19,0,-58.0,Fall,15
6162,10-17-2025,A-17,0,4,0,-40.0,A,9,19,0,-90.0,Fall,16
6163,10-17-2025,A-03,0,4,0,-24.0,A,5,23,0,-137.0,Fall,17
6164,10-17-2025,A-14,0,4,0,-20.0,A,2,26,0,-180.0,Fall,18
6165,10-24-2025,A-18,4,0,0,33.0,A,27,5,0,182.0,Fall,1
6166,10-24-2025,A-01,4,0,0,17.0,A,23,7,2,92.0,Fall,2
6167,10-24-2025,A-02,3,1,0,17.0,A,21,10,1,69.0,Fall,3
6168,10-24-2025,A-11,3,1,0,4.0,A,21,10,1,61.0,Fall,4
6169,10-24-2025,A-10,2,2,0,0.0,A,21,11,0,54.0,Fall,5
6170,10-24-2025,A-08,1,2,1,-4.0,A,19,10,3,88.0,Fall,6
6171,10-24-2025,A-15,3,1,0,21.0,A,19,12,1,55.0,Fall,7
6172,10-24-2025,A-12,2,2,0,0.0,A,18,14,0,11.0,Fall,8
6173,10-24-2025,A-16,1,2,1,-4.0,A,16,14,2,31.0,Fall,9
6174,10-24-2025,A-07,1,2,1,0.0,A,16,15,1,29.0,Fall,10
6175,10-24-2025,A-13,2,1,1,4.0,A,14,16,2,-14.0,Fall,11
6176,10-24-2025,A-09,0,4,0,-27.0,A,12,19,1,-27.0,Fall,12
6177,10-24-2025,A-06,1,3,0,-11.0,A,12,20,0,-29.0,Fall,13
6178,10-24-2025,A-05,3,1,0,11.0,A,12,20,0,-47.0,Fall,14
6179,10-24-2025,A-17,2,2,0,-6.0,A,11,21,0,-96.0,Fall,15
6180,10-24-2025,A-04,0,4,0,-17.0,A,10,22,0,-104.0,Fall,16
6181,10-24-2025,A-03,0,4,0,-32.0,A,5,27,0,-169.0,Fall,17
6182,10-24-2025,A-14,2,2,0,-6.0,A,4,28,0,-186.0,Fall,18
6183,11-07-2025,A-18,2,2,0,10.0,A,29,7,0,192.0,Fall,1
6184,11-07-2025,A-02,4,0,0,32.0,A,25,10,1,101.0,Fall,2
6185,11-07-2025,A-11,4,0,0,25.0,A,25,10,1,86.0,Fall,3
6186,11-07-2025,A-08,4,0,0,47.0,A,23,10,3,135.0,Fall,4
6187,11-07-2025,A-01,0,4,0,-38.0,A,23,11,2,54.0,Fall,5
6188,11-07-2025,A-10,1,3,0,-12.0,A,22,14,0,42.0,Fall,6
6189,11-07-2025,A-15,2,2,0,-2.0,A,21,14,1,53.0,Fall,7
6190,11-07-2025,A-16,4,0,0,25.0,A,20,14,2,56.0,Fall,8
6191,11-07-2025,A-12,2,2,0,-1.0,A,20,16,0,10.0,Fall,9
6192,11-07-2025,A-07,2,2,0,6.0,A,18,17,1,35.0,Fall,10
6193,11-07-2025,A-13,2,2,0,-4.0,A,16,18,2,-18.0,Fall,11
6194,11-07-2025,A-05,4,0,0,30.0,A,16,20,0,-17.0,Fall,12
6195,11-07-2025,A-09,1,3,0,-35.0,A,13,22,1,-62.0,Fall,13
6196,11-07-2025,A-17,2,2,0,-8.0,A,13,23,0,-104.0,Fall,14
6197,11-07-2025,A-06,0,4,0,-29.0,A,12,24,0,-58.0,Fall,15
6198,11-07-2025,A-04,0,4,0,-21.0,A,10,26,0,-125.0,Fall,16
6199,11-07-2025,A-03,2,2,0,28.0,A,7,29,0,-141.0,Fall,17
6200,11-07-2025,A-14,0,4,0,-53.0,A,4,32,0,-239.0,Fall,18
6201,11-14-2025,A-18,2,2,0,8.0,A,31,9,0,200.0,Fall,1
6202,11-14-2025,A-11,4,0,0,28.0,A,29,10,1,114.0,Fall,2
6203,11-14-2025,A-08,3,1,0,6.0,A,26,11,3,141.0,Fall,3
6204,11-14-2025,A-01,3,1,0,10.0,A,26,12,2,64.0,Fall,4
6205,11-14-2025,A-02,0,4,0,-66.0,A,25,14,1,35.0,Fall,5
6206,11-14-2025,A-15,1,3,0,-18.0,A,22,17,1,35.0,Fall,6
6207,11-14-2025,A-10,0,3,1,-9.0,A,22,17,1,33.0,Fall,7
6208,11-14-2025,A-16,1,3,0,-6.0,A,21,17,2,50.0,Fall,8
6209,11-14-2025,A-12,1,3,0,-7.0,A,21,19,0,3.0,Fall,9
6210,11-14-2025,A-07,1,3,0,-10.0,A,19,20,1,25.0,Fall,10
6211,11-14-2025,A-05,3,1,0,10.0,A,19,21,0,-7.0,Fall,11
6212,11-14-2025,A-13,2,2,0,-4.0,A,18,20,2,-22.0,Fall,12
6213,11-14-2025,A-09,3,1,0,17.0,A,16,23,1,-45.0,Fall,13
6214,11-14-2025,A-17,2,1,1,-1.0,A,15,24,1,-105.0,Fall,14
6215,11-14-2025,A-06,3,1,0,49.0,A,15,25,0,-9.0,Fall,15
6216,11-14-2025,A-04,2,2,0,1.0,A,12,28,0,-124.0,Fall,16
6217,11-14-2025,A-03,4,0,0,22.0,A,11,29,0,-119.0,Fall,17
6218,11-14-2025,A-14,0,4,0,-30.0,A,4,36,0,-269.0,Fall,18
6219,11-21-2025,A-18,3,1,0,20.0,A,34,10,0,220.0,Fall,1
6220,11-21-2025,A-11,3,1,0,-4.0,A,32,11,1,110.0,Fall,2
6221,11-21-2025,A-01,4,0,0,38.0,A,30,12,2,102.0,Fall,3
6222,11-21-2025,A-08,3,1,0,0.0,A,29,12,3,141.0,Fall,4
6223,11-21-2025,A-02,2,2,0,19.0,A,27,16,1,54.0,Fall,5
6224,11-21-2025,A-16,2,2,0,0.0,A,23,19,2,50.0,Fall,6
6225,11-21-2025,A-15,1,3,0,-39.0,A,23,20,1,-4.0,Fall,7
6226,11-21-2025,A-10,0,0,4,0.0,A,22,17,5,33.0,Fall,8
6227,11-21-2025,A-12,0,0,4,0.0,A,21,19,4,3.0,Fall,9
6228,11-21-2025,A-05,0,0,4,0.0,A,19,21,4,-7.0,Fall,10
6229,11-21-2025,A-07,0,2,2,-50.0,A,19,22,3,-25.0,Fall,11
6230,11-21-2025,A-13,0,4,0,0.0,A,18,24,2,-22.0,Fall,12
6231,11-21-2025,A-17,3,1,0,0.0,A,18,25,1,-105.0,Fall,13
6232,11-21-2025,A-09,1,3,0,4.0,A,17,26,1,-41.0,Fall,14
6233,11-21-2025,A-04,4,0,0,100.0,A,16,28,0,-24.0,Fall,15
6234,11-21-2025,A-06,1,3,0,-26.0,A,16,28,0,-35.0,Fall,16
6235,11-21-2025,A-03,0,2,2,-50.0,A,11,31,2,-169.0,Fall,17
6236,11-21-2025,A-14,1,3,0,-12.0,A,5,39,0,-281.0,Fall,18
6237,08-22-2025,C-08 The Quack Pack,4,0,0,43.0,C,4,0,0,43.0,Fall,1
6238,08-22-2025,C-12 Blocktopusses,4,0,0,31.0,C,4,0,0,31.0,Fall,2
6239,08-22-2025,C-01 Hitty Kitties,4,0,0,12.0,C,4,0,0,12.0,Fall,3
6240,08-22-2025,C-17 Fowl Play,3,1,0,24.0,C,3,1,0,24.0,Fall,4
6241,08-22-2025,C-03 Balls to the Narwhals,3,1,0,9.0,C,3,1,0,9.0,Fall,5
6242,08-22-2025,C-14 Hot Cheetahs,3,1,0,9.0,C,3,1,0,9.0,Fall,6
6243,08-22-2025,C-07 Otter Chaos,2,1,1,11.0,C,2,1,1,11.0,Fall,7
6244,08-22-2025,C-05 Bumpin Bunnies,2,2,0,10.0,C,2,2,0,10.0,Fall,8
6245,08-22-2025,C-18 Digletts,2,2,0,1.0,C,2,2,0,1.0,Fall,9
6246,08-22-2025,C-11 Las Vulturistas,2,2,0,-1.0,C,2,2,0,-1.0,Fall,10
6247,08-22-2025,C-13 Doggy Style,2,2,0,-2.0,C,2,2,0,-2.0,Fall,11
6248,08-22-2025,C-16 No Fox Given,1,2,1,-20.0,C,1,2,1,-20.0,Fall,12
6249,08-22-2025,C-02 Glory H Gorillas,1,3,0,-19.0,C,1,3,0,-19.0,Fall,13
6250,08-22-2025,"C-15 Dig, Dig, Goose",1,3,0,-23.0,C,1,3,0,-23.0,Fall,14
6251,08-22-2025,C-09 Strikalotls,0,3,1,-20.0,C,0,3,1,-20.0,Fall,15
6252,08-22-2025,C-04 Panda-Monium,0,3,1,-23.0,C,0,3,1,-23.0,Fall,16
6253,08-22-2025,C-10 Duck Around and Find Out,0,4,0,-10.0,C,0,4,0,-10.0,Fall,17
6254,08-22-2025,C-06 The GOATs,0,4,0,-32.0,C,0,4,0,-32.0,Fall,18
6255,09-05-2025,C-08 The Quack Pack,3,1,0,17.0,C,7,1,0,60.0,Fall,1
6256,09-05-2025,C-12 Blocktopusses,3,1,0,25.0,C,7,1,0,56.0,Fall,2
6257,09-05-2025,C-07 Otter Chaos,4,0,0,20.0,C,6,1,1,31.0,Fall,3
6258,09-05-2025,C-17 Fowl Play,3,1,0,12.0,C,6,2,0,36.0,Fall,4
6259,09-05-2025,C-18 Digletts,4,0,0,27.0,C,6,2,0,28.0,Fall,5
6260,09-05-2025,C-03 Balls to the Narwhals,3,1,0,14.0,C,6,2,0,23.0,Fall,6
6261,09-05-2025,C-05 Bumpin Bunnies,2,2,0,-6.0,C,4,4,0,4.0,Fall,7
6262,09-05-2025,C-14 Hot Cheetahs,1,3,0,-14.0,C,4,4,0,-5.0,Fall,8
6263,09-05-2025,C-11 Las Vulturistas,2,2,0,-4.0,C,4,4,0,-5.0,Fall,9
6264,09-05-2025,C-02 Glory H Gorillas,3,1,0,12.0,C,4,4,0,-7.0,Fall,10
6265,09-05-2025,C-01 Hitty Kitties,0,4,0,-39.0,C,4,4,0,-27.0,Fall,11
6266,09-05-2025,C-13 Doggy Style,1,3,0,-13.0,C,3,5,0,-15.0,Fall,12
6267,09-05-2025,"C-15 Dig, Dig, Goose",2,2,0,-3.0,C,3,5,0,-26.0,Fall,13
6268,09-05-2025,C-09 Strikalotls,2,2,0,-6.0,C,2,5,1,-26.0,Fall,14
6269,09-05-2025,C-16 No Fox Given,1,3,0,-8.0,C,2,5,1,-28.0,Fall,15
6270,09-05-2025,C-04 Panda-Monium,1,3,0,-6.0,C,1,6,1,-29.0,Fall,16
6271,09-05-2025,C-06 The GOATs,1,3,0,-7.0,C,1,7,0,-39.0,Fall,17
6272,09-05-2025,C-10 Duck Around and Find Out,0,4,0,-21.0,C,0,8,0,-31.0,Fall,18
6273,09-12-2025,C-12 Blocktopusses,3,1,0,17.0,C,10,2,0,73.0,Fall,1
6274,09-12-2025,C-08 The Quack Pack,3,1,0,9.0,C,10,2,0,69.0,Fall,2
6275,09-12-2025,C-07 Otter Chaos,3,1,0,14.0,C,9,2,1,45.0,Fall,3
6276,09-12-2025,C-17 Fowl Play,2,2,0,-7.0,C,8,4,0,29.0,Fall,4
6277,09-12-2025,C-02 Glory H Gorillas,4,0,0,28.0,C,8,4,0,21.0,Fall,5
6278,09-12-2025,C-03 Balls to the Narwhals,2,2,0,-7.0,C,8,4,0,16.0,Fall,6
6279,09-12-2025,C-18 Digletts,1,3,0,-19.0,C,7,5,0,9.0,Fall,7
6280,09-12-2025,C-01 Hitty Kitties,3,1,0,17.0,C,7,5,0,-10.0,Fall,8
6281,09-12-2025,C-11 Las Vulturistas,2,2,0,3.0,C,6,6,0,-2.0,Fall,9
6282,09-12-2025,C-13 Doggy Style,2,2,0,9.0,C,5,7,0,-6.0,Fall,10
6283,09-12-2025,C-14 Hot Cheetahs,1,3,0,-7.0,C,5,7,0,-12.0,Fall,11
6284,09-12-2025,C-05 Bumpin Bunnies,1,3,0,-18.0,C,5,7,0,-14.0,Fall,12
6285,09-12-2025,C-16 No Fox Given,2,2,0,2.0,C,4,7,1,-26.0,Fall,13
6286,09-12-2025,C-04 Panda-Monium,2,2,0,18.0,C,3,8,1,-11.0,Fall,14
6287,09-12-2025,C-09 Strikalotls,1,3,0,-20.0,C,3,8,1,-46.0,Fall,15
6288,09-12-2025,C-06 The GOATs,2,2,0,-11.0,C,3,9,0,-50.0,Fall,16
6289,09-12-2025,"C-15 Dig, Dig, Goose",0,4,0,-29.0,C,3,9,0,-55.0,Fall,17
6290,09-12-2025,C-10 Duck Around and Find Out,2,2,0,1.0,C,2,10,0,-30.0,Fall,18
6291,09-19-2025,C-12 Blocktopusses,4,0,0,34.0,C,14,2,0,107.0,Fall,1
6292,09-19-2025,C-08 The Quack Pack,4,0,0,11.0,C,14,2,0,80.0,Fall,2
6293,09-19-2025,C-02 Glory H Gorillas,2,2,0,-7.0,C,10,6,0,14.0,Fall,3
6294,09-19-2025,C-11 Las Vulturistas,4,0,0,16.0,C,10,6,0,14.0,Fall,4
6295,09-19-2025,C-03 Balls to the Narwhals,2,2,0,-4.0,C,10,6,0,12.0,Fall,5
6296,09-19-2025,C-07 Otter Chaos,0,4,0,-16.0,C,9,6,1,29.0,Fall,6
6297,09-19-2025,C-18 Digletts,2,2,0,5.0,C,9,7,0,14.0,Fall,7
6298,09-19-2025,C-14 Hot Cheetahs,4,0,0,23.0,C,9,7,0,11.0,Fall,8
6299,09-19-2025,C-17 Fowl Play,1,3,0,-19.0,C,9,7,0,10.0,Fall,9
6300,09-19-2025,C-05 Bumpin Bunnies,3,1,0,23.0,C,8,8,0,9.0,Fall,10
6301,09-19-2025,C-13 Doggy Style,3,1,0,14.0,C,8,8,0,8.0,Fall,11
6302,09-19-2025,C-01 Hitty Kitties,1,3,0,-1.0,C,8,8,0,-11.0,Fall,12
6303,09-19-2025,C-04 Panda-Monium,2,2,0,2.0,C,5,10,1,-9.0,Fall,13
6304,09-19-2025,C-16 No Fox Given,1,3,0,-17.0,C,5,10,1,-43.0,Fall,14
6305,09-19-2025,C-09 Strikalotls,1,3,0,-7.0,C,4,11,1,-53.0,Fall,15
6306,09-19-2025,C-06 The GOATs,1,3,0,-15.0,C,4,12,0,-65.0,Fall,16
6307,09-19-2025,"C-15 Dig, Dig, Goose",1,3,0,-17.0,C,4,12,0,-72.0,Fall,17
6308,09-19-2025,C-10 Duck Around and Find Out,0,4,0,-25.0,C,2,14,0,-55.0,Fall,18
6309,09-26-2025,C-08 The Quack Pack,4,0,0,46.0,C,18,2,0,126.0,Fall,1
6310,09-26-2025,C-12 Blocktopusses,3,1,0,22.0,C,17,3,0,129.0,Fall,2
6311,09-26-2025,C-07 Otter Chaos,4,0,0,34.0,C,13,6,1,63.0,Fall,3
6312,09-26-2025,C-18 Digletts,2,2,0,17.0,C,11,9,0,31.0,Fall,4
6313,09-26-2025,C-14 Hot Cheetahs,2,2,0,18.0,C,11,9,0,29.0,Fall,5
6314,09-26-2025,C-13 Doggy Style,3,1,0,4.0,C,11,9,0,12.0,Fall,6
6315,09-26-2025,C-17 Fowl Play,2,2,0,-2.0,C,11,9,0,8.0,Fall,7
6316,09-26-2025,C-02 Glory H Gorillas,1,3,0,-20.0,C,11,9,0,-6.0,Fall,8
6317,09-26-2025,C-03 Balls to the Narwhals,1,3,0,-21.0,C,11,9,0,-9.0,Fall,9
6318,09-26-2025,C-05 Bumpin Bunnies,2,2,0,-2.0,C,10,10,0,7.0,Fall,10
6319,09-26-2025,C-11 Las Vulturistas,0,4,0,-24.0,C,10,10,0,-10.0,Fall,11
6320,09-26-2025,C-01 Hitty Kitties,2,2,0,-4.0,C,10,10,0,-15.0,Fall,12
6321,09-26-2025,C-04 Panda-Monium,4,0,0,26.0,C,9,10,1,17.0,Fall,13
6322,09-26-2025,C-16 No Fox Given,3,1,0,-3.0,C,8,11,1,-46.0,Fall,14
6323,09-26-2025,C-06 The GOATs,2,2,0,-4.0,C,6,14,0,-69.0,Fall,15
6324,09-26-2025,C-09 Strikalotls,1,3,0,-15.0,C,5,14,1,-68.0,Fall,16
6325,09-26-2025,"C-15 Dig, Dig, Goose",0,4,0,-30.0,C,4,16,0,-102.0,Fall,17
6326,09-26-2025,C-10 Duck Around and Find Out,0,4,0,-42.0,C,2,18,0,-97.0,Fall,18
6327,10-10-2025,C-08 The Quack Pack,4,0,0,45.0,C,22,2,0,171.0,Fall,1
6328,10-10-2025,C-12 Blocktopusses,3,1,0,10.0,C,20,4,0,139.0,Fall,2
6329,10-10-2025,C-07 Otter Chaos,2,2,0,15.0,C,15,8,1,78.0,Fall,3
6330,10-10-2025,C-14 Hot Cheetahs,3,1,0,18.0,C,14,10,0,47.0,Fall,4
6331,10-10-2025,C-05 Bumpin Bunnies,4,0,0,27.0,C,14,10,0,34.0,Fall,5
6332,10-10-2025,C-17 Fowl Play,3,1,0,18.0,C,14,10,0,26.0,Fall,6
6333,10-10-2025,C-11 Las Vulturistas,3,1,0,15.0,C,13,11,0,5.0,Fall,7
6334,10-10-2025,C-02 Glory H Gorillas,2,2,0,0.0,C,13,11,0,-6.0,Fall,8
6335,10-10-2025,C-04 Panda-Monium,3,0,1,15.0,C,12,10,2,32.0,Fall,9
6336,10-10-2025,C-13 Doggy Style,1,2,1,-16.0,C,12,11,1,-4.0,Fall,10
6337,10-10-2025,C-01 Hitty Kitties,2,2,0,7.0,C,12,12,0,-8.0,Fall,11
6338,10-10-2025,C-18 Digletts,0,4,0,-33.0,C,11,13,0,-2.0,Fall,12
6339,10-10-2025,C-03 Balls to the Narwhals,0,4,0,-45.0,C,11,13,0,-54.0,Fall,13
6340,10-10-2025,C-16 No Fox Given,1,3,0,-6.0,C,9,14,1,-52.0,Fall,14
6341,10-10-2025,C-06 The GOATs,2,2,0,-12.0,C,8,16,0,-81.0,Fall,15
6342,10-10-2025,C-09 Strikalotls,0,4,0,-34.0,C,5,18,1,-102.0,Fall,16
6343,10-10-2025,"C-15 Dig, Dig, Goose",1,3,0,1.0,C,5,19,0,-101.0,Fall,17
6344,10-10-2025,C-10 Duck Around and Find Out,1,3,0,-25.0,C,3,21,0,-122.0,Fall,18
6345,10-17-2025,C-08 The Quack Pack,4,0,0,27.0,C,26,2,0,198.0,Fall,1
6346,10-17-2025,C-12 Blocktopusses,2,2,0,-9.0,C,22,6,0,130.0,Fall,2
6347,10-17-2025,C-07 Otter Chaos,3,1,0,-6.0,C,18,9,1,72.0,Fall,3
6348,10-17-2025,C-05 Bumpin Bunnies,3,1,0,26.0,C,17,11,0,60.0,Fall,4
6349,10-17-2025,C-14 Hot Cheetahs,2,2,0,5.0,C,16,12,0,52.0,Fall,5
6350,10-17-2025,C-11 Las Vulturistas,3,1,0,15.0,C,16,12,0,20.0,Fall,6
6351,10-17-2025,C-04 Panda-Monium,3,1,0,-2.0,C,15,11,2,30.0,Fall,7
6352,10-17-2025,C-13 Doggy Style,2,2,0,4.0,C,14,13,1,0.0,Fall,8
6353,10-17-2025,C-17 Fowl Play,0,4,0,-19.0,C,14,14,0,7.0,Fall,9
6354,10-17-2025,C-01 Hitty Kitties,2,2,0,-8.0,C,14,14,0,-16.0,Fall,10
6355,10-17-2025,C-02 Glory H Gorillas,1,3,0,-12.0,C,14,14,0,-18.0,Fall,11
6356,10-17-2025,C-03 Balls to the Narwhals,3,1,0,5.0,C,14,14,0,-49.0,Fall,12
6357,10-17-2025,C-18 Digletts,2,2,0,14.0,C,13,15,0,12.0,Fall,13
6358,10-17-2025,C-06 The GOATs,2,2,0,6.0,C,10,18,0,-75.0,Fall,14
6359,10-17-2025,C-16 No Fox Given,0,4,0,-20.0,C,9,18,1,-72.0,Fall,15
6360,10-17-2025,C-09 Strikalotls,2,2,0,1.0,C,7,20,1,-101.0,Fall,16
6361,10-17-2025,"C-15 Dig, Dig, Goose",2,2,0,-7.0,C,7,21,0,-108.0,Fall,17
6362,10-17-2025,C-10 Duck Around and Find Out,0,4,0,-20.0,C,3,25,0,-142.0,Fall,18
6363,10-24-2025,C-08 The Quack Pack,4,0,0,34.0,C,30,2,0,232.0,Fall,1
6364,10-24-2025,C-12 Blocktopusses,1,3,0,-11.0,C,23,9,0,119.0,Fall,2
6365,10-24-2025,C-05 Bumpin Bunnies,4,0,0,39.0,C,21,11,0,99.0,Fall,3
6366,10-24-2025,C-07 Otter Chaos,1,3,0,-15.0,C,19,12,1,57.0,Fall,4
6367,10-24-2025,C-13 Doggy Style,4,0,0,41.0,C,18,13,1,41.0,Fall,5
6368,10-24-2025,C-14 Hot Cheetahs,2,2,0,6.0,C,18,14,0,58.0,Fall,6
6369,10-24-2025,C-04 Panda-Monium,2,2,0,0.0,C,17,13,2,30.0,Fall,7
6370,10-24-2025,C-11 Las Vulturistas,1,3,0,-19.0,C,17,15,0,1.0,Fall,8
6371,10-24-2025,C-01 Hitty Kitties,3,1,0,11.0,C,17,15,0,-5.0,Fall,9
6372,10-24-2025,C-18 Digletts,3,1,0,10.0,C,16,16,0,22.0,Fall,10
6373,10-24-2025,C-02 Glory H Gorillas,1,2,1,-12.0,C,15,16,1,-30.0,Fall,11
6374,10-24-2025,C-17 Fowl Play,1,3,0,-5.0,C,15,17,0,2.0,Fall,12
6375,10-24-2025,C-03 Balls to the Narwhals,1,3,0,-4.0,C,15,17,0,-53.0,Fall,13
6376,10-24-2025,C-06 The GOATs,2,1,1,6.0,C,12,19,1,-69.0,Fall,14
6377,10-24-2025,C-16 No Fox Given,1,3,0,-19.0,C,10,21,1,-91.0,Fall,15
6378,10-24-2025,C-09 Strikalotls,2,2,0,-5.0,C,9,22,1,-106.0,Fall,16
6379,10-24-2025,"C-15 Dig, Dig, Goose",1,3,0,-35.0,C,8,24,0,-143.0,Fall,17
6380,10-24-2025,C-10 Duck Around and Find Out,1,3,0,-22.0,C,4,28,0,-164.0,Fall,18
6381,11-07-2025,C-08 The Quack Pack,3,1,0,14.0,C,33,3,0,246.0,Fall,1
6382,11-07-2025,C-12 Blocktopusses,3,1,0,2.0,C,26,10,0,121.0,Fall,2
6383,11-07-2025,C-05 Bumpin Bunnies,3,1,0,21.0,C,24,12,0,120.0,Fall,3
6384,11-07-2025,C-07 Otter Chaos,3,1,0,22.0,C,22,13,1,79.0,Fall,4
6385,11-07-2025,C-14 Hot Cheetahs,3,1,0,15.0,C,21,15,0,73.0,Fall,5
6386,11-07-2025,C-04 Panda-Monium,3,1,0,9.0,C,20,14,2,39.0,Fall,6
6387,11-07-2025,C-13 Doggy Style,2,2,0,9.0,C,20,15,1,50.0,Fall,7
6388,11-07-2025,C-18 Digletts,4,0,0,30.0,C,20,16,0,52.0,Fall,8
6389,11-07-2025,C-02 Glory H Gorillas,3,1,0,14.0,C,18,17,1,-16.0,Fall,9
6390,11-07-2025,C-11 Las Vulturistas,1,3,0,-18.0,C,18,18,0,-17.0,Fall,10
6391,11-07-2025,C-01 Hitty Kitties,0,4,0,-36.0,C,17,19,0,-41.0,Fall,11
6392,11-07-2025,C-17 Fowl Play,1,3,0,-9.0,C,16,20,0,-7.0,Fall,12
6393,11-07-2025,C-03 Balls to the Narwhals,1,3,0,-11.0,C,16,20,0,-64.0,Fall,13
6394,11-07-2025,C-06 The GOATs,0,4,0,-23.0,C,12,23,1,-92.0,Fall,14
6395,11-07-2025,C-16 No Fox Given,2,2,0,-4.0,C,12,23,1,-95.0,Fall,15
6396,11-07-2025,C-09 Strikalotls,1,3,0,-12.0,C,10,25,1,-118.0,Fall,16
6397,11-07-2025,"C-15 Dig, Dig, Goose",1,3,0,-21.0,C,9,27,0,-164.0,Fall,17
6398,11-07-2025,C-10 Duck Around and Find Out,2,2,0,-2.0,C,6,30,0,-166.0,Fall,18
6399,11-14-2025,C-08 The Quack Pack,3,0,1,15.0,C,36,3,1,261.0,Fall,1
6400,11-14-2025,C-12 Blocktopusses,2,1,1,4.0,C,28,11,1,125.0,Fall,2
6401,11-14-2025,C-05 Bumpin Bunnies,4,0,0,31.0,C,28,12,0,151.0,Fall,3
6402,11-14-2025,C-07 Otter Chaos,3,1,0,24.0,C,25,14,1,103.0,Fall,4
6403,11-14-2025,C-14 Hot Cheetahs,3,1,0,23.0,C,24,16,0,96.0,Fall,5
6404,11-14-2025,C-18 Digletts,3,1,0,19.0,C,23,17,0,71.0,Fall,6
6405,11-14-2025,C-13 Doggy Style,2,2,0,0.0,C,22,17,1,50.0,Fall,7
6406,11-14-2025,C-01 Hitty Kitties,4,0,0,24.0,C,21,19,0,-17.0,Fall,8
6407,11-14-2025,C-04 Panda-Monium,0,4,0,-19.0,C,20,18,2,20.0,Fall,9
6408,11-14-2025,C-02 Glory H Gorillas,1,3,0,-4.0,C,19,20,1,-20.0,Fall,10
6409,11-14-2025,C-11 Las Vulturistas,1,3,0,-13.0,C,19,21,0,-30.0,Fall,11
6410,11-14-2025,C-17 Fowl Play,1,3,0,-13.0,C,17,23,0,-20.0,Fall,12
6411,11-14-2025,C-03 Balls to the Narwhals,0,4,0,-42.0,C,16,24,0,-106.0,Fall,13
6412,11-14-2025,C-09 Strikalotls,4,0,0,19.0,C,14,25,1,-99.0,Fall,14
6413,11-14-2025,C-06 The GOATs,1,3,0,-15.0,C,13,26,1,-107.0,Fall,15
6414,11-14-2025,C-16 No Fox Given,0,4,0,-31.0,C,12,27,1,-126.0,Fall,16
6415,11-14-2025,"C-15 Dig, Dig, Goose",2,2,0,-11.0,C,11,29,0,-175.0,Fall,17
6416,11-14-2025,C-10 Duck Around and Find Out,1,3,0,-11.0,C,7,33,0,-177.0,Fall,18
6417,11-21-2025,C-08 The Quack Pack,4,0,0,38.0,C,40,3,1,299.0,Fall,1
6418,11-21-2025,C-12 Blocktopusses,3,1,0,22.0,C,31,12,1,147.0,Fall,2
6419,11-21-2025,C-05 Bumpin Bunnies,3,1,0,20.0,C,31,13,0,171.0,Fall,3
6420,11-21-2025,C-07 Otter Chaos,4,0,0,42.0,C,29,14,1,145.0,Fall,4
6421,11-21-2025,C-14 Hot Cheetahs,4,0,0,30.0,C,28,16,0,126.0,Fall,5
6422,11-21-2025,C-18 Digletts,4,0,0,40.0,C,27,17,0,111.0,Fall,6
6423,11-21-2025,C-13 Doggy Style,1,3,0,-16.0,C,23,20,1,34.0,Fall,7
6424,11-21-2025,C-11 Las Vulturistas,3,1,0,16.0,C,22,22,0,-14.0,Fall,8
6425,11-21-2025,C-01 Hitty Kitties,1,3,0,-12.0,C,22,22,0,-29.0,Fall,9
6426,11-21-2025,C-04 Panda-Monium,1,3,0,-20.0,C,21,21,2,0.0,Fall,10
6427,11-21-2025,C-02 Glory H Gorillas,2,2,0,13.0,C,21,22,1,-7.0,Fall,11
6428,11-21-2025,C-17 Fowl Play,1,3,0,-22.0,C,18,26,0,-42.0,Fall,12
6429,11-21-2025,C-03 Balls to the Narwhals,1,3,0,-22.0,C,17,27,0,-128.0,Fall,13
6430,11-21-2025,C-09 Strikalotls,2,2,0,5.0,C,16,27,1,-94.0,Fall,14
6431,11-21-2025,C-06 The GOATs,1,3,0,-18.0,C,14,29,1,-125.0,Fall,15
6432,11-21-2025,C-16 No Fox Given,1,3,0,-21.0,C,13,30,1,-147.0,Fall,16
6433,11-21-2025,"C-15 Dig, Dig, Goose",0,4,0,-53.0,C,11,33,0,-228.0,Fall,17
6434,11-21-2025,C-10 Duck Around and Find Out,0,4,0,-42.0,C,7,37,0,-219.0,Fall,18
6435,08-22-2025,E-01-Assassins Cream,3,1,0,18.0,E,3,1,0,18.0,Fall,1
6436,08-22-2025,E-08-Street Walkers,3,1,0,11.0,E,3,1,0,11.0,Fall,2
6437,08-22-2025,E-09-Sonic The Edgedhogs,3,1,0,10.0,E,3,1,0,10.0,Fall,3
6438,08-22-2025,E-04-Super Smash Hoes,3,1,0,8.0,E,3,1,0,8.0,Fall,4
6439,08-22-2025,E-05-Nintendo 69,2,2,0,-7.0,E,2,2,0,-7.0,Fall,5
6440,08-22-2025,E-02-Mortal Cumbat,2,2,0,-7.0,E,2,2,0,-7.0,Fall,6
6441,08-22-2025,E-06-Call of Booty: Block Ops,1,3,0,-1.0,E,1,3,0,-1.0,Fall,7
6442,08-22-2025,E-03-Donkey Schlong,1,3,0,-11.0,E,1,3,0,-11.0,Fall,8
6443,08-22-2025,E-07-Ms. Pac Man,0,4,0,-21.0,E,0,4,0,-21.0,Fall,9
6444,09-05-2025,E-01-Assassins Cream,4,0,0,19.0,E,7,1,0,37.0,Fall,1
6445,09-05-2025,E-09-Sonic The Edgedhogs,4,0,0,16.0,E,7,1,0,26.0,Fall,2
6446,09-05-2025,E-08-Street Walkers,2,2,0,6.0,E,5,3,0,17.0,Fall,3
6447,09-05-2025,E-02-Mortal Cumbat,3,1,0,12.0,E,5,3,0,5.0,Fall,4
6448,09-05-2025,E-04-Super Smash Hoes,1,3,0,-12.0,E,4,4,0,-4.0,Fall,5
6449,09-05-2025,E-05-Nintendo 69,1,3,0,-18.0,E,3,5,0,-25.0,Fall,6
6450,09-05-2025,E-06-Call of Booty: Block Ops,1,3,0,-9.0,E,2,6,0,-10.0,Fall,7
6451,09-05-2025,E-03-Donkey Schlong,1,3,0,-7.0,E,2,6,0,-18.0,Fall,8
6452,09-05-2025,E-07-Ms. Pac Man,1,3,0,-7.0,E,1,7,0,-28.0,Fall,9
6453,09-12-2025,E-09-Sonic The Edgedhogs,4,0,0,23.0,E,11,1,0,49.0,Fall,1
6454,09-12-2025,E-02-Mortal Cumbat,4,0,0,20.0,E,9,3,0,25.0,Fall,2
6455,09-12-2025,E-01-Assassins Cream,1,3,0,-6.0,E,8,4,0,31.0,Fall,3
6456,09-12-2025,E-08-Street Walkers,1,3,0,-10.0,E,6,6,0,7.0,Fall,4
6457,09-12-2025,E-04-Super Smash Hoes,2,2,0,-5.0,E,6,6,0,-9.0,Fall,5
6458,09-12-2025,E-03-Donkey Schlong,3,1,0,15.0,E,5,7,0,-3.0,Fall,6
6459,09-12-2025,E-06-Call of Booty: Block Ops,2,2,0,-7.0,E,4,8,0,-17.0,Fall,7
6460,09-12-2025,E-05-Nintendo 69,1,3,0,-17.0,E,4,8,0,-42.0,Fall,8
6461,09-12-2025,E-07-Ms. Pac Man,0,4,0,-13.0,E,1,11,0,-41.0,Fall,9
6462,09-19-2025,E-01-Assassins Cream,4,0,0,25.0,E,12,4,0,56.0,Fall,1
6463,09-19-2025,E-09-Sonic The Edgedhogs,1,3,0,-6.0,E,12,4,0,43.0,Fall,2
6464,09-19-2025,E-02-Mortal Cumbat,3,1,0,17.0,E,12,4,0,42.0,Fall,3
6465,09-19-2025,E-03-Donkey Schlong,3,1,0,6.0,E,8,8,0,3.0,Fall,4
6466,09-19-2025,E-04-Super Smash Hoes,2,2,0,-11.0,E,8,8,0,-20.0,Fall,5
6467,09-19-2025,E-08-Street Walkers,1,3,0,-9.0,E,7,9,0,-2.0,Fall,6
6468,09-19-2025,E-06-Call of Booty: Block Ops,1,3,0,-16.0,E,5,11,0,-33.0,Fall,7
6469,09-19-2025,E-05-Nintendo 69,1,3,0,-13.0,E,5,11,0,-55.0,Fall,8
6470,09-19-2025,E-07-Ms. Pac Man,2,2,0,7.0,E,3,13,0,-34.0,Fall,9
6471,09-26-2025,E-09-Sonic The Edgedhogs,4,0,0,35.0,E,16,4,0,78.0,Fall,1
6472,09-26-2025,E-01-Assassins Cream,3,1,0,12.0,E,15,5,0,68.0,Fall,2
6473,09-26-2025,E-02-Mortal Cumbat,1,3,0,-18.0,E,13,7,0,24.0,Fall,3
6474,09-26-2025,E-03-Donkey Schlong,2,2,0,6.0,E,10,10,0,9.0,Fall,4
6475,09-26-2025,E-08-Street Walkers,1,3,0,-19.0,E,8,12,0,-21.0,Fall,5
6476,09-26-2025,E-06-Call of Booty: Block Ops,3,1,0,12.0,E,8,12,0,-21.0,Fall,6
6477,09-26-2025,E-04-Super Smash Hoes,0,4,0,-18.0,E,8,12,0,-38.0,Fall,7
6478,09-26-2025,E-05-Nintendo 69,3,1,0,6.0,E,8,12,0,-49.0,Fall,8
6479,09-26-2025,E-07-Ms. Pac Man,1,3,0,-16.0,E,4,16,0,-50.0,Fall,9
6480,10-10-2025,E-09-Sonic The Edgedhogs,4,0,0,100.0,E,20,4,0,178.0,Fall,1
6481,10-10-2025,E-01-Assassins Cream,2,2,0,5.0,E,17,7,0,73.0,Fall,2
6482,10-10-2025,E-02-Mortal Cumbat,1,3,0,-9.0,E,14,10,0,15.0,Fall,3
6483,10-10-2025,E-05-Nintendo 69,4,0,0,22.0,E,12,12,0,-27.0,Fall,4
6484,10-10-2025,E-03-Donkey Schlong,0,2,2,-50.0,E,10,12,2,-41.0,Fall,5
6485,10-10-2025,E-04-Super Smash Hoes,2,2,0,-9.0,E,10,14,0,-47.0,Fall,6
6486,10-10-2025,E-08-Street Walkers,1,3,0,-13.0,E,9,15,0,-34.0,Fall,7
6487,10-10-2025,E-06-Call of Booty: Block Ops,0,2,2,-50.0,E,8,14,2,-71.0,Fall,8
6488,10-10-2025,E-07-Ms. Pac Man,2,2,0,4.0,E,6,18,0,-46.0,Fall,9
6489,10-17-2025,E-09-Sonic The Edgedhogs,1,3,0,-7.0,E,21,7,0,171.0,Fall,1
6490,10-17-2025,E-01-Assassins Cream,2,2,0,3.0,E,19,9,0,76.0,Fall,2
6491,10-17-2025,E-02-Mortal Cumbat,3,1,0,8.0,E,17,11,0,23.0,Fall,3
6492,10-17-2025,E-05-Nintendo 69,3,1,0,4.0,E,15,13,0,-23.0,Fall,4
6493,10-17-2025,E-03-Donkey Schlong,2,2,0,-8.0,E,12,14,2,-49.0,Fall,5
6494,10-17-2025,E-04-Super Smash Hoes,2,2,0,10.0,E,12,16,0,-37.0,Fall,6
6495,10-17-2025,E-08-Street Walkers,2,2,0,-2.0,E,11,17,0,-36.0,Fall,7
6496,10-17-2025,E-06-Call of Booty: Block Ops,2,2,0,-7.0,E,10,16,2,-78.0,Fall,8
6497,10-17-2025,E-07-Ms. Pac Man,1,3,0,-1.0,E,7,21,0,-47.0,Fall,9
6498,10-24-2025,E-09-Sonic The Edgedhogs,4,0,0,30.0,E,25,7,0,201.0,Fall,1
6499,10-24-2025,E-01-Assassins Cream,0,4,0,-19.0,E,19,13,0,57.0,Fall,2
6500,10-24-2025,E-02-Mortal Cumbat,0,4,0,-25.0,E,17,15,0,-2.0,Fall,3
6501,10-24-2025,E-05-Nintendo 69,1,3,0,-15.0,E,16,16,0,-38.0,Fall,4
6502,10-24-2025,E-03-Donkey Schlong,3,1,0,7.0,E,15,15,2,-42.0,Fall,5
6503,10-24-2025,E-06-Call of Booty: Block Ops,4,0,0,20.0,E,14,16,2,-58.0,Fall,6
6504,10-24-2025,E-04-Super Smash Hoes,2,2,0,-5.0,E,14,18,0,-42.0,Fall,7
6505,10-24-2025,E-08-Street Walkers,2,2,0,-1.0,E,13,19,0,-37.0,Fall,8
6506,10-24-2025,E-07-Ms. Pac Man,2,2,0,8.0,E,9,23,0,-39.0,Fall,9
6507,11-07-2025,E-09-Sonic The Edgedhogs,3,1,0,18.0,E,28,8,0,219.0,Fall,1
6508,11-07-2025,E-01-Assassins Cream,3,1,0,16.0,E,22,14,0,73.0,Fall,2
6509,11-07-2025,E-05-Nintendo 69,3,1,0,3.0,E,19,17,0,-35.0,Fall,3
6510,11-07-2025,E-03-Donkey Schlong,3,1,0,6.0,E,18,16,2,-36.0,Fall,4
6511,11-07-2025,E-06-Call of Booty: Block Ops,3,1,0,21.0,E,17,17,2,-37.0,Fall,5
6512,11-07-2025,E-02-Mortal Cumbat,0,4,0,-22.0,E,17,19,0,-24.0,Fall,6
6513,11-07-2025,E-08-Street Walkers,2,2,0,-5.0,E,15,21,0,-42.0,Fall,7
6514,11-07-2025,E-04-Super Smash Hoes,0,4,0,-24.0,E,14,22,0,-66.0,Fall,8
6515,11-07-2025,E-07-Ms. Pac Man,1,3,0,-13.0,E,10,26,0,-52.0,Fall,9
6516,11-14-2025,E-09-Sonic The Edgedhogs,0,4,0,-100.0,E,28,12,0,119.0,Fall,1
6517,11-14-2025,E-01-Assassins Cream,0,4,0,-100.0,E,22,18,0,-27.0,Fall,2
6518,11-14-2025,E-03-Donkey Schlong,3,1,0,50.0,E,21,17,2,14.0,Fall,3
6519,11-14-2025,E-06-Call of Booty: Block Ops,3,1,0,50.0,E,20,18,2,13.0,Fall,4
6520,11-14-2025,E-02-Mortal Cumbat,3,1,0,50.0,E,20,20,0,26.0,Fall,5
6521,11-14-2025,E-05-Nintendo 69,0,4,0,-100.0,E,19,21,0,-135.0,Fall,6
6522,11-14-2025,E-08-Street Walkers,3,1,0,50.0,E,18,22,0,8.0,Fall,7
6523,11-14-2025,E-04-Super Smash Hoes,3,1,0,52.0,E,17,23,0,-14.0,Fall,8
6524,11-14-2025,E-07-Ms. Pac Man,3,1,0,48.0,E,13,27,0,-4.0,Fall,9
6525,11-21-2025,E-09-Sonic The Edgedhogs,0,2,2,0.0,E,28,14,2,119.0,Fall,1
6526,11-21-2025,E-01-Assassins Cream,4,0,0,0.0,E,26,18,0,-27.0,Fall,2
6527,11-21-2025,E-03-Donkey Schlong,0,4,0,0.0,E,21,21,2,14.0,Fall,3
6528,11-21-2025,E-04-Super Smash Hoes,4,0,0,5.0,E,21,23,0,-9.0,Fall,4
6529,11-21-2025,E-06-Call of Booty: Block Ops,0,0,4,0.0,E,20,18,6,13.0,Fall,5
6530,11-21-2025,E-02-Mortal Cumbat,0,0,4,0.0,E,20,20,4,26.0,Fall,6
6531,11-21-2025,E-08-Street Walkers,2,2,0,-5.0,E,20,24,0,3.0,Fall,7
6532,11-21-2025,E-05-Nintendo 69,0,2,2,0.0,E,19,23,2,-135.0,Fall,8
6533,11-21-2025,E-07-Ms. Pac Man,0,0,4,0.0,E,13,27,4,-4.0,Fall,9
6534,08-22-2025,I-05 Sugar Rush,4,0,0,55.0,I,4,0,0,55.0,Fall,1
6535,08-22-2025,I-08 Fudge Force,4,0,0,39.0,I,4,0,0,39.0,Fall,2
6536,08-22-2025,I-07 Sour Patch Aces,3,1,0,21.0,I,3,1,0,21.0,Fall,3
6537,08-22-2025,I-04 Pelon PelonetAss,3,1,0,21.0,I,3,1,0,21.0,Fall,4
6538,08-22-2025,I-09 Sour Pass Kids,3,1,0,4.0,I,3,1,0,4.0,Fall,5
6539,08-22-2025,I-01 Sugar Spikers,2,2,0,4.0,I,2,2,0,4.0,Fall,6
6540,08-22-2025,I-03 Volleypops,2,2,0,1.0,I,2,2,0,1.0,Fall,7
6541,08-22-2025,I-06 Candy Crushers,2,2,0,-15.0,I,2,2,0,-15.0,Fall,8
6542,08-22-2025,I-11 Gummy Bear Spikers,1,3,0,-22.0,I,1,3,0,-22.0,Fall,9
6543,08-22-2025,I-02 Spike Tarts,0,4,0,-25.0,I,0,4,0,-25.0,Fall,10
6544,08-22-2025,I-10 Volley Ranchers,0,4,0,-40.0,I,0,4,0,-40.0,Fall,11
6545,08-22-2025,I-12 Gummy Humpers,0,4,0,-43.0,I,0,4,0,-43.0,Fall,12
6546,09-05-2025,I-05 Sugar Rush,3,1,0,27.0,I,7,1,0,82.0,Fall,1
6547,09-05-2025,I-08 Fudge Force,3,1,0,23.0,I,7,1,0,62.0,Fall,2
6548,09-05-2025,I-09 Sour Pass Kids,3,1,0,14.0,I,6,2,0,18.0,Fall,3
6549,09-05-2025,I-03 Volleypops,3,1,0,16.0,I,5,3,0,17.0,Fall,4
6550,09-05-2025,I-04 Pelon PelonetAss,2,2,0,-14.0,I,5,3,0,7.0,Fall,5
6551,09-05-2025,I-07 Sour Patch Aces,1,3,0,-7.0,I,4,4,0,14.0,Fall,6
6552,09-05-2025,I-01 Sugar Spikers,2,2,0,5.0,I,4,4,0,9.0,Fall,7
6553,09-05-2025,I-06 Candy Crushers,2,2,0,9.0,I,4,4,0,-6.0,Fall,8
6554,09-05-2025,I-11 Gummy Bear Spikers,2,1,1,-1.0,I,3,4,1,-23.0,Fall,9
6555,09-05-2025,I-12 Gummy Humpers,2,2,0,-7.0,I,2,6,0,-50.0,Fall,10
6556,09-05-2025,I-10 Volley Ranchers,0,3,1,-22.0,I,0,7,1,-62.0,Fall,11
6557,09-05-2025,I-02 Spike Tarts,0,4,0,-43.0,I,0,8,0,-68.0,Fall,12
6558,09-12-2025,I-05 Sugar Rush,3,0,1,18.0,I,10,1,1,100.0,Fall,1
6559,09-12-2025,I-08 Fudge Force,2,2,0,1.0,I,9,3,0,63.0,Fall,2
6560,09-12-2025,I-09 Sour Pass Kids,3,1,0,23.0,I,9,3,0,41.0,Fall,3
6561,09-12-2025,I-04 Pelon PelonetAss,4,0,0,23.0,I,9,3,0,30.0,Fall,4
6562,09-12-2025,I-01 Sugar Spikers,3,1,0,11.0,I,7,5,0,20.0,Fall,5
6563,09-12-2025,I-07 Sour Patch Aces,2,2,0,-4.0,I,6,6,0,10.0,Fall,6
6564,09-12-2025,I-06 Candy Crushers,1,2,1,-6.0,I,5,6,1,-12.0,Fall,7
6565,09-12-2025,I-03 Volleypops,0,4,0,-24.0,I,5,7,0,-7.0,Fall,8
6566,09-12-2025,I-10 Volley Ranchers,3,1,0,17.0,I,3,8,1,-45.0,Fall,9
6567,09-12-2025,I-11 Gummy Bear Spikers,0,4,0,-34.0,I,3,8,1,-57.0,Fall,10
6568,09-12-2025,I-12 Gummy Humpers,1,3,0,-12.0,I,3,9,0,-62.0,Fall,11
6569,09-12-2025,I-02 Spike Tarts,1,3,0,-13.0,I,1,11,0,-81.0,Fall,12
6570,09-19-2025,I-05 Sugar Rush,4,0,0,35.0,I,14,1,1,135.0,Fall,1
6571,09-19-2025,I-08 Fudge Force,4,0,0,36.0,I,13,3,0,99.0,Fall,2
6572,09-19-2025,I-04 Pelon PelonetAss,4,0,0,33.0,I,13,3,0,63.0,Fall,3
6573,09-19-2025,I-09 Sour Pass Kids,3,0,1,25.0,I,12,3,1,66.0,Fall,4
6574,09-19-2025,I-01 Sugar Spikers,1,3,0,-6.0,I,8,8,0,14.0,Fall,5
6575,09-19-2025,I-03 Volleypops,2,1,1,18.0,I,7,8,1,11.0,Fall,6
6576,09-19-2025,I-06 Candy Crushers,2,2,0,13.0,I,7,8,1,1.0,Fall,7
6577,09-19-2025,I-07 Sour Patch Aces,1,3,0,-29.0,I,7,9,0,-19.0,Fall,8
6578,09-19-2025,I-11 Gummy Bear Spikers,1,3,0,-23.0,I,4,11,1,-80.0,Fall,9
6579,09-19-2025,I-12 Gummy Humpers,1,3,0,-10.0,I,4,12,0,-72.0,Fall,10
6580,09-19-2025,I-10 Volley Ranchers,0,4,0,-43.0,I,3,12,1,-88.0,Fall,11
6581,09-19-2025,I-02 Spike Tarts,0,4,0,-49.0,I,1,15,0,-130.0,Fall,12
6582,09-26-2025,I-05 Sugar Rush,4,0,0,28.0,I,18,1,1,163.0,Fall,1
6583,09-26-2025,I-08 Fudge Force,4,0,0,43.0,I,17,3,0,142.0,Fall,2
6584,09-26-2025,I-04 Pelon PelonetAss,2,2,0,-4.0,I,15,5,0,59.0,Fall,3
6585,09-26-2025,I-09 Sour Pass Kids,2,2,0,-4.0,I,14,5,1,62.0,Fall,4
6586,09-26-2025,I-01 Sugar Spikers,3,0,1,29.0,I,11,8,1,43.0,Fall,5
6587,09-26-2025,I-06 Candy Crushers,3,1,0,26.0,I,10,9,1,27.0,Fall,6
6588,09-26-2025,I-03 Volleypops,1,3,0,-17.0,I,8,11,1,-6.0,Fall,7
6589,09-26-2025,I-07 Sour Patch Aces,0,4,0,-39.0,I,7,13,0,-58.0,Fall,8
6590,09-26-2025,I-12 Gummy Humpers,2,2,0,-9.0,I,6,14,0,-81.0,Fall,9
6591,09-26-2025,I-11 Gummy Bear Spikers,1,2,1,3.0,I,5,13,2,-77.0,Fall,10
6592,09-26-2025,I-10 Volley Ranchers,0,4,0,-24.0,I,3,16,1,-112.0,Fall,11
6593,09-26-2025,I-02 Spike Tarts,1,3,0,-32.0,I,2,18,0,-162.0,Fall,12
6594,10-10-2025,I-05 Sugar Rush,3,1,0,22.0,I,21,2,1,185.0,Fall,1
6595,10-10-2025,I-08 Fudge Force,4,0,0,49.0,I,21,3,0,191.0,Fall,2
6596,10-10-2025,I-04 Pelon PelonetAss,2,2,0,7.0,I,17,7,0,66.0,Fall,3
6597,10-10-2025,I-09 Sour Pass Kids,2,2,0,13.0,I,16,7,1,75.0,Fall,4
6598,10-10-2025,I-01 Sugar Spikers,4,0,0,28.0,I,15,8,1,71.0,Fall,5
6599,10-10-2025,I-03 Volleypops,3,1,0,10.0,I,11,12,1,4.0,Fall,6
6600,10-10-2025,I-06 Candy Crushers,0,4,0,-42.0,I,10,13,1,-15.0,Fall,7
6601,10-10-2025,I-07 Sour Patch Aces,1,3,0,-17.0,I,8,16,0,-75.0,Fall,8
6602,10-10-2025,I-12 Gummy Humpers,2,2,0,3.0,I,8,16,0,-78.0,Fall,9
6603,10-10-2025,I-11 Gummy Bear Spikers,2,2,0,-7.0,I,7,15,2,-84.0,Fall,10
6604,10-10-2025,I-10 Volley Ranchers,0,4,0,-31.0,I,3,20,1,-143.0,Fall,11
6605,10-10-2025,I-02 Spike Tarts,1,3,0,-35.0,I,3,21,0,-197.0,Fall,12
6606,10-17-2025,I-08 Fudge Force,3,1,0,13.0,I,24,4,0,204.0,Fall,1
6607,10-17-2025,I-05 Sugar Rush,1,3,0,-11.0,I,22,5,1,174.0,Fall,2
6608,10-17-2025,I-09 Sour Pass Kids,4,0,0,13.0,I,20,7,1,88.0,Fall,3
6609,10-17-2025,I-04 Pelon PelonetAss,2,1,1,-2.0,I,19,8,1,64.0,Fall,4
6610,10-17-2025,I-01 Sugar Spikers,2,2,0,-2.0,I,17,10,1,69.0,Fall,5
6611,10-17-2025,I-03 Volleypops,2,2,0,3.0,I,13,14,1,7.0,Fall,6
6612,10-17-2025,I-12 Gummy Humpers,3,1,0,18.0,I,11,17,0,-60.0,Fall,7
6613,10-17-2025,I-11 Gummy Bear Spikers,3,1,0,24.0,I,10,16,2,-60.0,Fall,8
6614,10-17-2025,I-06 Candy Crushers,0,4,0,-16.0,I,10,17,1,-31.0,Fall,9
6615,10-17-2025,I-07 Sour Patch Aces,1,3,0,-12.0,I,9,19,0,-87.0,Fall,10
6616,10-17-2025,I-02 Spike Tarts,2,2,0,-6.0,I,5,23,0,-203.0,Fall,11
6617,10-17-2025,I-10 Volley Ranchers,0,3,1,-22.0,I,3,23,2,-165.0,Fall,12
6618,10-24-2025,I-08 Fudge Force,4,0,0,36.0,I,28,4,0,240.0,Fall,1
6619,10-24-2025,I-05 Sugar Rush,4,0,0,23.0,I,26,5,1,197.0,Fall,2
6620,10-24-2025,I-09 Sour Pass Kids,4,0,0,41.0,I,24,7,1,129.0,Fall,3
6621,10-24-2025,I-01 Sugar Spikers,4,0,0,33.0,I,21,10,1,102.0,Fall,4
6622,10-24-2025,I-04 Pelon PelonetAss,2,2,0,19.0,I,21,10,1,83.0,Fall,5
6623,10-24-2025,I-03 Volleypops,2,2,0,14.0,I,15,16,1,21.0,Fall,6
6624,10-24-2025,I-12 Gummy Humpers,2,2,0,-1.0,I,13,19,0,-61.0,Fall,7
6625,10-24-2025,I-06 Candy Crushers,2,2,0,10.0,I,12,19,1,-21.0,Fall,8
6626,10-24-2025,I-11 Gummy Bear Spikers,0,4,0,-37.0,I,10,20,2,-97.0,Fall,9
6627,10-24-2025,I-07 Sour Patch Aces,0,4,0,-43.0,I,9,23,0,-130.0,Fall,10
6628,10-24-2025,I-02 Spike Tarts,0,4,0,-55.0,I,5,27,0,-258.0,Fall,11
6629,10-24-2025,I-10 Volley Ranchers,0,4,0,-40.0,I,3,27,2,-205.0,Fall,12
6630,11-07-2025,I-08 Fudge Force,4,0,0,37.0,I,32,4,0,277.0,Fall,1
6631,11-07-2025,I-05 Sugar Rush,2,2,0,-11.0,I,28,7,1,186.0,Fall,2
6632,11-07-2025,I-09 Sour Pass Kids,4,0,0,43.0,I,28,7,1,172.0,Fall,3
6633,11-07-2025,I-04 Pelon PelonetAss,4,0,0,32.0,I,25,10,1,115.0,Fall,4
6634,11-07-2025,I-01 Sugar Spikers,3,1,0,17.0,I,24,11,1,119.0,Fall,5
6635,11-07-2025,I-03 Volleypops,2,2,0,8.0,I,17,18,1,29.0,Fall,6
6636,11-07-2025,I-06 Candy Crushers,1,3,0,-19.0,I,13,22,1,-40.0,Fall,7
6637,11-07-2025,I-12 Gummy Humpers,0,4,0,-21.0,I,13,23,0,-82.0,Fall,8
6638,11-07-2025,I-11 Gummy Bear Spikers,1,3,0,-24.0,I,11,23,2,-121.0,Fall,9
6639,11-07-2025,I-07 Sour Patch Aces,0,4,0,-27.0,I,9,27,0,-157.0,Fall,10
6640,11-07-2025,I-02 Spike Tarts,1,3,0,-25.0,I,6,30,0,-283.0,Fall,11
6641,11-07-2025,I-10 Volley Ranchers,2,2,0,-10.0,I,5,29,2,-215.0,Fall,12
6642,11-14-2025,I-08 Fudge Force,3,1,0,5.0,I,35,5,0,282.0,Fall,1
6643,11-14-2025,I-05 Sugar Rush,4,0,0,23.0,I,32,7,1,209.0,Fall,2
6644,11-14-2025,I-09 Sour Pass Kids,2,2,0,5.0,I,30,9,1,177.0,Fall,3
6645,11-14-2025,I-01 Sugar Spikers,3,1,0,3.0,I,27,12,1,122.0,Fall,4
6646,11-14-2025,I-04 Pelon PelonetAss,1,3,0,-8.0,I,26,13,1,107.0,Fall,5
6647,11-14-2025,I-03 Volleypops,2,2,0,1.0,I,19,20,1,30.0,Fall,6
6648,11-14-2025,I-06 Candy Crushers,3,1,0,33.0,I,16,23,1,-7.0,Fall,7
6649,11-14-2025,I-12 Gummy Humpers,1,3,0,-6.0,I,14,26,0,-88.0,Fall,8
6650,11-14-2025,I-11 Gummy Bear Spikers,1,3,0,-4.0,I,12,26,2,-125.0,Fall,9
6651,11-14-2025,I-07 Sour Patch Aces,1,3,0,-19.0,I,10,30,0,-176.0,Fall,10
6652,11-14-2025,I-10 Volley Ranchers,2,2,0,-15.0,I,7,31,2,-230.0,Fall,11
6653,11-14-2025,I-02 Spike Tarts,1,3,0,-18.0,I,7,33,0,-301.0,Fall,12
6654,11-21-2025,I-08 Fudge Force,3,1,0,8.0,I,38,6,0,290.0,Fall,1
6655,11-21-2025,I-09 Sour Pass Kids,3,1,0,18.0,I,33,10,1,195.0,Fall,2
6656,11-21-2025,I-05 Sugar Rush,0,4,0,-26.0,I,32,11,1,183.0,Fall,3
6657,11-21-2025,I-01 Sugar Spikers,2,2,0,-4.0,I,29,14,1,118.0,Fall,4
6658,11-21-2025,I-04 Pelon PelonetAss,3,1,0,4.0,I,29,14,1,111.0,Fall,5
6659,11-21-2025,I-03 Volleypops,3,1,0,13.0,I,22,21,1,43.0,Fall,6
6660,11-21-2025,I-06 Candy Crushers,1,3,0,-8.0,I,17,26,1,-15.0,Fall,7
6661,11-21-2025,I-12 Gummy Humpers,3,1,0,0.0,I,17,27,0,-88.0,Fall,8
6662,11-21-2025,I-11 Gummy Bear Spikers,2,2,0,9.0,I,14,28,2,-116.0,Fall,9
6663,11-21-2025,I-07 Sour Patch Aces,2,2,0,4.0,I,12,32,0,-172.0,Fall,10
6664,11-21-2025,I-10 Volley Ranchers,1,3,0,-9.0,I,8,34,2,-239.0,Fall,11
6665,11-21-2025,I-02 Spike Tarts,1,3,0,-9.0,I,8,36,0,-310.0,Fall,12
6666,08-22-2025,P-09 Taste My Rainbow,4,0,0,19.0,P,4,0,0,19.0,Fall,1
6667,08-22-2025,P-05 Jaw Breakers,3,1,0,21.0,P,3,1,0,21.0,Fall,2
6668,08-22-2025,P-01 Pop rocks cock blocks,3,1,0,14.0,P,3,1,0,14.0,Fall,3
6669,08-22-2025,P-03 Blows Pop,2,2,0,13.0,P,2,2,0,13.0,Fall,4
6670,08-22-2025,P-06 Hot Ta-Mamas!,2,2,0,8.0,P,2,2,0,8.0,Fall,5
6671,08-22-2025,P-08 Nutty Buddies,1,3,0,-8.0,P,1,3,0,-8.0,Fall,6
6672,08-22-2025,P-07 Reese’s Pieces (of ass),1,3,0,-11.0,P,1,3,0,-11.0,Fall,7
6673,08-22-2025,P-02 Spikes and Ike’s,1,3,0,-27.0,P,1,3,0,-27.0,Fall,8
6674,08-22-2025,P-04 The SnM’s,1,3,0,-29.0,P,1,3,0,-29.0,Fall,9
6675,09-05-2025,P-01 Pop rocks cock blocks,4,0,0,18.0,P,7,1,0,32.0,Fall,1
6676,09-05-2025,P-03 Blows Pop,4,0,0,32.0,P,6,2,0,45.0,Fall,2
6677,09-05-2025,P-09 Taste My Rainbow,2,2,0,5.0,P,6,2,0,24.0,Fall,3
6678,09-05-2025,P-05 Jaw Breakers,1,3,0,-15.0,P,4,4,0,6.0,Fall,4
6679,09-05-2025,P-08 Nutty Buddies,3,1,0,7.0,P,4,4,0,-1.0,Fall,5
6680,09-05-2025,P-07 Reese’s Pieces (of ass),2,2,0,-2.0,P,3,5,0,-13.0,Fall,6
6681,09-05-2025,P-02 Spikes and Ike’s,2,2,0,8.0,P,3,5,0,-19.0,Fall,7
6682,09-05-2025,P-06 Hot Ta-Mamas!,0,4,0,-37.0,P,2,6,0,-29.0,Fall,8
6683,09-05-2025,P-04 The SnM’s,0,4,0,-16.0,P,1,7,0,-45.0,Fall,9
6684,09-12-2025,P-01 Pop rocks cock blocks,3,1,0,18.0,P,10,2,0,50.0,Fall,1
6685,09-12-2025,P-09 Taste My Rainbow,3,1,0,19.0,P,9,3,0,43.0,Fall,2
6686,09-12-2025,P-03 Blows Pop,2,2,0,-3.0,P,8,4,0,42.0,Fall,3
6687,09-12-2025,P-08 Nutty Buddies,3,1,0,15.0,P,7,5,0,14.0,Fall,4
6688,09-12-2025,P-07 Reese’s Pieces (of ass),2,2,0,8.0,P,5,7,0,-5.0,Fall,5
6689,09-12-2025,P-02 Spikes and Ike’s,2,2,0,-12.0,P,5,7,0,-31.0,Fall,6
6690,09-12-2025,P-06 Hot Ta-Mamas!,2,2,0,4.0,P,4,8,0,-25.0,Fall,7
6691,09-12-2025,P-05 Jaw Breakers,0,4,0,-37.0,P,4,8,0,-31.0,Fall,8
6692,09-12-2025,P-04 The SnM’s,1,3,0,-12.0,P,2,10,0,-57.0,Fall,9
6693,09-19-2025,P-01 Pop rocks cock blocks,4,0,0,31.0,P,14,2,0,81.0,Fall,1
6694,09-19-2025,P-09 Taste My Rainbow,3,1,0,19.0,P,12,4,0,62.0,Fall,2
6695,09-19-2025,P-03 Blows Pop,1,3,0,-10.0,P,9,7,0,32.0,Fall,3
6696,09-19-2025,P-05 Jaw Breakers,4,0,0,32.0,P,8,8,0,1.0,Fall,4
6697,09-19-2025,P-08 Nutty Buddies,1,3,0,-19.0,P,8,8,0,-5.0,Fall,5
6698,09-19-2025,P-02 Spikes and Ike’s,3,1,0,9.0,P,8,8,0,-22.0,Fall,6
6699,09-19-2025,P-07 Reese’s Pieces (of ass),1,3,0,-22.0,P,6,10,0,-27.0,Fall,7
6700,09-19-2025,P-06 Hot Ta-Mamas!,1,3,0,-12.0,P,5,11,0,-37.0,Fall,8
6701,09-19-2025,P-04 The SnM’s,0,4,0,-28.0,P,2,14,0,-85.0,Fall,9
6702,09-26-2025,P-01 Pop rocks cock blocks,2,2,0,2.0,P,16,4,0,83.0,Fall,1
6703,09-26-2025,P-09 Taste My Rainbow,3,1,0,14.0,P,15,5,0,76.0,Fall,2
6704,09-26-2025,P-03 Blows Pop,3,1,0,14.0,P,12,8,0,46.0,Fall,3
6705,09-26-2025,P-05 Jaw Breakers,4,0,0,36.0,P,12,8,0,37.0,Fall,4
6706,09-26-2025,P-08 Nutty Buddies,2,2,0,9.0,P,10,10,0,4.0,Fall,5
6707,09-26-2025,P-02 Spikes and Ike’s,1,3,0,-16.0,P,9,11,0,-38.0,Fall,6
6708,09-26-2025,P-07 Reese’s Pieces (of ass),1,3,0,-23.0,P,7,13,0,-50.0,Fall,7
6709,09-26-2025,P-06 Hot Ta-Mamas!,0,4,0,-44.0,P,5,15,0,-81.0,Fall,8
6710,09-26-2025,P-04 The SnM’s,2,2,0,8.0,P,4,16,0,-77.0,Fall,9
6711,10-10-2025,P-01 Pop rocks cock blocks,4,0,0,21.0,P,20,4,0,104.0,Fall,1
6712,10-10-2025,P-09 Taste My Rainbow,4,0,0,25.0,P,19,5,0,101.0,Fall,2
6713,10-10-2025,P-03 Blows Pop,2,2,0,18.0,P,14,10,0,64.0,Fall,3
6714,10-10-2025,P-05 Jaw Breakers,1,2,1,-9.0,P,13,10,1,28.0,Fall,4
6715,10-10-2025,P-02 Spikes and Ike’s,4,0,0,35.0,P,13,11,0,-3.0,Fall,5
6716,10-10-2025,P-08 Nutty Buddies,0,3,1,-26.0,P,10,13,1,-22.0,Fall,6
6717,10-10-2025,P-07 Reese’s Pieces (of ass),0,4,0,-19.0,P,7,17,0,-69.0,Fall,7
6718,10-10-2025,P-04 The SnM’s,2,2,0,-2.0,P,6,18,0,-79.0,Fall,8
6719,10-10-2025,P-06 Hot Ta-Mamas!,0,4,0,-43.0,P,5,19,0,-124.0,Fall,9
6720,10-17-2025,P-09 Taste My Rainbow,3,0,1,17.0,P,22,5,1,118.0,Fall,1
6721,10-17-2025,P-01 Pop rocks cock blocks,2,1,1,13.0,P,22,5,1,117.0,Fall,2
6722,10-17-2025,P-03 Blows Pop,3,1,0,8.0,P,17,11,0,72.0,Fall,3
6723,10-17-2025,P-02 Spikes and Ike’s,2,2,0,17.0,P,15,13,0,14.0,Fall,4
6724,10-17-2025,P-05 Jaw Breakers,0,4,0,-30.0,P,13,14,1,-2.0,Fall,5
6725,10-17-2025,P-08 Nutty Buddies,3,1,0,14.0,P,13,14,1,-8.0,Fall,6
6726,10-17-2025,P-07 Reese’s Pieces (of ass),3,1,0,15.0,P,10,18,0,-54.0,Fall,7
6727,10-17-2025,P-04 The SnM’s,0,4,0,-22.0,P,6,22,0,-101.0,Fall,8
6728,10-17-2025,P-06 Hot Ta-Mamas!,1,3,0,-32.0,P,6,22,0,-156.0,Fall,9
6729,10-24-2025,P-01 Pop rocks cock blocks,3,1,0,19.0,P,25,6,1,136.0,Fall,1
6730,10-24-2025,P-09 Taste My Rainbow,2,2,0,-3.0,P,24,7,1,115.0,Fall,2
6731,10-24-2025,P-03 Blows Pop,2,2,0,-8.0,P,19,13,0,64.0,Fall,3
6732,10-24-2025,P-02 Spikes and Ike’s,2,2,0,-1.0,P,17,15,0,13.0,Fall,4
6733,10-24-2025,P-05 Jaw Breakers,3,1,0,16.0,P,16,15,1,14.0,Fall,5
6734,10-24-2025,P-08 Nutty Buddies,3,1,0,3.0,P,16,15,1,-5.0,Fall,6
6735,10-24-2025,P-07 Reese’s Pieces (of ass),1,3,0,-8.0,P,11,21,0,-62.0,Fall,7
6736,10-24-2025,P-04 The SnM’s,2,2,0,4.0,P,8,24,0,-97.0,Fall,8
6737,10-24-2025,P-06 Hot Ta-Mamas!,0,4,0,-22.0,P,6,26,0,-178.0,Fall,9
6738,11-07-2025,P-01 Pop rocks cock blocks,3,1,0,27.0,P,28,7,1,163.0,Fall,1
6739,11-07-2025,P-09 Taste My Rainbow,2,2,0,-6.0,P,26,9,1,109.0,Fall,2
6740,11-07-2025,P-03 Blows Pop,3,1,0,4.0,P,22,14,0,68.0,Fall,3
6741,11-07-2025,P-05 Jaw Breakers,4,0,0,51.0,P,20,15,1,65.0,Fall,4
6742,11-07-2025,P-08 Nutty Buddies,1,3,0,-3.0,P,17,18,1,-8.0,Fall,5
6743,11-07-2025,P-02 Spikes and Ike’s,0,4,0,-31.0,P,17,19,0,-18.0,Fall,6
6744,11-07-2025,P-07 Reese’s Pieces (of ass),3,1,0,9.0,P,14,22,0,-53.0,Fall,7
6745,11-07-2025,P-04 The SnM’s,1,2,1,-18.0,P,9,26,1,-115.0,Fall,8
6746,11-07-2025,P-06 Hot Ta-Mamas!,0,3,1,-33.0,P,6,29,1,-211.0,Fall,9
6747,11-14-2025,P-01 Pop rocks cock blocks,4,0,0,17.0,P,32,7,1,180.0,Fall,1
6748,11-14-2025,P-09 Taste My Rainbow,2,2,0,2.0,P,28,11,1,111.0,Fall,2
6749,11-14-2025,P-03 Blows Pop,3,1,0,17.0,P,25,15,0,85.0,Fall,3
6750,11-14-2025,P-05 Jaw Breakers,3,0,1,22.0,P,23,15,2,87.0,Fall,4
6751,11-14-2025,P-08 Nutty Buddies,1,2,1,-5.0,P,18,20,2,-13.0,Fall,5
6752,11-14-2025,P-02 Spikes and Ike’s,1,3,0,-17.0,P,18,22,0,-35.0,Fall,6
6753,11-14-2025,P-07 Reese’s Pieces (of ass),1,3,0,-8.0,P,15,25,0,-61.0,Fall,7
6754,11-14-2025,P-04 The SnM’s,1,3,0,-9.0,P,10,29,1,-124.0,Fall,8
6755,11-14-2025,P-06 Hot Ta-Mamas!,1,3,0,-19.0,P,7,32,1,-230.0,Fall,9
6756,11-21-2025,P-01 Pop rocks cock blocks,3,1,0,6.0,P,35,8,1,186.0,Fall,1
6757,11-21-2025,P-03 Blows Pop,4,0,0,28.0,P,29,15,0,113.0,Fall,2
6758,11-21-2025,P-09 Taste My Rainbow,0,4,0,-31.0,P,28,15,1,80.0,Fall,3
6759,11-21-2025,P-05 Jaw Breakers,3,1,0,25.0,P,26,16,2,112.0,Fall,4
6760,11-21-2025,P-08 Nutty Buddies,1,3,0,-7.0,P,19,23,2,-20.0,Fall,5
6761,11-21-2025,P-02 Spikes and Ike’s,0,0,4,0.0,P,18,22,4,-35.0,Fall,6
6762,11-21-2025,P-07 Reese’s Pieces (of ass),0,0,4,0.0,P,15,25,4,-61.0,Fall,7
6763,11-21-2025,P-04 The SnM’s,1,3,0,-21.0,P,11,32,1,-145.0,Fall,8
6764,11-21-2025,P-06 Hot Ta-Mamas!,0,0,4,0.0,P,7,32,5,-230.0,Fall,9
6765,08-22-2025,R-02 Guardians of The Net,4,0,0,31.0,R,4,0,0,31.0,Fall,1
6766,08-22-2025,R-03 Thunderballz,3,1,0,22.0,R,3,1,0,22.0,Fall,2
6767,08-22-2025,R-06 Spike Men: Days of the Slay Past,3,1,0,8.0,R,3,1,0,8.0,Fall,3
6768,08-22-2025,R-05 The PowerPass Girls,2,2,0,-10.0,R,2,2,0,-10.0,Fall,4
6769,08-22-2025,R-04 Spiketastic Seven,0,4,0,-21.0,R,0,4,0,-21.0,Fall,5
6770,08-22-2025,R-01 Hulk-Smash,0,4,0,-30.0,R,0,4,0,-30.0,Fall,6
6771,09-05-2025,R-02 Guardians of The Net,3,1,0,17.0,R,7,1,0,48.0,Fall,1
6772,09-05-2025,R-03 Thunderballz,3,1,0,7.0,R,6,2,0,29.0,Fall,2
6773,09-05-2025,R-06 Spike Men: Days of the Slay Past,0,4,0,-24.0,R,3,5,0,-16.0,Fall,3
6774,09-05-2025,R-01 Hulk-Smash,3,1,0,6.0,R,3,5,0,-24.0,Fall,4
6775,09-05-2025,R-05 The PowerPass Girls,1,3,0,-26.0,R,3,5,0,-36.0,Fall,5
6776,09-05-2025,R-04 Spiketastic Seven,2,2,0,20.0,R,2,6,0,-1.0,Fall,6
6777,09-12-2025,R-02 Guardians of The Net,3,1,0,13.0,R,10,2,0,61.0,Fall,1
6778,09-12-2025,R-03 Thunderballz,4,0,0,16.0,R,10,2,0,45.0,Fall,2
6779,09-12-2025,R-06 Spike Men: Days of the Slay Past,2,2,0,-3.0,R,5,7,0,-19.0,Fall,3
6780,09-12-2025,R-01 Hulk-Smash,1,3,0,-12.0,R,4,8,0,-36.0,Fall,4
6781,09-12-2025,R-05 The PowerPass Girls,1,3,0,-10.0,R,4,8,0,-46.0,Fall,5
6782,09-12-2025,R-04 Spiketastic Seven,1,3,0,-4.0,R,3,9,0,-5.0,Fall,6
6783,09-19-2025,R-02 Guardians of The Net,4,0,0,25.0,R,14,2,0,86.0,Fall,1
6784,09-19-2025,R-03 Thunderballz,3,0,1,22.0,R,13,2,1,67.0,Fall,2
6785,09-19-2025,R-06 Spike Men: Days of the Slay Past,2,1,1,8.0,R,7,8,1,-11.0,Fall,3
6786,09-19-2025,R-05 The PowerPass Girls,2,2,0,0.0,R,6,10,0,-46.0,Fall,4
6787,09-19-2025,R-01 Hulk-Smash,0,4,0,-30.0,R,4,12,0,-66.0,Fall,5
6788,09-19-2025,R-04 Spiketastic Seven,0,4,0,-25.0,R,3,13,0,-30.0,Fall,6
6789,09-26-2025,R-02 Guardians of The Net,3,1,0,12.0,R,17,3,0,98.0,Fall,1
6790,09-26-2025,R-03 Thunderballz,3,1,0,23.0,R,16,3,1,90.0,Fall,2
6791,09-26-2025,R-06 Spike Men: Days of the Slay Past,3,1,0,7.0,R,10,9,1,-4.0,Fall,3
6792,09-26-2025,R-05 The PowerPass Girls,1,3,0,-3.0,R,7,13,0,-49.0,Fall,4
6793,09-26-2025,R-01 Hulk-Smash,2,2,0,-4.0,R,6,14,0,-70.0,Fall,5
6794,09-26-2025,R-04 Spiketastic Seven,0,4,0,-35.0,R,3,17,0,-65.0,Fall,6
6795,10-10-2025,R-03 Thunderballz,4,0,0,34.0,R,20,3,1,124.0,Fall,1
6796,10-10-2025,R-02 Guardians of The Net,2,2,0,-8.0,R,19,5,0,90.0,Fall,2
6797,10-10-2025,R-06 Spike Men: Days of the Slay Past,1,3,0,-8.0,R,11,12,1,-12.0,Fall,3
6798,10-10-2025,R-05 The PowerPass Girls,3,1,0,16.0,R,10,14,0,-33.0,Fall,4
6799,10-10-2025,R-01 Hulk-Smash,1,3,0,-6.0,R,7,17,0,-76.0,Fall,5
6800,10-10-2025,R-04 Spiketastic Seven,1,3,0,-28.0,R,4,20,0,-93.0,Fall,6
6801,10-17-2025,R-03 Thunderballz,3,1,0,17.0,R,23,4,1,141.0,Fall,1
6802,10-17-2025,R-02 Guardians of The Net,4,0,0,35.0,R,23,5,0,125.0,Fall,2
6803,10-17-2025,R-06 Spike Men: Days of the Slay Past,2,2,0,-1.0,R,13,14,1,-13.0,Fall,3
6804,10-17-2025,R-05 The PowerPass Girls,0,4,0,-30.0,R,10,18,0,-63.0,Fall,4
6805,10-17-2025,R-01 Hulk-Smash,1,3,0,-16.0,R,8,20,0,-92.0,Fall,5
6806,10-17-2025,R-04 Spiketastic Seven,2,2,0,-5.0,R,6,22,0,-98.0,Fall,6
6807,10-24-2025,R-03 Thunderballz,4,0,0,17.0,R,27,4,1,158.0,Fall,1
6808,10-24-2025,R-02 Guardians of The Net,2,2,0,12.0,R,25,7,0,137.0,Fall,2
6809,10-24-2025,R-06 Spike Men: Days of the Slay Past,2,2,0,-3.0,R,15,16,1,-16.0,Fall,3
6810,10-24-2025,R-05 The PowerPass Girls,2,2,0,3.0,R,12,20,0,-60.0,Fall,4
6811,10-24-2025,R-01 Hulk-Smash,2,2,0,0.0,R,10,22,0,-92.0,Fall,5
6812,10-24-2025,R-04 Spiketastic Seven,0,4,0,-29.0,R,6,26,0,-127.0,Fall,6
6813,11-07-2025,R-03 Thunderballz,4,0,0,43.0,R,31,4,1,201.0,Fall,1
6814,11-07-2025,R-02 Guardians of The Net,1,3,0,-12.0,R,26,10,0,125.0,Fall,2
6815,11-07-2025,R-06 Spike Men: Days of the Slay Past,1,3,0,-31.0,R,16,19,1,-47.0,Fall,3
6816,11-07-2025,R-05 The PowerPass Girls,3,1,0,23.0,R,15,21,0,-37.0,Fall,4
6817,11-07-2025,R-01 Hulk-Smash,1,3,0,-18.0,R,11,25,0,-110.0,Fall,5
6818,11-07-2025,R-04 Spiketastic Seven,2,2,0,-5.0,R,8,28,0,-132.0,Fall,6
6819,11-14-2025,R-03 Thunderballz,3,1,0,-6.0,R,34,5,1,195.0,Fall,1
6820,11-14-2025,R-02 Guardians of The Net,3,1,0,20.0,R,29,11,0,145.0,Fall,2
6821,11-14-2025,R-05 The PowerPass Girls,3,1,0,10.0,R,18,22,0,-27.0,Fall,3
6822,11-14-2025,R-06 Spike Men: Days of the Slay Past,1,3,0,-3.0,R,17,22,1,-50.0,Fall,4
6823,11-14-2025,R-01 Hulk-Smash,2,2,0,9.0,R,13,27,0,-101.0,Fall,5
6824,11-14-2025,R-04 Spiketastic Seven,0,4,0,-30.0,R,8,32,0,-162.0,Fall,6
6825,11-21-2025,R-03 Thunderballz,2,2,0,-11.0,R,36,7,1,184.0,Fall,1
6826,11-21-2025,R-02 Guardians of The Net,4,0,0,31.0,R,33,11,0,176.0,Fall,2
6827,11-21-2025,R-06 Spike Men: Days of the Slay Past,4,0,0,17.0,R,21,22,1,-33.0,Fall,3
6828,11-21-2025,R-05 The PowerPass Girls,0,4,0,-20.0,R,18,26,0,-47.0,Fall,4
6829,11-21-2025,R-01 Hulk-Smash,0,4,0,-15.0,R,13,31,0,-116.0,Fall,5
6830,11-21-2025,R-04 Spiketastic Seven,2,2,0,-2.0,R,10,34,0,-164.0,Fall,6
6831,08-22-2025,S-08 - Goldi-Blocks,4,0,0,39.0,S,4,0,0,39.0,Fall,1
6832,08-22-2025,S-05 - The Prince And The Passer,4,0,0,24.0,S,4,0,0,24.0,Fall,2
6833,08-22-2025,S-07 - The Blockyardigans,4,0,0,23.0,S,4,0,0,23.0,Fall,3
6834,08-22-2025,S-15 - Green Eggs & Slam,3,1,0,17.0,S,3,1,0,17.0,Fall,4
6835,08-22-2025,S-12 - Dragon Tales And Hits,3,1,0,15.0,S,3,1,0,15.0,Fall,5
6836,08-22-2025,S-11 - Bumpty Dumpty v1,3,1,0,15.0,S,3,1,0,15.0,Fall,6
6837,08-22-2025,S-01 - Duck Duck Ace,3,1,0,4.0,S,3,1,0,4.0,Fall,7
6838,08-22-2025,S-18 - Six Blind Mice,2,1,1,11.0,S,2,1,1,11.0,Fall,8
6839,08-22-2025,S-09 - Bibbidi Boppity Boom!,2,2,0,15.0,S,2,2,0,15.0,Fall,9
6840,08-22-2025,S-13 - Block A Bye Baby,2,2,0,0.0,S,2,2,0,0.0,Fall,10
6841,08-22-2025,S-14 - Slam I Am,2,2,0,-2.0,S,2,2,0,-2.0,Fall,11
6842,08-22-2025,S-16 - If You Give A Mouse A Set,2,2,0,-5.0,S,2,2,0,-5.0,Fall,12
6843,08-22-2025,S-10 - Bump-ty Dump-tys,1,3,0,-4.0,S,1,3,0,-4.0,Fall,13
6844,08-22-2025,S-06 - Twinkerbells,0,3,1,-26.0,S,0,3,1,-26.0,Fall,14
6845,08-22-2025,S-02 - Itsy Bitsy Spikers,0,4,0,-22.0,S,0,4,0,-22.0,Fall,15
6846,08-22-2025,S-17 - Horton Hits A Shoot,0,4,0,-32.0,S,0,4,0,-32.0,Fall,16
6847,08-22-2025,S-04 - Little Red Spikers,0,4,0,-34.0,S,0,4,0,-34.0,Fall,17
6848,08-22-2025,S-03 - Not The Gumdrop Aces,0,4,0,-38.0,S,0,4,0,-38.0,Fall,18
6849,09-05-2025,S-05 - The Prince And The Passer,4,0,0,26.0,S,8,0,0,50.0,Fall,1
6850,09-05-2025,S-08 - Goldi-Blocks,3,1,0,7.0,S,7,1,0,46.0,Fall,2
6851,09-05-2025,S-12 - Dragon Tales And Hits,4,0,0,25.0,S,7,1,0,40.0,Fall,3
6852,09-05-2025,S-07 - The Blockyardigans,3,1,0,4.0,S,7,1,0,27.0,Fall,4
6853,09-05-2025,S-09 - Bibbidi Boppity Boom!,3,1,0,20.0,S,5,3,0,35.0,Fall,5
6854,09-05-2025,S-15 - Green Eggs & Slam,2,2,0,9.0,S,5,3,0,26.0,Fall,6
6855,09-05-2025,S-16 - If You Give A Mouse A Set,3,1,0,2.0,S,5,3,0,-3.0,Fall,7
6856,09-05-2025,S-13 - Block A Bye Baby,2,2,0,23.0,S,4,4,0,23.0,Fall,8
6857,09-05-2025,S-01 - Duck Duck Ace,1,3,0,2.0,S,4,4,0,6.0,Fall,9
6858,09-05-2025,S-11 - Bumpty Dumpty v1,1,3,0,-13.0,S,4,4,0,2.0,Fall,10
6859,09-05-2025,S-10 - Bump-ty Dump-tys,2,2,0,4.0,S,3,5,0,0.0,Fall,11
6860,09-05-2025,S-14 - Slam I Am,1,3,0,-16.0,S,3,5,0,-18.0,Fall,12
6861,09-05-2025,S-04 - Little Red Spikers,3,1,0,12.0,S,3,5,0,-22.0,Fall,13
6862,09-05-2025,S-18 - Six Blind Mice,0,4,0,-30.0,S,2,5,1,-19.0,Fall,14
6863,09-05-2025,S-02 - Itsy Bitsy Spikers,2,2,0,11.0,S,2,6,0,-11.0,Fall,15
6864,09-05-2025,S-06 - Twinkerbells,1,3,0,-27.0,S,1,6,1,-53.0,Fall,16
6865,09-05-2025,S-03 - Not The Gumdrop Aces,1,3,0,-27.0,S,1,7,0,-65.0,Fall,17
6866,09-05-2025,S-17 - Horton Hits A Shoot,0,4,0,-32.0,S,0,8,0,-64.0,Fall,18
6867,09-12-2025,S-07 - The Blockyardigans,4,0,0,61.0,S,11,1,0,88.0,Fall,1
6868,09-12-2025,S-05 - The Prince And The Passer,2,2,0,6.0,S,10,2,0,56.0,Fall,2
6869,09-12-2025,S-08 - Goldi-Blocks,2,2,0,-7.0,S,9,3,0,39.0,Fall,3
6870,09-12-2025,S-01 - Duck Duck Ace,4,0,0,52.0,S,8,4,0,58.0,Fall,4
6871,09-12-2025,S-12 - Dragon Tales And Hits,1,3,0,1.0,S,8,4,0,41.0,Fall,5
6872,09-12-2025,S-11 - Bumpty Dumpty v1,4,0,0,23.0,S,8,4,0,25.0,Fall,6
6873,09-12-2025,S-04 - Little Red Spikers,4,0,0,20.0,S,7,5,0,-2.0,Fall,7
6874,09-12-2025,S-13 - Block A Bye Baby,2,2,0,1.0,S,6,6,0,24.0,Fall,8
6875,09-12-2025,S-02 - Itsy Bitsy Spikers,4,0,0,30.0,S,6,6,0,19.0,Fall,9
6876,09-12-2025,S-09 - Bibbidi Boppity Boom!,1,3,0,-24.0,S,6,6,0,11.0,Fall,10
6877,09-12-2025,S-15 - Green Eggs & Slam,1,3,0,-21.0,S,6,6,0,5.0,Fall,11
6878,09-12-2025,S-16 - If You Give A Mouse A Set,1,3,0,-24.0,S,6,6,0,-27.0,Fall,12
6879,09-12-2025,S-10 - Bump-ty Dump-tys,1,3,0,-9.0,S,4,8,0,-9.0,Fall,13
6880,09-12-2025,S-18 - Six Blind Mice,1,3,0,-28.0,S,3,8,1,-47.0,Fall,14
6881,09-12-2025,S-03 - Not The Gumdrop Aces,2,2,0,3.0,S,3,9,0,-62.0,Fall,15
6882,09-12-2025,S-14 - Slam I Am,0,4,0,-100.0,S,3,9,0,-118.0,Fall,16
6883,09-12-2025,S-17 - Horton Hits A Shoot,2,2,0,39.0,S,2,10,0,-25.0,Fall,17
6884,09-12-2025,S-06 - Twinkerbells,0,4,0,-23.0,S,1,10,1,-76.0,Fall,18
6885,09-19-2025,S-05 - The Prince And The Passer,3,1,0,37.0,S,13,3,0,93.0,Fall,1
6886,09-19-2025,S-07 - The Blockyardigans,2,2,0,-10.0,S,13,3,0,78.0,Fall,2
6887,09-19-2025,S-11 - Bumpty Dumpty v1,3,1,0,17.0,S,11,5,0,42.0,Fall,3
6888,09-19-2025,S-01 - Duck Duck Ace,2,2,0,8.0,S,10,6,0,66.0,Fall,4
6889,09-19-2025,S-08 - Goldi-Blocks,1,3,0,-6.0,S,10,6,0,33.0,Fall,5
6890,09-19-2025,S-16 - If You Give A Mouse A Set,4,0,0,29.0,S,10,6,0,2.0,Fall,6
6891,09-19-2025,S-12 - Dragon Tales And Hits,1,3,0,-6.0,S,9,7,0,35.0,Fall,7
6892,09-19-2025,S-09 - Bibbidi Boppity Boom!,3,1,0,14.0,S,9,7,0,25.0,Fall,8
6893,09-19-2025,S-04 - Little Red Spikers,2,2,0,-2.0,S,9,7,0,-4.0,Fall,9
6894,09-19-2025,S-02 - Itsy Bitsy Spikers,2,1,1,8.0,S,8,7,1,27.0,Fall,10
6895,09-19-2025,S-15 - Green Eggs & Slam,1,3,0,-23.0,S,7,9,0,-18.0,Fall,11
6896,09-19-2025,S-13 - Block A Bye Baby,0,3,1,-22.0,S,6,9,1,2.0,Fall,12
6897,09-19-2025,S-18 - Six Blind Mice,3,1,0,16.0,S,6,9,1,-31.0,Fall,13
6898,09-19-2025,S-10 - Bump-ty Dump-tys,2,2,0,-1.0,S,6,10,0,-10.0,Fall,14
6899,09-19-2025,S-03 - Not The Gumdrop Aces,2,2,0,-10.0,S,5,11,0,-72.0,Fall,15
6900,09-19-2025,S-14 - Slam I Am,2,2,0,3.0,S,5,11,0,-115.0,Fall,16
6901,09-19-2025,S-17 - Horton Hits A Shoot,1,3,0,-27.0,S,3,13,0,-52.0,Fall,17
6902,09-19-2025,S-06 - Twinkerbells,1,3,0,-25.0,S,2,13,1,-101.0,Fall,18
6903,09-26-2025,S-07 - The Blockyardigans,2,1,1,6.0,S,15,4,1,84.0,Fall,1
6904,09-26-2025,S-05 - The Prince And The Passer,2,2,0,-18.0,S,15,5,0,75.0,Fall,2
6905,09-26-2025,S-11 - Bumpty Dumpty v1,3,1,0,32.0,S,14,6,0,74.0,Fall,3
6906,09-26-2025,S-08 - Goldi-Blocks,4,0,0,24.0,S,14,6,0,57.0,Fall,4
6907,09-26-2025,S-01 - Duck Duck Ace,3,1,0,8.0,S,13,7,0,74.0,Fall,5
6908,09-26-2025,S-12 - Dragon Tales And Hits,4,0,0,33.0,S,13,7,0,68.0,Fall,6
6909,09-26-2025,S-09 - Bibbidi Boppity Boom!,3,1,0,23.0,S,12,8,0,48.0,Fall,7
6910,09-26-2025,S-16 - If You Give A Mouse A Set,1,3,0,-32.0,S,11,9,0,-30.0,Fall,8
6911,09-26-2025,S-02 - Itsy Bitsy Spikers,2,2,0,5.0,S,10,9,1,32.0,Fall,9
6912,09-26-2025,S-04 - Little Red Spikers,1,3,0,-14.0,S,10,10,0,-18.0,Fall,10
6913,09-26-2025,S-03 - Not The Gumdrop Aces,4,0,0,22.0,S,9,11,0,-50.0,Fall,11
6914,09-26-2025,S-10 - Bump-ty Dump-tys,2,2,0,-11.0,S,8,12,0,-21.0,Fall,12
6915,09-26-2025,S-13 - Block A Bye Baby,1,3,0,-16.0,S,7,12,1,-14.0,Fall,13
6916,09-26-2025,S-15 - Green Eggs & Slam,0,3,1,-14.0,S,7,12,1,-32.0,Fall,14
6917,09-26-2025,S-18 - Six Blind Mice,1,3,0,-6.0,S,7,12,1,-37.0,Fall,15
6918,09-26-2025,S-14 - Slam I Am,2,2,0,9.0,S,7,13,0,-106.0,Fall,16
6919,09-26-2025,S-17 - Horton Hits A Shoot,0,4,0,-38.0,S,3,17,0,-90.0,Fall,17
6920,09-26-2025,S-06 - Twinkerbells,0,4,0,-13.0,S,2,17,1,-114.0,Fall,18
6921,10-10-2025,S-07 - The Blockyardigans,3,1,0,10.0,S,18,5,1,94.0,Fall,1
6922,10-10-2025,S-11 - Bumpty Dumpty v1,4,0,0,64.0,S,18,6,0,138.0,Fall,2
6923,10-10-2025,S-05 - The Prince And The Passer,2,2,0,5.0,S,17,7,0,80.0,Fall,3
6924,10-10-2025,S-01 - Duck Duck Ace,2,2,0,5.0,S,15,9,0,79.0,Fall,4
6925,10-10-2025,S-12 - Dragon Tales And Hits,1,3,0,-9.0,S,14,10,0,59.0,Fall,5
6926,10-10-2025,S-08 - Goldi-Blocks,0,4,0,-18.0,S,14,10,0,39.0,Fall,6
6927,10-10-2025,S-09 - Bibbidi Boppity Boom!,2,2,0,-10.0,S,14,10,0,38.0,Fall,7
6928,10-10-2025,S-16 - If You Give A Mouse A Set,3,1,0,19.0,S,14,10,0,-11.0,Fall,8
6929,10-10-2025,S-02 - Itsy Bitsy Spikers,3,0,1,23.0,S,13,9,2,55.0,Fall,9
6930,10-10-2025,S-04 - Little Red Spikers,2,2,0,-6.0,S,12,12,0,-24.0,Fall,10
6931,10-10-2025,S-03 - Not The Gumdrop Aces,2,1,1,-5.0,S,11,12,1,-55.0,Fall,11
6932,10-10-2025,S-15 - Green Eggs & Slam,3,1,0,6.0,S,10,13,1,-26.0,Fall,12
6933,10-10-2025,S-10 - Bump-ty Dump-tys,2,2,0,-1.0,S,10,14,0,-22.0,Fall,13
6934,10-10-2025,S-14 - Slam I Am,2,2,0,36.0,S,9,15,0,-70.0,Fall,14
6935,10-10-2025,S-13 - Block A Bye Baby,1,3,0,0.0,S,8,15,1,-14.0,Fall,15
6936,10-10-2025,S-18 - Six Blind Mice,0,4,0,-100.0,S,7,16,1,-137.0,Fall,16
6937,10-10-2025,S-06 - Twinkerbells,2,2,0,-1.0,S,4,19,1,-115.0,Fall,17
6938,10-10-2025,S-17 - Horton Hits A Shoot,1,3,0,-18.0,S,4,20,0,-108.0,Fall,18
6939,10-17-2025,S-11 - Bumpty Dumpty v1,4,0,0,23.0,S,22,6,0,161.0,Fall,1
6940,10-17-2025,S-07 - The Blockyardigans,2,2,0,5.0,S,20,7,1,99.0,Fall,2
6941,10-17-2025,S-01 - Duck Duck Ace,3,0,1,24.0,S,18,9,1,103.0,Fall,3
6942,10-17-2025,S-05 - The Prince And The Passer,1,3,0,-19.0,S,18,10,0,61.0,Fall,4
6943,10-17-2025,S-02 - Itsy Bitsy Spikers,4,0,0,62.0,S,17,9,2,117.0,Fall,5
6944,10-17-2025,S-09 - Bibbidi Boppity Boom!,3,0,1,16.0,S,17,10,1,54.0,Fall,6
6945,10-17-2025,S-16 - If You Give A Mouse A Set,3,1,0,14.0,S,17,11,0,3.0,Fall,7
6946,10-17-2025,S-08 - Goldi-Blocks,1,2,1,2.0,S,15,12,1,41.0,Fall,8
6947,10-17-2025,S-12 - Dragon Tales And Hits,1,3,0,-13.0,S,15,13,0,46.0,Fall,9
6948,10-17-2025,S-04 - Little Red Spikers,2,2,0,38.0,S,14,14,0,14.0,Fall,10
6949,10-17-2025,S-03 - Not The Gumdrop Aces,1,3,0,-12.0,S,12,15,1,-67.0,Fall,11
6950,10-17-2025,S-13 - Block A Bye Baby,3,1,0,24.0,S,11,16,1,10.0,Fall,12
6951,10-17-2025,S-15 - Green Eggs & Slam,1,3,0,-10.0,S,11,16,1,-36.0,Fall,13
6952,10-17-2025,S-10 - Bump-ty Dump-tys,1,3,0,-11.0,S,11,17,0,-33.0,Fall,14
6953,10-17-2025,S-14 - Slam I Am,2,2,0,-11.0,S,11,17,0,-81.0,Fall,15
6954,10-17-2025,S-18 - Six Blind Mice,0,4,0,-100.0,S,7,20,1,-237.0,Fall,16
6955,10-17-2025,S-06 - Twinkerbells,1,2,1,-6.0,S,5,21,2,-121.0,Fall,17
6956,10-17-2025,S-17 - Horton Hits A Shoot,1,3,0,-26.0,S,5,23,0,-134.0,Fall,18
6957,10-24-2025,S-11 - Bumpty Dumpty v1,2,2,0,16.0,S,24,8,0,177.0,Fall,1
6958,10-24-2025,S-05 - The Prince And The Passer,4,0,0,45.0,S,22,10,0,106.0,Fall,2
6959,10-24-2025,S-09 - Bibbidi Boppity Boom!,4,0,0,39.0,S,21,10,1,93.0,Fall,3
6960,10-24-2025,S-02 - Itsy Bitsy Spikers,3,1,0,13.0,S,20,10,2,130.0,Fall,4
6961,10-24-2025,S-01 - Duck Duck Ace,2,2,0,-4.0,S,20,11,1,99.0,Fall,5
6962,10-24-2025,S-07 - The Blockyardigans,0,4,0,-27.0,S,20,11,1,72.0,Fall,6
6963,10-24-2025,S-16 - If You Give A Mouse A Set,3,1,0,3.0,S,20,12,0,6.0,Fall,7
6964,10-24-2025,S-08 - Goldi-Blocks,4,0,0,11.0,S,19,12,1,52.0,Fall,8
6965,10-24-2025,S-12 - Dragon Tales And Hits,2,2,0,-1.0,S,17,15,0,45.0,Fall,9
6966,10-24-2025,S-04 - Little Red Spikers,2,2,0,5.0,S,16,16,0,19.0,Fall,10
6967,10-24-2025,S-14 - Slam I Am,3,1,0,13.0,S,14,18,0,-68.0,Fall,11
6968,10-24-2025,S-15 - Green Eggs & Slam,2,2,0,-10.0,S,13,18,1,-46.0,Fall,12
6969,10-24-2025,S-13 - Block A Bye Baby,1,2,1,-2.0,S,12,18,2,8.0,Fall,13
6970,10-24-2025,S-10 - Bump-ty Dump-tys,1,2,1,-1.0,S,12,19,1,-34.0,Fall,14
6971,10-24-2025,S-03 - Not The Gumdrop Aces,0,4,0,-35.0,S,12,19,1,-102.0,Fall,15
6972,10-24-2025,S-18 - Six Blind Mice,1,3,0,-14.0,S,8,23,1,-251.0,Fall,16
6973,10-24-2025,S-17 - Horton Hits A Shoot,1,3,0,-25.0,S,6,26,0,-159.0,Fall,17
6974,10-24-2025,S-06 - Twinkerbells,0,4,0,-26.0,S,5,25,2,-147.0,Fall,18
6975,11-07-2025,S-11 - Bumpty Dumpty v1,3,1,0,4.0,S,27,9,0,181.0,Fall,1
6976,11-07-2025,S-05 - The Prince And The Passer,3,1,0,56.0,S,25,11,0,162.0,Fall,2
6977,11-07-2025,S-02 - Itsy Bitsy Spikers,4,0,0,20.0,S,24,10,2,150.0,Fall,3
6978,11-07-2025,S-09 - Bibbidi Boppity Boom!,2,2,0,-1.0,S,23,12,1,92.0,Fall,4
6979,11-07-2025,S-16 - If You Give A Mouse A Set,3,1,0,17.0,S,23,13,0,23.0,Fall,5
6980,11-07-2025,S-07 - The Blockyardigans,2,2,0,0.0,S,22,13,1,72.0,Fall,6
6981,11-07-2025,S-01 - Duck Duck Ace,0,4,0,-20.0,S,20,15,1,79.0,Fall,7
6982,11-07-2025,S-08 - Goldi-Blocks,1,3,0,-18.0,S,20,15,1,34.0,Fall,8
6983,11-07-2025,S-12 - Dragon Tales And Hits,3,1,0,44.0,S,20,16,0,89.0,Fall,9
6984,11-07-2025,S-04 - Little Red Spikers,3,1,0,20.0,S,19,17,0,39.0,Fall,10
6985,11-07-2025,S-15 - Green Eggs & Slam,4,0,0,57.0,S,17,18,1,11.0,Fall,11
6986,11-07-2025,S-14 - Slam I Am,3,1,0,5.0,S,17,19,0,-63.0,Fall,12
6987,11-07-2025,S-10 - Bump-ty Dump-tys,3,1,0,19.0,S,15,20,1,-15.0,Fall,13
6988,11-07-2025,S-13 - Block A Bye Baby,0,4,0,-24.0,S,12,22,2,-16.0,Fall,14
6989,11-07-2025,S-03 - Not The Gumdrop Aces,0,4,0,-22.0,S,12,23,1,-124.0,Fall,15
6990,11-07-2025,S-18 - Six Blind Mice,0,4,0,-100.0,S,8,27,1,-351.0,Fall,16
6991,11-07-2025,S-17 - Horton Hits A Shoot,2,2,0,43.0,S,8,28,0,-116.0,Fall,17
6992,11-07-2025,S-06 - Twinkerbells,0,4,0,-100.0,S,5,29,2,-247.0,Fall,18
6993,11-14-2025,S-11 - Bumpty Dumpty v1,2,2,0,2.0,S,29,11,0,183.0,Fall,1
6994,11-14-2025,S-05 - The Prince And The Passer,2,2,0,-5.0,S,27,13,0,157.0,Fall,2
6995,11-14-2025,S-09 - Bibbidi Boppity Boom!,3,1,0,26.0,S,26,13,1,118.0,Fall,3
6996,11-14-2025,S-07 - The Blockyardigans,4,0,0,26.0,S,26,13,1,98.0,Fall,4
6997,11-14-2025,S-02 - Itsy Bitsy Spikers,1,3,0,-13.0,S,25,13,2,137.0,Fall,5
6998,11-14-2025,S-16 - If You Give A Mouse A Set,1,3,0,0.0,S,24,16,0,23.0,Fall,6
6999,11-14-2025,S-08 - Goldi-Blocks,3,1,0,13.0,S,23,16,1,47.0,Fall,7
7000,11-14-2025,S-01 - Duck Duck Ace,2,2,0,2.0,S,22,17,1,81.0,Fall,8
7001,11-14-2025,S-12 - Dragon Tales And Hits,2,2,0,-1.0,S,22,18,0,88.0,Fall,9
7002,11-14-2025,S-14 - Slam I Am,4,0,0,53.0,S,21,19,0,-10.0,Fall,10
7003,11-14-2025,S-04 - Little Red Spikers,1,3,0,-12.0,S,20,20,0,27.0,Fall,11
7004,11-14-2025,S-10 - Bump-ty Dump-tys,4,0,0,34.0,S,19,20,1,19.0,Fall,12
7005,11-14-2025,S-15 - Green Eggs & Slam,0,4,0,-28.0,S,17,22,1,-17.0,Fall,13
7006,11-14-2025,S-13 - Block A Bye Baby,3,1,0,5.0,S,15,23,2,-11.0,Fall,14
7007,11-14-2025,S-03 - Not The Gumdrop Aces,2,2,0,47.0,S,14,25,1,-77.0,Fall,15
7008,11-14-2025,S-18 - Six Blind Mice,0,4,0,-100.0,S,8,31,1,-451.0,Fall,16
7009,11-14-2025,S-17 - Horton Hits A Shoot,0,4,0,-36.0,S,8,32,0,-152.0,Fall,17
7010,11-14-2025,S-06 - Twinkerbells,2,2,0,-13.0,S,7,31,2,-260.0,Fall,18
7011,11-21-2025,S-11 - Bumpty Dumpty v1,3,1,0,20.0,S,32,12,0,203.0,Fall,1
7012,11-21-2025,S-02 - Itsy Bitsy Spikers,4,0,0,9.0,S,29,13,2,146.0,Fall,2
7013,11-21-2025,S-07 - The Blockyardigans,3,1,0,8.0,S,29,14,1,106.0,Fall,3
7014,11-21-2025,S-05 - The Prince And The Passer,2,2,0,7.0,S,29,15,0,164.0,Fall,4
7015,11-21-2025,S-09 - Bibbidi Boppity Boom!,1,3,0,-21.0,S,27,16,1,97.0,Fall,5
7016,11-21-2025,S-16 - If You Give A Mouse A Set,2,2,0,1.0,S,26,18,0,24.0,Fall,6
7017,11-21-2025,S-08 - Goldi-Blocks,2,2,0,-4.0,S,25,18,1,43.0,Fall,7
7018,11-21-2025,S-14 - Slam I Am,4,0,0,16.0,S,25,19,0,6.0,Fall,8
7019,11-21-2025,S-01 - Duck Duck Ace,2,2,0,5.0,S,24,19,1,86.0,Fall,9
7020,11-21-2025,S-12 - Dragon Tales And Hits,1,3,0,-13.0,S,23,21,0,75.0,Fall,10
7021,11-21-2025,S-04 - Little Red Spikers,3,1,0,14.0,S,23,21,0,41.0,Fall,11
7022,11-21-2025,S-10 - Bump-ty Dump-tys,3,1,0,6.0,S,22,21,1,25.0,Fall,12
7023,11-21-2025,S-15 - Green Eggs & Slam,2,2,0,-9.0,S,19,24,1,-26.0,Fall,13
7024,11-21-2025,S-13 - Block A Bye Baby,3,1,0,20.0,S,18,24,2,9.0,Fall,14
7025,11-21-2025,S-03 - Not The Gumdrop Aces,0,4,0,-22.0,S,14,29,1,-99.0,Fall,15
7026,11-21-2025,S-17 - Horton Hits A Shoot,1,3,0,-16.0,S,9,35,0,-168.0,Fall,16
7027,11-21-2025,S-18 - Six Blind Mice,0,4,0,0.0,S,8,35,1,-451.0,Fall,17
7028,11-21-2025,S-06 - Twinkerbells,0,4,0,-21.0,S,7,35,2,-281.0,Fall,18
7029,01-23-2026,A-01 Hue’s Your Daddy,0,0,0,0.0,A,0,0,0,0.0,Spring,1
7030,01-23-2026,A-18 Rosebuds,0,0,0,0.0,A,0,0,0,0.0,Spring,2
7031,01-23-2026,A-17 Brown Beaver Baddies,0,0,0,0.0,A,0,0,0,0.0,Spring,3
7032,01-23-2026,A-16 50 Shades of Slay,0,0,0,0.0,A,0,0,0,0.0,Spring,4
7033,01-23-2026,A-15 Spikadelic,0,0,0,0.0,A,0,0,0,0.0,Spring,5
7034,01-23-2026,A-14 ROYGDig,0,0,0,0.0,A,0,0,0,0.0,Spring,6
7035,01-23-2026,A-13 Blue Ball Control,0,0,0,0.0,A,0,0,0,0.0,Spring,7
7036,01-23-2026,A-12 Mint Condition,0,0,0,0.0,A,0,0,0,0.0,Spring,8
7037,01-23-2026,A-10,0,0,0,0.0,A,0,0,0,0.0,Spring,9
7038,01-23-2026,A-09 Serve the Rainbow,0,0,0,0.0,A,0,0,0,0.0,Spring,10
7039,01-23-2026,A-08 Crayon Crunchers,0,0,0,0.0,A,0,0,0,0.0,Spring,11
7040,01-23-2026,A-07 Orange You Glad We Serve,0,0,0,0.0,A,0,0,0,0.0,Spring,12
7041,01-23-2026,A-06 Red Bottoms,0,0,0,0.0,A,0,0,0,0.0,Spring,13
7042,01-23-2026,A-05 Send Nudes,0,0,0,0.0,A,0,0,0,0.0,Spring,14
7043,01-23-2026,A-04,0,0,0,0.0,A,0,0,0,0.0,Spring,15
7044,01-23-2026,A-03 Chromatic Chaos,0,0,0,0.0,A,0,0,0,0.0,Spring,16
7045,01-23-2026,A-11 Paint the Town Red,0,0,0,0.0,A,0,0,0,0.0,Spring,17
7046,01-23-2026,A-02 Fifty Shades of Gay,0,0,0,0.0,A,0,0,0,0.0,Spring,18
7047,01-30-2026,A-08 Crayon Crunchers,4,0,0,38.0,A,4,0,0,38.0,Spring,1
7048,01-30-2026,A-16 50 Shades of Slay,4,0,0,8.0,A,4,0,0,8.0,Spring,2
7049,01-30-2026,A-07 Orange You Glad We Serve,3,1,0,15.0,A,3,1,0,15.0,Spring,3
7050,01-30-2026,A-14 ROYGDig,3,1,0,9.0,A,3,1,0,9.0,Spring,4
7051,01-30-2026,A-18 Rosebuds,3,1,0,6.0,A,3,1,0,6.0,Spring,5
7052,01-30-2026,A-02 Fifty Shades of Gay,2,1,1,17.0,A,2,1,1,17.0,Spring,6
7053,01-30-2026,A-04,2,1,1,6.0,A,2,1,1,6.0,Spring,7
7054,01-30-2026,A-01 Hue’s Your Daddy,2,1,1,4.0,A,2,1,1,4.0,Spring,8
7055,01-30-2026,A-05 Send Nudes,2,2,0,7.0,A,2,2,0,7.0,Spring,9
7056,01-30-2026,A-03 Chromatic Chaos,2,2,0,-4.0,A,2,2,0,-4.0,Spring,10
7057,01-30-2026,A-11 Paint the Town Red,2,2,0,-13.0,A,2,2,0,-13.0,Spring,11
7058,01-30-2026,A-13 Blue Ball Control,1,3,0,-1.0,A,1,3,0,-1.0,Spring,12
7059,01-30-2026,A-10,1,3,0,-7.0,A,1,3,0,-7.0,Spring,13
7060,01-30-2026,A-15 Spikadelic,1,3,0,-11.0,A,1,3,0,-11.0,Spring,14
7061,01-30-2026,A-06 Red Bottoms,1,3,0,-13.0,A,1,3,0,-13.0,Spring,15
7062,01-30-2026,A-09 Serve the Rainbow,1,3,0,-21.0,A,1,3,0,-21.0,Spring,16
7063,01-30-2026,A-17 Brown Beaver Baddies,0,3,1,-15.0,A,0,3,1,-15.0,Spring,17
7064,01-30-2026,A-12 Mint Condition,0,4,0,-25.0,A,0,4,0,-25.0,Spring,18
7065,02-06-2026,A-16 50 Shades of Slay,2,2,0,-4.0,A,6,2,0,4.0,Spring,1
7066,02-06-2026,A-01 Hue’s Your Daddy,3,1,0,20.0,A,5,2,1,24.0,Spring,2
7067,02-06-2026,A-11 Paint the Town Red,3,1,0,17.0,A,5,3,0,4.0,Spring,3
7068,02-06-2026,A-07 Orange You Glad We Serve,2,2,0,-17.0,A,5,3,0,-2.0,Spring,4
7069,02-06-2026,A-02 Fifty Shades of Gay,2,2,0,10.0,A,4,3,1,27.0,Spring,5
7070,02-06-2026,A-08 Crayon Crunchers,0,3,1,-21.0,A,4,3,1,17.0,Spring,6
7071,02-06-2026,A-15 Spikadelic,3,0,1,20.0,A,4,3,1,9.0,Spring,7
7072,02-06-2026,A-10,3,1,0,25.0,A,4,4,0,18.0,Spring,8
7073,02-06-2026,A-18 Rosebuds,1,3,0,7.0,A,4,4,0,13.0,Spring,9
7074,02-06-2026,A-13 Blue Ball Control,3,1,0,10.0,A,4,4,0,9.0,Spring,10
7075,02-06-2026,A-05 Send Nudes,2,2,0,1.0,A,4,4,0,8.0,Spring,11
7076,02-06-2026,A-06 Red Bottoms,2,1,1,9.0,A,3,4,1,-4.0,Spring,12
7077,02-06-2026,A-14 ROYGDig,0,3,1,-26.0,A,3,4,1,-17.0,Spring,13
7078,02-06-2026,A-04,1,3,0,-35.0,A,3,4,1,-29.0,Spring,14
7079,02-06-2026,A-12 Mint Condition,3,1,0,30.0,A,3,5,0,5.0,Spring,15
7080,02-06-2026,A-03 Chromatic Chaos,1,3,0,-16.0,A,3,5,0,-20.0,Spring,16
7081,02-06-2026,A-09 Serve the Rainbow,2,2,0,-3.0,A,3,5,0,-24.0,Spring,17
7082,02-06-2026,A-17 Brown Beaver Baddies,1,3,0,-27.0,A,1,6,1,-42.0,Spring,18
7083,02-20-2026,A-16 50 Shades of Slay,3,1,0,11.0,A,9,3,0,15.0,Spring,1
7084,02-20-2026,A-01 Hue’s Your Daddy,3,1,0,2.0,A,8,3,1,26.0,Spring,2
7085,02-20-2026,A-05 Send Nudes,4,0,0,23.0,A,8,4,0,31.0,Spring,3
7086,02-20-2026,A-07 Orange You Glad We Serve,3,1,0,21.0,A,8,4,0,19.0,Spring,4
7087,02-20-2026,A-18 Rosebuds,3,0,1,19.0,A,7,4,1,32.0,Spring,5
7088,02-20-2026,A-10,3,1,0,25.0,A,7,5,0,43.0,Spring,6
7089,02-20-2026,A-15 Spikadelic,2,2,0,-6.0,A,6,5,1,3.0,Spring,7
7090,02-20-2026,A-13 Blue Ball Control,2,2,0,14.0,A,6,6,0,23.0,Spring,8
7091,02-20-2026,A-11 Paint the Town Red,1,3,0,-19.0,A,6,6,0,-15.0,Spring,9
7092,02-20-2026,A-02 Fifty Shades of Gay,1,3,0,-4.0,A,5,6,1,23.0,Spring,10
7093,02-20-2026,A-08 Crayon Crunchers,1,3,0,-12.0,A,5,6,1,5.0,Spring,11
7094,02-20-2026,A-04,2,2,0,-2.0,A,5,6,1,-31.0,Spring,12
7095,02-20-2026,A-14 ROYGDig,1,2,1,-7.0,A,4,6,2,-24.0,Spring,13
7096,02-20-2026,A-06 Red Bottoms,1,3,0,-28.0,A,4,7,1,-32.0,Spring,14
7097,02-20-2026,A-12 Mint Condition,1,3,0,-16.0,A,4,8,0,-11.0,Spring,15
7098,02-20-2026,A-09 Serve the Rainbow,1,3,0,-9.0,A,4,8,0,-33.0,Spring,16
7099,02-20-2026,A-03 Chromatic Chaos,1,3,0,-19.0,A,4,8,0,-39.0,Spring,17
7100,02-20-2026,A-17 Brown Beaver Baddies,2,2,0,7.0,A,3,8,1,-35.0,Spring,18
7101,02-27-2026,A-16 50 Shades of Slay,0,0,0,0.0,A,9,3,0,15.0,Spring,1
7102,02-27-2026,A-01 Hue’s Your Daddy,0,0,0,0.0,A,8,3,1,26.0,Spring,2
7103,02-27-2026,A-05 Send Nudes,0,0,0,0.0,A,8,4,0,31.0,Spring,3
7104,02-27-2026,A-07 Orange You Glad We Serve,0,0,0,0.0,A,8,4,0,19.0,Spring,4
7105,02-27-2026,A-18 Rosebuds,0,0,0,0.0,A,7,4,1,32.0,Spring,5
7106,02-27-2026,A-10,0,0,0,0.0,A,7,5,0,43.0,Spring,6
7107,02-27-2026,A-15 Spikadelic,0,0,0,0.0,A,6,5,1,3.0,Spring,7
7108,02-27-2026,A-13 Blue Ball Control,0,0,0,0.0,A,6,6,0,23.0,Spring,8
7109,02-27-2026,A-11 Paint the Town Red,0,0,0,0.0,A,6,6,0,-15.0,Spring,9
7110,02-27-2026,A-02 Fifty Shades of Gay,0,0,0,0.0,A,5,6,1,23.0,Spring,10
7111,02-27-2026,A-08 Crayon Crunchers,0,0,0,0.0,A,5,6,1,5.0,Spring,11
7112,02-27-2026,A-04,0,0,0,0.0,A,5,6,1,-31.0,Spring,12
7113,02-27-2026,A-14 ROYGDig,0,0,0,0.0,A,4,6,2,-24.0,Spring,13
7114,02-27-2026,A-06 Red Bottoms,0,0,0,0.0,A,4,7,1,-32.0,Spring,14
7115,02-27-2026,A-12 Mint Condition,0,0,0,0.0,A,4,8,0,-11.0,Spring,15
7116,02-27-2026,A-09 Serve the Rainbow,0,0,0,0.0,A,4,8,0,-33.0,Spring,16
7117,02-27-2026,A-03 Chromatic Chaos,0,0,0,0.0,A,4,8,0,-39.0,Spring,17
7118,02-27-2026,A-17 Brown Beaver Baddies,0,0,0,0.0,A,3,8,1,-35.0,Spring,18
7119,03-06-2026,A-07 Orange You Glad We Serve,4,0,0,28.0,A,12,4,0,47.0,Spring,1
7120,03-06-2026,A-05 Send Nudes,3,1,0,6.0,A,11,5,0,37.0,Spring,2
7121,03-06-2026,A-18 Rosebuds,3,1,0,10.0,A,10,5,1,42.0,Spring,3
7122,03-06-2026,A-10,3,1,0,22.0,A,10,6,0,65.0,Spring,4
7123,03-06-2026,A-15 Spikadelic,3,1,0,36.0,A,9,6,1,39.0,Spring,5
7124,03-06-2026,A-16 50 Shades of Slay,0,4,0,-14.0,A,9,7,0,1.0,Spring,6
7125,03-06-2026,A-08 Crayon Crunchers,3,0,1,16.0,A,8,6,2,21.0,Spring,7
7126,03-06-2026,A-01 Hue’s Your Daddy,0,4,0,-28.0,A,8,7,1,-2.0,Spring,8
7127,03-06-2026,A-11 Paint the Town Red,2,2,0,3.0,A,8,8,0,-12.0,Spring,9
7128,03-06-2026,A-14 ROYGDig,3,1,0,-4.0,A,7,7,2,-28.0,Spring,10
7129,03-06-2026,A-02 Fifty Shades of Gay,2,2,0,11.0,A,7,8,1,34.0,Spring,11
7130,03-06-2026,A-13 Blue Ball Control,1,3,0,-7.0,A,7,9,0,16.0,Spring,12
7131,03-06-2026,A-06 Red Bottoms,2,1,1,-2.0,A,6,8,2,-34.0,Spring,13
7132,03-06-2026,A-12 Mint Condition,2,2,0,0.0,A,6,10,0,-11.0,Spring,14
7133,03-06-2026,A-09 Serve the Rainbow,2,2,0,3.0,A,6,10,0,-30.0,Spring,15
7134,03-06-2026,A-03 Chromatic Chaos,2,2,0,-6.0,A,6,10,0,-45.0,Spring,16
7135,03-06-2026,A-04,0,4,0,-28.0,A,5,10,1,-59.0,Spring,17
7136,03-06-2026,A-17 Brown Beaver Baddies,0,4,0,-46.0,A,3,12,1,-81.0,Spring,18
7137,03-20-2026,A-07 Orange You Glad We Serve,0,0,0,0.0,A,12,4,0,47.0,Spring,1
7138,03-20-2026,A-05 Send Nudes,0,0,0,0.0,A,11,5,0,37.0,Spring,2
7139,03-20-2026,A-18 Rosebuds,0,0,0,0.0,A,10,5,1,42.0,Spring,3
7140,03-20-2026,A-10,0,0,0,0.0,A,10,6,0,65.0,Spring,4
7141,03-20-2026,A-15 Spikadelic,0,0,0,0.0,A,9,6,1,39.0,Spring,5
7142,03-20-2026,A-16 50 Shades of Slay,0,0,0,0.0,A,9,7,0,1.0,Spring,6
7143,03-20-2026,A-08 Crayon Crunchers,0,0,0,0.0,A,8,6,2,21.0,Spring,7
7144,03-20-2026,A-01 Hue’s Your Daddy,0,0,0,0.0,A,8,7,1,-2.0,Spring,8
7145,03-20-2026,A-11 Paint the Town Red,0,0,0,0.0,A,8,8,0,-12.0,Spring,9
7146,03-20-2026,A-14 ROYGDig,0,0,0,0.0,A,7,7,2,-28.0,Spring,10
7147,03-20-2026,A-02 Fifty Shades of Gay,0,0,0,0.0,A,7,8,1,34.0,Spring,11
7148,03-20-2026,A-13 Blue Ball Control,0,0,0,0.0,A,7,9,0,16.0,Spring,12
7149,03-20-2026,A-06 Red Bottoms,0,0,0,0.0,A,6,8,2,-34.0,Spring,13
7150,03-20-2026,A-12 Mint Condition,0,0,0,0.0,A,6,10,0,-11.0,Spring,14
7151,03-20-2026,A-09 Serve the Rainbow,0,0,0,0.0,A,6,10,0,-30.0,Spring,15
7152,03-20-2026,A-03 Chromatic Chaos,0,0,0,0.0,A,6,10,0,-45.0,Spring,16
7153,03-20-2026,A-04,0,0,0,0.0,A,5,10,1,-59.0,Spring,17
7154,03-20-2026,A-17 Brown Beaver Baddies,0,0,0,0.0,A,3,12,1,-81.0,Spring,18
7155,03-27-2026,A-07 Orange You Glad We Serve,0,0,0,0.0,A,12,4,0,47.0,Spring,1
7156,03-27-2026,A-05 Send Nudes,0,0,0,0.0,A,11,5,0,37.0,Spring,2
7157,03-27-2026,A-18 Rosebuds,0,0,0,0.0,A,10,5,1,42.0,Spring,3
7158,03-27-2026,A-10,0,0,0,0.0,A,10,6,0,65.0,Spring,4
7159,03-27-2026,A-15 Spikadelic,0,0,0,0.0,A,9,6,1,39.0,Spring,5
7160,03-27-2026,A-16 50 Shades of Slay,0,0,0,0.0,A,9,7,0,1.0,Spring,6
7161,03-27-2026,A-08 Crayon Crunchers,0,0,0,0.0,A,8,6,2,21.0,Spring,7
7162,03-27-2026,A-01 Hue’s Your Daddy,0,0,0,0.0,A,8,7,1,-2.0,Spring,8
7163,03-27-2026,A-11 Paint the Town Red,0,0,0,0.0,A,8,8,0,-12.0,Spring,9
7164,03-27-2026,A-14 ROYGDig,0,0,0,0.0,A,7,7,2,-28.0,Spring,10
7165,03-27-2026,A-02 Fifty Shades of Gay,0,0,0,0.0,A,7,8,1,34.0,Spring,11
7166,03-27-2026,A-13 Blue Ball Control,0,0,0,0.0,A,7,9,0,16.0,Spring,12
7167,03-27-2026,A-06 Red Bottoms,0,0,0,0.0,A,6,8,2,-34.0,Spring,13
7168,03-27-2026,A-12 Mint Condition,0,0,0,0.0,A,6,10,0,-11.0,Spring,14
7169,03-27-2026,A-09 Serve the Rainbow,0,0,0,0.0,A,6,10,0,-30.0,Spring,15
7170,03-27-2026,A-03 Chromatic Chaos,0,0,0,0.0,A,6,10,0,-45.0,Spring,16
7171,03-27-2026,A-04,0,0,0,0.0,A,5,10,1,-59.0,Spring,17
7172,03-27-2026,A-17 Brown Beaver Baddies,0,0,0,0.0,A,3,12,1,-81.0,Spring,18
7173,04-10-2026,A-07 Orange You Glad We Serve,0,0,0,0.0,A,12,4,0,47.0,Spring,1
7174,04-10-2026,A-05 Send Nudes,0,0,0,0.0,A,11,5,0,37.0,Spring,2
7175,04-10-2026,A-18 Rosebuds,0,0,0,0.0,A,10,5,1,42.0,Spring,3
7176,04-10-2026,A-10,0,0,0,0.0,A,10,6,0,65.0,Spring,4
7177,04-10-2026,A-15 Spikadelic,0,0,0,0.0,A,9,6,1,39.0,Spring,5
7178,04-10-2026,A-16 50 Shades of Slay,0,0,0,0.0,A,9,7,0,1.0,Spring,6
7179,04-10-2026,A-08 Crayon Crunchers,0,0,0,0.0,A,8,6,2,21.0,Spring,7
7180,04-10-2026,A-01 Hue’s Your Daddy,0,0,0,0.0,A,8,7,1,-2.0,Spring,8
7181,04-10-2026,A-11 Paint the Town Red,0,0,0,0.0,A,8,8,0,-12.0,Spring,9
7182,04-10-2026,A-14 ROYGDig,0,0,0,0.0,A,7,7,2,-28.0,Spring,10
7183,04-10-2026,A-02 Fifty Shades of Gay,0,0,0,0.0,A,7,8,1,34.0,Spring,11
7184,04-10-2026,A-13 Blue Ball Control,0,0,0,0.0,A,7,9,0,16.0,Spring,12
7185,04-10-2026,A-06 Red Bottoms,0,0,0,0.0,A,6,8,2,-34.0,Spring,13
7186,04-10-2026,A-12 Mint Condition,0,0,0,0.0,A,6,10,0,-11.0,Spring,14
7187,04-10-2026,A-09 Serve the Rainbow,0,0,0,0.0,A,6,10,0,-30.0,Spring,15
7188,04-10-2026,A-03 Chromatic Chaos,0,0,0,0.0,A,6,10,0,-45.0,Spring,16
7189,04-10-2026,A-04,0,0,0,0.0,A,5,10,1,-59.0,Spring,17
7190,04-10-2026,A-17 Brown Beaver Baddies,0,0,0,0.0,A,3,12,1,-81.0,Spring,18
7191,04-17-2026,A-07 Orange You Glad We Serve,0,0,0,0.0,A,12,4,0,47.0,Spring,1
7192,04-17-2026,A-05 Send Nudes,0,0,0,0.0,A,11,5,0,37.0,Spring,2
7193,04-17-2026,A-18 Rosebuds,0,0,0,0.0,A,10,5,1,42.0,Spring,3
7194,04-17-2026,A-10,0,0,0,0.0,A,10,6,0,65.0,Spring,4
7195,04-17-2026,A-15 Spikadelic,0,0,0,0.0,A,9,6,1,39.0,Spring,5
7196,04-17-2026,A-16 50 Shades of Slay,0,0,0,0.0,A,9,7,0,1.0,Spring,6
7197,04-17-2026,A-08 Crayon Crunchers,0,0,0,0.0,A,8,6,2,21.0,Spring,7
7198,04-17-2026,A-01 Hue’s Your Daddy,0,0,0,0.0,A,8,7,1,-2.0,Spring,8
7199,04-17-2026,A-11 Paint the Town Red,0,0,0,0.0,A,8,8,0,-12.0,Spring,9
7200,04-17-2026,A-14 ROYGDig,0,0,0,0.0,A,7,7,2,-28.0,Spring,10
7201,04-17-2026,A-02 Fifty Shades of Gay,0,0,0,0.0,A,7,8,1,34.0,Spring,11
7202,04-17-2026,A-13 Blue Ball Control,0,0,0,0.0,A,7,9,0,16.0,Spring,12
7203,04-17-2026,A-06 Red Bottoms,0,0,0,0.0,A,6,8,2,-34.0,Spring,13
7204,04-17-2026,A-12 Mint Condition,0,0,0,0.0,A,6,10,0,-11.0,Spring,14
7205,04-17-2026,A-09 Serve the Rainbow,0,0,0,0.0,A,6,10,0,-30.0,Spring,15
7206,04-17-2026,A-03 Chromatic Chaos,0,0,0,0.0,A,6,10,0,-45.0,Spring,16
7207,04-17-2026,A-04,0,0,0,0.0,A,5,10,1,-59.0,Spring,17
7208,04-17-2026,A-17 Brown Beaver Baddies,0,0,0,0.0,A,3,12,1,-81.0,Spring,18
7209,04-24-2026,A-07 Orange You Glad We Serve,0,0,0,0.0,A,12,4,0,47.0,Spring,1
7210,04-24-2026,A-05 Send Nudes,0,0,0,0.0,A,11,5,0,37.0,Spring,2
7211,04-24-2026,A-18 Rosebuds,0,0,0,0.0,A,10,5,1,42.0,Spring,3
7212,04-24-2026,A-10,0,0,0,0.0,A,10,6,0,65.0,Spring,4
7213,04-24-2026,A-15 Spikadelic,0,0,0,0.0,A,9,6,1,39.0,Spring,5
7214,04-24-2026,A-16 50 Shades of Slay,0,0,0,0.0,A,9,7,0,1.0,Spring,6
7215,04-24-2026,A-08 Crayon Crunchers,0,0,0,0.0,A,8,6,2,21.0,Spring,7
7216,04-24-2026,A-01 Hue’s Your Daddy,0,0,0,0.0,A,8,7,1,-2.0,Spring,8
7217,04-24-2026,A-11 Paint the Town Red,0,0,0,0.0,A,8,8,0,-12.0,Spring,9
7218,04-24-2026,A-14 ROYGDig,0,0,0,0.0,A,7,7,2,-28.0,Spring,10
7219,04-24-2026,A-02 Fifty Shades of Gay,0,0,0,0.0,A,7,8,1,34.0,Spring,11
7220,04-24-2026,A-13 Blue Ball Control,0,0,0,0.0,A,7,9,0,16.0,Spring,12
7221,04-24-2026,A-06 Red Bottoms,0,0,0,0.0,A,6,8,2,-34.0,Spring,13
7222,04-24-2026,A-12 Mint Condition,0,0,0,0.0,A,6,10,0,-11.0,Spring,14
7223,04-24-2026,A-09 Serve the Rainbow,0,0,0,0.0,A,6,10,0,-30.0,Spring,15
7224,04-24-2026,A-03 Chromatic Chaos,0,0,0,0.0,A,6,10,0,-45.0,Spring,16
7225,04-24-2026,A-04,0,0,0,0.0,A,5,10,1,-59.0,Spring,17
7226,04-24-2026,A-17 Brown Beaver Baddies,0,0,0,0.0,A,3,12,1,-81.0,Spring,18
7227,01-23-2026,"C-03 Sugar, Spike and",0,0,0,0.0,C,0,0,0,0.0,Spring,1
7228,01-23-2026,"C-02 Ed, Edd n Edging!",0,0,0,0.0,C,0,0,0,0.0,Spring,2
7229,01-23-2026,C-01 Avatar: Net Benders,0,0,0,0.0,C,0,0,0,0.0,Spring,3
7230,01-23-2026,C-04 Peppa Dig,0,0,0,0.0,C,0,0,0,0.0,Spring,4
7231,01-23-2026,C-05 Dragon Ballz Deep,0,0,0,0.0,C,0,0,0,0.0,Spring,5
7232,01-23-2026,C-06 SpongeBall Spikepants,0,0,0,0.0,C,0,0,0,0.0,Spring,6
7233,01-23-2026,C-18 Straw Hat Striker,0,0,0,0.0,C,0,0,0,0.0,Spring,7
7234,01-23-2026,C-17 Scooby Do Me,0,0,0,0.0,C,0,0,0,0.0,Spring,8
7235,01-23-2026,C-15 Powerpuff Passers,0,0,0,0.0,C,0,0,0,0.0,Spring,9
7236,01-23-2026,C-14 Diva Slayers,0,0,0,0.0,C,0,0,0,0.0,Spring,10
7237,01-23-2026,C-13 Thunder Kills,0,0,0,0.0,C,0,0,0,0.0,Spring,11
7238,01-23-2026,C-12 The Magic Spikebus,0,0,0,0.0,C,0,0,0,0.0,Spring,12
7239,01-23-2026,C-11 Trans Performers,0,0,0,0.0,C,0,0,0,0.0,Spring,13
7240,01-23-2026,C-10 Courage the Cowardly Dig,0,0,0,0.0,C,0,0,0,0.0,Spring,14
7241,01-23-2026,C-09 The Netsons,0,0,0,0.0,C,0,0,0,0.0,Spring,15
7242,01-23-2026,C-08 Blocker's Home for Unimaginative Hitters,0,0,0,0.0,C,0,0,0,0.0,Spring,16
7243,01-23-2026,C-07 Sailor Spikers,0,0,0,0.0,C,0,0,0,0.0,Spring,17
7244,01-23-2026,C-16 The IncrediBalls,0,0,0,0.0,C,0,0,0,0.0,Spring,18
7245,01-30-2026,"C-03 Sugar, Spike and",4,0,0,30.0,C,4,0,0,30.0,Spring,1
7246,01-30-2026,C-05 Dragon Ballz Deep,3,1,0,24.0,C,3,1,0,24.0,Spring,2
7247,01-30-2026,C-17 Scooby Do Me,3,1,0,19.0,C,3,1,0,19.0,Spring,3
7248,01-30-2026,C-01 Avatar: Net Benders,3,1,0,12.0,C,3,1,0,12.0,Spring,4
7249,01-30-2026,C-06 SpongeBall Spikepants,3,1,0,12.0,C,3,1,0,12.0,Spring,5
7250,01-30-2026,C-14 Diva Slayers,3,1,0,9.0,C,3,1,0,9.0,Spring,6
7251,01-30-2026,C-11 Trans Performers,3,1,0,5.0,C,3,1,0,5.0,Spring,7
7252,01-30-2026,"C-02 Ed, Edd n Edging!",2,2,0,7.0,C,2,2,0,7.0,Spring,8
7253,01-30-2026,C-13 Thunder Kills,2,2,0,5.0,C,2,2,0,5.0,Spring,9
7254,01-30-2026,C-07 Sailor Spikers,2,2,0,5.0,C,2,2,0,5.0,Spring,10
7255,01-30-2026,C-16 The IncrediBalls,2,2,0,0.0,C,2,2,0,0.0,Spring,11
7256,01-30-2026,C-12 The Magic Spikebus,2,2,0,-1.0,C,2,2,0,-1.0,Spring,12
7257,01-30-2026,C-10 Courage the Cowardly Dig,2,2,0,-5.0,C,2,2,0,-5.0,Spring,13
7258,01-30-2026,C-08 Blocker's Home for Unimaginative Hitters,1,3,0,-4.0,C,1,3,0,-4.0,Spring,14
7259,01-30-2026,C-09 The Netsons,1,3,0,-19.0,C,1,3,0,-19.0,Spring,15
7260,01-30-2026,C-04 Peppa Dig,0,4,0,-28.0,C,0,4,0,-28.0,Spring,16
7261,01-30-2026,C-15 Powerpuff Passers,0,4,0,-35.0,C,0,4,0,-35.0,Spring,17
7262,01-30-2026,C-18 Straw Hat Striker,0,4,0,-36.0,C,0,4,0,-36.0,Spring,18
7263,02-06-2026,C-05 Dragon Ballz Deep,4,0,0,25.0,C,7,1,0,49.0,Spring,1
7264,02-06-2026,C-06 SpongeBall Spikepants,4,0,0,25.0,C,7,1,0,37.0,Spring,2
7265,02-06-2026,C-17 Scooby Do Me,3,1,0,16.0,C,6,2,0,35.0,Spring,3
7266,02-06-2026,C-01 Avatar: Net Benders,3,1,0,19.0,C,6,2,0,31.0,Spring,4
7267,02-06-2026,C-13 Thunder Kills,4,0,0,20.0,C,6,2,0,25.0,Spring,5
7268,02-06-2026,"C-03 Sugar, Spike and",1,3,0,-21.0,C,5,3,0,9.0,Spring,6
7269,02-06-2026,C-12 The Magic Spikebus,3,1,0,10.0,C,5,3,0,9.0,Spring,7
7270,02-06-2026,C-11 Trans Performers,2,2,0,-2.0,C,5,3,0,3.0,Spring,8
7271,02-06-2026,"C-02 Ed, Edd n Edging!",2,1,1,8.0,C,4,3,1,15.0,Spring,9
7272,02-06-2026,C-10 Courage the Cowardly Dig,2,1,1,5.0,C,4,3,1,0.0,Spring,10
7273,02-06-2026,C-16 The IncrediBalls,2,2,0,2.0,C,4,4,0,2.0,Spring,11
7274,02-06-2026,C-08 Blocker's Home for Unimaginative Hitters,2,2,0,10.0,C,3,5,0,6.0,Spring,12
7275,02-06-2026,C-07 Sailor Spikers,1,3,0,-9.0,C,3,5,0,-4.0,Spring,13
7276,02-06-2026,C-14 Diva Slayers,0,4,0,-23.0,C,3,5,0,-14.0,Spring,14
7277,02-06-2026,C-04 Peppa Dig,1,3,0,-13.0,C,1,7,0,-41.0,Spring,15
7278,02-06-2026,C-09 The Netsons,0,4,0,-26.0,C,1,7,0,-45.0,Spring,16
7279,02-06-2026,C-18 Straw Hat Striker,1,3,0,-11.0,C,1,7,0,-47.0,Spring,17
7280,02-06-2026,C-15 Powerpuff Passers,0,4,0,-35.0,C,0,8,0,-70.0,Spring,18
7281,02-20-2026,C-06 SpongeBall Spikepants,4,0,0,18.0,C,11,1,0,55.0,Spring,1
7282,02-20-2026,C-05 Dragon Ballz Deep,2,2,0,4.0,C,9,3,0,53.0,Spring,2
7283,02-20-2026,C-13 Thunder Kills,3,1,0,22.0,C,9,3,0,47.0,Spring,3
7284,02-20-2026,C-10 Courage the Cowardly Dig,4,0,0,19.0,C,8,3,1,19.0,Spring,4
7285,02-20-2026,C-01 Avatar: Net Benders,2,2,0,-2.0,C,8,4,0,29.0,Spring,5
7286,02-20-2026,C-11 Trans Performers,2,2,0,15.0,C,7,5,0,18.0,Spring,6
7287,02-20-2026,"C-03 Sugar, Spike and",2,2,0,-3.0,C,7,5,0,6.0,Spring,7
7288,02-20-2026,"C-02 Ed, Edd n Edging!",2,2,0,-1.0,C,6,5,1,14.0,Spring,8
7289,02-20-2026,C-17 Scooby Do Me,0,4,0,-21.0,C,6,6,0,14.0,Spring,9
7290,02-20-2026,C-14 Diva Slayers,3,1,0,21.0,C,6,6,0,7.0,Spring,10
7291,02-20-2026,C-16 The IncrediBalls,2,2,0,-3.0,C,6,6,0,-1.0,Spring,11
7292,02-20-2026,C-12 The Magic Spikebus,1,3,0,-20.0,C,6,6,0,-11.0,Spring,12
7293,02-20-2026,C-07 Sailor Spikers,2,2,0,3.0,C,5,7,0,-1.0,Spring,13
7294,02-20-2026,C-08 Blocker's Home for Unimaginative Hitters,1,3,0,-17.0,C,4,8,0,-11.0,Spring,14
7295,02-20-2026,C-04 Peppa Dig,2,2,0,4.0,C,3,9,0,-37.0,Spring,15
7296,02-20-2026,C-09 The Netsons,2,2,0,-1.0,C,3,9,0,-46.0,Spring,16
7297,02-20-2026,C-18 Straw Hat Striker,2,2,0,-4.0,C,3,9,0,-51.0,Spring,17
7298,02-20-2026,C-15 Powerpuff Passers,0,4,0,-34.0,C,0,12,0,-104.0,Spring,18
7299,02-27-2026,C-06 SpongeBall Spikepants,0,0,0,0.0,C,11,1,0,55.0,Spring,1
7300,02-27-2026,C-05 Dragon Ballz Deep,0,0,0,0.0,C,9,3,0,53.0,Spring,2
7301,02-27-2026,C-13 Thunder Kills,0,0,0,0.0,C,9,3,0,47.0,Spring,3
7302,02-27-2026,C-10 Courage the Cowardly Dig,0,0,0,0.0,C,8,3,1,19.0,Spring,4
7303,02-27-2026,C-01 Avatar: Net Benders,0,0,0,0.0,C,8,4,0,29.0,Spring,5
7304,02-27-2026,C-11 Trans Performers,0,0,0,0.0,C,7,5,0,18.0,Spring,6
7305,02-27-2026,"C-03 Sugar, Spike and",0,0,0,0.0,C,7,5,0,6.0,Spring,7
7306,02-27-2026,"C-02 Ed, Edd n Edging!",0,0,0,0.0,C,6,5,1,14.0,Spring,8
7307,02-27-2026,C-17 Scooby Do Me,0,0,0,0.0,C,6,6,0,14.0,Spring,9
7308,02-27-2026,C-14 Diva Slayers,0,0,0,0.0,C,6,6,0,7.0,Spring,10
7309,02-27-2026,C-16 The IncrediBalls,0,0,0,0.0,C,6,6,0,-1.0,Spring,11
7310,02-27-2026,C-12 The Magic Spikebus,0,0,0,0.0,C,6,6,0,-11.0,Spring,12
7311,02-27-2026,C-07 Sailor Spikers,0,0,0,0.0,C,5,7,0,-1.0,Spring,13
7312,02-27-2026,C-08 Blocker's Home for Unimaginative Hitters,0,0,0,0.0,C,4,8,0,-11.0,Spring,14
7313,02-27-2026,C-04 Peppa Dig,0,0,0,0.0,C,3,9,0,-37.0,Spring,15
7314,02-27-2026,C-09 The Netsons,0,0,0,0.0,C,3,9,0,-46.0,Spring,16
7315,02-27-2026,C-18 Straw Hat Striker,0,0,0,0.0,C,3,9,0,-51.0,Spring,17
7316,02-27-2026,C-15 Powerpuff Passers,0,0,0,0.0,C,0,12,0,-104.0,Spring,18
7317,03-06-2026,C-06 SpongeBall Spikepants,1,3,0,-13.0,C,12,4,0,42.0,Spring,1
7318,03-06-2026,C-10 Courage the Cowardly Dig,3,1,0,7.0,C,11,4,1,26.0,Spring,2
7319,03-06-2026,C-01 Avatar: Net Benders,3,1,0,18.0,C,11,5,0,47.0,Spring,3
7320,03-06-2026,C-13 Thunder Kills,1,3,0,-15.0,C,10,6,0,32.0,Spring,4
7321,03-06-2026,C-12 The Magic Spikebus,4,0,0,40.0,C,10,6,0,29.0,Spring,5
7322,03-06-2026,"C-03 Sugar, Spike and",2,1,1,11.0,C,9,6,1,17.0,Spring,6
7323,03-06-2026,C-14 Diva Slayers,3,1,0,28.0,C,9,7,0,35.0,Spring,7
7324,03-06-2026,C-17 Scooby Do Me,3,1,0,17.0,C,9,7,0,31.0,Spring,8
7325,03-06-2026,C-05 Dragon Ballz Deep,0,4,0,-25.0,C,9,7,0,28.0,Spring,9
7326,03-06-2026,"C-02 Ed, Edd n Edging!",2,2,0,-13.0,C,8,7,1,1.0,Spring,10
7327,03-06-2026,C-08 Blocker's Home for Unimaginative Hitters,4,0,0,38.0,C,8,8,0,27.0,Spring,11
7328,03-06-2026,C-11 Trans Performers,1,3,0,-11.0,C,8,8,0,7.0,Spring,12
7329,03-06-2026,C-07 Sailor Spikers,2,2,0,-9.0,C,7,9,0,-10.0,Spring,13
7330,03-06-2026,C-16 The IncrediBalls,1,3,0,-25.0,C,7,9,0,-26.0,Spring,14
7331,03-06-2026,C-09 The Netsons,2,1,1,0.0,C,5,10,1,-46.0,Spring,15
7332,03-06-2026,C-18 Straw Hat Striker,2,2,0,4.0,C,5,11,0,-47.0,Spring,16
7333,03-06-2026,C-04 Peppa Dig,0,4,0,-31.0,C,3,13,0,-68.0,Spring,17
7334,03-06-2026,C-15 Powerpuff Passers,1,3,0,-21.0,C,1,15,0,-125.0,Spring,18
7335,03-20-2026,C-06 SpongeBall Spikepants,0,0,0,0.0,C,12,4,0,42.0,Spring,1
7336,03-20-2026,C-10 Courage the Cowardly Dig,0,0,0,0.0,C,11,4,1,26.0,Spring,2
7337,03-20-2026,C-01 Avatar: Net Benders,0,0,0,0.0,C,11,5,0,47.0,Spring,3
7338,03-20-2026,C-13 Thunder Kills,0,0,0,0.0,C,10,6,0,32.0,Spring,4
7339,03-20-2026,C-12 The Magic Spikebus,0,0,0,0.0,C,10,6,0,29.0,Spring,5
7340,03-20-2026,"C-03 Sugar, Spike and",0,0,0,0.0,C,9,6,1,17.0,Spring,6
7341,03-20-2026,C-14 Diva Slayers,0,0,0,0.0,C,9,7,0,35.0,Spring,7
7342,03-20-2026,C-17 Scooby Do Me,0,0,0,0.0,C,9,7,0,31.0,Spring,8
7343,03-20-2026,C-05 Dragon Ballz Deep,0,0,0,0.0,C,9,7,0,28.0,Spring,9
7344,03-20-2026,"C-02 Ed, Edd n Edging!",0,0,0,0.0,C,8,7,1,1.0,Spring,10
7345,03-20-2026,C-08 Blocker's Home for Unimaginative Hitters,0,0,0,0.0,C,8,8,0,27.0,Spring,11
7346,03-20-2026,C-11 Trans Performers,0,0,0,0.0,C,8,8,0,7.0,Spring,12
7347,03-20-2026,C-07 Sailor Spikers,0,0,0,0.0,C,7,9,0,-10.0,Spring,13
7348,03-20-2026,C-16 The IncrediBalls,0,0,0,0.0,C,7,9,0,-26.0,Spring,14
7349,03-20-2026,C-09 The Netsons,0,0,0,0.0,C,5,10,1,-46.0,Spring,15
7350,03-20-2026,C-18 Straw Hat Striker,0,0,0,0.0,C,5,11,0,-47.0,Spring,16
7351,03-20-2026,C-04 Peppa Dig,0,0,0,0.0,C,3,13,0,-68.0,Spring,17
7352,03-20-2026,C-15 Powerpuff Passers,0,0,0,0.0,C,1,15,0,-125.0,Spring,18
7353,03-27-2026,C-06 SpongeBall Spikepants,0,0,0,0.0,C,12,4,0,42.0,Spring,1
7354,03-27-2026,C-10 Courage the Cowardly Dig,0,0,0,0.0,C,11,4,1,26.0,Spring,2
7355,03-27-2026,C-01 Avatar: Net Benders,0,0,0,0.0,C,11,5,0,47.0,Spring,3
7356,03-27-2026,C-13 Thunder Kills,0,0,0,0.0,C,10,6,0,32.0,Spring,4
7357,03-27-2026,C-12 The Magic Spikebus,0,0,0,0.0,C,10,6,0,29.0,Spring,5
7358,03-27-2026,"C-03 Sugar, Spike and",0,0,0,0.0,C,9,6,1,17.0,Spring,6
7359,03-27-2026,C-14 Diva Slayers,0,0,0,0.0,C,9,7,0,35.0,Spring,7
7360,03-27-2026,C-17 Scooby Do Me,0,0,0,0.0,C,9,7,0,31.0,Spring,8
7361,03-27-2026,C-05 Dragon Ballz Deep,0,0,0,0.0,C,9,7,0,28.0,Spring,9
7362,03-27-2026,"C-02 Ed, Edd n Edging!",0,0,0,0.0,C,8,7,1,1.0,Spring,10
7363,03-27-2026,C-08 Blocker's Home for Unimaginative Hitters,0,0,0,0.0,C,8,8,0,27.0,Spring,11
7364,03-27-2026,C-11 Trans Performers,0,0,0,0.0,C,8,8,0,7.0,Spring,12
7365,03-27-2026,C-07 Sailor Spikers,0,0,0,0.0,C,7,9,0,-10.0,Spring,13
7366,03-27-2026,C-16 The IncrediBalls,0,0,0,0.0,C,7,9,0,-26.0,Spring,14
7367,03-27-2026,C-09 The Netsons,0,0,0,0.0,C,5,10,1,-46.0,Spring,15
7368,03-27-2026,C-18 Straw Hat Striker,0,0,0,0.0,C,5,11,0,-47.0,Spring,16
7369,03-27-2026,C-04 Peppa Dig,0,0,0,0.0,C,3,13,0,-68.0,Spring,17
7370,03-27-2026,C-15 Powerpuff Passers,0,0,0,0.0,C,1,15,0,-125.0,Spring,18
7371,04-10-2026,C-06 SpongeBall Spikepants,0,0,0,0.0,C,12,4,0,42.0,Spring,1
7372,04-10-2026,C-10 Courage the Cowardly Dig,0,0,0,0.0,C,11,4,1,26.0,Spring,2
7373,04-10-2026,C-01 Avatar: Net Benders,0,0,0,0.0,C,11,5,0,47.0,Spring,3
7374,04-10-2026,C-13 Thunder Kills,0,0,0,0.0,C,10,6,0,32.0,Spring,4
7375,04-10-2026,C-12 The Magic Spikebus,0,0,0,0.0,C,10,6,0,29.0,Spring,5
7376,04-10-2026,"C-03 Sugar, Spike and",0,0,0,0.0,C,9,6,1,17.0,Spring,6
7377,04-10-2026,C-14 Diva Slayers,0,0,0,0.0,C,9,7,0,35.0,Spring,7
7378,04-10-2026,C-17 Scooby Do Me,0,0,0,0.0,C,9,7,0,31.0,Spring,8
7379,04-10-2026,C-05 Dragon Ballz Deep,0,0,0,0.0,C,9,7,0,28.0,Spring,9
7380,04-10-2026,"C-02 Ed, Edd n Edging!",0,0,0,0.0,C,8,7,1,1.0,Spring,10
7381,04-10-2026,C-08 Blocker's Home for Unimaginative Hitters,0,0,0,0.0,C,8,8,0,27.0,Spring,11
7382,04-10-2026,C-11 Trans Performers,0,0,0,0.0,C,8,8,0,7.0,Spring,12
7383,04-10-2026,C-07 Sailor Spikers,0,0,0,0.0,C,7,9,0,-10.0,Spring,13
7384,04-10-2026,C-16 The IncrediBalls,0,0,0,0.0,C,7,9,0,-26.0,Spring,14
7385,04-10-2026,C-09 The Netsons,0,0,0,0.0,C,5,10,1,-46.0,Spring,15
7386,04-10-2026,C-18 Straw Hat Striker,0,0,0,0.0,C,5,11,0,-47.0,Spring,16
7387,04-10-2026,C-04 Peppa Dig,0,0,0,0.0,C,3,13,0,-68.0,Spring,17
7388,04-10-2026,C-15 Powerpuff Passers,0,0,0,0.0,C,1,15,0,-125.0,Spring,18
7389,04-17-2026,C-06 SpongeBall Spikepants,0,0,0,0.0,C,12,4,0,42.0,Spring,1
7390,04-17-2026,C-10 Courage the Cowardly Dig,0,0,0,0.0,C,11,4,1,26.0,Spring,2
7391,04-17-2026,C-01 Avatar: Net Benders,0,0,0,0.0,C,11,5,0,47.0,Spring,3
7392,04-17-2026,C-13 Thunder Kills,0,0,0,0.0,C,10,6,0,32.0,Spring,4
7393,04-17-2026,C-12 The Magic Spikebus,0,0,0,0.0,C,10,6,0,29.0,Spring,5
7394,04-17-2026,"C-03 Sugar, Spike and",0,0,0,0.0,C,9,6,1,17.0,Spring,6
7395,04-17-2026,C-14 Diva Slayers,0,0,0,0.0,C,9,7,0,35.0,Spring,7
7396,04-17-2026,C-17 Scooby Do Me,0,0,0,0.0,C,9,7,0,31.0,Spring,8
7397,04-17-2026,C-05 Dragon Ballz Deep,0,0,0,0.0,C,9,7,0,28.0,Spring,9
7398,04-17-2026,"C-02 Ed, Edd n Edging!",0,0,0,0.0,C,8,7,1,1.0,Spring,10
7399,04-17-2026,C-08 Blocker's Home for Unimaginative Hitters,0,0,0,0.0,C,8,8,0,27.0,Spring,11
7400,04-17-2026,C-11 Trans Performers,0,0,0,0.0,C,8,8,0,7.0,Spring,12
7401,04-17-2026,C-07 Sailor Spikers,0,0,0,0.0,C,7,9,0,-10.0,Spring,13
7402,04-17-2026,C-16 The IncrediBalls,0,0,0,0.0,C,7,9,0,-26.0,Spring,14
7403,04-17-2026,C-09 The Netsons,0,0,0,0.0,C,5,10,1,-46.0,Spring,15
7404,04-17-2026,C-18 Straw Hat Striker,0,0,0,0.0,C,5,11,0,-47.0,Spring,16
7405,04-17-2026,C-04 Peppa Dig,0,0,0,0.0,C,3,13,0,-68.0,Spring,17
7406,04-17-2026,C-15 Powerpuff Passers,0,0,0,0.0,C,1,15,0,-125.0,Spring,18
7407,04-24-2026,C-06 SpongeBall Spikepants,0,0,0,0.0,C,12,4,0,42.0,Spring,1
7408,04-24-2026,C-10 Courage the Cowardly Dig,0,0,0,0.0,C,11,4,1,26.0,Spring,2
7409,04-24-2026,C-01 Avatar: Net Benders,0,0,0,0.0,C,11,5,0,47.0,Spring,3
7410,04-24-2026,C-13 Thunder Kills,0,0,0,0.0,C,10,6,0,32.0,Spring,4
7411,04-24-2026,C-12 The Magic Spikebus,0,0,0,0.0,C,10,6,0,29.0,Spring,5
7412,04-24-2026,"C-03 Sugar, Spike and",0,0,0,0.0,C,9,6,1,17.0,Spring,6
7413,04-24-2026,C-14 Diva Slayers,0,0,0,0.0,C,9,7,0,35.0,Spring,7
7414,04-24-2026,C-17 Scooby Do Me,0,0,0,0.0,C,9,7,0,31.0,Spring,8
7415,04-24-2026,C-05 Dragon Ballz Deep,0,0,0,0.0,C,9,7,0,28.0,Spring,9
7416,04-24-2026,"C-02 Ed, Edd n Edging!",0,0,0,0.0,C,8,7,1,1.0,Spring,10
7417,04-24-2026,C-08 Blocker's Home for Unimaginative Hitters,0,0,0,0.0,C,8,8,0,27.0,Spring,11
7418,04-24-2026,C-11 Trans Performers,0,0,0,0.0,C,8,8,0,7.0,Spring,12
7419,04-24-2026,C-07 Sailor Spikers,0,0,0,0.0,C,7,9,0,-10.0,Spring,13
7420,04-24-2026,C-16 The IncrediBalls,0,0,0,0.0,C,7,9,0,-26.0,Spring,14
7421,04-24-2026,C-09 The Netsons,0,0,0,0.0,C,5,10,1,-46.0,Spring,15
7422,04-24-2026,C-18 Straw Hat Striker,0,0,0,0.0,C,5,11,0,-47.0,Spring,16
7423,04-24-2026,C-04 Peppa Dig,0,0,0,0.0,C,3,13,0,-68.0,Spring,17
7424,04-24-2026,C-15 Powerpuff Passers,0,0,0,0.0,C,1,15,0,-125.0,Spring,18
7425,01-23-2026,E-06-Kegel Crushers,0,0,0,0.0,E,0,0,0,0.0,Spring,1
7426,01-23-2026,"E-05-Spot Me Outside, How Bout That",0,0,0,0.0,E,0,0,0,0.0,Spring,2
7427,01-23-2026,E-04-Pump & Dump,0,0,0,0.0,E,0,0,0,0.0,Spring,3
7428,01-23-2026,E-02-Pull Up (But Don’t Pull Out),0,0,0,0.0,E,0,0,0,0.0,Spring,4
7429,01-23-2026,E-01-Squatty Hawties,0,0,0,0.0,E,0,0,0,0.0,Spring,5
7430,01-23-2026,E-03- Steel Buns,0,0,0,0.0,E,0,0,0,0.0,Spring,6
7431,01-30-2026,E-04-Pump & Dump,4,0,0,16.0,E,4,0,0,16.0,Spring,1
7432,01-30-2026,E-06-Kegel Crushers,3,1,0,9.0,E,3,1,0,9.0,Spring,2
7433,01-30-2026,E-03- Steel Buns,2,2,0,8.0,E,2,2,0,8.0,Spring,3
7434,01-30-2026,"E-05-Spot Me Outside, How Bout That",2,2,0,0.0,E,2,2,0,0.0,Spring,4
7435,01-30-2026,E-02-Pull Up (But Don’t Pull Out),1,3,0,-17.0,E,1,3,0,-17.0,Spring,5
7436,01-30-2026,E-01-Squatty Hawties,0,4,0,-16.0,E,0,4,0,-16.0,Spring,6
7437,02-06-2026,E-04-Pump & Dump,3,1,0,25.0,E,7,1,0,41.0,Spring,1
7438,02-06-2026,E-06-Kegel Crushers,2,2,0,1.0,E,5,3,0,10.0,Spring,2
7439,02-06-2026,E-02-Pull Up (But Don’t Pull Out),3,1,0,9.0,E,4,4,0,-8.0,Spring,3
7440,02-06-2026,E-01-Squatty Hawties,3,1,0,7.0,E,3,5,0,-9.0,Spring,4
7441,02-06-2026,"E-05-Spot Me Outside, How Bout That",1,3,0,-10.0,E,3,5,0,-10.0,Spring,5
7442,02-06-2026,E-03- Steel Buns,0,4,0,-32.0,E,2,6,0,-24.0,Spring,6
7443,02-20-2026,E-04-Pump & Dump,3,1,0,17.0,E,10,2,0,58.0,Spring,1
7444,02-20-2026,E-06-Kegel Crushers,3,1,0,11.0,E,8,4,0,21.0,Spring,2
7445,02-20-2026,E-02-Pull Up (But Don’t Pull Out),2,2,0,-17.0,E,6,6,0,-25.0,Spring,3
7446,02-20-2026,E-03- Steel Buns,3,1,0,13.0,E,5,7,0,-11.0,Spring,4
7447,02-20-2026,"E-05-Spot Me Outside, How Bout That",1,3,0,0.0,E,4,8,0,-10.0,Spring,5
7448,02-20-2026,E-01-Squatty Hawties,0,4,0,-24.0,E,3,9,0,-33.0,Spring,6
7449,02-27-2026,E-04-Pump & Dump,0,0,0,0.0,E,10,2,0,58.0,Spring,1
7450,02-27-2026,E-06-Kegel Crushers,0,0,0,0.0,E,8,4,0,21.0,Spring,2
7451,02-27-2026,E-02-Pull Up (But Don’t Pull Out),0,0,0,0.0,E,6,6,0,-25.0,Spring,3
7452,02-27-2026,E-03- Steel Buns,0,0,0,0.0,E,5,7,0,-11.0,Spring,4
7453,02-27-2026,"E-05-Spot Me Outside, How Bout That",0,0,0,0.0,E,4,8,0,-10.0,Spring,5
7454,02-27-2026,E-01-Squatty Hawties,0,0,0,0.0,E,3,9,0,-33.0,Spring,6
7455,03-06-2026,E-04-Pump & Dump,1,3,0,-3.0,E,11,5,0,55.0,Spring,1
7456,03-06-2026,E-02-Pull Up (But Don’t Pull Out),3,1,0,7.0,E,9,7,0,-18.0,Spring,2
7457,03-06-2026,E-06-Kegel Crushers,0,4,0,-22.0,E,8,8,0,-1.0,Spring,3
7458,03-06-2026,E-03- Steel Buns,3,1,0,2.0,E,8,8,0,-9.0,Spring,4
7459,03-06-2026,"E-05-Spot Me Outside, How Bout That",3,1,0,15.0,E,7,9,0,5.0,Spring,5
7460,03-06-2026,E-01-Squatty Hawties,2,2,0,1.0,E,5,11,0,-32.0,Spring,6
7461,03-20-2026,E-04-Pump & Dump,0,0,0,0.0,E,11,5,0,55.0,Spring,1
7462,03-20-2026,E-02-Pull Up (But Don’t Pull Out),0,0,0,0.0,E,9,7,0,-18.0,Spring,2
7463,03-20-2026,E-06-Kegel Crushers,0,0,0,0.0,E,8,8,0,-1.0,Spring,3
7464,03-20-2026,E-03- Steel Buns,0,0,0,0.0,E,8,8,0,-9.0,Spring,4
7465,03-20-2026,"E-05-Spot Me Outside, How Bout That",0,0,0,0.0,E,7,9,0,5.0,Spring,5
7466,03-20-2026,E-01-Squatty Hawties,0,0,0,0.0,E,5,11,0,-32.0,Spring,6
7467,03-27-2026,E-04-Pump & Dump,0,0,0,0.0,E,11,5,0,55.0,Spring,1
7468,03-27-2026,E-02-Pull Up (But Don’t Pull Out),0,0,0,0.0,E,9,7,0,-18.0,Spring,2
7469,03-27-2026,E-06-Kegel Crushers,0,0,0,0.0,E,8,8,0,-1.0,Spring,3
7470,03-27-2026,E-03- Steel Buns,0,0,0,0.0,E,8,8,0,-9.0,Spring,4
7471,03-27-2026,"E-05-Spot Me Outside, How Bout That",0,0,0,0.0,E,7,9,0,5.0,Spring,5
7472,03-27-2026,E-01-Squatty Hawties,0,0,0,0.0,E,5,11,0,-32.0,Spring,6
7473,04-10-2026,E-04-Pump & Dump,0,0,0,0.0,E,11,5,0,55.0,Spring,1
7474,04-10-2026,E-02-Pull Up (But Don’t Pull Out),0,0,0,0.0,E,9,7,0,-18.0,Spring,2
7475,04-10-2026,E-06-Kegel Crushers,0,0,0,0.0,E,8,8,0,-1.0,Spring,3
7476,04-10-2026,E-03- Steel Buns,0,0,0,0.0,E,8,8,0,-9.0,Spring,4
7477,04-10-2026,"E-05-Spot Me Outside, How Bout That",0,0,0,0.0,E,7,9,0,5.0,Spring,5
7478,04-10-2026,E-01-Squatty Hawties,0,0,0,0.0,E,5,11,0,-32.0,Spring,6
7479,04-17-2026,E-04-Pump & Dump,0,0,0,0.0,E,11,5,0,55.0,Spring,1
7480,04-17-2026,E-02-Pull Up (But Don’t Pull Out),0,0,0,0.0,E,9,7,0,-18.0,Spring,2
7481,04-17-2026,E-06-Kegel Crushers,0,0,0,0.0,E,8,8,0,-1.0,Spring,3
7482,04-17-2026,E-03- Steel Buns,0,0,0,0.0,E,8,8,0,-9.0,Spring,4
7483,04-17-2026,"E-05-Spot Me Outside, How Bout That",0,0,0,0.0,E,7,9,0,5.0,Spring,5
7484,04-17-2026,E-01-Squatty Hawties,0,0,0,0.0,E,5,11,0,-32.0,Spring,6
7485,04-24-2026,E-04-Pump & Dump,0,0,0,0.0,E,11,5,0,55.0,Spring,1
7486,04-24-2026,E-02-Pull Up (But Don’t Pull Out),0,0,0,0.0,E,9,7,0,-18.0,Spring,2
7487,04-24-2026,E-06-Kegel Crushers,0,0,0,0.0,E,8,8,0,-1.0,Spring,3
7488,04-24-2026,E-03- Steel Buns,0,0,0,0.0,E,8,8,0,-9.0,Spring,4
7489,04-24-2026,"E-05-Spot Me Outside, How Bout That",0,0,0,0.0,E,7,9,0,5.0,Spring,5
7490,04-24-2026,E-01-Squatty Hawties,0,0,0,0.0,E,5,11,0,-32.0,Spring,6
7491,01-23-2026,I-15 Waka Waka,0,0,0,0.0,I,0,0,0,0.0,Spring,1
7492,01-23-2026,I-14 Super Spike Bros,0,0,0,0.0,I,0,0,0,0.0,Spring,2
7493,01-23-2026,I-13 Play Station Spikers,0,0,0,0.0,I,0,0,0,0.0,Spring,3
7494,01-23-2026,I-12 Arcade Spikers,0,0,0,0.0,I,0,0,0,0.0,Spring,4
7495,01-23-2026,I-11 Kirby s Dream Spikers,0,0,0,0.0,I,0,0,0,0.0,Spring,5
7496,01-23-2026,I-10 Volley pong,0,0,0,0.0,I,0,0,0,0.0,Spring,6
7497,01-23-2026,I-09 Super Smash Serves,0,0,0,0.0,I,0,0,0,0.0,Spring,7
7498,01-23-2026,I-08 Street Spikers,0,0,0,0.0,I,0,0,0,0.0,Spring,8
7499,01-23-2026,I-07 Ace Invaders,0,0,0,0.0,I,0,0,0,0.0,Spring,9
7500,01-23-2026,I-06 Spyro Spikers,0,0,0,0.0,I,0,0,0,0.0,Spring,10
7501,01-23-2026,I-04 Hyrule Hitters,0,0,0,0.0,I,0,0,0,0.0,Spring,11
7502,01-23-2026,I-05 It's On Like Donkey Kong,0,0,0,0.0,I,0,0,0,0.0,Spring,12
7503,01-23-2026,I-03 Super Sets Bros,0,0,0,0.0,I,0,0,0,0.0,Spring,13
7504,01-23-2026,I-02 Rainbow Road Runners,0,0,0,0.0,I,0,0,0,0.0,Spring,14
7505,01-23-2026,I-01 Slay Station,0,0,0,0.0,I,0,0,0,0.0,Spring,15
7506,01-30-2026,I-08 Street Spikers,4,0,0,14.0,I,4,0,0,14.0,Spring,1
7507,01-30-2026,I-02 Rainbow Road Runners,3,1,0,26.0,I,3,1,0,26.0,Spring,2
7508,01-30-2026,I-03 Super Sets Bros,3,1,0,12.0,I,3,1,0,12.0,Spring,3
7509,01-30-2026,I-07 Ace Invaders,3,1,0,8.0,I,3,1,0,8.0,Spring,4
7510,01-30-2026,I-10 Volley pong,3,1,0,8.0,I,3,1,0,8.0,Spring,5
7511,01-30-2026,I-14 Super Spike Bros,2,2,0,18.0,I,2,2,0,18.0,Spring,6
7512,01-30-2026,I-06 Spyro Spikers,2,2,0,2.0,I,2,2,0,2.0,Spring,7
7513,01-30-2026,I-15 Waka Waka,2,2,0,-6.0,I,2,2,0,-6.0,Spring,8
7514,01-30-2026,I-13 Play Station Spikers,2,2,0,-10.0,I,2,2,0,-10.0,Spring,9
7515,01-30-2026,I-11 Kirby s Dream Spikers,1,3,0,6.0,I,1,3,0,6.0,Spring,10
7516,01-30-2026,I-09 Super Smash Serves,1,3,0,-6.0,I,1,3,0,-6.0,Spring,11
7517,01-30-2026,I-05 It's On Like Donkey Kong,1,3,0,-10.0,I,1,3,0,-10.0,Spring,12
7518,01-30-2026,I-04 Hyrule Hitters,1,3,0,-16.0,I,1,3,0,-16.0,Spring,13
7519,01-30-2026,I-01 Slay Station,1,3,0,-20.0,I,1,3,0,-20.0,Spring,14
7520,01-30-2026,I-12 Arcade Spikers,1,3,0,-26.0,I,1,3,0,-26.0,Spring,15
7521,02-06-2026,I-14 Super Spike Bros,4,0,0,34.0,I,6,2,0,52.0,Spring,1
7522,02-06-2026,I-06 Spyro Spikers,4,0,0,32.0,I,6,2,0,34.0,Spring,2
7523,02-06-2026,I-03 Super Sets Bros,3,1,0,13.0,I,6,2,0,25.0,Spring,3
7524,02-06-2026,I-08 Street Spikers,2,2,0,-1.0,I,6,2,0,13.0,Spring,4
7525,02-06-2026,I-02 Rainbow Road Runners,2,2,0,2.0,I,5,3,0,28.0,Spring,5
7526,02-06-2026,I-15 Waka Waka,3,1,0,23.0,I,5,3,0,17.0,Spring,6
7527,02-06-2026,I-10 Volley pong,2,2,0,-4.0,I,5,3,0,4.0,Spring,7
7528,02-06-2026,I-05 It's On Like Donkey Kong,3,1,0,9.0,I,4,4,0,-1.0,Spring,8
7529,02-06-2026,I-07 Ace Invaders,1,3,0,-15.0,I,4,4,0,-7.0,Spring,9
7530,02-06-2026,I-04 Hyrule Hitters,2,2,0,11.0,I,3,5,0,-5.0,Spring,10
7531,02-06-2026,I-09 Super Smash Serves,2,2,0,-1.0,I,3,5,0,-7.0,Spring,11
7532,02-06-2026,I-12 Arcade Spikers,2,2,0,-8.0,I,3,5,0,-34.0,Spring,12
7533,02-06-2026,I-13 Play Station Spikers,0,4,0,-22.0,I,2,6,0,-32.0,Spring,13
7534,02-06-2026,I-11 Kirby s Dream Spikers,0,4,0,-28.0,I,1,7,0,-22.0,Spring,14
7535,02-06-2026,I-01 Slay Station,0,4,0,-45.0,I,1,7,0,-65.0,Spring,15
7536,02-20-2026,I-14 Super Spike Bros,3,0,1,20.0,I,9,2,1,72.0,Spring,1
7537,02-20-2026,I-10 Volley pong,4,0,0,19.0,I,9,3,0,23.0,Spring,2
7538,02-20-2026,I-06 Spyro Spikers,2,2,0,0.0,I,8,4,0,34.0,Spring,3
7539,02-20-2026,I-03 Super Sets Bros,2,2,0,-5.0,I,8,4,0,20.0,Spring,4
7540,02-20-2026,I-08 Street Spikers,2,2,0,1.0,I,8,4,0,14.0,Spring,5
7541,02-20-2026,I-15 Waka Waka,2,2,0,3.0,I,7,5,0,20.0,Spring,6
7542,02-20-2026,I-05 It's On Like Donkey Kong,3,1,0,19.0,I,7,5,0,18.0,Spring,7
7543,02-20-2026,I-02 Rainbow Road Runners,0,3,1,-15.0,I,5,6,1,13.0,Spring,8
7544,02-20-2026,I-09 Super Smash Serves,2,2,0,-9.0,I,5,7,0,-16.0,Spring,9
7545,02-20-2026,I-07 Ace Invaders,1,3,0,-19.0,I,5,7,0,-26.0,Spring,10
7546,02-20-2026,I-12 Arcade Spikers,2,2,0,-1.0,I,5,7,0,-35.0,Spring,11
7547,02-20-2026,I-04 Hyrule Hitters,1,3,0,0.0,I,4,8,0,-5.0,Spring,12
7548,02-20-2026,I-01 Slay Station,3,1,0,13.0,I,4,8,0,-52.0,Spring,13
7549,02-20-2026,I-13 Play Station Spikers,1,3,0,-16.0,I,3,9,0,-48.0,Spring,14
7550,02-20-2026,I-11 Kirby s Dream Spikers,1,3,0,-10.0,I,2,10,0,-32.0,Spring,15
7551,02-27-2026,I-14 Super Spike Bros,0,0,0,0.0,I,9,2,1,72.0,Spring,1
7552,02-27-2026,I-10 Volley pong,0,0,0,0.0,I,9,3,0,23.0,Spring,2
7553,02-27-2026,I-06 Spyro Spikers,0,0,0,0.0,I,8,4,0,34.0,Spring,3
7554,02-27-2026,I-03 Super Sets Bros,0,0,0,0.0,I,8,4,0,20.0,Spring,4
7555,02-27-2026,I-08 Street Spikers,0,0,0,0.0,I,8,4,0,14.0,Spring,5
7556,02-27-2026,I-15 Waka Waka,0,0,0,0.0,I,7,5,0,20.0,Spring,6
7557,02-27-2026,I-05 It's On Like Donkey Kong,0,0,0,0.0,I,7,5,0,18.0,Spring,7
7558,02-27-2026,I-02 Rainbow Road Runners,0,0,0,0.0,I,5,6,1,13.0,Spring,8
7559,02-27-2026,I-09 Super Smash Serves,0,0,0,0.0,I,5,7,0,-16.0,Spring,9
7560,02-27-2026,I-07 Ace Invaders,0,0,0,0.0,I,5,7,0,-26.0,Spring,10
7561,02-27-2026,I-12 Arcade Spikers,0,0,0,0.0,I,5,7,0,-35.0,Spring,11
7562,02-27-2026,I-04 Hyrule Hitters,0,0,0,0.0,I,4,8,0,-5.0,Spring,12
7563,02-27-2026,I-01 Slay Station,0,0,0,0.0,I,4,8,0,-52.0,Spring,13
7564,02-27-2026,I-13 Play Station Spikers,0,0,0,0.0,I,3,9,0,-48.0,Spring,14
7565,02-27-2026,I-11 Kirby s Dream Spikers,0,0,0,0.0,I,2,10,0,-32.0,Spring,15
7566,03-06-2026,I-14 Super Spike Bros,3,1,0,22.0,I,12,3,1,94.0,Spring,1
7567,03-06-2026,I-10 Volley pong,3,1,0,13.0,I,12,4,0,36.0,Spring,2
7568,03-06-2026,I-06 Spyro Spikers,3,0,1,25.0,I,11,4,1,59.0,Spring,3
7569,03-06-2026,I-03 Super Sets Bros,2,2,0,-1.0,I,10,6,0,19.0,Spring,4
7570,03-06-2026,I-05 It's On Like Donkey Kong,2,2,0,-18.0,I,9,7,0,0.0,Spring,5
7571,03-06-2026,I-08 Street Spikers,1,3,0,-21.0,I,9,7,0,-7.0,Spring,6
7572,03-06-2026,I-02 Rainbow Road Runners,3,1,0,3.0,I,8,7,1,16.0,Spring,7
7573,03-06-2026,I-15 Waka Waka,0,4,0,-33.0,I,7,9,0,-13.0,Spring,8
7574,03-06-2026,I-12 Arcade Spikers,2,2,0,9.0,I,7,9,0,-26.0,Spring,9
7575,03-06-2026,I-04 Hyrule Hitters,2,2,0,9.0,I,6,10,0,4.0,Spring,10
7576,03-06-2026,I-09 Super Smash Serves,1,3,0,-5.0,I,6,10,0,-21.0,Spring,11
7577,03-06-2026,I-01 Slay Station,2,2,0,-8.0,I,6,10,0,-60.0,Spring,12
7578,03-06-2026,I-13 Play Station Spikers,2,1,1,8.0,I,5,10,1,-40.0,Spring,13
7579,03-06-2026,I-11 Kirby s Dream Spikers,3,1,0,36.0,I,5,11,0,4.0,Spring,14
7580,03-06-2026,I-07 Ace Invaders,0,4,0,-39.0,I,5,11,0,-65.0,Spring,15
7581,03-20-2026,I-14 Super Spike Bros,0,0,0,0.0,I,12,3,1,94.0,Spring,1
7582,03-20-2026,I-10 Volley pong,0,0,0,0.0,I,12,4,0,36.0,Spring,2
7583,03-20-2026,I-06 Spyro Spikers,0,0,0,0.0,I,11,4,1,59.0,Spring,3
7584,03-20-2026,I-03 Super Sets Bros,0,0,0,0.0,I,10,6,0,19.0,Spring,4
7585,03-20-2026,I-05 It's On Like Donkey Kong,0,0,0,0.0,I,9,7,0,0.0,Spring,5
7586,03-20-2026,I-08 Street Spikers,0,0,0,0.0,I,9,7,0,-7.0,Spring,6
7587,03-20-2026,I-02 Rainbow Road Runners,0,0,0,0.0,I,8,7,1,16.0,Spring,7
7588,03-20-2026,I-15 Waka Waka,0,0,0,0.0,I,7,9,0,-13.0,Spring,8
7589,03-20-2026,I-12 Arcade Spikers,0,0,0,0.0,I,7,9,0,-26.0,Spring,9
7590,03-20-2026,I-04 Hyrule Hitters,0,0,0,0.0,I,6,10,0,4.0,Spring,10
7591,03-20-2026,I-09 Super Smash Serves,0,0,0,0.0,I,6,10,0,-21.0,Spring,11
7592,03-20-2026,I-01 Slay Station,0,0,0,0.0,I,6,10,0,-60.0,Spring,12
7593,03-20-2026,I-13 Play Station Spikers,0,0,0,0.0,I,5,10,1,-40.0,Spring,13
7594,03-20-2026,I-11 Kirby s Dream Spikers,0,0,0,0.0,I,5,11,0,4.0,Spring,14
7595,03-20-2026,I-07 Ace Invaders,0,0,0,0.0,I,5,11,0,-65.0,Spring,15
7596,03-27-2026,I-14 Super Spike Bros,0,0,0,0.0,I,12,3,1,94.0,Spring,1
7597,03-27-2026,I-10 Volley pong,0,0,0,0.0,I,12,4,0,36.0,Spring,2
7598,03-27-2026,I-06 Spyro Spikers,0,0,0,0.0,I,11,4,1,59.0,Spring,3
7599,03-27-2026,I-03 Super Sets Bros,0,0,0,0.0,I,10,6,0,19.0,Spring,4
7600,03-27-2026,I-05 It's On Like Donkey Kong,0,0,0,0.0,I,9,7,0,0.0,Spring,5
7601,03-27-2026,I-08 Street Spikers,0,0,0,0.0,I,9,7,0,-7.0,Spring,6
7602,03-27-2026,I-02 Rainbow Road Runners,0,0,0,0.0,I,8,7,1,16.0,Spring,7
7603,03-27-2026,I-15 Waka Waka,0,0,0,0.0,I,7,9,0,-13.0,Spring,8
7604,03-27-2026,I-12 Arcade Spikers,0,0,0,0.0,I,7,9,0,-26.0,Spring,9
7605,03-27-2026,I-04 Hyrule Hitters,0,0,0,0.0,I,6,10,0,4.0,Spring,10
7606,03-27-2026,I-09 Super Smash Serves,0,0,0,0.0,I,6,10,0,-21.0,Spring,11
7607,03-27-2026,I-01 Slay Station,0,0,0,0.0,I,6,10,0,-60.0,Spring,12
7608,03-27-2026,I-13 Play Station Spikers,0,0,0,0.0,I,5,10,1,-40.0,Spring,13
7609,03-27-2026,I-11 Kirby s Dream Spikers,0,0,0,0.0,I,5,11,0,4.0,Spring,14
7610,03-27-2026,I-07 Ace Invaders,0,0,0,0.0,I,5,11,0,-65.0,Spring,15
7611,04-10-2026,I-14 Super Spike Bros,0,0,0,0.0,I,12,3,1,94.0,Spring,1
7612,04-10-2026,I-10 Volley pong,0,0,0,0.0,I,12,4,0,36.0,Spring,2
7613,04-10-2026,I-06 Spyro Spikers,0,0,0,0.0,I,11,4,1,59.0,Spring,3
7614,04-10-2026,I-03 Super Sets Bros,0,0,0,0.0,I,10,6,0,19.0,Spring,4
7615,04-10-2026,I-05 It's On Like Donkey Kong,0,0,0,0.0,I,9,7,0,0.0,Spring,5
7616,04-10-2026,I-08 Street Spikers,0,0,0,0.0,I,9,7,0,-7.0,Spring,6
7617,04-10-2026,I-02 Rainbow Road Runners,0,0,0,0.0,I,8,7,1,16.0,Spring,7
7618,04-10-2026,I-15 Waka Waka,0,0,0,0.0,I,7,9,0,-13.0,Spring,8
7619,04-10-2026,I-12 Arcade Spikers,0,0,0,0.0,I,7,9,0,-26.0,Spring,9
7620,04-10-2026,I-04 Hyrule Hitters,0,0,0,0.0,I,6,10,0,4.0,Spring,10
7621,04-10-2026,I-09 Super Smash Serves,0,0,0,0.0,I,6,10,0,-21.0,Spring,11
7622,04-10-2026,I-01 Slay Station,0,0,0,0.0,I,6,10,0,-60.0,Spring,12
7623,04-10-2026,I-13 Play Station Spikers,0,0,0,0.0,I,5,10,1,-40.0,Spring,13
7624,04-10-2026,I-11 Kirby s Dream Spikers,0,0,0,0.0,I,5,11,0,4.0,Spring,14
7625,04-10-2026,I-07 Ace Invaders,0,0,0,0.0,I,5,11,0,-65.0,Spring,15
7626,04-17-2026,I-14 Super Spike Bros,0,0,0,0.0,I,12,3,1,94.0,Spring,1
7627,04-17-2026,I-10 Volley pong,0,0,0,0.0,I,12,4,0,36.0,Spring,2
7628,04-17-2026,I-06 Spyro Spikers,0,0,0,0.0,I,11,4,1,59.0,Spring,3
7629,04-17-2026,I-03 Super Sets Bros,0,0,0,0.0,I,10,6,0,19.0,Spring,4
7630,04-17-2026,I-05 It's On Like Donkey Kong,0,0,0,0.0,I,9,7,0,0.0,Spring,5
7631,04-17-2026,I-08 Street Spikers,0,0,0,0.0,I,9,7,0,-7.0,Spring,6
7632,04-17-2026,I-02 Rainbow Road Runners,0,0,0,0.0,I,8,7,1,16.0,Spring,7
7633,04-17-2026,I-15 Waka Waka,0,0,0,0.0,I,7,9,0,-13.0,Spring,8
7634,04-17-2026,I-12 Arcade Spikers,0,0,0,0.0,I,7,9,0,-26.0,Spring,9
7635,04-17-2026,I-04 Hyrule Hitters,0,0,0,0.0,I,6,10,0,4.0,Spring,10
7636,04-17-2026,I-09 Super Smash Serves,0,0,0,0.0,I,6,10,0,-21.0,Spring,11
7637,04-17-2026,I-01 Slay Station,0,0,0,0.0,I,6,10,0,-60.0,Spring,12
7638,04-17-2026,I-13 Play Station Spikers,0,0,0,0.0,I,5,10,1,-40.0,Spring,13
7639,04-17-2026,I-11 Kirby s Dream Spikers,0,0,0,0.0,I,5,11,0,4.0,Spring,14
7640,04-17-2026,I-07 Ace Invaders,0,0,0,0.0,I,5,11,0,-65.0,Spring,15
7641,04-24-2026,I-14 Super Spike Bros,0,0,0,0.0,I,12,3,1,94.0,Spring,1
7642,04-24-2026,I-10 Volley pong,0,0,0,0.0,I,12,4,0,36.0,Spring,2
7643,04-24-2026,I-06 Spyro Spikers,0,0,0,0.0,I,11,4,1,59.0,Spring,3
7644,04-24-2026,I-03 Super Sets Bros,0,0,0,0.0,I,10,6,0,19.0,Spring,4
7645,04-24-2026,I-05 It's On Like Donkey Kong,0,0,0,0.0,I,9,7,0,0.0,Spring,5
7646,04-24-2026,I-08 Street Spikers,0,0,0,0.0,I,9,7,0,-7.0,Spring,6
7647,04-24-2026,I-02 Rainbow Road Runners,0,0,0,0.0,I,8,7,1,16.0,Spring,7
7648,04-24-2026,I-15 Waka Waka,0,0,0,0.0,I,7,9,0,-13.0,Spring,8
7649,04-24-2026,I-12 Arcade Spikers,0,0,0,0.0,I,7,9,0,-26.0,Spring,9
7650,04-24-2026,I-04 Hyrule Hitters,0,0,0,0.0,I,6,10,0,4.0,Spring,10
7651,04-24-2026,I-09 Super Smash Serves,0,0,0,0.0,I,6,10,0,-21.0,Spring,11
7652,04-24-2026,I-01 Slay Station,0,0,0,0.0,I,6,10,0,-60.0,Spring,12
7653,04-24-2026,I-13 Play Station Spikers,0,0,0,0.0,I,5,10,1,-40.0,Spring,13
7654,04-24-2026,I-11 Kirby s Dream Spikers,0,0,0,0.0,I,5,11,0,4.0,Spring,14
7655,04-24-2026,I-07 Ace Invaders,0,0,0,0.0,I,5,11,0,-65.0,Spring,15
7656,01-23-2026,P-09 Don Julio’s,0,0,0,0.0,P,0,0,0,0.0,Spring,1
7657,01-23-2026,P-08 Baddie baddie shot o’clock,0,0,0,0.0,P,0,0,0,0.0,Spring,2
7658,01-23-2026,P-07 Whiskey Business,0,0,0,0.0,P,0,0,0,0.0,Spring,3
7659,01-23-2026,P-06 Six on the Beach,0,0,0,0.0,P,0,0,0,0.0,Spring,4
7660,01-23-2026,P-05 Pour Decisions,0,0,0,0.0,P,0,0,0,0.0,Spring,5
7661,01-23-2026,P-04 Aperol Spikez,0,0,0,0.0,P,0,0,0,0.0,Spring,6
7662,01-23-2026,P-03 Serving Neat and Naked,0,0,0,0.0,P,0,0,0,0.0,Spring,7
7663,01-23-2026,P-02 Serve Me Daddy,0,0,0,0.0,P,0,0,0,0.0,Spring,8
7664,01-23-2026,P-01 Matcha and Serve,0,0,0,0.0,P,0,0,0,0.0,Spring,9
7665,01-30-2026,P-07 Whiskey Business,4,0,0,41.0,P,4,0,0,41.0,Spring,1
7666,01-30-2026,P-09 Don Julio’s,3,1,0,23.0,P,3,1,0,23.0,Spring,2
7667,01-30-2026,P-06 Six on the Beach,3,1,0,20.0,P,3,1,0,20.0,Spring,3
7668,01-30-2026,P-08 Baddie baddie shot o’clock,3,1,0,17.0,P,3,1,0,17.0,Spring,4
7669,01-30-2026,P-05 Pour Decisions,2,2,0,1.0,P,2,2,0,1.0,Spring,5
7670,01-30-2026,P-02 Serve Me Daddy,1,3,0,-18.0,P,1,3,0,-18.0,Spring,6
7671,01-30-2026,P-04 Aperol Spikez,1,3,0,-20.0,P,1,3,0,-20.0,Spring,7
7672,01-30-2026,P-01 Matcha and Serve,1,3,0,-21.0,P,1,3,0,-21.0,Spring,8
7673,01-30-2026,P-03 Serving Neat and Naked,0,4,0,-43.0,P,0,4,0,-43.0,Spring,9
7674,02-06-2026,P-09 Don Julio’s,3,0,1,24.0,P,6,1,1,47.0,Spring,1
7675,02-06-2026,P-07 Whiskey Business,2,2,0,11.0,P,6,2,0,52.0,Spring,2
7676,02-06-2026,P-08 Baddie baddie shot o’clock,3,1,0,21.0,P,6,2,0,38.0,Spring,3
7677,02-06-2026,P-06 Six on the Beach,3,1,0,14.0,P,6,2,0,34.0,Spring,4
7678,02-06-2026,P-01 Matcha and Serve,2,1,1,8.0,P,3,4,1,-13.0,Spring,5
7679,02-06-2026,P-04 Aperol Spikez,2,2,0,5.0,P,3,5,0,-15.0,Spring,6
7680,02-06-2026,P-05 Pour Decisions,0,4,0,-32.0,P,2,6,0,-31.0,Spring,7
7681,02-06-2026,P-02 Serve Me Daddy,1,3,0,-25.0,P,2,6,0,-43.0,Spring,8
7682,02-06-2026,P-03 Serving Neat and Naked,1,3,0,-26.0,P,1,7,0,-69.0,Spring,9
7683,02-20-2026,P-07 Whiskey Business,4,0,0,40.0,P,10,2,0,92.0,Spring,1
7684,02-20-2026,P-09 Don Julio’s,3,1,0,34.0,P,9,2,1,81.0,Spring,2
7685,02-20-2026,P-06 Six on the Beach,3,1,0,14.0,P,9,3,0,48.0,Spring,3
7686,02-20-2026,P-08 Baddie baddie shot o’clock,2,2,0,-2.0,P,8,4,0,36.0,Spring,4
7687,02-20-2026,P-02 Serve Me Daddy,3,1,0,14.0,P,5,7,0,-29.0,Spring,5
7688,02-20-2026,P-01 Matcha and Serve,1,3,0,-12.0,P,4,7,1,-25.0,Spring,6
7689,02-20-2026,P-05 Pour Decisions,1,3,0,-14.0,P,3,9,0,-45.0,Spring,7
7690,02-20-2026,P-04 Aperol Spikez,0,4,0,-48.0,P,3,9,0,-63.0,Spring,8
7691,02-20-2026,P-03 Serving Neat and Naked,1,3,0,-26.0,P,2,10,0,-95.0,Spring,9
7692,02-27-2026,P-07 Whiskey Business,0,0,0,0.0,P,10,2,0,92.0,Spring,1
7693,02-27-2026,P-09 Don Julio’s,0,0,0,0.0,P,9,2,1,81.0,Spring,2
7694,02-27-2026,P-06 Six on the Beach,0,0,0,0.0,P,9,3,0,48.0,Spring,3
7695,02-27-2026,P-08 Baddie baddie shot o’clock,0,0,0,0.0,P,8,4,0,36.0,Spring,4
7696,02-27-2026,P-02 Serve Me Daddy,0,0,0,0.0,P,5,7,0,-29.0,Spring,5
7697,02-27-2026,P-01 Matcha and Serve,0,0,0,0.0,P,4,7,1,-25.0,Spring,6
7698,02-27-2026,P-05 Pour Decisions,0,0,0,0.0,P,3,9,0,-45.0,Spring,7
7699,02-27-2026,P-04 Aperol Spikez,0,0,0,0.0,P,3,9,0,-63.0,Spring,8
7700,02-27-2026,P-03 Serving Neat and Naked,0,0,0,0.0,P,2,10,0,-95.0,Spring,9
7701,03-06-2026,P-07 Whiskey Business,3,1,0,27.0,P,13,3,0,119.0,Spring,1
7702,03-06-2026,P-09 Don Julio’s,3,1,0,36.0,P,12,3,1,117.0,Spring,2
7703,03-06-2026,P-08 Baddie baddie shot o’clock,4,0,0,25.0,P,12,4,0,61.0,Spring,3
7704,03-06-2026,P-06 Six on the Beach,0,4,0,-30.0,P,9,7,0,18.0,Spring,4
7705,03-06-2026,P-02 Serve Me Daddy,2,2,0,7.0,P,7,9,0,-22.0,Spring,5
7706,03-06-2026,P-01 Matcha and Serve,1,3,0,-19.0,P,5,10,1,-44.0,Spring,6
7707,03-06-2026,P-04 Aperol Spikez,2,2,0,-8.0,P,5,11,0,-71.0,Spring,7
7708,03-06-2026,P-03 Serving Neat and Naked,3,1,0,-6.0,P,5,11,0,-101.0,Spring,8
7709,03-06-2026,P-05 Pour Decisions,0,4,0,-32.0,P,3,13,0,-77.0,Spring,9
7710,03-20-2026,P-07 Whiskey Business,0,0,0,0.0,P,13,3,0,119.0,Spring,1
7711,03-20-2026,P-09 Don Julio’s,0,0,0,0.0,P,12,3,1,117.0,Spring,2
7712,03-20-2026,P-08 Baddie baddie shot o’clock,0,0,0,0.0,P,12,4,0,61.0,Spring,3
7713,03-20-2026,P-06 Six on the Beach,0,0,0,0.0,P,9,7,0,18.0,Spring,4
7714,03-20-2026,P-02 Serve Me Daddy,0,0,0,0.0,P,7,9,0,-22.0,Spring,5
7715,03-20-2026,P-01 Matcha and Serve,0,0,0,0.0,P,5,10,1,-44.0,Spring,6
7716,03-20-2026,P-04 Aperol Spikez,0,0,0,0.0,P,5,11,0,-71.0,Spring,7
7717,03-20-2026,P-03 Serving Neat and Naked,0,0,0,0.0,P,5,11,0,-101.0,Spring,8
7718,03-20-2026,P-05 Pour Decisions,0,0,0,0.0,P,3,13,0,-77.0,Spring,9
7719,03-27-2026,P-07 Whiskey Business,0,0,0,0.0,P,13,3,0,119.0,Spring,1
7720,03-27-2026,P-09 Don Julio’s,0,0,0,0.0,P,12,3,1,117.0,Spring,2
7721,03-27-2026,P-08 Baddie baddie shot o’clock,0,0,0,0.0,P,12,4,0,61.0,Spring,3
7722,03-27-2026,P-06 Six on the Beach,0,0,0,0.0,P,9,7,0,18.0,Spring,4
7723,03-27-2026,P-02 Serve Me Daddy,0,0,0,0.0,P,7,9,0,-22.0,Spring,5
7724,03-27-2026,P-01 Matcha and Serve,0,0,0,0.0,P,5,10,1,-44.0,Spring,6
7725,03-27-2026,P-04 Aperol Spikez,0,0,0,0.0,P,5,11,0,-71.0,Spring,7
7726,03-27-2026,P-03 Serving Neat and Naked,0,0,0,0.0,P,5,11,0,-101.0,Spring,8
7727,03-27-2026,P-05 Pour Decisions,0,0,0,0.0,P,3,13,0,-77.0,Spring,9
7728,04-10-2026,P-07 Whiskey Business,0,0,0,0.0,P,13,3,0,119.0,Spring,1
7729,04-10-2026,P-09 Don Julio’s,0,0,0,0.0,P,12,3,1,117.0,Spring,2
7730,04-10-2026,P-08 Baddie baddie shot o’clock,0,0,0,0.0,P,12,4,0,61.0,Spring,3
7731,04-10-2026,P-06 Six on the Beach,0,0,0,0.0,P,9,7,0,18.0,Spring,4
7732,04-10-2026,P-02 Serve Me Daddy,0,0,0,0.0,P,7,9,0,-22.0,Spring,5
7733,04-10-2026,P-01 Matcha and Serve,0,0,0,0.0,P,5,10,1,-44.0,Spring,6
7734,04-10-2026,P-04 Aperol Spikez,0,0,0,0.0,P,5,11,0,-71.0,Spring,7
7735,04-10-2026,P-03 Serving Neat and Naked,0,0,0,0.0,P,5,11,0,-101.0,Spring,8
7736,04-10-2026,P-05 Pour Decisions,0,0,0,0.0,P,3,13,0,-77.0,Spring,9
7737,04-17-2026,P-07 Whiskey Business,0,0,0,0.0,P,13,3,0,119.0,Spring,1
7738,04-17-2026,P-09 Don Julio’s,0,0,0,0.0,P,12,3,1,117.0,Spring,2
7739,04-17-2026,P-08 Baddie baddie shot o’clock,0,0,0,0.0,P,12,4,0,61.0,Spring,3
7740,04-17-2026,P-06 Six on the Beach,0,0,0,0.0,P,9,7,0,18.0,Spring,4
7741,04-17-2026,P-02 Serve Me Daddy,0,0,0,0.0,P,7,9,0,-22.0,Spring,5
7742,04-17-2026,P-01 Matcha and Serve,0,0,0,0.0,P,5,10,1,-44.0,Spring,6
7743,04-17-2026,P-04 Aperol Spikez,0,0,0,0.0,P,5,11,0,-71.0,Spring,7
7744,04-17-2026,P-03 Serving Neat and Naked,0,0,0,0.0,P,5,11,0,-101.0,Spring,8
7745,04-17-2026,P-05 Pour Decisions,0,0,0,0.0,P,3,13,0,-77.0,Spring,9
7746,04-24-2026,P-07 Whiskey Business,0,0,0,0.0,P,13,3,0,119.0,Spring,1
7747,04-24-2026,P-09 Don Julio’s,0,0,0,0.0,P,12,3,1,117.0,Spring,2
7748,04-24-2026,P-08 Baddie baddie shot o’clock,0,0,0,0.0,P,12,4,0,61.0,Spring,3
7749,04-24-2026,P-06 Six on the Beach,0,0,0,0.0,P,9,7,0,18.0,Spring,4
7750,04-24-2026,P-02 Serve Me Daddy,0,0,0,0.0,P,7,9,0,-22.0,Spring,5
7751,04-24-2026,P-01 Matcha and Serve,0,0,0,0.0,P,5,10,1,-44.0,Spring,6
7752,04-24-2026,P-04 Aperol Spikez,0,0,0,0.0,P,5,11,0,-71.0,Spring,7
7753,04-24-2026,P-03 Serving Neat and Naked,0,0,0,0.0,P,5,11,0,-101.0,Spring,8
7754,04-24-2026,P-05 Pour Decisions,0,0,0,0.0,P,3,13,0,-77.0,Spring,9
7755,01-23-2026,R-02 KrakenBalls,0,0,0,0.0,R,0,0,0,0.0,Spring,1
7756,01-23-2026,R-01 Dragon Slayers,0,0,0,0.0,R,0,0,0,0.0,Spring,2
7757,01-23-2026,R-03 Serverus,0,0,0,0.0,R,0,0,0,0.0,Spring,3
7758,01-23-2026,R-05 Blockunawa,0,0,0,0.0,R,0,0,0,0.0,Spring,4
7759,01-23-2026,R-06 Pegasets,0,0,0,0.0,R,0,0,0,0.0,Spring,5
7760,01-23-2026,R-07 Blockness Monsters,0,0,0,0.0,R,0,0,0,0.0,Spring,6
7761,01-23-2026,R-09 Volley Valkyries,0,0,0,0.0,R,0,0,0,0.0,Spring,7
7762,01-23-2026,R-08 Spikesus,0,0,0,0.0,R,0,0,0,0.0,Spring,8
7763,01-23-2026,R-04 Digfoot,0,0,0,0.0,R,0,0,0,0.0,Spring,9
7764,01-30-2026,R-07 Blockness Monsters,4,0,0,33.0,R,4,0,0,33.0,Spring,1
7765,01-30-2026,R-06 Pegasets,4,0,0,27.0,R,4,0,0,27.0,Spring,2
7766,01-30-2026,R-02 KrakenBalls,4,0,0,21.0,R,4,0,0,21.0,Spring,3
7767,01-30-2026,R-09 Volley Valkyries,2,2,0,11.0,R,2,2,0,11.0,Spring,4
7768,01-30-2026,R-08 Spikesus,2,2,0,-6.0,R,2,2,0,-6.0,Spring,5
7769,01-30-2026,R-03 Serverus,2,2,0,-12.0,R,2,2,0,-12.0,Spring,6
7770,01-30-2026,R-01 Dragon Slayers,0,4,0,-21.0,R,0,4,0,-21.0,Spring,7
7771,01-30-2026,R-04 Digfoot,0,4,0,-21.0,R,0,4,0,-21.0,Spring,8
7772,01-30-2026,R-05 Blockunawa,0,4,0,-32.0,R,0,4,0,-32.0,Spring,9
7773,02-06-2026,R-02 KrakenBalls,3,1,0,19.0,R,7,1,0,40.0,Spring,1
7774,02-06-2026,R-09 Volley Valkyries,4,0,0,30.0,R,6,2,0,41.0,Spring,2
7775,02-06-2026,R-06 Pegasets,2,2,0,-3.0,R,6,2,0,24.0,Spring,3
7776,02-06-2026,R-08 Spikesus,3,1,0,23.0,R,5,3,0,17.0,Spring,4
7777,02-06-2026,R-07 Blockness Monsters,0,4,0,-27.0,R,4,4,0,6.0,Spring,5
7778,02-06-2026,R-01 Dragon Slayers,3,1,0,17.0,R,3,5,0,-4.0,Spring,6
7779,02-06-2026,R-05 Blockunawa,3,1,0,21.0,R,3,5,0,-11.0,Spring,7
7780,02-06-2026,R-03 Serverus,0,4,0,-38.0,R,2,6,0,-50.0,Spring,8
7781,02-06-2026,R-04 Digfoot,0,4,0,-42.0,R,0,8,0,-63.0,Spring,9
7782,02-20-2026,R-06 Pegasets,4,0,0,43.0,R,10,2,0,67.0,Spring,1
7783,02-20-2026,R-09 Volley Valkyries,3,1,0,13.0,R,9,3,0,54.0,Spring,2
7784,02-20-2026,R-02 KrakenBalls,2,2,0,-1.0,R,9,3,0,39.0,Spring,3
7785,02-20-2026,R-08 Spikesus,3,1,0,24.0,R,8,4,0,41.0,Spring,4
7786,02-20-2026,R-01 Dragon Slayers,2,2,0,3.0,R,5,7,0,-1.0,Spring,5
7787,02-20-2026,R-07 Blockness Monsters,1,3,0,-11.0,R,5,7,0,-5.0,Spring,6
7788,02-20-2026,R-05 Blockunawa,2,2,0,-13.0,R,5,7,0,-24.0,Spring,7
7789,02-20-2026,R-03 Serverus,0,4,0,-42.0,R,2,10,0,-92.0,Spring,8
7790,02-20-2026,R-04 Digfoot,1,3,0,-16.0,R,1,11,0,-79.0,Spring,9
7791,02-27-2026,R-06 Pegasets,0,0,0,0.0,R,10,2,0,67.0,Spring,1
7792,02-27-2026,R-09 Volley Valkyries,0,0,0,0.0,R,9,3,0,54.0,Spring,2
7793,02-27-2026,R-02 KrakenBalls,0,0,0,0.0,R,9,3,0,39.0,Spring,3
7794,02-27-2026,R-08 Spikesus,0,0,0,0.0,R,8,4,0,41.0,Spring,4
7795,02-27-2026,R-01 Dragon Slayers,0,0,0,0.0,R,5,7,0,-1.0,Spring,5
7796,02-27-2026,R-07 Blockness Monsters,0,0,0,0.0,R,5,7,0,-5.0,Spring,6
7797,02-27-2026,R-05 Blockunawa,0,0,0,0.0,R,5,7,0,-24.0,Spring,7
7798,02-27-2026,R-03 Serverus,0,0,0,0.0,R,2,10,0,-92.0,Spring,8
7799,02-27-2026,R-04 Digfoot,0,0,0,0.0,R,1,11,0,-79.0,Spring,9
7800,03-06-2026,R-09 Volley Valkyries,4,0,0,23.0,R,13,3,0,77.0,Spring,1
7801,03-06-2026,R-06 Pegasets,3,1,0,1.0,R,13,3,0,68.0,Spring,2
7802,03-06-2026,R-08 Spikesus,3,1,0,-2.0,R,11,5,0,39.0,Spring,3
7803,03-06-2026,R-02 KrakenBalls,0,4,0,-15.0,R,9,7,0,24.0,Spring,4
7804,03-06-2026,R-05 Blockunawa,3,1,0,17.0,R,8,8,0,-7.0,Spring,5
7805,03-06-2026,R-01 Dragon Slayers,2,2,0,9.0,R,7,9,0,8.0,Spring,6
7806,03-06-2026,R-07 Blockness Monsters,2,2,0,6.0,R,7,9,0,1.0,Spring,7
7807,03-06-2026,R-03 Serverus,1,3,0,-7.0,R,3,13,0,-99.0,Spring,8
7808,03-06-2026,R-04 Digfoot,0,4,0,-32.0,R,1,15,0,-111.0,Spring,9
7809,03-20-2026,R-09 Volley Valkyries,0,0,0,0.0,R,13,3,0,77.0,Spring,1
7810,03-20-2026,R-06 Pegasets,0,0,0,0.0,R,13,3,0,68.0,Spring,2
7811,03-20-2026,R-08 Spikesus,0,0,0,0.0,R,11,5,0,39.0,Spring,3
7812,03-20-2026,R-02 KrakenBalls,0,0,0,0.0,R,9,7,0,24.0,Spring,4
7813,03-20-2026,R-05 Blockunawa,0,0,0,0.0,R,8,8,0,-7.0,Spring,5
7814,03-20-2026,R-01 Dragon Slayers,0,0,0,0.0,R,7,9,0,8.0,Spring,6
7815,03-20-2026,R-07 Blockness Monsters,0,0,0,0.0,R,7,9,0,1.0,Spring,7
7816,03-20-2026,R-03 Serverus,0,0,0,0.0,R,3,13,0,-99.0,Spring,8
7817,03-20-2026,R-04 Digfoot,0,0,0,0.0,R,1,15,0,-111.0,Spring,9
7818,03-27-2026,R-09 Volley Valkyries,0,0,0,0.0,R,13,3,0,77.0,Spring,1
7819,03-27-2026,R-06 Pegasets,0,0,0,0.0,R,13,3,0,68.0,Spring,2
7820,03-27-2026,R-08 Spikesus,0,0,0,0.0,R,11,5,0,39.0,Spring,3
7821,03-27-2026,R-02 KrakenBalls,0,0,0,0.0,R,9,7,0,24.0,Spring,4
7822,03-27-2026,R-05 Blockunawa,0,0,0,0.0,R,8,8,0,-7.0,Spring,5
7823,03-27-2026,R-01 Dragon Slayers,0,0,0,0.0,R,7,9,0,8.0,Spring,6
7824,03-27-2026,R-07 Blockness Monsters,0,0,0,0.0,R,7,9,0,1.0,Spring,7
7825,03-27-2026,R-03 Serverus,0,0,0,0.0,R,3,13,0,-99.0,Spring,8
7826,03-27-2026,R-04 Digfoot,0,0,0,0.0,R,1,15,0,-111.0,Spring,9
7827,04-10-2026,R-09 Volley Valkyries,0,0,0,0.0,R,13,3,0,77.0,Spring,1
7828,04-10-2026,R-06 Pegasets,0,0,0,0.0,R,13,3,0,68.0,Spring,2
7829,04-10-2026,R-08 Spikesus,0,0,0,0.0,R,11,5,0,39.0,Spring,3
7830,04-10-2026,R-02 KrakenBalls,0,0,0,0.0,R,9,7,0,24.0,Spring,4
7831,04-10-2026,R-05 Blockunawa,0,0,0,0.0,R,8,8,0,-7.0,Spring,5
7832,04-10-2026,R-01 Dragon Slayers,0,0,0,0.0,R,7,9,0,8.0,Spring,6
7833,04-10-2026,R-07 Blockness Monsters,0,0,0,0.0,R,7,9,0,1.0,Spring,7
7834,04-10-2026,R-03 Serverus,0,0,0,0.0,R,3,13,0,-99.0,Spring,8
7835,04-10-2026,R-04 Digfoot,0,0,0,0.0,R,1,15,0,-111.0,Spring,9
7836,04-17-2026,R-09 Volley Valkyries,0,0,0,0.0,R,13,3,0,77.0,Spring,1
7837,04-17-2026,R-06 Pegasets,0,0,0,0.0,R,13,3,0,68.0,Spring,2
7838,04-17-2026,R-08 Spikesus,0,0,0,0.0,R,11,5,0,39.0,Spring,3
7839,04-17-2026,R-02 KrakenBalls,0,0,0,0.0,R,9,7,0,24.0,Spring,4
7840,04-17-2026,R-05 Blockunawa,0,0,0,0.0,R,8,8,0,-7.0,Spring,5
7841,04-17-2026,R-01 Dragon Slayers,0,0,0,0.0,R,7,9,0,8.0,Spring,6
7842,04-17-2026,R-07 Blockness Monsters,0,0,0,0.0,R,7,9,0,1.0,Spring,7
7843,04-17-2026,R-03 Serverus,0,0,0,0.0,R,3,13,0,-99.0,Spring,8
7844,04-17-2026,R-04 Digfoot,0,0,0,0.0,R,1,15,0,-111.0,Spring,9
7845,04-24-2026,R-09 Volley Valkyries,0,0,0,0.0,R,13,3,0,77.0,Spring,1
7846,04-24-2026,R-06 Pegasets,0,0,0,0.0,R,13,3,0,68.0,Spring,2
7847,04-24-2026,R-08 Spikesus,0,0,0,0.0,R,11,5,0,39.0,Spring,3
7848,04-24-2026,R-02 KrakenBalls,0,0,0,0.0,R,9,7,0,24.0,Spring,4
7849,04-24-2026,R-05 Blockunawa,0,0,0,0.0,R,8,8,0,-7.0,Spring,5
7850,04-24-2026,R-01 Dragon Slayers,0,0,0,0.0,R,7,9,0,8.0,Spring,6
7851,04-24-2026,R-07 Blockness Monsters,0,0,0,0.0,R,7,9,0,1.0,Spring,7
7852,04-24-2026,R-03 Serverus,0,0,0,0.0,R,3,13,0,-99.0,Spring,8
7853,04-24-2026,R-04 Digfoot,0,0,0,0.0,R,1,15,0,-111.0,Spring,9
7854,01-23-2026,S-18 - Spike Krispies,0,0,0,0.0,S,0,0,0,0.0,Spring,1
7855,01-23-2026,S-17 - Honey Bunches of Floats,0,0,0,0.0,S,0,0,0,0.0,Spring,2
7856,01-23-2026,S-16 - Frosted Tips,0,0,0,0.0,S,0,0,0,0.0,Spring,3
7857,01-23-2026,S-15 - Kanine Krunchies,0,0,0,0.0,S,0,0,0,0.0,Spring,4
7858,01-23-2026,S-14 - Chex Appeal,0,0,0,0.0,S,0,0,0,0.0,Spring,5
7859,01-23-2026,S-13 - Ace Krispies,0,0,0,0.0,S,0,0,0,0.0,Spring,6
7860,01-23-2026,S-12 - Anti-Block Heroes,0,0,0,0.0,S,0,0,0,0.0,Spring,7
7861,01-23-2026,S-11 - Cap'n C*nt,0,0,0,0.0,S,0,0,0,0.0,Spring,8
7862,01-23-2026,S-10 - Count Blockula,0,0,0,0.0,S,0,0,0,0.0,Spring,9
7863,01-23-2026,S-09 - Honey Nut Cheeri-Hoes,0,0,0,0.0,S,0,0,0,0.0,Spring,10
7864,01-23-2026,S-07 - Heavy Is The Crown,0,0,0,0.0,S,0,0,0,0.0,Spring,11
7865,01-23-2026,S-06 - Frosted Freaks,0,0,0,0.0,S,0,0,0,0.0,Spring,12
7866,01-23-2026,"S-05 - My Set, My Quick (Spike It!)",0,0,0,0.0,S,0,0,0,0.0,Spring,13
7867,01-23-2026,S-04 - Sets With Me,0,0,0,0.0,S,0,0,0,0.0,Spring,14
7868,01-23-2026,S-03 - Call Me If You Get Blocked,0,0,0,0.0,S,0,0,0,0.0,Spring,15
7869,01-23-2026,S-02 - I Write Sets Not Tragedies,0,0,0,0.0,S,0,0,0,0.0,Spring,16
7870,01-23-2026,S-01 - Oops I Hit It Again,0,0,0,0.0,S,0,0,0,0.0,Spring,17
7871,01-23-2026,S-08 - Cereal Killers,0,0,0,0.0,S,0,0,0,0.0,Spring,18
7872,01-30-2026,S-10 - Count Blockula,4,0,0,45.0,S,4,0,0,45.0,Spring,1
7873,01-30-2026,S-18 - Spike Krispies,4,0,0,16.0,S,4,0,0,16.0,Spring,2
7874,01-30-2026,S-15 - Kanine Krunchies,3,1,0,31.0,S,3,1,0,31.0,Spring,3
7875,01-30-2026,S-09 - Honey Nut Cheeri-Hoes,3,1,0,14.0,S,3,1,0,14.0,Spring,4
7876,01-30-2026,S-04 - Sets With Me,3,1,0,13.0,S,3,1,0,13.0,Spring,5
7877,01-30-2026,S-08 - Cereal Killers,3,1,0,7.0,S,3,1,0,7.0,Spring,6
7878,01-30-2026,S-07 - Heavy Is The Crown,3,1,0,-5.0,S,3,1,0,-5.0,Spring,7
7879,01-30-2026,S-11 - Cap'n C*nt,2,2,0,14.0,S,2,2,0,14.0,Spring,8
7880,01-30-2026,S-06 - Frosted Freaks,2,2,0,11.0,S,2,2,0,11.0,Spring,9
7881,01-30-2026,S-14 - Chex Appeal,2,2,0,8.0,S,2,2,0,8.0,Spring,10
7882,01-30-2026,S-02 - I Write Sets Not Tragedies,2,2,0,1.0,S,2,2,0,1.0,Spring,11
7883,01-30-2026,S-16 - Frosted Tips,2,2,0,-14.0,S,2,2,0,-14.0,Spring,12
7884,01-30-2026,S-01 - Oops I Hit It Again,1,3,0,-15.0,S,1,3,0,-15.0,Spring,13
7885,01-30-2026,S-17 - Honey Bunches of Floats,1,3,0,-21.0,S,1,3,0,-21.0,Spring,14
7886,01-30-2026,S-12 - Anti-Block Heroes,1,3,0,-21.0,S,1,3,0,-21.0,Spring,15
7887,01-30-2026,S-03 - Call Me If You Get Blocked,0,4,0,-26.0,S,0,4,0,-26.0,Spring,16
7888,01-30-2026,"S-05 - My Set, My Quick (Spike It!)",0,4,0,-27.0,S,0,4,0,-27.0,Spring,17
7889,01-30-2026,S-13 - Ace Krispies,0,4,0,-31.0,S,0,4,0,-31.0,Spring,18
7890,02-06-2026,S-10 - Count Blockula,2,2,0,12.0,S,6,2,0,57.0,Spring,1
7891,02-06-2026,S-15 - Kanine Krunchies,3,1,0,19.0,S,6,2,0,50.0,Spring,2
7892,02-06-2026,S-11 - Cap'n C*nt,4,0,0,24.0,S,6,2,0,38.0,Spring,3
7893,02-06-2026,S-16 - Frosted Tips,4,0,0,34.0,S,6,2,0,20.0,Spring,4
7894,02-06-2026,S-07 - Heavy Is The Crown,3,1,0,14.0,S,6,2,0,9.0,Spring,5
7895,02-06-2026,S-09 - Honey Nut Cheeri-Hoes,2,2,0,14.0,S,5,3,0,28.0,Spring,6
7896,02-06-2026,S-04 - Sets With Me,2,2,0,-2.0,S,5,3,0,11.0,Spring,7
7897,02-06-2026,S-18 - Spike Krispies,1,3,0,-8.0,S,5,3,0,8.0,Spring,8
7898,02-06-2026,S-08 - Cereal Killers,2,2,0,-7.0,S,5,3,0,0.0,Spring,9
7899,02-06-2026,S-12 - Anti-Block Heroes,3,1,0,13.0,S,4,4,0,-8.0,Spring,10
7900,02-06-2026,S-02 - I Write Sets Not Tragedies,2,2,0,-10.0,S,4,4,0,-9.0,Spring,11
7901,02-06-2026,S-06 - Frosted Freaks,1,3,0,-10.0,S,3,5,0,1.0,Spring,12
7902,02-06-2026,S-14 - Chex Appeal,1,3,0,-14.0,S,3,5,0,-6.0,Spring,13
7903,02-06-2026,S-01 - Oops I Hit It Again,1,3,0,-14.0,S,2,6,0,-29.0,Spring,14
7904,02-06-2026,S-13 - Ace Krispies,2,2,0,-6.0,S,2,6,0,-37.0,Spring,15
7905,02-06-2026,S-17 - Honey Bunches of Floats,1,3,0,-27.0,S,2,6,0,-48.0,Spring,16
7906,02-06-2026,"S-05 - My Set, My Quick (Spike It!)",1,3,0,-12.0,S,1,7,0,-39.0,Spring,17
7907,02-06-2026,S-03 - Call Me If You Get Blocked,1,3,0,-20.0,S,1,7,0,-46.0,Spring,18
7908,02-20-2026,S-15 - Kanine Krunchies,3,1,0,14.0,S,9,3,0,64.0,Spring,1
7909,02-20-2026,S-04 - Sets With Me,4,0,0,28.0,S,9,3,0,39.0,Spring,2
7910,02-20-2026,S-07 - Heavy Is The Crown,3,1,0,24.0,S,9,3,0,33.0,Spring,3
7911,02-20-2026,S-10 - Count Blockula,2,2,0,-7.0,S,8,4,0,50.0,Spring,4
7912,02-20-2026,S-02 - I Write Sets Not Tragedies,4,0,0,32.0,S,8,4,0,23.0,Spring,5
7913,02-20-2026,S-18 - Spike Krispies,3,1,0,4.0,S,8,4,0,12.0,Spring,6
7914,02-20-2026,S-11 - Cap'n C*nt,1,3,0,-7.0,S,7,5,0,31.0,Spring,7
7915,02-20-2026,S-16 - Frosted Tips,1,3,0,-7.0,S,7,5,0,13.0,Spring,8
7916,02-20-2026,S-09 - Honey Nut Cheeri-Hoes,1,3,0,-21.0,S,6,6,0,7.0,Spring,9
7917,02-20-2026,S-08 - Cereal Killers,1,3,0,-8.0,S,6,6,0,-8.0,Spring,10
7918,02-20-2026,S-14 - Chex Appeal,2,2,0,4.0,S,5,7,0,-2.0,Spring,11
7919,02-20-2026,S-06 - Frosted Freaks,2,2,0,-10.0,S,5,7,0,-9.0,Spring,12
7920,02-20-2026,S-01 - Oops I Hit It Again,3,1,0,18.0,S,5,7,0,-11.0,Spring,13
7921,02-20-2026,S-13 - Ace Krispies,3,1,0,-2.0,S,5,7,0,-39.0,Spring,14
7922,02-20-2026,S-12 - Anti-Block Heroes,0,4,0,-16.0,S,4,8,0,-24.0,Spring,15
7923,02-20-2026,"S-05 - My Set, My Quick (Spike It!)",2,2,0,-4.0,S,3,9,0,-43.0,Spring,16
7924,02-20-2026,S-17 - Honey Bunches of Floats,1,3,0,-14.0,S,3,9,0,-62.0,Spring,17
7925,02-20-2026,S-03 - Call Me If You Get Blocked,0,4,0,-28.0,S,1,11,0,-74.0,Spring,18
7926,02-27-2026,S-15 - Kanine Krunchies,0,0,0,0.0,S,9,3,0,64.0,Spring,1
7927,02-27-2026,S-04 - Sets With Me,0,0,0,0.0,S,9,3,0,39.0,Spring,2
7928,02-27-2026,S-07 - Heavy Is The Crown,0,0,0,0.0,S,9,3,0,33.0,Spring,3
7929,02-27-2026,S-10 - Count Blockula,0,0,0,0.0,S,8,4,0,50.0,Spring,4
7930,02-27-2026,S-02 - I Write Sets Not Tragedies,0,0,0,0.0,S,8,4,0,23.0,Spring,5
7931,02-27-2026,S-18 - Spike Krispies,0,0,0,0.0,S,8,4,0,12.0,Spring,6
7932,02-27-2026,S-11 - Cap'n C*nt,0,0,0,0.0,S,7,5,0,31.0,Spring,7
7933,02-27-2026,S-16 - Frosted Tips,0,0,0,0.0,S,7,5,0,13.0,Spring,8
7934,02-27-2026,S-09 - Honey Nut Cheeri-Hoes,0,0,0,0.0,S,6,6,0,7.0,Spring,9
7935,02-27-2026,S-08 - Cereal Killers,0,0,0,0.0,S,6,6,0,-8.0,Spring,10
7936,02-27-2026,S-14 - Chex Appeal,0,0,0,0.0,S,5,7,0,-2.0,Spring,11
7937,02-27-2026,S-06 - Frosted Freaks,0,0,0,0.0,S,5,7,0,-9.0,Spring,12
7938,02-27-2026,S-01 - Oops I Hit It Again,0,0,0,0.0,S,5,7,0,-11.0,Spring,13
7939,02-27-2026,S-13 - Ace Krispies,0,0,0,0.0,S,5,7,0,-39.0,Spring,14
7940,02-27-2026,S-12 - Anti-Block Heroes,0,0,0,0.0,S,4,8,0,-24.0,Spring,15
7941,02-27-2026,"S-05 - My Set, My Quick (Spike It!)",0,0,0,0.0,S,3,9,0,-43.0,Spring,16
7942,02-27-2026,S-17 - Honey Bunches of Floats,0,0,0,0.0,S,3,9,0,-62.0,Spring,17
7943,02-27-2026,S-03 - Call Me If You Get Blocked,0,0,0,0.0,S,1,11,0,-74.0,Spring,18
7944,03-06-2026,S-15 - Kanine Krunchies,4,0,0,31.0,S,13,3,0,95.0,Spring,1
7945,03-06-2026,S-10 - Count Blockula,3,1,0,33.0,S,11,5,0,83.0,Spring,2
7946,03-06-2026,S-11 - Cap'n C*nt,4,0,0,36.0,S,11,5,0,67.0,Spring,3
7947,03-06-2026,S-04 - Sets With Me,2,2,0,-8.0,S,11,5,0,31.0,Spring,4
7948,03-06-2026,S-02 - I Write Sets Not Tragedies,2,2,0,7.0,S,10,6,0,30.0,Spring,5
7949,03-06-2026,S-07 - Heavy Is The Crown,0,4,0,-19.0,S,9,7,0,14.0,Spring,6
7950,03-06-2026,S-08 - Cereal Killers,3,1,0,21.0,S,9,7,0,13.0,Spring,7
7951,03-06-2026,S-12 - Anti-Block Heroes,4,0,0,27.0,S,8,8,0,3.0,Spring,8
7952,03-06-2026,S-16 - Frosted Tips,1,3,0,-12.0,S,8,8,0,1.0,Spring,9
7953,03-06-2026,S-18 - Spike Krispies,0,4,0,-24.0,S,8,8,0,-12.0,Spring,10
7954,03-06-2026,S-01 - Oops I Hit It Again,3,1,0,-8.0,S,8,8,0,-19.0,Spring,11
7955,03-06-2026,S-13 - Ace Krispies,2,1,1,-3.0,S,7,8,1,-42.0,Spring,12
7956,03-06-2026,S-06 - Frosted Freaks,2,2,0,-9.0,S,7,9,0,-18.0,Spring,13
7957,03-06-2026,S-14 - Chex Appeal,1,2,1,-4.0,S,6,9,1,-6.0,Spring,14
7958,03-06-2026,S-09 - Honey Nut Cheeri-Hoes,0,4,0,-31.0,S,6,10,0,-24.0,Spring,15
7959,03-06-2026,S-17 - Honey Bunches of Floats,2,2,0,-7.0,S,5,11,0,-69.0,Spring,16
7960,03-06-2026,"S-05 - My Set, My Quick (Spike It!)",0,4,0,-25.0,S,3,13,0,-68.0,Spring,17
7961,03-06-2026,S-03 - Call Me If You Get Blocked,2,2,0,-5.0,S,3,13,0,-79.0,Spring,18
7962,03-20-2026,S-15 - Kanine Krunchies,0,0,0,0.0,S,13,3,0,95.0,Spring,1
7963,03-20-2026,S-10 - Count Blockula,0,0,0,0.0,S,11,5,0,83.0,Spring,2
7964,03-20-2026,S-11 - Cap'n C*nt,0,0,0,0.0,S,11,5,0,67.0,Spring,3
7965,03-20-2026,S-04 - Sets With Me,0,0,0,0.0,S,11,5,0,31.0,Spring,4
7966,03-20-2026,S-02 - I Write Sets Not Tragedies,0,0,0,0.0,S,10,6,0,30.0,Spring,5
7967,03-20-2026,S-07 - Heavy Is The Crown,0,0,0,0.0,S,9,7,0,14.0,Spring,6
7968,03-20-2026,S-08 - Cereal Killers,0,0,0,0.0,S,9,7,0,13.0,Spring,7
7969,03-20-2026,S-12 - Anti-Block Heroes,0,0,0,0.0,S,8,8,0,3.0,Spring,8
7970,03-20-2026,S-16 - Frosted Tips,0,0,0,0.0,S,8,8,0,1.0,Spring,9
7971,03-20-2026,S-18 - Spike Krispies,0,0,0,0.0,S,8,8,0,-12.0,Spring,10
7972,03-20-2026,S-01 - Oops I Hit It Again,0,0,0,0.0,S,8,8,0,-19.0,Spring,11
7973,03-20-2026,S-13 - Ace Krispies,0,0,0,0.0,S,7,8,1,-42.0,Spring,12
7974,03-20-2026,S-06 - Frosted Freaks,0,0,0,0.0,S,7,9,0,-18.0,Spring,13
7975,03-20-2026,S-14 - Chex Appeal,0,0,0,0.0,S,6,9,1,-6.0,Spring,14
7976,03-20-2026,S-09 - Honey Nut Cheeri-Hoes,0,0,0,0.0,S,6,10,0,-24.0,Spring,15
7977,03-20-2026,S-17 - Honey Bunches of Floats,0,0,0,0.0,S,5,11,0,-69.0,Spring,16
7978,03-20-2026,"S-05 - My Set, My Quick (Spike It!)",0,0,0,0.0,S,3,13,0,-68.0,Spring,17
7979,03-20-2026,S-03 - Call Me If You Get Blocked,0,0,0,0.0,S,3,13,0,-79.0,Spring,18
7980,03-27-2026,S-15 - Kanine Krunchies,0,0,0,0.0,S,13,3,0,95.0,Spring,1
7981,03-27-2026,S-10 - Count Blockula,0,0,0,0.0,S,11,5,0,83.0,Spring,2
7982,03-27-2026,S-11 - Cap'n C*nt,0,0,0,0.0,S,11,5,0,67.0,Spring,3
7983,03-27-2026,S-04 - Sets With Me,0,0,0,0.0,S,11,5,0,31.0,Spring,4
7984,03-27-2026,S-02 - I Write Sets Not Tragedies,0,0,0,0.0,S,10,6,0,30.0,Spring,5
7985,03-27-2026,S-07 - Heavy Is The Crown,0,0,0,0.0,S,9,7,0,14.0,Spring,6
7986,03-27-2026,S-08 - Cereal Killers,0,0,0,0.0,S,9,7,0,13.0,Spring,7
7987,03-27-2026,S-12 - Anti-Block Heroes,0,0,0,0.0,S,8,8,0,3.0,Spring,8
7988,03-27-2026,S-16 - Frosted Tips,0,0,0,0.0,S,8,8,0,1.0,Spring,9
7989,03-27-2026,S-18 - Spike Krispies,0,0,0,0.0,S,8,8,0,-12.0,Spring,10
7990,03-27-2026,S-01 - Oops I Hit It Again,0,0,0,0.0,S,8,8,0,-19.0,Spring,11
7991,03-27-2026,S-13 - Ace Krispies,0,0,0,0.0,S,7,8,1,-42.0,Spring,12
7992,03-27-2026,S-06 - Frosted Freaks,0,0,0,0.0,S,7,9,0,-18.0,Spring,13
7993,03-27-2026,S-14 - Chex Appeal,0,0,0,0.0,S,6,9,1,-6.0,Spring,14
7994,03-27-2026,S-09 - Honey Nut Cheeri-Hoes,0,0,0,0.0,S,6,10,0,-24.0,Spring,15
7995,03-27-2026,S-17 - Honey Bunches of Floats,0,0,0,0.0,S,5,11,0,-69.0,Spring,16
7996,03-27-2026,"S-05 - My Set, My Quick (Spike It!)",0,0,0,0.0,S,3,13,0,-68.0,Spring,17
7997,03-27-2026,S-03 - Call Me If You Get Blocked,0,0,0,0.0,S,3,13,0,-79.0,Spring,18
7998,04-10-2026,S-15 - Kanine Krunchies,0,0,0,0.0,S,13,3,0,95.0,Spring,1
7999,04-10-2026,S-10 - Count Blockula,0,0,0,0.0,S,11,5,0,83.0,Spring,2
8000,04-10-2026,S-11 - Cap'n C*nt,0,0,0,0.0,S,11,5,0,67.0,Spring,3
8001,04-10-2026,S-04 - Sets With Me,0,0,0,0.0,S,11,5,0,31.0,Spring,4
8002,04-10-2026,S-02 - I Write Sets Not Tragedies,0,0,0,0.0,S,10,6,0,30.0,Spring,5
8003,04-10-2026,S-07 - Heavy Is The Crown,0,0,0,0.0,S,9,7,0,14.0,Spring,6
8004,04-10-2026,S-08 - Cereal Killers,0,0,0,0.0,S,9,7,0,13.0,Spring,7
8005,04-10-2026,S-12 - Anti-Block Heroes,0,0,0,0.0,S,8,8,0,3.0,Spring,8
8006,04-10-2026,S-16 - Frosted Tips,0,0,0,0.0,S,8,8,0,1.0,Spring,9
8007,04-10-2026,S-18 - Spike Krispies,0,0,0,0.0,S,8,8,0,-12.0,Spring,10
8008,04-10-2026,S-01 - Oops I Hit It Again,0,0,0,0.0,S,8,8,0,-19.0,Spring,11
8009,04-10-2026,S-13 - Ace Krispies,0,0,0,0.0,S,7,8,1,-42.0,Spring,12
8010,04-10-2026,S-06 - Frosted Freaks,0,0,0,0.0,S,7,9,0,-18.0,Spring,13
8011,04-10-2026,S-14 - Chex Appeal,0,0,0,0.0,S,6,9,1,-6.0,Spring,14
8012,04-10-2026,S-09 - Honey Nut Cheeri-Hoes,0,0,0,0.0,S,6,10,0,-24.0,Spring,15
8013,04-10-2026,S-17 - Honey Bunches of Floats,0,0,0,0.0,S,5,11,0,-69.0,Spring,16
8014,04-10-2026,"S-05 - My Set, My Quick (Spike It!)",0,0,0,0.0,S,3,13,0,-68.0,Spring,17
8015,04-10-2026,S-03 - Call Me If You Get Blocked,0,0,0,0.0,S,3,13,0,-79.0,Spring,18
8016,04-17-2026,S-15 - Kanine Krunchies,0,0,0,0.0,S,13,3,0,95.0,Spring,1
8017,04-17-2026,S-10 - Count Blockula,0,0,0,0.0,S,11,5,0,83.0,Spring,2
8018,04-17-2026,S-11 - Cap'n C*nt,0,0,0,0.0,S,11,5,0,67.0,Spring,3
8019,04-17-2026,S-04 - Sets With Me,0,0,0,0.0,S,11,5,0,31.0,Spring,4
8020,04-17-2026,S-02 - I Write Sets Not Tragedies,0,0,0,0.0,S,10,6,0,30.0,Spring,5
8021,04-17-2026,S-07 - Heavy Is The Crown,0,0,0,0.0,S,9,7,0,14.0,Spring,6
8022,04-17-2026,S-08 - Cereal Killers,0,0,0,0.0,S,9,7,0,13.0,Spring,7
8023,04-17-2026,S-12 - Anti-Block Heroes,0,0,0,0.0,S,8,8,0,3.0,Spring,8
8024,04-17-2026,S-16 - Frosted Tips,0,0,0,0.0,S,8,8,0,1.0,Spring,9
8025,04-17-2026,S-18 - Spike Krispies,0,0,0,0.0,S,8,8,0,-12.0,Spring,10
8026,04-17-2026,S-01 - Oops I Hit It Again,0,0,0,0.0,S,8,8,0,-19.0,Spring,11
8027,04-17-2026,S-13 - Ace Krispies,0,0,0,0.0,S,7,8,1,-42.0,Spring,12
8028,04-17-2026,S-06 - Frosted Freaks,0,0,0,0.0,S,7,9,0,-18.0,Spring,13
8029,04-17-2026,S-14 - Chex Appeal,0,0,0,0.0,S,6,9,1,-6.0,Spring,14
8030,04-17-2026,S-09 - Honey Nut Cheeri-Hoes,0,0,0,0.0,S,6,10,0,-24.0,Spring,15
8031,04-17-2026,S-17 - Honey Bunches of Floats,0,0,0,0.0,S,5,11,0,-69.0,Spring,16
8032,04-17-2026,"S-05 - My Set, My Quick (Spike It!)",0,0,0,0.0,S,3,13,0,-68.0,Spring,17
8033,04-17-2026,S-03 - Call Me If You Get Blocked,0,0,0,0.0,S,3,13,0,-79.0,Spring,18
8034,04-24-2026,S-15 - Kanine Krunchies,0,0,0,0.0,S,13,3,0,95.0,Spring,1
8035,04-24-2026,S-10 - Count Blockula,0,0,0,0.0,S,11,5,0,83.0,Spring,2
8036,04-24-2026,S-11 - Cap'n C*nt,0,0,0,0.0,S,11,5,0,67.0,Spring,3
8037,04-24-2026,S-04 - Sets With Me,0,0,0,0.0,S,11,5,0,31.0,Spring,4
8038,04-24-2026,S-02 - I Write Sets Not Tragedies,0,0,0,0.0,S,10,6,0,30.0,Spring,5
8039,04-24-2026,S-07 - Heavy Is The Crown,0,0,0,0.0,S,9,7,0,14.0,Spring,6
8040,04-24-2026,S-08 - Cereal Killers,0,0,0,0.0,S,9,7,0,13.0,Spring,7
8041,04-24-2026,S-12 - Anti-Block Heroes,0,0,0,0.0,S,8,8,0,3.0,Spring,8
8042,04-24-2026,S-16 - Frosted Tips,0,0,0,0.0,S,8,8,0,1.0,Spring,9
8043,04-24-2026,S-18 - Spike Krispies,0,0,0,0.0,S,8,8,0,-12.0,Spring,10
8044,04-24-2026,S-01 - Oops I Hit It Again,0,0,0,0.0,S,8,8,0,-19.0,Spring,11
8045,04-24-2026,S-13 - Ace Krispies,0,0,0,0.0,S,7,8,1,-42.0,Spring,12
8046,04-24-2026,S-06 - Frosted Freaks,0,0,0,0.0,S,7,9,0,-18.0,Spring,13
8047,04-24-2026,S-14 - Chex Appeal,0,0,0,0.0,S,6,9,1,-6.0,Spring,14
8048,04-24-2026,S-09 - Honey Nut Cheeri-Hoes,0,0,0,0.0,S,6,10,0,-24.0,Spring,15
8049,04-24-2026,S-17 - Honey Bunches of Floats,0,0,0,0.0,S,5,11,0,-69.0,Spring,16
8050,04-24-2026,"S-05 - My Set, My Quick (Spike It!)",0,0,0,0.0,S,3,13,0,-68.0,Spring,17
8051,04-24-2026,S-03 - Call Me If You Get Blocked,0,0,0,0.0,S,3,13,0,-79.0,Spring,18
8052,08-22-2025,A-08,4,0,0,40.0,A,4,0,0,40.0,Fall,1
8053,08-22-2025,A-02,4,0,0,39.0,A,4,0,0,39.0,Fall,2
8054,08-22-2025,A-01,4,0,0,26.0,A,4,0,0,26.0,Fall,3
8055,08-22-2025,A-07,4,0,0,25.0,A,4,0,0,25.0,Fall,4
8056,08-22-2025,A-18,4,0,0,24.0,A,4,0,0,24.0,Fall,5
8057,08-22-2025,A-11,2,1,1,18.0,A,2,1,1,18.0,Fall,6
8058,08-22-2025,A-15,2,1,1,1.0,A,2,1,1,1.0,Fall,7
8059,08-22-2025,A-06,2,2,0,3.0,A,2,2,0,3.0,Fall,8
8060,08-22-2025,A-10,2,2,0,-10.0,A,2,2,0,-10.0,Fall,9
8061,08-22-2025,A-16,2,2,0,-20.0,A,2,2,0,-20.0,Fall,10
8062,08-22-2025,A-09,1,3,0,-6.0,A,1,3,0,-6.0,Fall,11
8063,08-22-2025,A-05,1,3,0,-11.0,A,1,3,0,-11.0,Fall,12
8064,08-22-2025,A-17,1,3,0,-19.0,A,1,3,0,-19.0,Fall,13
8065,08-22-2025,A-03,1,3,0,-19.0,A,1,3,0,-19.0,Fall,14
8066,08-22-2025,A-14,1,3,0,-28.0,A,1,3,0,-28.0,Fall,15
8067,08-22-2025,A-13,0,4,0,-16.0,A,0,4,0,-16.0,Fall,16
8068,08-22-2025,A-04,0,4,0,-20.0,A,0,4,0,-20.0,Fall,17
8069,08-22-2025,A-12,0,4,0,-27.0,A,0,4,0,-27.0,Fall,18
8070,09-05-2025,A-08,3,1,0,7.0,A,7,1,0,47.0,Fall,1
8071,09-05-2025,A-02,3,1,0,5.0,A,7,1,0,44.0,Fall,2
8072,09-05-2025,A-18,3,1,0,14.0,A,7,1,0,38.0,Fall,3
8073,09-05-2025,A-07,3,1,0,13.0,A,7,1,0,38.0,Fall,4
8074,09-05-2025,A-01,2,2,0,-2.0,A,6,2,0,24.0,Fall,5
8075,09-05-2025,A-11,2,2,0,-2.0,A,4,3,1,16.0,Fall,6
8076,09-05-2025,A-15,2,2,0,0.0,A,4,3,1,1.0,Fall,7
8077,09-05-2025,A-09,3,1,0,14.0,A,4,4,0,8.0,Fall,8
8078,09-05-2025,A-12,4,0,0,19.0,A,4,4,0,-8.0,Fall,9
8079,09-05-2025,A-10,2,2,0,-8.0,A,4,4,0,-18.0,Fall,10
8080,09-05-2025,A-06,1,3,0,-11.0,A,3,5,0,-8.0,Fall,11
8081,09-05-2025,A-17,2,2,0,-4.0,A,3,5,0,-23.0,Fall,12
8082,09-05-2025,A-16,1,3,0,-3.0,A,3,5,0,-23.0,Fall,13
8083,09-05-2025,A-05,1,3,0,-6.0,A,2,6,0,-17.0,Fall,14
8084,09-05-2025,A-13,2,2,0,-2.0,A,2,6,0,-18.0,Fall,15
8085,09-05-2025,A-14,1,3,0,-7.0,A,2,6,0,-35.0,Fall,16
8086,09-05-2025,A-04,1,3,0,-10.0,A,1,7,0,-30.0,Fall,17
8087,09-05-2025,A-03,0,4,0,-17.0,A,1,7,0,-36.0,Fall,18
8088,09-12-2025,A-07,4,0,0,33.0,A,11,1,0,71.0,Fall,1
8089,09-12-2025,A-18,3,1,0,11.0,A,10,2,0,49.0,Fall,2
8090,09-12-2025,A-08,2,1,1,2.0,A,9,2,1,49.0,Fall,3
8091,09-12-2025,A-11,4,0,0,16.0,A,8,3,1,32.0,Fall,4
8092,09-12-2025,A-01,2,1,1,1.0,A,8,3,1,25.0,Fall,5
8093,09-12-2025,A-02,1,3,0,-10.0,A,8,4,0,34.0,Fall,6
8094,09-12-2025,A-10,3,1,0,21.0,A,7,5,0,3.0,Fall,7
8095,09-12-2025,A-15,2,2,0,-11.0,A,6,5,1,-10.0,Fall,8
8096,09-12-2025,A-12,2,2,0,4.0,A,6,6,0,-4.0,Fall,9
8097,09-12-2025,A-17,2,2,0,14.0,A,5,7,0,-9.0,Fall,10
8098,09-12-2025,A-13,2,1,1,-2.0,A,4,7,1,-20.0,Fall,11
8099,09-12-2025,A-06,1,3,0,0.0,A,4,8,0,-8.0,Fall,12
8100,09-12-2025,A-09,0,4,0,-20.0,A,4,8,0,-12.0,Fall,13
8101,09-12-2025,A-04,3,1,0,0.0,A,4,8,0,-30.0,Fall,14
8102,09-12-2025,A-16,0,3,1,-12.0,A,3,8,1,-35.0,Fall,15
8103,09-12-2025,A-05,1,3,0,0.0,A,3,9,0,-17.0,Fall,16
8104,09-12-2025,A-03,2,2,0,0.0,A,3,9,0,-36.0,Fall,17
8105,09-12-2025,A-14,0,4,0,-47.0,A,2,10,0,-82.0,Fall,18
8106,09-19-2025,A-18,3,1,0,23.0,A,13,3,0,72.0,Fall,1
8107,09-19-2025,A-08,3,1,0,0.0,A,12,3,1,49.0,Fall,2
8108,09-19-2025,A-01,3,1,0,3.0,A,11,4,1,28.0,Fall,3
8109,09-19-2025,A-07,0,4,0,-23.0,A,11,5,0,48.0,Fall,4
8110,09-19-2025,A-10,4,0,0,25.0,A,11,5,0,28.0,Fall,5
8111,09-19-2025,A-02,2,1,1,4.0,A,10,5,1,38.0,Fall,6
8112,09-19-2025,A-11,2,2,0,-3.0,A,10,5,1,29.0,Fall,7
8113,09-19-2025,A-12,3,1,0,2.0,A,9,7,0,-2.0,Fall,8
8114,09-19-2025,A-15,2,2,0,9.0,A,8,7,1,-1.0,Fall,9
8115,09-19-2025,A-05,4,0,0,26.0,A,7,9,0,9.0,Fall,10
8116,09-19-2025,A-17,2,2,0,4.0,A,7,9,0,-5.0,Fall,11
8117,09-19-2025,A-09,2,1,1,16.0,A,6,9,1,4.0,Fall,12
8118,09-19-2025,A-04,2,2,0,-5.0,A,6,10,0,-35.0,Fall,13
8119,09-19-2025,A-13,1,3,0,-20.0,A,5,10,1,-40.0,Fall,14
8120,09-19-2025,A-06,1,3,0,0.0,A,5,11,0,-8.0,Fall,15
8121,09-19-2025,A-16,1,3,0,-11.0,A,4,11,1,-46.0,Fall,16
8122,09-19-2025,A-03,0,4,0,-30.0,A,3,13,0,-66.0,Fall,17
8123,09-19-2025,A-14,0,4,0,-20.0,A,2,14,0,-102.0,Fall,18
8124,09-26-2025,A-18,3,1,0,8.0,A,16,4,0,80.0,Fall,1
8125,09-26-2025,A-08,2,2,0,14.0,A,14,5,1,63.0,Fall,2
8126,09-26-2025,A-10,3,1,0,4.0,A,14,6,0,32.0,Fall,3
8127,09-26-2025,A-02,3,1,0,15.0,A,13,6,1,53.0,Fall,4
8128,09-26-2025,A-11,3,1,0,24.0,A,13,6,1,53.0,Fall,5
8129,09-26-2025,A-01,2,2,0,2.0,A,13,6,1,30.0,Fall,6
8130,09-26-2025,A-15,4,0,0,18.0,A,12,7,1,17.0,Fall,7
8131,09-26-2025,A-07,0,4,0,-20.0,A,11,9,0,28.0,Fall,8
8132,09-26-2025,A-12,2,2,0,7.0,A,11,9,0,5.0,Fall,9
8133,09-26-2025,A-05,2,2,0,0.0,A,9,11,0,9.0,Fall,10
8134,09-26-2025,A-16,4,0,0,40.0,A,8,11,1,-6.0,Fall,11
8135,09-26-2025,A-09,2,2,0,-13.0,A,8,11,1,-9.0,Fall,12
8136,09-26-2025,A-17,1,3,0,-22.0,A,8,12,0,-27.0,Fall,13
8137,09-26-2025,A-13,2,2,0,4.0,A,7,12,1,-36.0,Fall,14
8138,09-26-2025,A-04,1,3,0,-24.0,A,7,13,0,-59.0,Fall,15
8139,09-26-2025,A-06,1,3,0,-18.0,A,6,14,0,-26.0,Fall,16
8140,09-26-2025,A-03,1,3,0,-12.0,A,4,16,0,-78.0,Fall,17
8141,09-26-2025,A-14,0,4,0,-27.0,A,2,18,0,-129.0,Fall,18
8142,10-10-2025,A-18,4,0,0,30.0,A,20,4,0,110.0,Fall,1
8143,10-10-2025,A-02,4,0,0,32.0,A,17,6,1,85.0,Fall,2
8144,10-10-2025,A-01,4,0,0,31.0,A,17,6,1,61.0,Fall,3
8145,10-10-2025,A-10,2,2,0,1.0,A,16,8,0,33.0,Fall,4
8146,10-10-2025,A-08,1,3,0,3.0,A,15,8,1,66.0,Fall,5
8147,10-10-2025,A-11,2,2,0,1.0,A,15,8,1,54.0,Fall,6
8148,10-10-2025,A-15,3,1,0,21.0,A,15,8,1,38.0,Fall,7
8149,10-10-2025,A-07,2,2,0,-4.0,A,13,11,0,24.0,Fall,8
8150,10-10-2025,A-12,2,2,0,3.0,A,13,11,0,8.0,Fall,9
8151,10-10-2025,A-16,3,1,0,23.0,A,11,12,1,17.0,Fall,10
8152,10-10-2025,A-09,2,2,0,13.0,A,10,13,1,4.0,Fall,11
8153,10-10-2025,A-13,2,2,0,1.0,A,9,14,1,-35.0,Fall,12
8154,10-10-2025,A-05,0,4,0,-44.0,A,9,15,0,-35.0,Fall,13
8155,10-10-2025,A-17,1,3,0,-23.0,A,9,15,0,-50.0,Fall,14
8156,10-10-2025,A-06,2,2,0,0.0,A,8,16,0,-26.0,Fall,15
8157,10-10-2025,A-04,1,3,0,-22.0,A,8,16,0,-81.0,Fall,16
8158,10-10-2025,A-03,1,3,0,-35.0,A,5,19,0,-113.0,Fall,17
8159,10-10-2025,A-14,0,4,0,-31.0,A,2,22,0,-160.0,Fall,18
8160,10-17-2025,A-18,3,1,0,39.0,A,23,5,0,149.0,Fall,1
8161,10-17-2025,A-01,2,1,1,14.0,A,19,7,2,75.0,Fall,2
8162,10-17-2025,A-10,3,1,0,21.0,A,19,9,0,54.0,Fall,3
8163,10-17-2025,A-08,3,0,1,26.0,A,18,8,2,92.0,Fall,4
8164,10-17-2025,A-11,3,1,0,3.0,A,18,9,1,57.0,Fall,5
8165,10-17-2025,A-02,1,3,0,-33.0,A,18,9,1,52.0,Fall,6
8166,10-17-2025,A-15,1,3,0,-4.0,A,16,11,1,34.0,Fall,7
8167,10-17-2025,A-12,3,1,0,3.0,A,16,12,0,11.0,Fall,8
8168,10-17-2025,A-16,4,0,0,18.0,A,15,12,1,35.0,Fall,9
8169,10-17-2025,A-07,2,2,0,5.0,A,15,13,0,29.0,Fall,10
8170,10-17-2025,A-09,2,2,0,-4.0,A,12,15,1,0.0,Fall,11
8171,10-17-2025,A-13,3,1,0,17.0,A,12,15,1,-18.0,Fall,12
8172,10-17-2025,A-06,3,1,0,8.0,A,11,17,0,-18.0,Fall,13
8173,10-17-2025,A-04,2,2,0,-6.0,A,10,18,0,-87.0,Fall,14
8174,10-17-2025,A-05,0,4,0,-23.0,A,9,19,0,-58.0,Fall,15
8175,10-17-2025,A-17,0,4,0,-40.0,A,9,19,0,-90.0,Fall,16
8176,10-17-2025,A-03,0,4,0,-24.0,A,5,23,0,-137.0,Fall,17
8177,10-17-2025,A-14,0,4,0,-20.0,A,2,26,0,-180.0,Fall,18
8178,10-24-2025,A-18,4,0,0,33.0,A,27,5,0,182.0,Fall,1
8179,10-24-2025,A-01,4,0,0,17.0,A,23,7,2,92.0,Fall,2
8180,10-24-2025,A-02,3,1,0,17.0,A,21,10,1,69.0,Fall,3
8181,10-24-2025,A-11,3,1,0,4.0,A,21,10,1,61.0,Fall,4
8182,10-24-2025,A-10,2,2,0,0.0,A,21,11,0,54.0,Fall,5
8183,10-24-2025,A-08,1,2,1,-4.0,A,19,10,3,88.0,Fall,6
8184,10-24-2025,A-15,3,1,0,21.0,A,19,12,1,55.0,Fall,7
8185,10-24-2025,A-12,2,2,0,0.0,A,18,14,0,11.0,Fall,8
8186,10-24-2025,A-16,1,2,1,-4.0,A,16,14,2,31.0,Fall,9
8187,10-24-2025,A-07,1,2,1,0.0,A,16,15,1,29.0,Fall,10
8188,10-24-2025,A-13,2,1,1,4.0,A,14,16,2,-14.0,Fall,11
8189,10-24-2025,A-09,0,4,0,-27.0,A,12,19,1,-27.0,Fall,12
8190,10-24-2025,A-06,1,3,0,-11.0,A,12,20,0,-29.0,Fall,13
8191,10-24-2025,A-05,3,1,0,11.0,A,12,20,0,-47.0,Fall,14
8192,10-24-2025,A-17,2,2,0,-6.0,A,11,21,0,-96.0,Fall,15
8193,10-24-2025,A-04,0,4,0,-17.0,A,10,22,0,-104.0,Fall,16
8194,10-24-2025,A-03,0,4,0,-32.0,A,5,27,0,-169.0,Fall,17
8195,10-24-2025,A-14,2,2,0,-6.0,A,4,28,0,-186.0,Fall,18
8196,11-07-2025,A-18,2,2,0,10.0,A,29,7,0,192.0,Fall,1
8197,11-07-2025,A-02,4,0,0,32.0,A,25,10,1,101.0,Fall,2
8198,11-07-2025,A-11,4,0,0,25.0,A,25,10,1,86.0,Fall,3
8199,11-07-2025,A-08,4,0,0,47.0,A,23,10,3,135.0,Fall,4
8200,11-07-2025,A-01,0,4,0,-38.0,A,23,11,2,54.0,Fall,5
8201,11-07-2025,A-10,1,3,0,-12.0,A,22,14,0,42.0,Fall,6
8202,11-07-2025,A-15,2,2,0,-2.0,A,21,14,1,53.0,Fall,7
8203,11-07-2025,A-16,4,0,0,25.0,A,20,14,2,56.0,Fall,8
8204,11-07-2025,A-12,2,2,0,-1.0,A,20,16,0,10.0,Fall,9
8205,11-07-2025,A-07,2,2,0,6.0,A,18,17,1,35.0,Fall,10
8206,11-07-2025,A-13,2,2,0,-4.0,A,16,18,2,-18.0,Fall,11
8207,11-07-2025,A-05,4,0,0,30.0,A,16,20,0,-17.0,Fall,12
8208,11-07-2025,A-09,1,3,0,-35.0,A,13,22,1,-62.0,Fall,13
8209,11-07-2025,A-17,2,2,0,-8.0,A,13,23,0,-104.0,Fall,14
8210,11-07-2025,A-06,0,4,0,-29.0,A,12,24,0,-58.0,Fall,15
8211,11-07-2025,A-04,0,4,0,-21.0,A,10,26,0,-125.0,Fall,16
8212,11-07-2025,A-03,2,2,0,28.0,A,7,29,0,-141.0,Fall,17
8213,11-07-2025,A-14,0,4,0,-53.0,A,4,32,0,-239.0,Fall,18
8214,11-14-2025,A-18,2,2,0,8.0,A,31,9,0,200.0,Fall,1
8215,11-14-2025,A-11,4,0,0,28.0,A,29,10,1,114.0,Fall,2
8216,11-14-2025,A-08,3,1,0,6.0,A,26,11,3,141.0,Fall,3
8217,11-14-2025,A-01,3,1,0,10.0,A,26,12,2,64.0,Fall,4
8218,11-14-2025,A-02,0,4,0,-66.0,A,25,14,1,35.0,Fall,5
8219,11-14-2025,A-15,1,3,0,-18.0,A,22,17,1,35.0,Fall,6
8220,11-14-2025,A-10,0,3,1,-9.0,A,22,17,1,33.0,Fall,7
8221,11-14-2025,A-16,1,3,0,-6.0,A,21,17,2,50.0,Fall,8
8222,11-14-2025,A-12,1,3,0,-7.0,A,21,19,0,3.0,Fall,9
8223,11-14-2025,A-07,1,3,0,-10.0,A,19,20,1,25.0,Fall,10
8224,11-14-2025,A-05,3,1,0,10.0,A,19,21,0,-7.0,Fall,11
8225,11-14-2025,A-13,2,2,0,-4.0,A,18,20,2,-22.0,Fall,12
8226,11-14-2025,A-09,3,1,0,17.0,A,16,23,1,-45.0,Fall,13
8227,11-14-2025,A-17,2,1,1,-1.0,A,15,24,1,-105.0,Fall,14
8228,11-14-2025,A-06,3,1,0,49.0,A,15,25,0,-9.0,Fall,15
8229,11-14-2025,A-04,2,2,0,1.0,A,12,28,0,-124.0,Fall,16
8230,11-14-2025,A-03,4,0,0,22.0,A,11,29,0,-119.0,Fall,17
8231,11-14-2025,A-14,0,4,0,-30.0,A,4,36,0,-269.0,Fall,18
8232,11-21-2025,A-18,3,1,0,20.0,A,34,10,0,220.0,Fall,1
8233,11-21-2025,A-11,3,1,0,-4.0,A,32,11,1,110.0,Fall,2
8234,11-21-2025,A-01,4,0,0,38.0,A,30,12,2,102.0,Fall,3
8235,11-21-2025,A-08,3,1,0,0.0,A,29,12,3,141.0,Fall,4
8236,11-21-2025,A-02,2,2,0,19.0,A,27,16,1,54.0,Fall,5
8237,11-21-2025,A-16,2,2,0,0.0,A,23,19,2,50.0,Fall,6
8238,11-21-2025,A-15,1,3,0,-39.0,A,23,20,1,-4.0,Fall,7
8239,11-21-2025,A-10,0,0,4,0.0,A,22,17,5,33.0,Fall,8
8240,11-21-2025,A-12,0,0,4,0.0,A,21,19,4,3.0,Fall,9
8241,11-21-2025,A-05,0,0,4,0.0,A,19,21,4,-7.0,Fall,10
8242,11-21-2025,A-07,0,2,2,-50.0,A,19,22,3,-25.0,Fall,11
8243,11-21-2025,A-13,0,4,0,0.0,A,18,24,2,-22.0,Fall,12
8244,11-21-2025,A-17,3,1,0,0.0,A,18,25,1,-105.0,Fall,13
8245,11-21-2025,A-09,1,3,0,4.0,A,17,26,1,-41.0,Fall,14
8246,11-21-2025,A-04,4,0,0,100.0,A,16,28,0,-24.0,Fall,15
8247,11-21-2025,A-06,1,3,0,-26.0,A,16,28,0,-35.0,Fall,16
8248,11-21-2025,A-03,0,2,2,-50.0,A,11,31,2,-169.0,Fall,17
8249,11-21-2025,A-14,1,3,0,-12.0,A,5,39,0,-281.0,Fall,18
8250,08-22-2025,C-08 The Quack Pack,4,0,0,43.0,C,4,0,0,43.0,Fall,1
8251,08-22-2025,C-12 Blocktopusses,4,0,0,31.0,C,4,0,0,31.0,Fall,2
8252,08-22-2025,C-01 Hitty Kitties,4,0,0,12.0,C,4,0,0,12.0,Fall,3
8253,08-22-2025,C-17 Fowl Play,3,1,0,24.0,C,3,1,0,24.0,Fall,4
8254,08-22-2025,C-03 Balls to the Narwhals,3,1,0,9.0,C,3,1,0,9.0,Fall,5
8255,08-22-2025,C-14 Hot Cheetahs,3,1,0,9.0,C,3,1,0,9.0,Fall,6
8256,08-22-2025,C-07 Otter Chaos,2,1,1,11.0,C,2,1,1,11.0,Fall,7
8257,08-22-2025,C-05 Bumpin Bunnies,2,2,0,10.0,C,2,2,0,10.0,Fall,8
8258,08-22-2025,C-18 Digletts,2,2,0,1.0,C,2,2,0,1.0,Fall,9
8259,08-22-2025,C-11 Las Vulturistas,2,2,0,-1.0,C,2,2,0,-1.0,Fall,10
8260,08-22-2025,C-13 Doggy Style,2,2,0,-2.0,C,2,2,0,-2.0,Fall,11
8261,08-22-2025,C-16 No Fox Given,1,2,1,-20.0,C,1,2,1,-20.0,Fall,12
8262,08-22-2025,C-02 Glory H Gorillas,1,3,0,-19.0,C,1,3,0,-19.0,Fall,13
8263,08-22-2025,"C-15 Dig, Dig, Goose",1,3,0,-23.0,C,1,3,0,-23.0,Fall,14
8264,08-22-2025,C-09 Strikalotls,0,3,1,-20.0,C,0,3,1,-20.0,Fall,15
8265,08-22-2025,C-04 Panda-Monium,0,3,1,-23.0,C,0,3,1,-23.0,Fall,16
8266,08-22-2025,C-10 Duck Around and Find Out,0,4,0,-10.0,C,0,4,0,-10.0,Fall,17
8267,08-22-2025,C-06 The GOATs,0,4,0,-32.0,C,0,4,0,-32.0,Fall,18
8268,09-05-2025,C-08 The Quack Pack,3,1,0,17.0,C,7,1,0,60.0,Fall,1
8269,09-05-2025,C-12 Blocktopusses,3,1,0,25.0,C,7,1,0,56.0,Fall,2
8270,09-05-2025,C-07 Otter Chaos,4,0,0,20.0,C,6,1,1,31.0,Fall,3
8271,09-05-2025,C-17 Fowl Play,3,1,0,12.0,C,6,2,0,36.0,Fall,4
8272,09-05-2025,C-18 Digletts,4,0,0,27.0,C,6,2,0,28.0,Fall,5
8273,09-05-2025,C-03 Balls to the Narwhals,3,1,0,14.0,C,6,2,0,23.0,Fall,6
8274,09-05-2025,C-05 Bumpin Bunnies,2,2,0,-6.0,C,4,4,0,4.0,Fall,7
8275,09-05-2025,C-14 Hot Cheetahs,1,3,0,-14.0,C,4,4,0,-5.0,Fall,8
8276,09-05-2025,C-11 Las Vulturistas,2,2,0,-4.0,C,4,4,0,-5.0,Fall,9
8277,09-05-2025,C-02 Glory H Gorillas,3,1,0,12.0,C,4,4,0,-7.0,Fall,10
8278,09-05-2025,C-01 Hitty Kitties,0,4,0,-39.0,C,4,4,0,-27.0,Fall,11
8279,09-05-2025,C-13 Doggy Style,1,3,0,-13.0,C,3,5,0,-15.0,Fall,12
8280,09-05-2025,"C-15 Dig, Dig, Goose",2,2,0,-3.0,C,3,5,0,-26.0,Fall,13
8281,09-05-2025,C-09 Strikalotls,2,2,0,-6.0,C,2,5,1,-26.0,Fall,14
8282,09-05-2025,C-16 No Fox Given,1,3,0,-8.0,C,2,5,1,-28.0,Fall,15
8283,09-05-2025,C-04 Panda-Monium,1,3,0,-6.0,C,1,6,1,-29.0,Fall,16
8284,09-05-2025,C-06 The GOATs,1,3,0,-7.0,C,1,7,0,-39.0,Fall,17
8285,09-05-2025,C-10 Duck Around and Find Out,0,4,0,-21.0,C,0,8,0,-31.0,Fall,18
8286,09-12-2025,C-12 Blocktopusses,3,1,0,17.0,C,10,2,0,73.0,Fall,1
8287,09-12-2025,C-08 The Quack Pack,3,1,0,9.0,C,10,2,0,69.0,Fall,2
8288,09-12-2025,C-07 Otter Chaos,3,1,0,14.0,C,9,2,1,45.0,Fall,3
8289,09-12-2025,C-17 Fowl Play,2,2,0,-7.0,C,8,4,0,29.0,Fall,4
8290,09-12-2025,C-02 Glory H Gorillas,4,0,0,28.0,C,8,4,0,21.0,Fall,5
8291,09-12-2025,C-03 Balls to the Narwhals,2,2,0,-7.0,C,8,4,0,16.0,Fall,6
8292,09-12-2025,C-18 Digletts,1,3,0,-19.0,C,7,5,0,9.0,Fall,7
8293,09-12-2025,C-01 Hitty Kitties,3,1,0,17.0,C,7,5,0,-10.0,Fall,8
8294,09-12-2025,C-11 Las Vulturistas,2,2,0,3.0,C,6,6,0,-2.0,Fall,9
8295,09-12-2025,C-13 Doggy Style,2,2,0,9.0,C,5,7,0,-6.0,Fall,10
8296,09-12-2025,C-14 Hot Cheetahs,1,3,0,-7.0,C,5,7,0,-12.0,Fall,11
8297,09-12-2025,C-05 Bumpin Bunnies,1,3,0,-18.0,C,5,7,0,-14.0,Fall,12
8298,09-12-2025,C-16 No Fox Given,2,2,0,2.0,C,4,7,1,-26.0,Fall,13
8299,09-12-2025,C-04 Panda-Monium,2,2,0,18.0,C,3,8,1,-11.0,Fall,14
8300,09-12-2025,C-09 Strikalotls,1,3,0,-20.0,C,3,8,1,-46.0,Fall,15
8301,09-12-2025,C-06 The GOATs,2,2,0,-11.0,C,3,9,0,-50.0,Fall,16
8302,09-12-2025,"C-15 Dig, Dig, Goose",0,4,0,-29.0,C,3,9,0,-55.0,Fall,17
8303,09-12-2025,C-10 Duck Around and Find Out,2,2,0,1.0,C,2,10,0,-30.0,Fall,18
8304,09-19-2025,C-12 Blocktopusses,4,0,0,34.0,C,14,2,0,107.0,Fall,1
8305,09-19-2025,C-08 The Quack Pack,4,0,0,11.0,C,14,2,0,80.0,Fall,2
8306,09-19-2025,C-02 Glory H Gorillas,2,2,0,-7.0,C,10,6,0,14.0,Fall,3
8307,09-19-2025,C-11 Las Vulturistas,4,0,0,16.0,C,10,6,0,14.0,Fall,4
8308,09-19-2025,C-03 Balls to the Narwhals,2,2,0,-4.0,C,10,6,0,12.0,Fall,5
8309,09-19-2025,C-07 Otter Chaos,0,4,0,-16.0,C,9,6,1,29.0,Fall,6
8310,09-19-2025,C-18 Digletts,2,2,0,5.0,C,9,7,0,14.0,Fall,7
8311,09-19-2025,C-14 Hot Cheetahs,4,0,0,23.0,C,9,7,0,11.0,Fall,8
8312,09-19-2025,C-17 Fowl Play,1,3,0,-19.0,C,9,7,0,10.0,Fall,9
8313,09-19-2025,C-05 Bumpin Bunnies,3,1,0,23.0,C,8,8,0,9.0,Fall,10
8314,09-19-2025,C-13 Doggy Style,3,1,0,14.0,C,8,8,0,8.0,Fall,11
8315,09-19-2025,C-01 Hitty Kitties,1,3,0,-1.0,C,8,8,0,-11.0,Fall,12
8316,09-19-2025,C-04 Panda-Monium,2,2,0,2.0,C,5,10,1,-9.0,Fall,13
8317,09-19-2025,C-16 No Fox Given,1,3,0,-17.0,C,5,10,1,-43.0,Fall,14
8318,09-19-2025,C-09 Strikalotls,1,3,0,-7.0,C,4,11,1,-53.0,Fall,15
8319,09-19-2025,C-06 The GOATs,1,3,0,-15.0,C,4,12,0,-65.0,Fall,16
8320,09-19-2025,"C-15 Dig, Dig, Goose",1,3,0,-17.0,C,4,12,0,-72.0,Fall,17
8321,09-19-2025,C-10 Duck Around and Find Out,0,4,0,-25.0,C,2,14,0,-55.0,Fall,18
8322,09-26-2025,C-08 The Quack Pack,4,0,0,46.0,C,18,2,0,126.0,Fall,1
8323,09-26-2025,C-12 Blocktopusses,3,1,0,22.0,C,17,3,0,129.0,Fall,2
8324,09-26-2025,C-07 Otter Chaos,4,0,0,34.0,C,13,6,1,63.0,Fall,3
8325,09-26-2025,C-18 Digletts,2,2,0,17.0,C,11,9,0,31.0,Fall,4
8326,09-26-2025,C-14 Hot Cheetahs,2,2,0,18.0,C,11,9,0,29.0,Fall,5
8327,09-26-2025,C-13 Doggy Style,3,1,0,4.0,C,11,9,0,12.0,Fall,6
8328,09-26-2025,C-17 Fowl Play,2,2,0,-2.0,C,11,9,0,8.0,Fall,7
8329,09-26-2025,C-02 Glory H Gorillas,1,3,0,-20.0,C,11,9,0,-6.0,Fall,8
8330,09-26-2025,C-03 Balls to the Narwhals,1,3,0,-21.0,C,11,9,0,-9.0,Fall,9
8331,09-26-2025,C-05 Bumpin Bunnies,2,2,0,-2.0,C,10,10,0,7.0,Fall,10
8332,09-26-2025,C-11 Las Vulturistas,0,4,0,-24.0,C,10,10,0,-10.0,Fall,11
8333,09-26-2025,C-01 Hitty Kitties,2,2,0,-4.0,C,10,10,0,-15.0,Fall,12
8334,09-26-2025,C-04 Panda-Monium,4,0,0,26.0,C,9,10,1,17.0,Fall,13
8335,09-26-2025,C-16 No Fox Given,3,1,0,-3.0,C,8,11,1,-46.0,Fall,14
8336,09-26-2025,C-06 The GOATs,2,2,0,-4.0,C,6,14,0,-69.0,Fall,15
8337,09-26-2025,C-09 Strikalotls,1,3,0,-15.0,C,5,14,1,-68.0,Fall,16
8338,09-26-2025,"C-15 Dig, Dig, Goose",0,4,0,-30.0,C,4,16,0,-102.0,Fall,17
8339,09-26-2025,C-10 Duck Around and Find Out,0,4,0,-42.0,C,2,18,0,-97.0,Fall,18
8340,10-10-2025,C-08 The Quack Pack,4,0,0,45.0,C,22,2,0,171.0,Fall,1
8341,10-10-2025,C-12 Blocktopusses,3,1,0,10.0,C,20,4,0,139.0,Fall,2
8342,10-10-2025,C-07 Otter Chaos,2,2,0,15.0,C,15,8,1,78.0,Fall,3
8343,10-10-2025,C-14 Hot Cheetahs,3,1,0,18.0,C,14,10,0,47.0,Fall,4
8344,10-10-2025,C-05 Bumpin Bunnies,4,0,0,27.0,C,14,10,0,34.0,Fall,5
8345,10-10-2025,C-17 Fowl Play,3,1,0,18.0,C,14,10,0,26.0,Fall,6
8346,10-10-2025,C-11 Las Vulturistas,3,1,0,15.0,C,13,11,0,5.0,Fall,7
8347,10-10-2025,C-02 Glory H Gorillas,2,2,0,0.0,C,13,11,0,-6.0,Fall,8
8348,10-10-2025,C-04 Panda-Monium,3,0,1,15.0,C,12,10,2,32.0,Fall,9
8349,10-10-2025,C-13 Doggy Style,1,2,1,-16.0,C,12,11,1,-4.0,Fall,10
8350,10-10-2025,C-01 Hitty Kitties,2,2,0,7.0,C,12,12,0,-8.0,Fall,11
8351,10-10-2025,C-18 Digletts,0,4,0,-33.0,C,11,13,0,-2.0,Fall,12
8352,10-10-2025,C-03 Balls to the Narwhals,0,4,0,-45.0,C,11,13,0,-54.0,Fall,13
8353,10-10-2025,C-16 No Fox Given,1,3,0,-6.0,C,9,14,1,-52.0,Fall,14
8354,10-10-2025,C-06 The GOATs,2,2,0,-12.0,C,8,16,0,-81.0,Fall,15
8355,10-10-2025,C-09 Strikalotls,0,4,0,-34.0,C,5,18,1,-102.0,Fall,16
8356,10-10-2025,"C-15 Dig, Dig, Goose",1,3,0,1.0,C,5,19,0,-101.0,Fall,17
8357,10-10-2025,C-10 Duck Around and Find Out,1,3,0,-25.0,C,3,21,0,-122.0,Fall,18
8358,10-17-2025,C-08 The Quack Pack,4,0,0,27.0,C,26,2,0,198.0,Fall,1
8359,10-17-2025,C-12 Blocktopusses,2,2,0,-9.0,C,22,6,0,130.0,Fall,2
8360,10-17-2025,C-07 Otter Chaos,3,1,0,-6.0,C,18,9,1,72.0,Fall,3
8361,10-17-2025,C-05 Bumpin Bunnies,3,1,0,26.0,C,17,11,0,60.0,Fall,4
8362,10-17-2025,C-14 Hot Cheetahs,2,2,0,5.0,C,16,12,0,52.0,Fall,5
8363,10-17-2025,C-11 Las Vulturistas,3,1,0,15.0,C,16,12,0,20.0,Fall,6
8364,10-17-2025,C-04 Panda-Monium,3,1,0,-2.0,C,15,11,2,30.0,Fall,7
8365,10-17-2025,C-13 Doggy Style,2,2,0,4.0,C,14,13,1,0.0,Fall,8
8366,10-17-2025,C-17 Fowl Play,0,4,0,-19.0,C,14,14,0,7.0,Fall,9
8367,10-17-2025,C-01 Hitty Kitties,2,2,0,-8.0,C,14,14,0,-16.0,Fall,10
8368,10-17-2025,C-02 Glory H Gorillas,1,3,0,-12.0,C,14,14,0,-18.0,Fall,11
8369,10-17-2025,C-03 Balls to the Narwhals,3,1,0,5.0,C,14,14,0,-49.0,Fall,12
8370,10-17-2025,C-18 Digletts,2,2,0,14.0,C,13,15,0,12.0,Fall,13
8371,10-17-2025,C-06 The GOATs,2,2,0,6.0,C,10,18,0,-75.0,Fall,14
8372,10-17-2025,C-16 No Fox Given,0,4,0,-20.0,C,9,18,1,-72.0,Fall,15
8373,10-17-2025,C-09 Strikalotls,2,2,0,1.0,C,7,20,1,-101.0,Fall,16
8374,10-17-2025,"C-15 Dig, Dig, Goose",2,2,0,-7.0,C,7,21,0,-108.0,Fall,17
8375,10-17-2025,C-10 Duck Around and Find Out,0,4,0,-20.0,C,3,25,0,-142.0,Fall,18
8376,10-24-2025,C-08 The Quack Pack,4,0,0,34.0,C,30,2,0,232.0,Fall,1
8377,10-24-2025,C-12 Blocktopusses,1,3,0,-11.0,C,23,9,0,119.0,Fall,2
8378,10-24-2025,C-05 Bumpin Bunnies,4,0,0,39.0,C,21,11,0,99.0,Fall,3
8379,10-24-2025,C-07 Otter Chaos,1,3,0,-15.0,C,19,12,1,57.0,Fall,4
8380,10-24-2025,C-13 Doggy Style,4,0,0,41.0,C,18,13,1,41.0,Fall,5
8381,10-24-2025,C-14 Hot Cheetahs,2,2,0,6.0,C,18,14,0,58.0,Fall,6
8382,10-24-2025,C-04 Panda-Monium,2,2,0,0.0,C,17,13,2,30.0,Fall,7
8383,10-24-2025,C-11 Las Vulturistas,1,3,0,-19.0,C,17,15,0,1.0,Fall,8
8384,10-24-2025,C-01 Hitty Kitties,3,1,0,11.0,C,17,15,0,-5.0,Fall,9
8385,10-24-2025,C-18 Digletts,3,1,0,10.0,C,16,16,0,22.0,Fall,10
8386,10-24-2025,C-02 Glory H Gorillas,1,2,1,-12.0,C,15,16,1,-30.0,Fall,11
8387,10-24-2025,C-17 Fowl Play,1,3,0,-5.0,C,15,17,0,2.0,Fall,12
8388,10-24-2025,C-03 Balls to the Narwhals,1,3,0,-4.0,C,15,17,0,-53.0,Fall,13
8389,10-24-2025,C-06 The GOATs,2,1,1,6.0,C,12,19,1,-69.0,Fall,14
8390,10-24-2025,C-16 No Fox Given,1,3,0,-19.0,C,10,21,1,-91.0,Fall,15
8391,10-24-2025,C-09 Strikalotls,2,2,0,-5.0,C,9,22,1,-106.0,Fall,16
8392,10-24-2025,"C-15 Dig, Dig, Goose",1,3,0,-35.0,C,8,24,0,-143.0,Fall,17
8393,10-24-2025,C-10 Duck Around and Find Out,1,3,0,-22.0,C,4,28,0,-164.0,Fall,18
8394,11-07-2025,C-08 The Quack Pack,3,1,0,14.0,C,33,3,0,246.0,Fall,1
8395,11-07-2025,C-12 Blocktopusses,3,1,0,2.0,C,26,10,0,121.0,Fall,2
8396,11-07-2025,C-05 Bumpin Bunnies,3,1,0,21.0,C,24,12,0,120.0,Fall,3
8397,11-07-2025,C-07 Otter Chaos,3,1,0,22.0,C,22,13,1,79.0,Fall,4
8398,11-07-2025,C-14 Hot Cheetahs,3,1,0,15.0,C,21,15,0,73.0,Fall,5
8399,11-07-2025,C-04 Panda-Monium,3,1,0,9.0,C,20,14,2,39.0,Fall,6
8400,11-07-2025,C-13 Doggy Style,2,2,0,9.0,C,20,15,1,50.0,Fall,7
8401,11-07-2025,C-18 Digletts,4,0,0,30.0,C,20,16,0,52.0,Fall,8
8402,11-07-2025,C-02 Glory H Gorillas,3,1,0,14.0,C,18,17,1,-16.0,Fall,9
8403,11-07-2025,C-11 Las Vulturistas,1,3,0,-18.0,C,18,18,0,-17.0,Fall,10
8404,11-07-2025,C-01 Hitty Kitties,0,4,0,-36.0,C,17,19,0,-41.0,Fall,11
8405,11-07-2025,C-17 Fowl Play,1,3,0,-9.0,C,16,20,0,-7.0,Fall,12
8406,11-07-2025,C-03 Balls to the Narwhals,1,3,0,-11.0,C,16,20,0,-64.0,Fall,13
8407,11-07-2025,C-06 The GOATs,0,4,0,-23.0,C,12,23,1,-92.0,Fall,14
8408,11-07-2025,C-16 No Fox Given,2,2,0,-4.0,C,12,23,1,-95.0,Fall,15
8409,11-07-2025,C-09 Strikalotls,1,3,0,-12.0,C,10,25,1,-118.0,Fall,16
8410,11-07-2025,"C-15 Dig, Dig, Goose",1,3,0,-21.0,C,9,27,0,-164.0,Fall,17
8411,11-07-2025,C-10 Duck Around and Find Out,2,2,0,-2.0,C,6,30,0,-166.0,Fall,18
8412,11-14-2025,C-08 The Quack Pack,3,0,1,15.0,C,36,3,1,261.0,Fall,1
8413,11-14-2025,C-12 Blocktopusses,2,1,1,4.0,C,28,11,1,125.0,Fall,2
8414,11-14-2025,C-05 Bumpin Bunnies,4,0,0,31.0,C,28,12,0,151.0,Fall,3
8415,11-14-2025,C-07 Otter Chaos,3,1,0,24.0,C,25,14,1,103.0,Fall,4
8416,11-14-2025,C-14 Hot Cheetahs,3,1,0,23.0,C,24,16,0,96.0,Fall,5
8417,11-14-2025,C-18 Digletts,3,1,0,19.0,C,23,17,0,71.0,Fall,6
8418,11-14-2025,C-13 Doggy Style,2,2,0,0.0,C,22,17,1,50.0,Fall,7
8419,11-14-2025,C-01 Hitty Kitties,4,0,0,24.0,C,21,19,0,-17.0,Fall,8
8420,11-14-2025,C-04 Panda-Monium,0,4,0,-19.0,C,20,18,2,20.0,Fall,9
8421,11-14-2025,C-02 Glory H Gorillas,1,3,0,-4.0,C,19,20,1,-20.0,Fall,10
8422,11-14-2025,C-11 Las Vulturistas,1,3,0,-13.0,C,19,21,0,-30.0,Fall,11
8423,11-14-2025,C-17 Fowl Play,1,3,0,-13.0,C,17,23,0,-20.0,Fall,12
8424,11-14-2025,C-03 Balls to the Narwhals,0,4,0,-42.0,C,16,24,0,-106.0,Fall,13
8425,11-14-2025,C-09 Strikalotls,4,0,0,19.0,C,14,25,1,-99.0,Fall,14
8426,11-14-2025,C-06 The GOATs,1,3,0,-15.0,C,13,26,1,-107.0,Fall,15
8427,11-14-2025,C-16 No Fox Given,0,4,0,-31.0,C,12,27,1,-126.0,Fall,16
8428,11-14-2025,"C-15 Dig, Dig, Goose",2,2,0,-11.0,C,11,29,0,-175.0,Fall,17
8429,11-14-2025,C-10 Duck Around and Find Out,1,3,0,-11.0,C,7,33,0,-177.0,Fall,18
8430,11-21-2025,C-08 The Quack Pack,4,0,0,38.0,C,40,3,1,299.0,Fall,1
8431,11-21-2025,C-12 Blocktopusses,3,1,0,22.0,C,31,12,1,147.0,Fall,2
8432,11-21-2025,C-05 Bumpin Bunnies,3,1,0,20.0,C,31,13,0,171.0,Fall,3
8433,11-21-2025,C-07 Otter Chaos,4,0,0,42.0,C,29,14,1,145.0,Fall,4
8434,11-21-2025,C-14 Hot Cheetahs,4,0,0,30.0,C,28,16,0,126.0,Fall,5
8435,11-21-2025,C-18 Digletts,4,0,0,40.0,C,27,17,0,111.0,Fall,6
8436,11-21-2025,C-13 Doggy Style,1,3,0,-16.0,C,23,20,1,34.0,Fall,7
8437,11-21-2025,C-11 Las Vulturistas,3,1,0,16.0,C,22,22,0,-14.0,Fall,8
8438,11-21-2025,C-01 Hitty Kitties,1,3,0,-12.0,C,22,22,0,-29.0,Fall,9
8439,11-21-2025,C-04 Panda-Monium,1,3,0,-20.0,C,21,21,2,0.0,Fall,10
8440,11-21-2025,C-02 Glory H Gorillas,2,2,0,13.0,C,21,22,1,-7.0,Fall,11
8441,11-21-2025,C-17 Fowl Play,1,3,0,-22.0,C,18,26,0,-42.0,Fall,12
8442,11-21-2025,C-03 Balls to the Narwhals,1,3,0,-22.0,C,17,27,0,-128.0,Fall,13
8443,11-21-2025,C-09 Strikalotls,2,2,0,5.0,C,16,27,1,-94.0,Fall,14
8444,11-21-2025,C-06 The GOATs,1,3,0,-18.0,C,14,29,1,-125.0,Fall,15
8445,11-21-2025,C-16 No Fox Given,1,3,0,-21.0,C,13,30,1,-147.0,Fall,16
8446,11-21-2025,"C-15 Dig, Dig, Goose",0,4,0,-53.0,C,11,33,0,-228.0,Fall,17
8447,11-21-2025,C-10 Duck Around and Find Out,0,4,0,-42.0,C,7,37,0,-219.0,Fall,18
8448,08-22-2025,E-01-Assassins Cream,3,1,0,18.0,E,3,1,0,18.0,Fall,1
8449,08-22-2025,E-08-Street Walkers,3,1,0,11.0,E,3,1,0,11.0,Fall,2
8450,08-22-2025,E-09-Sonic The Edgedhogs,3,1,0,10.0,E,3,1,0,10.0,Fall,3
8451,08-22-2025,E-04-Super Smash Hoes,3,1,0,8.0,E,3,1,0,8.0,Fall,4
8452,08-22-2025,E-05-Nintendo 69,2,2,0,-7.0,E,2,2,0,-7.0,Fall,5
8453,08-22-2025,E-02-Mortal Cumbat,2,2,0,-7.0,E,2,2,0,-7.0,Fall,6
8454,08-22-2025,E-06-Call of Booty: Block Ops,1,3,0,-1.0,E,1,3,0,-1.0,Fall,7
8455,08-22-2025,E-03-Donkey Schlong,1,3,0,-11.0,E,1,3,0,-11.0,Fall,8
8456,08-22-2025,E-07-Ms. Pac Man,0,4,0,-21.0,E,0,4,0,-21.0,Fall,9
8457,09-05-2025,E-01-Assassins Cream,4,0,0,19.0,E,7,1,0,37.0,Fall,1
8458,09-05-2025,E-09-Sonic The Edgedhogs,4,0,0,16.0,E,7,1,0,26.0,Fall,2
8459,09-05-2025,E-08-Street Walkers,2,2,0,6.0,E,5,3,0,17.0,Fall,3
8460,09-05-2025,E-02-Mortal Cumbat,3,1,0,12.0,E,5,3,0,5.0,Fall,4
8461,09-05-2025,E-04-Super Smash Hoes,1,3,0,-12.0,E,4,4,0,-4.0,Fall,5
8462,09-05-2025,E-05-Nintendo 69,1,3,0,-18.0,E,3,5,0,-25.0,Fall,6
8463,09-05-2025,E-06-Call of Booty: Block Ops,1,3,0,-9.0,E,2,6,0,-10.0,Fall,7
8464,09-05-2025,E-03-Donkey Schlong,1,3,0,-7.0,E,2,6,0,-18.0,Fall,8
8465,09-05-2025,E-07-Ms. Pac Man,1,3,0,-7.0,E,1,7,0,-28.0,Fall,9
8466,09-12-2025,E-09-Sonic The Edgedhogs,4,0,0,23.0,E,11,1,0,49.0,Fall,1
8467,09-12-2025,E-02-Mortal Cumbat,4,0,0,20.0,E,9,3,0,25.0,Fall,2
8468,09-12-2025,E-01-Assassins Cream,1,3,0,-6.0,E,8,4,0,31.0,Fall,3
8469,09-12-2025,E-08-Street Walkers,1,3,0,-10.0,E,6,6,0,7.0,Fall,4
8470,09-12-2025,E-04-Super Smash Hoes,2,2,0,-5.0,E,6,6,0,-9.0,Fall,5
8471,09-12-2025,E-03-Donkey Schlong,3,1,0,15.0,E,5,7,0,-3.0,Fall,6
8472,09-12-2025,E-06-Call of Booty: Block Ops,2,2,0,-7.0,E,4,8,0,-17.0,Fall,7
8473,09-12-2025,E-05-Nintendo 69,1,3,0,-17.0,E,4,8,0,-42.0,Fall,8
8474,09-12-2025,E-07-Ms. Pac Man,0,4,0,-13.0,E,1,11,0,-41.0,Fall,9
8475,09-19-2025,E-01-Assassins Cream,4,0,0,25.0,E,12,4,0,56.0,Fall,1
8476,09-19-2025,E-09-Sonic The Edgedhogs,1,3,0,-6.0,E,12,4,0,43.0,Fall,2
8477,09-19-2025,E-02-Mortal Cumbat,3,1,0,17.0,E,12,4,0,42.0,Fall,3
8478,09-19-2025,E-03-Donkey Schlong,3,1,0,6.0,E,8,8,0,3.0,Fall,4
8479,09-19-2025,E-04-Super Smash Hoes,2,2,0,-11.0,E,8,8,0,-20.0,Fall,5
8480,09-19-2025,E-08-Street Walkers,1,3,0,-9.0,E,7,9,0,-2.0,Fall,6
8481,09-19-2025,E-06-Call of Booty: Block Ops,1,3,0,-16.0,E,5,11,0,-33.0,Fall,7
8482,09-19-2025,E-05-Nintendo 69,1,3,0,-13.0,E,5,11,0,-55.0,Fall,8
8483,09-19-2025,E-07-Ms. Pac Man,2,2,0,7.0,E,3,13,0,-34.0,Fall,9
8484,09-26-2025,E-09-Sonic The Edgedhogs,4,0,0,35.0,E,16,4,0,78.0,Fall,1
8485,09-26-2025,E-01-Assassins Cream,3,1,0,12.0,E,15,5,0,68.0,Fall,2
8486,09-26-2025,E-02-Mortal Cumbat,1,3,0,-18.0,E,13,7,0,24.0,Fall,3
8487,09-26-2025,E-03-Donkey Schlong,2,2,0,6.0,E,10,10,0,9.0,Fall,4
8488,09-26-2025,E-08-Street Walkers,1,3,0,-19.0,E,8,12,0,-21.0,Fall,5
8489,09-26-2025,E-06-Call of Booty: Block Ops,3,1,0,12.0,E,8,12,0,-21.0,Fall,6
8490,09-26-2025,E-04-Super Smash Hoes,0,4,0,-18.0,E,8,12,0,-38.0,Fall,7
8491,09-26-2025,E-05-Nintendo 69,3,1,0,6.0,E,8,12,0,-49.0,Fall,8
8492,09-26-2025,E-07-Ms. Pac Man,1,3,0,-16.0,E,4,16,0,-50.0,Fall,9
8493,10-10-2025,E-09-Sonic The Edgedhogs,4,0,0,100.0,E,20,4,0,178.0,Fall,1
8494,10-10-2025,E-01-Assassins Cream,2,2,0,5.0,E,17,7,0,73.0,Fall,2
8495,10-10-2025,E-02-Mortal Cumbat,1,3,0,-9.0,E,14,10,0,15.0,Fall,3
8496,10-10-2025,E-05-Nintendo 69,4,0,0,22.0,E,12,12,0,-27.0,Fall,4
8497,10-10-2025,E-03-Donkey Schlong,0,2,2,-50.0,E,10,12,2,-41.0,Fall,5
8498,10-10-2025,E-04-Super Smash Hoes,2,2,0,-9.0,E,10,14,0,-47.0,Fall,6
8499,10-10-2025,E-08-Street Walkers,1,3,0,-13.0,E,9,15,0,-34.0,Fall,7
8500,10-10-2025,E-06-Call of Booty: Block Ops,0,2,2,-50.0,E,8,14,2,-71.0,Fall,8
8501,10-10-2025,E-07-Ms. Pac Man,2,2,0,4.0,E,6,18,0,-46.0,Fall,9
8502,10-17-2025,E-09-Sonic The Edgedhogs,1,3,0,-7.0,E,21,7,0,171.0,Fall,1
8503,10-17-2025,E-01-Assassins Cream,2,2,0,3.0,E,19,9,0,76.0,Fall,2
8504,10-17-2025,E-02-Mortal Cumbat,3,1,0,8.0,E,17,11,0,23.0,Fall,3
8505,10-17-2025,E-05-Nintendo 69,3,1,0,4.0,E,15,13,0,-23.0,Fall,4
8506,10-17-2025,E-03-Donkey Schlong,2,2,0,-8.0,E,12,14,2,-49.0,Fall,5
8507,10-17-2025,E-04-Super Smash Hoes,2,2,0,10.0,E,12,16,0,-37.0,Fall,6
8508,10-17-2025,E-08-Street Walkers,2,2,0,-2.0,E,11,17,0,-36.0,Fall,7
8509,10-17-2025,E-06-Call of Booty: Block Ops,2,2,0,-7.0,E,10,16,2,-78.0,Fall,8
8510,10-17-2025,E-07-Ms. Pac Man,1,3,0,-1.0,E,7,21,0,-47.0,Fall,9
8511,10-24-2025,E-09-Sonic The Edgedhogs,4,0,0,30.0,E,25,7,0,201.0,Fall,1
8512,10-24-2025,E-01-Assassins Cream,0,4,0,-19.0,E,19,13,0,57.0,Fall,2
8513,10-24-2025,E-02-Mortal Cumbat,0,4,0,-25.0,E,17,15,0,-2.0,Fall,3
8514,10-24-2025,E-05-Nintendo 69,1,3,0,-15.0,E,16,16,0,-38.0,Fall,4
8515,10-24-2025,E-03-Donkey Schlong,3,1,0,7.0,E,15,15,2,-42.0,Fall,5
8516,10-24-2025,E-06-Call of Booty: Block Ops,4,0,0,20.0,E,14,16,2,-58.0,Fall,6
8517,10-24-2025,E-04-Super Smash Hoes,2,2,0,-5.0,E,14,18,0,-42.0,Fall,7
8518,10-24-2025,E-08-Street Walkers,2,2,0,-1.0,E,13,19,0,-37.0,Fall,8
8519,10-24-2025,E-07-Ms. Pac Man,2,2,0,8.0,E,9,23,0,-39.0,Fall,9
8520,11-07-2025,E-09-Sonic The Edgedhogs,3,1,0,18.0,E,28,8,0,219.0,Fall,1
8521,11-07-2025,E-01-Assassins Cream,3,1,0,16.0,E,22,14,0,73.0,Fall,2
8522,11-07-2025,E-05-Nintendo 69,3,1,0,3.0,E,19,17,0,-35.0,Fall,3
8523,11-07-2025,E-03-Donkey Schlong,3,1,0,6.0,E,18,16,2,-36.0,Fall,4
8524,11-07-2025,E-06-Call of Booty: Block Ops,3,1,0,21.0,E,17,17,2,-37.0,Fall,5
8525,11-07-2025,E-02-Mortal Cumbat,0,4,0,-22.0,E,17,19,0,-24.0,Fall,6
8526,11-07-2025,E-08-Street Walkers,2,2,0,-5.0,E,15,21,0,-42.0,Fall,7
8527,11-07-2025,E-04-Super Smash Hoes,0,4,0,-24.0,E,14,22,0,-66.0,Fall,8
8528,11-07-2025,E-07-Ms. Pac Man,1,3,0,-13.0,E,10,26,0,-52.0,Fall,9
8529,11-14-2025,E-09-Sonic The Edgedhogs,0,4,0,-100.0,E,28,12,0,119.0,Fall,1
8530,11-14-2025,E-01-Assassins Cream,0,4,0,-100.0,E,22,18,0,-27.0,Fall,2
8531,11-14-2025,E-03-Donkey Schlong,3,1,0,50.0,E,21,17,2,14.0,Fall,3
8532,11-14-2025,E-06-Call of Booty: Block Ops,3,1,0,50.0,E,20,18,2,13.0,Fall,4
8533,11-14-2025,E-02-Mortal Cumbat,3,1,0,50.0,E,20,20,0,26.0,Fall,5
8534,11-14-2025,E-05-Nintendo 69,0,4,0,-100.0,E,19,21,0,-135.0,Fall,6
8535,11-14-2025,E-08-Street Walkers,3,1,0,50.0,E,18,22,0,8.0,Fall,7
8536,11-14-2025,E-04-Super Smash Hoes,3,1,0,52.0,E,17,23,0,-14.0,Fall,8
8537,11-14-2025,E-07-Ms. Pac Man,3,1,0,48.0,E,13,27,0,-4.0,Fall,9
8538,11-21-2025,E-09-Sonic The Edgedhogs,0,2,2,0.0,E,28,14,2,119.0,Fall,1
8539,11-21-2025,E-01-Assassins Cream,4,0,0,0.0,E,26,18,0,-27.0,Fall,2
8540,11-21-2025,E-03-Donkey Schlong,0,4,0,0.0,E,21,21,2,14.0,Fall,3
8541,11-21-2025,E-04-Super Smash Hoes,4,0,0,5.0,E,21,23,0,-9.0,Fall,4
8542,11-21-2025,E-06-Call of Booty: Block Ops,0,0,4,0.0,E,20,18,6,13.0,Fall,5
8543,11-21-2025,E-02-Mortal Cumbat,0,0,4,0.0,E,20,20,4,26.0,Fall,6
8544,11-21-2025,E-08-Street Walkers,2,2,0,-5.0,E,20,24,0,3.0,Fall,7
8545,11-21-2025,E-05-Nintendo 69,0,2,2,0.0,E,19,23,2,-135.0,Fall,8
8546,11-21-2025,E-07-Ms. Pac Man,0,0,4,0.0,E,13,27,4,-4.0,Fall,9
8547,08-22-2025,I-05 Sugar Rush,4,0,0,55.0,I,4,0,0,55.0,Fall,1
8548,08-22-2025,I-08 Fudge Force,4,0,0,39.0,I,4,0,0,39.0,Fall,2
8549,08-22-2025,I-07 Sour Patch Aces,3,1,0,21.0,I,3,1,0,21.0,Fall,3
8550,08-22-2025,I-04 Pelon PelonetAss,3,1,0,21.0,I,3,1,0,21.0,Fall,4
8551,08-22-2025,I-09 Sour Pass Kids,3,1,0,4.0,I,3,1,0,4.0,Fall,5
8552,08-22-2025,I-01 Sugar Spikers,2,2,0,4.0,I,2,2,0,4.0,Fall,6
8553,08-22-2025,I-03 Volleypops,2,2,0,1.0,I,2,2,0,1.0,Fall,7
8554,08-22-2025,I-06 Candy Crushers,2,2,0,-15.0,I,2,2,0,-15.0,Fall,8
8555,08-22-2025,I-11 Gummy Bear Spikers,1,3,0,-22.0,I,1,3,0,-22.0,Fall,9
8556,08-22-2025,I-02 Spike Tarts,0,4,0,-25.0,I,0,4,0,-25.0,Fall,10
8557,08-22-2025,I-10 Volley Ranchers,0,4,0,-40.0,I,0,4,0,-40.0,Fall,11
8558,08-22-2025,I-12 Gummy Humpers,0,4,0,-43.0,I,0,4,0,-43.0,Fall,12
8559,09-05-2025,I-05 Sugar Rush,3,1,0,27.0,I,7,1,0,82.0,Fall,1
8560,09-05-2025,I-08 Fudge Force,3,1,0,23.0,I,7,1,0,62.0,Fall,2
8561,09-05-2025,I-09 Sour Pass Kids,3,1,0,14.0,I,6,2,0,18.0,Fall,3
8562,09-05-2025,I-03 Volleypops,3,1,0,16.0,I,5,3,0,17.0,Fall,4
8563,09-05-2025,I-04 Pelon PelonetAss,2,2,0,-14.0,I,5,3,0,7.0,Fall,5
8564,09-05-2025,I-07 Sour Patch Aces,1,3,0,-7.0,I,4,4,0,14.0,Fall,6
8565,09-05-2025,I-01 Sugar Spikers,2,2,0,5.0,I,4,4,0,9.0,Fall,7
8566,09-05-2025,I-06 Candy Crushers,2,2,0,9.0,I,4,4,0,-6.0,Fall,8
8567,09-05-2025,I-11 Gummy Bear Spikers,2,1,1,-1.0,I,3,4,1,-23.0,Fall,9
8568,09-05-2025,I-12 Gummy Humpers,2,2,0,-7.0,I,2,6,0,-50.0,Fall,10
8569,09-05-2025,I-10 Volley Ranchers,0,3,1,-22.0,I,0,7,1,-62.0,Fall,11
8570,09-05-2025,I-02 Spike Tarts,0,4,0,-43.0,I,0,8,0,-68.0,Fall,12
8571,09-12-2025,I-05 Sugar Rush,3,0,1,18.0,I,10,1,1,100.0,Fall,1
8572,09-12-2025,I-08 Fudge Force,2,2,0,1.0,I,9,3,0,63.0,Fall,2
8573,09-12-2025,I-09 Sour Pass Kids,3,1,0,23.0,I,9,3,0,41.0,Fall,3
8574,09-12-2025,I-04 Pelon PelonetAss,4,0,0,23.0,I,9,3,0,30.0,Fall,4
8575,09-12-2025,I-01 Sugar Spikers,3,1,0,11.0,I,7,5,0,20.0,Fall,5
8576,09-12-2025,I-07 Sour Patch Aces,2,2,0,-4.0,I,6,6,0,10.0,Fall,6
8577,09-12-2025,I-06 Candy Crushers,1,2,1,-6.0,I,5,6,1,-12.0,Fall,7
8578,09-12-2025,I-03 Volleypops,0,4,0,-24.0,I,5,7,0,-7.0,Fall,8
8579,09-12-2025,I-10 Volley Ranchers,3,1,0,17.0,I,3,8,1,-45.0,Fall,9
8580,09-12-2025,I-11 Gummy Bear Spikers,0,4,0,-34.0,I,3,8,1,-57.0,Fall,10
8581,09-12-2025,I-12 Gummy Humpers,1,3,0,-12.0,I,3,9,0,-62.0,Fall,11
8582,09-12-2025,I-02 Spike Tarts,1,3,0,-13.0,I,1,11,0,-81.0,Fall,12
8583,09-19-2025,I-05 Sugar Rush,4,0,0,35.0,I,14,1,1,135.0,Fall,1
8584,09-19-2025,I-08 Fudge Force,4,0,0,36.0,I,13,3,0,99.0,Fall,2
8585,09-19-2025,I-04 Pelon PelonetAss,4,0,0,33.0,I,13,3,0,63.0,Fall,3
8586,09-19-2025,I-09 Sour Pass Kids,3,0,1,25.0,I,12,3,1,66.0,Fall,4
8587,09-19-2025,I-01 Sugar Spikers,1,3,0,-6.0,I,8,8,0,14.0,Fall,5
8588,09-19-2025,I-03 Volleypops,2,1,1,18.0,I,7,8,1,11.0,Fall,6
8589,09-19-2025,I-06 Candy Crushers,2,2,0,13.0,I,7,8,1,1.0,Fall,7
8590,09-19-2025,I-07 Sour Patch Aces,1,3,0,-29.0,I,7,9,0,-19.0,Fall,8
8591,09-19-2025,I-11 Gummy Bear Spikers,1,3,0,-23.0,I,4,11,1,-80.0,Fall,9
8592,09-19-2025,I-12 Gummy Humpers,1,3,0,-10.0,I,4,12,0,-72.0,Fall,10
8593,09-19-2025,I-10 Volley Ranchers,0,4,0,-43.0,I,3,12,1,-88.0,Fall,11
8594,09-19-2025,I-02 Spike Tarts,0,4,0,-49.0,I,1,15,0,-130.0,Fall,12
8595,09-26-2025,I-05 Sugar Rush,4,0,0,28.0,I,18,1,1,163.0,Fall,1
8596,09-26-2025,I-08 Fudge Force,4,0,0,43.0,I,17,3,0,142.0,Fall,2
8597,09-26-2025,I-04 Pelon PelonetAss,2,2,0,-4.0,I,15,5,0,59.0,Fall,3
8598,09-26-2025,I-09 Sour Pass Kids,2,2,0,-4.0,I,14,5,1,62.0,Fall,4
8599,09-26-2025,I-01 Sugar Spikers,3,0,1,29.0,I,11,8,1,43.0,Fall,5
8600,09-26-2025,I-06 Candy Crushers,3,1,0,26.0,I,10,9,1,27.0,Fall,6
8601,09-26-2025,I-03 Volleypops,1,3,0,-17.0,I,8,11,1,-6.0,Fall,7
8602,09-26-2025,I-07 Sour Patch Aces,0,4,0,-39.0,I,7,13,0,-58.0,Fall,8
8603,09-26-2025,I-12 Gummy Humpers,2,2,0,-9.0,I,6,14,0,-81.0,Fall,9
8604,09-26-2025,I-11 Gummy Bear Spikers,1,2,1,3.0,I,5,13,2,-77.0,Fall,10
8605,09-26-2025,I-10 Volley Ranchers,0,4,0,-24.0,I,3,16,1,-112.0,Fall,11
8606,09-26-2025,I-02 Spike Tarts,1,3,0,-32.0,I,2,18,0,-162.0,Fall,12
8607,10-10-2025,I-05 Sugar Rush,3,1,0,22.0,I,21,2,1,185.0,Fall,1
8608,10-10-2025,I-08 Fudge Force,4,0,0,49.0,I,21,3,0,191.0,Fall,2
8609,10-10-2025,I-04 Pelon PelonetAss,2,2,0,7.0,I,17,7,0,66.0,Fall,3
8610,10-10-2025,I-09 Sour Pass Kids,2,2,0,13.0,I,16,7,1,75.0,Fall,4
8611,10-10-2025,I-01 Sugar Spikers,4,0,0,28.0,I,15,8,1,71.0,Fall,5
8612,10-10-2025,I-03 Volleypops,3,1,0,10.0,I,11,12,1,4.0,Fall,6
8613,10-10-2025,I-06 Candy Crushers,0,4,0,-42.0,I,10,13,1,-15.0,Fall,7
8614,10-10-2025,I-07 Sour Patch Aces,1,3,0,-17.0,I,8,16,0,-75.0,Fall,8
8615,10-10-2025,I-12 Gummy Humpers,2,2,0,3.0,I,8,16,0,-78.0,Fall,9
8616,10-10-2025,I-11 Gummy Bear Spikers,2,2,0,-7.0,I,7,15,2,-84.0,Fall,10
8617,10-10-2025,I-10 Volley Ranchers,0,4,0,-31.0,I,3,20,1,-143.0,Fall,11
8618,10-10-2025,I-02 Spike Tarts,1,3,0,-35.0,I,3,21,0,-197.0,Fall,12
8619,10-17-2025,I-08 Fudge Force,3,1,0,13.0,I,24,4,0,204.0,Fall,1
8620,10-17-2025,I-05 Sugar Rush,1,3,0,-11.0,I,22,5,1,174.0,Fall,2
8621,10-17-2025,I-09 Sour Pass Kids,4,0,0,13.0,I,20,7,1,88.0,Fall,3
8622,10-17-2025,I-04 Pelon PelonetAss,2,1,1,-2.0,I,19,8,1,64.0,Fall,4
8623,10-17-2025,I-01 Sugar Spikers,2,2,0,-2.0,I,17,10,1,69.0,Fall,5
8624,10-17-2025,I-03 Volleypops,2,2,0,3.0,I,13,14,1,7.0,Fall,6
8625,10-17-2025,I-12 Gummy Humpers,3,1,0,18.0,I,11,17,0,-60.0,Fall,7
8626,10-17-2025,I-11 Gummy Bear Spikers,3,1,0,24.0,I,10,16,2,-60.0,Fall,8
8627,10-17-2025,I-06 Candy Crushers,0,4,0,-16.0,I,10,17,1,-31.0,Fall,9
8628,10-17-2025,I-07 Sour Patch Aces,1,3,0,-12.0,I,9,19,0,-87.0,Fall,10
8629,10-17-2025,I-02 Spike Tarts,2,2,0,-6.0,I,5,23,0,-203.0,Fall,11
8630,10-17-2025,I-10 Volley Ranchers,0,3,1,-22.0,I,3,23,2,-165.0,Fall,12
8631,10-24-2025,I-08 Fudge Force,4,0,0,36.0,I,28,4,0,240.0,Fall,1
8632,10-24-2025,I-05 Sugar Rush,4,0,0,23.0,I,26,5,1,197.0,Fall,2
8633,10-24-2025,I-09 Sour Pass Kids,4,0,0,41.0,I,24,7,1,129.0,Fall,3
8634,10-24-2025,I-01 Sugar Spikers,4,0,0,33.0,I,21,10,1,102.0,Fall,4
8635,10-24-2025,I-04 Pelon PelonetAss,2,2,0,19.0,I,21,10,1,83.0,Fall,5
8636,10-24-2025,I-03 Volleypops,2,2,0,14.0,I,15,16,1,21.0,Fall,6
8637,10-24-2025,I-12 Gummy Humpers,2,2,0,-1.0,I,13,19,0,-61.0,Fall,7
8638,10-24-2025,I-06 Candy Crushers,2,2,0,10.0,I,12,19,1,-21.0,Fall,8
8639,10-24-2025,I-11 Gummy Bear Spikers,0,4,0,-37.0,I,10,20,2,-97.0,Fall,9
8640,10-24-2025,I-07 Sour Patch Aces,0,4,0,-43.0,I,9,23,0,-130.0,Fall,10
8641,10-24-2025,I-02 Spike Tarts,0,4,0,-55.0,I,5,27,0,-258.0,Fall,11
8642,10-24-2025,I-10 Volley Ranchers,0,4,0,-40.0,I,3,27,2,-205.0,Fall,12
8643,11-07-2025,I-08 Fudge Force,4,0,0,37.0,I,32,4,0,277.0,Fall,1
8644,11-07-2025,I-05 Sugar Rush,2,2,0,-11.0,I,28,7,1,186.0,Fall,2
8645,11-07-2025,I-09 Sour Pass Kids,4,0,0,43.0,I,28,7,1,172.0,Fall,3
8646,11-07-2025,I-04 Pelon PelonetAss,4,0,0,32.0,I,25,10,1,115.0,Fall,4
8647,11-07-2025,I-01 Sugar Spikers,3,1,0,17.0,I,24,11,1,119.0,Fall,5
8648,11-07-2025,I-03 Volleypops,2,2,0,8.0,I,17,18,1,29.0,Fall,6
8649,11-07-2025,I-06 Candy Crushers,1,3,0,-19.0,I,13,22,1,-40.0,Fall,7
8650,11-07-2025,I-12 Gummy Humpers,0,4,0,-21.0,I,13,23,0,-82.0,Fall,8
8651,11-07-2025,I-11 Gummy Bear Spikers,1,3,0,-24.0,I,11,23,2,-121.0,Fall,9
8652,11-07-2025,I-07 Sour Patch Aces,0,4,0,-27.0,I,9,27,0,-157.0,Fall,10
8653,11-07-2025,I-02 Spike Tarts,1,3,0,-25.0,I,6,30,0,-283.0,Fall,11
8654,11-07-2025,I-10 Volley Ranchers,2,2,0,-10.0,I,5,29,2,-215.0,Fall,12
8655,11-14-2025,I-08 Fudge Force,3,1,0,5.0,I,35,5,0,282.0,Fall,1
8656,11-14-2025,I-05 Sugar Rush,4,0,0,23.0,I,32,7,1,209.0,Fall,2
8657,11-14-2025,I-09 Sour Pass Kids,2,2,0,5.0,I,30,9,1,177.0,Fall,3
8658,11-14-2025,I-01 Sugar Spikers,3,1,0,3.0,I,27,12,1,122.0,Fall,4
8659,11-14-2025,I-04 Pelon PelonetAss,1,3,0,-8.0,I,26,13,1,107.0,Fall,5
8660,11-14-2025,I-03 Volleypops,2,2,0,1.0,I,19,20,1,30.0,Fall,6
8661,11-14-2025,I-06 Candy Crushers,3,1,0,33.0,I,16,23,1,-7.0,Fall,7
8662,11-14-2025,I-12 Gummy Humpers,1,3,0,-6.0,I,14,26,0,-88.0,Fall,8
8663,11-14-2025,I-11 Gummy Bear Spikers,1,3,0,-4.0,I,12,26,2,-125.0,Fall,9
8664,11-14-2025,I-07 Sour Patch Aces,1,3,0,-19.0,I,10,30,0,-176.0,Fall,10
8665,11-14-2025,I-10 Volley Ranchers,2,2,0,-15.0,I,7,31,2,-230.0,Fall,11
8666,11-14-2025,I-02 Spike Tarts,1,3,0,-18.0,I,7,33,0,-301.0,Fall,12
8667,11-21-2025,I-08 Fudge Force,3,1,0,8.0,I,38,6,0,290.0,Fall,1
8668,11-21-2025,I-09 Sour Pass Kids,3,1,0,18.0,I,33,10,1,195.0,Fall,2
8669,11-21-2025,I-05 Sugar Rush,0,4,0,-26.0,I,32,11,1,183.0,Fall,3
8670,11-21-2025,I-01 Sugar Spikers,2,2,0,-4.0,I,29,14,1,118.0,Fall,4
8671,11-21-2025,I-04 Pelon PelonetAss,3,1,0,4.0,I,29,14,1,111.0,Fall,5
8672,11-21-2025,I-03 Volleypops,3,1,0,13.0,I,22,21,1,43.0,Fall,6
8673,11-21-2025,I-06 Candy Crushers,1,3,0,-8.0,I,17,26,1,-15.0,Fall,7
8674,11-21-2025,I-12 Gummy Humpers,3,1,0,0.0,I,17,27,0,-88.0,Fall,8
8675,11-21-2025,I-11 Gummy Bear Spikers,2,2,0,9.0,I,14,28,2,-116.0,Fall,9
8676,11-21-2025,I-07 Sour Patch Aces,2,2,0,4.0,I,12,32,0,-172.0,Fall,10
8677,11-21-2025,I-10 Volley Ranchers,1,3,0,-9.0,I,8,34,2,-239.0,Fall,11
8678,11-21-2025,I-02 Spike Tarts,1,3,0,-9.0,I,8,36,0,-310.0,Fall,12
8679,08-22-2025,P-09 Taste My Rainbow,4,0,0,19.0,P,4,0,0,19.0,Fall,1
8680,08-22-2025,P-05 Jaw Breakers,3,1,0,21.0,P,3,1,0,21.0,Fall,2
8681,08-22-2025,P-01 Pop rocks cock blocks,3,1,0,14.0,P,3,1,0,14.0,Fall,3
8682,08-22-2025,P-03 Blows Pop,2,2,0,13.0,P,2,2,0,13.0,Fall,4
8683,08-22-2025,P-06 Hot Ta-Mamas!,2,2,0,8.0,P,2,2,0,8.0,Fall,5
8684,08-22-2025,P-08 Nutty Buddies,1,3,0,-8.0,P,1,3,0,-8.0,Fall,6
8685,08-22-2025,P-07 Reese’s Pieces (of ass),1,3,0,-11.0,P,1,3,0,-11.0,Fall,7
8686,08-22-2025,P-02 Spikes and Ike’s,1,3,0,-27.0,P,1,3,0,-27.0,Fall,8
8687,08-22-2025,P-04 The SnM’s,1,3,0,-29.0,P,1,3,0,-29.0,Fall,9
8688,09-05-2025,P-01 Pop rocks cock blocks,4,0,0,18.0,P,7,1,0,32.0,Fall,1
8689,09-05-2025,P-03 Blows Pop,4,0,0,32.0,P,6,2,0,45.0,Fall,2
8690,09-05-2025,P-09 Taste My Rainbow,2,2,0,5.0,P,6,2,0,24.0,Fall,3
8691,09-05-2025,P-05 Jaw Breakers,1,3,0,-15.0,P,4,4,0,6.0,Fall,4
8692,09-05-2025,P-08 Nutty Buddies,3,1,0,7.0,P,4,4,0,-1.0,Fall,5
8693,09-05-2025,P-07 Reese’s Pieces (of ass),2,2,0,-2.0,P,3,5,0,-13.0,Fall,6
8694,09-05-2025,P-02 Spikes and Ike’s,2,2,0,8.0,P,3,5,0,-19.0,Fall,7
8695,09-05-2025,P-06 Hot Ta-Mamas!,0,4,0,-37.0,P,2,6,0,-29.0,Fall,8
8696,09-05-2025,P-04 The SnM’s,0,4,0,-16.0,P,1,7,0,-45.0,Fall,9
8697,09-12-2025,P-01 Pop rocks cock blocks,3,1,0,18.0,P,10,2,0,50.0,Fall,1
8698,09-12-2025,P-09 Taste My Rainbow,3,1,0,19.0,P,9,3,0,43.0,Fall,2
8699,09-12-2025,P-03 Blows Pop,2,2,0,-3.0,P,8,4,0,42.0,Fall,3
8700,09-12-2025,P-08 Nutty Buddies,3,1,0,15.0,P,7,5,0,14.0,Fall,4
8701,09-12-2025,P-07 Reese’s Pieces (of ass),2,2,0,8.0,P,5,7,0,-5.0,Fall,5
8702,09-12-2025,P-02 Spikes and Ike’s,2,2,0,-12.0,P,5,7,0,-31.0,Fall,6
8703,09-12-2025,P-06 Hot Ta-Mamas!,2,2,0,4.0,P,4,8,0,-25.0,Fall,7
8704,09-12-2025,P-05 Jaw Breakers,0,4,0,-37.0,P,4,8,0,-31.0,Fall,8
8705,09-12-2025,P-04 The SnM’s,1,3,0,-12.0,P,2,10,0,-57.0,Fall,9
8706,09-19-2025,P-01 Pop rocks cock blocks,4,0,0,31.0,P,14,2,0,81.0,Fall,1
8707,09-19-2025,P-09 Taste My Rainbow,3,1,0,19.0,P,12,4,0,62.0,Fall,2
8708,09-19-2025,P-03 Blows Pop,1,3,0,-10.0,P,9,7,0,32.0,Fall,3
8709,09-19-2025,P-05 Jaw Breakers,4,0,0,32.0,P,8,8,0,1.0,Fall,4
8710,09-19-2025,P-08 Nutty Buddies,1,3,0,-19.0,P,8,8,0,-5.0,Fall,5
8711,09-19-2025,P-02 Spikes and Ike’s,3,1,0,9.0,P,8,8,0,-22.0,Fall,6
8712,09-19-2025,P-07 Reese’s Pieces (of ass),1,3,0,-22.0,P,6,10,0,-27.0,Fall,7
8713,09-19-2025,P-06 Hot Ta-Mamas!,1,3,0,-12.0,P,5,11,0,-37.0,Fall,8
8714,09-19-2025,P-04 The SnM’s,0,4,0,-28.0,P,2,14,0,-85.0,Fall,9
8715,09-26-2025,P-01 Pop rocks cock blocks,2,2,0,2.0,P,16,4,0,83.0,Fall,1
8716,09-26-2025,P-09 Taste My Rainbow,3,1,0,14.0,P,15,5,0,76.0,Fall,2
8717,09-26-2025,P-03 Blows Pop,3,1,0,14.0,P,12,8,0,46.0,Fall,3
8718,09-26-2025,P-05 Jaw Breakers,4,0,0,36.0,P,12,8,0,37.0,Fall,4
8719,09-26-2025,P-08 Nutty Buddies,2,2,0,9.0,P,10,10,0,4.0,Fall,5
8720,09-26-2025,P-02 Spikes and Ike’s,1,3,0,-16.0,P,9,11,0,-38.0,Fall,6
8721,09-26-2025,P-07 Reese’s Pieces (of ass),1,3,0,-23.0,P,7,13,0,-50.0,Fall,7
8722,09-26-2025,P-06 Hot Ta-Mamas!,0,4,0,-44.0,P,5,15,0,-81.0,Fall,8
8723,09-26-2025,P-04 The SnM’s,2,2,0,8.0,P,4,16,0,-77.0,Fall,9
8724,10-10-2025,P-01 Pop rocks cock blocks,4,0,0,21.0,P,20,4,0,104.0,Fall,1
8725,10-10-2025,P-09 Taste My Rainbow,4,0,0,25.0,P,19,5,0,101.0,Fall,2
8726,10-10-2025,P-03 Blows Pop,2,2,0,18.0,P,14,10,0,64.0,Fall,3
8727,10-10-2025,P-05 Jaw Breakers,1,2,1,-9.0,P,13,10,1,28.0,Fall,4
8728,10-10-2025,P-02 Spikes and Ike’s,4,0,0,35.0,P,13,11,0,-3.0,Fall,5
8729,10-10-2025,P-08 Nutty Buddies,0,3,1,-26.0,P,10,13,1,-22.0,Fall,6
8730,10-10-2025,P-07 Reese’s Pieces (of ass),0,4,0,-19.0,P,7,17,0,-69.0,Fall,7
8731,10-10-2025,P-04 The SnM’s,2,2,0,-2.0,P,6,18,0,-79.0,Fall,8
8732,10-10-2025,P-06 Hot Ta-Mamas!,0,4,0,-43.0,P,5,19,0,-124.0,Fall,9
8733,10-17-2025,P-09 Taste My Rainbow,3,0,1,17.0,P,22,5,1,118.0,Fall,1
8734,10-17-2025,P-01 Pop rocks cock blocks,2,1,1,13.0,P,22,5,1,117.0,Fall,2
8735,10-17-2025,P-03 Blows Pop,3,1,0,8.0,P,17,11,0,72.0,Fall,3
8736,10-17-2025,P-02 Spikes and Ike’s,2,2,0,17.0,P,15,13,0,14.0,Fall,4
8737,10-17-2025,P-05 Jaw Breakers,0,4,0,-30.0,P,13,14,1,-2.0,Fall,5
8738,10-17-2025,P-08 Nutty Buddies,3,1,0,14.0,P,13,14,1,-8.0,Fall,6
8739,10-17-2025,P-07 Reese’s Pieces (of ass),3,1,0,15.0,P,10,18,0,-54.0,Fall,7
8740,10-17-2025,P-04 The SnM’s,0,4,0,-22.0,P,6,22,0,-101.0,Fall,8
8741,10-17-2025,P-06 Hot Ta-Mamas!,1,3,0,-32.0,P,6,22,0,-156.0,Fall,9
8742,10-24-2025,P-01 Pop rocks cock blocks,3,1,0,19.0,P,25,6,1,136.0,Fall,1
8743,10-24-2025,P-09 Taste My Rainbow,2,2,0,-3.0,P,24,7,1,115.0,Fall,2
8744,10-24-2025,P-03 Blows Pop,2,2,0,-8.0,P,19,13,0,64.0,Fall,3
8745,10-24-2025,P-02 Spikes and Ike’s,2,2,0,-1.0,P,17,15,0,13.0,Fall,4
8746,10-24-2025,P-05 Jaw Breakers,3,1,0,16.0,P,16,15,1,14.0,Fall,5
8747,10-24-2025,P-08 Nutty Buddies,3,1,0,3.0,P,16,15,1,-5.0,Fall,6
8748,10-24-2025,P-07 Reese’s Pieces (of ass),1,3,0,-8.0,P,11,21,0,-62.0,Fall,7
8749,10-24-2025,P-04 The SnM’s,2,2,0,4.0,P,8,24,0,-97.0,Fall,8
8750,10-24-2025,P-06 Hot Ta-Mamas!,0,4,0,-22.0,P,6,26,0,-178.0,Fall,9
8751,11-07-2025,P-01 Pop rocks cock blocks,3,1,0,27.0,P,28,7,1,163.0,Fall,1
8752,11-07-2025,P-09 Taste My Rainbow,2,2,0,-6.0,P,26,9,1,109.0,Fall,2
8753,11-07-2025,P-03 Blows Pop,3,1,0,4.0,P,22,14,0,68.0,Fall,3
8754,11-07-2025,P-05 Jaw Breakers,4,0,0,51.0,P,20,15,1,65.0,Fall,4
8755,11-07-2025,P-08 Nutty Buddies,1,3,0,-3.0,P,17,18,1,-8.0,Fall,5
8756,11-07-2025,P-02 Spikes and Ike’s,0,4,0,-31.0,P,17,19,0,-18.0,Fall,6
8757,11-07-2025,P-07 Reese’s Pieces (of ass),3,1,0,9.0,P,14,22,0,-53.0,Fall,7
8758,11-07-2025,P-04 The SnM’s,1,2,1,-18.0,P,9,26,1,-115.0,Fall,8
8759,11-07-2025,P-06 Hot Ta-Mamas!,0,3,1,-33.0,P,6,29,1,-211.0,Fall,9
8760,11-14-2025,P-01 Pop rocks cock blocks,4,0,0,17.0,P,32,7,1,180.0,Fall,1
8761,11-14-2025,P-09 Taste My Rainbow,2,2,0,2.0,P,28,11,1,111.0,Fall,2
8762,11-14-2025,P-03 Blows Pop,3,1,0,17.0,P,25,15,0,85.0,Fall,3
8763,11-14-2025,P-05 Jaw Breakers,3,0,1,22.0,P,23,15,2,87.0,Fall,4
8764,11-14-2025,P-08 Nutty Buddies,1,2,1,-5.0,P,18,20,2,-13.0,Fall,5
8765,11-14-2025,P-02 Spikes and Ike’s,1,3,0,-17.0,P,18,22,0,-35.0,Fall,6
8766,11-14-2025,P-07 Reese’s Pieces (of ass),1,3,0,-8.0,P,15,25,0,-61.0,Fall,7
8767,11-14-2025,P-04 The SnM’s,1,3,0,-9.0,P,10,29,1,-124.0,Fall,8
8768,11-14-2025,P-06 Hot Ta-Mamas!,1,3,0,-19.0,P,7,32,1,-230.0,Fall,9
8769,11-21-2025,P-01 Pop rocks cock blocks,3,1,0,6.0,P,35,8,1,186.0,Fall,1
8770,11-21-2025,P-03 Blows Pop,4,0,0,28.0,P,29,15,0,113.0,Fall,2
8771,11-21-2025,P-09 Taste My Rainbow,0,4,0,-31.0,P,28,15,1,80.0,Fall,3
8772,11-21-2025,P-05 Jaw Breakers,3,1,0,25.0,P,26,16,2,112.0,Fall,4
8773,11-21-2025,P-08 Nutty Buddies,1,3,0,-7.0,P,19,23,2,-20.0,Fall,5
8774,11-21-2025,P-02 Spikes and Ike’s,0,0,4,0.0,P,18,22,4,-35.0,Fall,6
8775,11-21-2025,P-07 Reese’s Pieces (of ass),0,0,4,0.0,P,15,25,4,-61.0,Fall,7
8776,11-21-2025,P-04 The SnM’s,1,3,0,-21.0,P,11,32,1,-145.0,Fall,8
8777,11-21-2025,P-06 Hot Ta-Mamas!,0,0,4,0.0,P,7,32,5,-230.0,Fall,9
8778,08-22-2025,R-02 Guardians of The Net,4,0,0,31.0,R,4,0,0,31.0,Fall,1
8779,08-22-2025,R-03 Thunderballz,3,1,0,22.0,R,3,1,0,22.0,Fall,2
8780,08-22-2025,R-06 Spike Men: Days of the Slay Past,3,1,0,8.0,R,3,1,0,8.0,Fall,3
8781,08-22-2025,R-05 The PowerPass Girls,2,2,0,-10.0,R,2,2,0,-10.0,Fall,4
8782,08-22-2025,R-04 Spiketastic Seven,0,4,0,-21.0,R,0,4,0,-21.0,Fall,5
8783,08-22-2025,R-01 Hulk-Smash,0,4,0,-30.0,R,0,4,0,-30.0,Fall,6
8784,09-05-2025,R-02 Guardians of The Net,3,1,0,17.0,R,7,1,0,48.0,Fall,1
8785,09-05-2025,R-03 Thunderballz,3,1,0,7.0,R,6,2,0,29.0,Fall,2
8786,09-05-2025,R-06 Spike Men: Days of the Slay Past,0,4,0,-24.0,R,3,5,0,-16.0,Fall,3
8787,09-05-2025,R-01 Hulk-Smash,3,1,0,6.0,R,3,5,0,-24.0,Fall,4
8788,09-05-2025,R-05 The PowerPass Girls,1,3,0,-26.0,R,3,5,0,-36.0,Fall,5
8789,09-05-2025,R-04 Spiketastic Seven,2,2,0,20.0,R,2,6,0,-1.0,Fall,6
8790,09-12-2025,R-02 Guardians of The Net,3,1,0,13.0,R,10,2,0,61.0,Fall,1
8791,09-12-2025,R-03 Thunderballz,4,0,0,16.0,R,10,2,0,45.0,Fall,2
8792,09-12-2025,R-06 Spike Men: Days of the Slay Past,2,2,0,-3.0,R,5,7,0,-19.0,Fall,3
8793,09-12-2025,R-01 Hulk-Smash,1,3,0,-12.0,R,4,8,0,-36.0,Fall,4
8794,09-12-2025,R-05 The PowerPass Girls,1,3,0,-10.0,R,4,8,0,-46.0,Fall,5
8795,09-12-2025,R-04 Spiketastic Seven,1,3,0,-4.0,R,3,9,0,-5.0,Fall,6
8796,09-19-2025,R-02 Guardians of The Net,4,0,0,25.0,R,14,2,0,86.0,Fall,1
8797,09-19-2025,R-03 Thunderballz,3,0,1,22.0,R,13,2,1,67.0,Fall,2
8798,09-19-2025,R-06 Spike Men: Days of the Slay Past,2,1,1,8.0,R,7,8,1,-11.0,Fall,3
8799,09-19-2025,R-05 The PowerPass Girls,2,2,0,0.0,R,6,10,0,-46.0,Fall,4
8800,09-19-2025,R-01 Hulk-Smash,0,4,0,-30.0,R,4,12,0,-66.0,Fall,5
8801,09-19-2025,R-04 Spiketastic Seven,0,4,0,-25.0,R,3,13,0,-30.0,Fall,6
8802,09-26-2025,R-02 Guardians of The Net,3,1,0,12.0,R,17,3,0,98.0,Fall,1
8803,09-26-2025,R-03 Thunderballz,3,1,0,23.0,R,16,3,1,90.0,Fall,2
8804,09-26-2025,R-06 Spike Men: Days of the Slay Past,3,1,0,7.0,R,10,9,1,-4.0,Fall,3
8805,09-26-2025,R-05 The PowerPass Girls,1,3,0,-3.0,R,7,13,0,-49.0,Fall,4
8806,09-26-2025,R-01 Hulk-Smash,2,2,0,-4.0,R,6,14,0,-70.0,Fall,5
8807,09-26-2025,R-04 Spiketastic Seven,0,4,0,-35.0,R,3,17,0,-65.0,Fall,6
8808,10-10-2025,R-03 Thunderballz,4,0,0,34.0,R,20,3,1,124.0,Fall,1
8809,10-10-2025,R-02 Guardians of The Net,2,2,0,-8.0,R,19,5,0,90.0,Fall,2
8810,10-10-2025,R-06 Spike Men: Days of the Slay Past,1,3,0,-8.0,R,11,12,1,-12.0,Fall,3
8811,10-10-2025,R-05 The PowerPass Girls,3,1,0,16.0,R,10,14,0,-33.0,Fall,4
8812,10-10-2025,R-01 Hulk-Smash,1,3,0,-6.0,R,7,17,0,-76.0,Fall,5
8813,10-10-2025,R-04 Spiketastic Seven,1,3,0,-28.0,R,4,20,0,-93.0,Fall,6
8814,10-17-2025,R-03 Thunderballz,3,1,0,17.0,R,23,4,1,141.0,Fall,1
8815,10-17-2025,R-02 Guardians of The Net,4,0,0,35.0,R,23,5,0,125.0,Fall,2
8816,10-17-2025,R-06 Spike Men: Days of the Slay Past,2,2,0,-1.0,R,13,14,1,-13.0,Fall,3
8817,10-17-2025,R-05 The PowerPass Girls,0,4,0,-30.0,R,10,18,0,-63.0,Fall,4
8818,10-17-2025,R-01 Hulk-Smash,1,3,0,-16.0,R,8,20,0,-92.0,Fall,5
8819,10-17-2025,R-04 Spiketastic Seven,2,2,0,-5.0,R,6,22,0,-98.0,Fall,6
8820,10-24-2025,R-03 Thunderballz,4,0,0,17.0,R,27,4,1,158.0,Fall,1
8821,10-24-2025,R-02 Guardians of The Net,2,2,0,12.0,R,25,7,0,137.0,Fall,2
8822,10-24-2025,R-06 Spike Men: Days of the Slay Past,2,2,0,-3.0,R,15,16,1,-16.0,Fall,3
8823,10-24-2025,R-05 The PowerPass Girls,2,2,0,3.0,R,12,20,0,-60.0,Fall,4
8824,10-24-2025,R-01 Hulk-Smash,2,2,0,0.0,R,10,22,0,-92.0,Fall,5
8825,10-24-2025,R-04 Spiketastic Seven,0,4,0,-29.0,R,6,26,0,-127.0,Fall,6
8826,11-07-2025,R-03 Thunderballz,4,0,0,43.0,R,31,4,1,201.0,Fall,1
8827,11-07-2025,R-02 Guardians of The Net,1,3,0,-12.0,R,26,10,0,125.0,Fall,2
8828,11-07-2025,R-06 Spike Men: Days of the Slay Past,1,3,0,-31.0,R,16,19,1,-47.0,Fall,3
8829,11-07-2025,R-05 The PowerPass Girls,3,1,0,23.0,R,15,21,0,-37.0,Fall,4
8830,11-07-2025,R-01 Hulk-Smash,1,3,0,-18.0,R,11,25,0,-110.0,Fall,5
8831,11-07-2025,R-04 Spiketastic Seven,2,2,0,-5.0,R,8,28,0,-132.0,Fall,6
8832,11-14-2025,R-03 Thunderballz,3,1,0,-6.0,R,34,5,1,195.0,Fall,1
8833,11-14-2025,R-02 Guardians of The Net,3,1,0,20.0,R,29,11,0,145.0,Fall,2
8834,11-14-2025,R-05 The PowerPass Girls,3,1,0,10.0,R,18,22,0,-27.0,Fall,3
8835,11-14-2025,R-06 Spike Men: Days of the Slay Past,1,3,0,-3.0,R,17,22,1,-50.0,Fall,4
8836,11-14-2025,R-01 Hulk-Smash,2,2,0,9.0,R,13,27,0,-101.0,Fall,5
8837,11-14-2025,R-04 Spiketastic Seven,0,4,0,-30.0,R,8,32,0,-162.0,Fall,6
8838,11-21-2025,R-03 Thunderballz,2,2,0,-11.0,R,36,7,1,184.0,Fall,1
8839,11-21-2025,R-02 Guardians of The Net,4,0,0,31.0,R,33,11,0,176.0,Fall,2
8840,11-21-2025,R-06 Spike Men: Days of the Slay Past,4,0,0,17.0,R,21,22,1,-33.0,Fall,3
8841,11-21-2025,R-05 The PowerPass Girls,0,4,0,-20.0,R,18,26,0,-47.0,Fall,4
8842,11-21-2025,R-01 Hulk-Smash,0,4,0,-15.0,R,13,31,0,-116.0,Fall,5
8843,11-21-2025,R-04 Spiketastic Seven,2,2,0,-2.0,R,10,34,0,-164.0,Fall,6
8844,08-22-2025,S-08 - Goldi-Blocks,4,0,0,39.0,S,4,0,0,39.0,Fall,1
8845,08-22-2025,S-05 - The Prince And The Passer,4,0,0,24.0,S,4,0,0,24.0,Fall,2
8846,08-22-2025,S-07 - The Blockyardigans,4,0,0,23.0,S,4,0,0,23.0,Fall,3
8847,08-22-2025,S-15 - Green Eggs & Slam,3,1,0,17.0,S,3,1,0,17.0,Fall,4
8848,08-22-2025,S-12 - Dragon Tales And Hits,3,1,0,15.0,S,3,1,0,15.0,Fall,5
8849,08-22-2025,S-11 - Bumpty Dumpty v1,3,1,0,15.0,S,3,1,0,15.0,Fall,6
8850,08-22-2025,S-01 - Duck Duck Ace,3,1,0,4.0,S,3,1,0,4.0,Fall,7
8851,08-22-2025,S-18 - Six Blind Mice,2,1,1,11.0,S,2,1,1,11.0,Fall,8
8852,08-22-2025,S-09 - Bibbidi Boppity Boom!,2,2,0,15.0,S,2,2,0,15.0,Fall,9
8853,08-22-2025,S-13 - Block A Bye Baby,2,2,0,0.0,S,2,2,0,0.0,Fall,10
8854,08-22-2025,S-14 - Slam I Am,2,2,0,-2.0,S,2,2,0,-2.0,Fall,11
8855,08-22-2025,S-16 - If You Give A Mouse A Set,2,2,0,-5.0,S,2,2,0,-5.0,Fall,12
8856,08-22-2025,S-10 - Bump-ty Dump-tys,1,3,0,-4.0,S,1,3,0,-4.0,Fall,13
8857,08-22-2025,S-06 - Twinkerbells,0,3,1,-26.0,S,0,3,1,-26.0,Fall,14
8858,08-22-2025,S-02 - Itsy Bitsy Spikers,0,4,0,-22.0,S,0,4,0,-22.0,Fall,15
8859,08-22-2025,S-17 - Horton Hits A Shoot,0,4,0,-32.0,S,0,4,0,-32.0,Fall,16
8860,08-22-2025,S-04 - Little Red Spikers,0,4,0,-34.0,S,0,4,0,-34.0,Fall,17
8861,08-22-2025,S-03 - Not The Gumdrop Aces,0,4,0,-38.0,S,0,4,0,-38.0,Fall,18
8862,09-05-2025,S-05 - The Prince And The Passer,4,0,0,26.0,S,8,0,0,50.0,Fall,1
8863,09-05-2025,S-08 - Goldi-Blocks,3,1,0,7.0,S,7,1,0,46.0,Fall,2
8864,09-05-2025,S-12 - Dragon Tales And Hits,4,0,0,25.0,S,7,1,0,40.0,Fall,3
8865,09-05-2025,S-07 - The Blockyardigans,3,1,0,4.0,S,7,1,0,27.0,Fall,4
8866,09-05-2025,S-09 - Bibbidi Boppity Boom!,3,1,0,20.0,S,5,3,0,35.0,Fall,5
8867,09-05-2025,S-15 - Green Eggs & Slam,2,2,0,9.0,S,5,3,0,26.0,Fall,6
8868,09-05-2025,S-16 - If You Give A Mouse A Set,3,1,0,2.0,S,5,3,0,-3.0,Fall,7
8869,09-05-2025,S-13 - Block A Bye Baby,2,2,0,23.0,S,4,4,0,23.0,Fall,8
8870,09-05-2025,S-01 - Duck Duck Ace,1,3,0,2.0,S,4,4,0,6.0,Fall,9
8871,09-05-2025,S-11 - Bumpty Dumpty v1,1,3,0,-13.0,S,4,4,0,2.0,Fall,10
8872,09-05-2025,S-10 - Bump-ty Dump-tys,2,2,0,4.0,S,3,5,0,0.0,Fall,11
8873,09-05-2025,S-14 - Slam I Am,1,3,0,-16.0,S,3,5,0,-18.0,Fall,12
8874,09-05-2025,S-04 - Little Red Spikers,3,1,0,12.0,S,3,5,0,-22.0,Fall,13
8875,09-05-2025,S-18 - Six Blind Mice,0,4,0,-30.0,S,2,5,1,-19.0,Fall,14
8876,09-05-2025,S-02 - Itsy Bitsy Spikers,2,2,0,11.0,S,2,6,0,-11.0,Fall,15
8877,09-05-2025,S-06 - Twinkerbells,1,3,0,-27.0,S,1,6,1,-53.0,Fall,16
8878,09-05-2025,S-03 - Not The Gumdrop Aces,1,3,0,-27.0,S,1,7,0,-65.0,Fall,17
8879,09-05-2025,S-17 - Horton Hits A Shoot,0,4,0,-32.0,S,0,8,0,-64.0,Fall,18
8880,09-12-2025,S-07 - The Blockyardigans,4,0,0,61.0,S,11,1,0,88.0,Fall,1
8881,09-12-2025,S-05 - The Prince And The Passer,2,2,0,6.0,S,10,2,0,56.0,Fall,2
8882,09-12-2025,S-08 - Goldi-Blocks,2,2,0,-7.0,S,9,3,0,39.0,Fall,3
8883,09-12-2025,S-01 - Duck Duck Ace,4,0,0,52.0,S,8,4,0,58.0,Fall,4
8884,09-12-2025,S-12 - Dragon Tales And Hits,1,3,0,1.0,S,8,4,0,41.0,Fall,5
8885,09-12-2025,S-11 - Bumpty Dumpty v1,4,0,0,23.0,S,8,4,0,25.0,Fall,6
8886,09-12-2025,S-04 - Little Red Spikers,4,0,0,20.0,S,7,5,0,-2.0,Fall,7
8887,09-12-2025,S-13 - Block A Bye Baby,2,2,0,1.0,S,6,6,0,24.0,Fall,8
8888,09-12-2025,S-02 - Itsy Bitsy Spikers,4,0,0,30.0,S,6,6,0,19.0,Fall,9
8889,09-12-2025,S-09 - Bibbidi Boppity Boom!,1,3,0,-24.0,S,6,6,0,11.0,Fall,10
8890,09-12-2025,S-15 - Green Eggs & Slam,1,3,0,-21.0,S,6,6,0,5.0,Fall,11
8891,09-12-2025,S-16 - If You Give A Mouse A Set,1,3,0,-24.0,S,6,6,0,-27.0,Fall,12
8892,09-12-2025,S-10 - Bump-ty Dump-tys,1,3,0,-9.0,S,4,8,0,-9.0,Fall,13
8893,09-12-2025,S-18 - Six Blind Mice,1,3,0,-28.0,S,3,8,1,-47.0,Fall,14
8894,09-12-2025,S-03 - Not The Gumdrop Aces,2,2,0,3.0,S,3,9,0,-62.0,Fall,15
8895,09-12-2025,S-14 - Slam I Am,0,4,0,-100.0,S,3,9,0,-118.0,Fall,16
8896,09-12-2025,S-17 - Horton Hits A Shoot,2,2,0,39.0,S,2,10,0,-25.0,Fall,17
8897,09-12-2025,S-06 - Twinkerbells,0,4,0,-23.0,S,1,10,1,-76.0,Fall,18
8898,09-19-2025,S-05 - The Prince And The Passer,3,1,0,37.0,S,13,3,0,93.0,Fall,1
8899,09-19-2025,S-07 - The Blockyardigans,2,2,0,-10.0,S,13,3,0,78.0,Fall,2
8900,09-19-2025,S-11 - Bumpty Dumpty v1,3,1,0,17.0,S,11,5,0,42.0,Fall,3
8901,09-19-2025,S-01 - Duck Duck Ace,2,2,0,8.0,S,10,6,0,66.0,Fall,4
8902,09-19-2025,S-08 - Goldi-Blocks,1,3,0,-6.0,S,10,6,0,33.0,Fall,5
8903,09-19-2025,S-16 - If You Give A Mouse A Set,4,0,0,29.0,S,10,6,0,2.0,Fall,6
8904,09-19-2025,S-12 - Dragon Tales And Hits,1,3,0,-6.0,S,9,7,0,35.0,Fall,7
8905,09-19-2025,S-09 - Bibbidi Boppity Boom!,3,1,0,14.0,S,9,7,0,25.0,Fall,8
8906,09-19-2025,S-04 - Little Red Spikers,2,2,0,-2.0,S,9,7,0,-4.0,Fall,9
8907,09-19-2025,S-02 - Itsy Bitsy Spikers,2,1,1,8.0,S,8,7,1,27.0,Fall,10
8908,09-19-2025,S-15 - Green Eggs & Slam,1,3,0,-23.0,S,7,9,0,-18.0,Fall,11
8909,09-19-2025,S-13 - Block A Bye Baby,0,3,1,-22.0,S,6,9,1,2.0,Fall,12
8910,09-19-2025,S-18 - Six Blind Mice,3,1,0,16.0,S,6,9,1,-31.0,Fall,13
8911,09-19-2025,S-10 - Bump-ty Dump-tys,2,2,0,-1.0,S,6,10,0,-10.0,Fall,14
8912,09-19-2025,S-03 - Not The Gumdrop Aces,2,2,0,-10.0,S,5,11,0,-72.0,Fall,15
8913,09-19-2025,S-14 - Slam I Am,2,2,0,3.0,S,5,11,0,-115.0,Fall,16
8914,09-19-2025,S-17 - Horton Hits A Shoot,1,3,0,-27.0,S,3,13,0,-52.0,Fall,17
8915,09-19-2025,S-06 - Twinkerbells,1,3,0,-25.0,S,2,13,1,-101.0,Fall,18
8916,09-26-2025,S-07 - The Blockyardigans,2,1,1,6.0,S,15,4,1,84.0,Fall,1
8917,09-26-2025,S-05 - The Prince And The Passer,2,2,0,-18.0,S,15,5,0,75.0,Fall,2
8918,09-26-2025,S-11 - Bumpty Dumpty v1,3,1,0,32.0,S,14,6,0,74.0,Fall,3
8919,09-26-2025,S-08 - Goldi-Blocks,4,0,0,24.0,S,14,6,0,57.0,Fall,4
8920,09-26-2025,S-01 - Duck Duck Ace,3,1,0,8.0,S,13,7,0,74.0,Fall,5
8921,09-26-2025,S-12 - Dragon Tales And Hits,4,0,0,33.0,S,13,7,0,68.0,Fall,6
8922,09-26-2025,S-09 - Bibbidi Boppity Boom!,3,1,0,23.0,S,12,8,0,48.0,Fall,7
8923,09-26-2025,S-16 - If You Give A Mouse A Set,1,3,0,-32.0,S,11,9,0,-30.0,Fall,8
8924,09-26-2025,S-02 - Itsy Bitsy Spikers,2,2,0,5.0,S,10,9,1,32.0,Fall,9
8925,09-26-2025,S-04 - Little Red Spikers,1,3,0,-14.0,S,10,10,0,-18.0,Fall,10
8926,09-26-2025,S-03 - Not The Gumdrop Aces,4,0,0,22.0,S,9,11,0,-50.0,Fall,11
8927,09-26-2025,S-10 - Bump-ty Dump-tys,2,2,0,-11.0,S,8,12,0,-21.0,Fall,12
8928,09-26-2025,S-13 - Block A Bye Baby,1,3,0,-16.0,S,7,12,1,-14.0,Fall,13
8929,09-26-2025,S-15 - Green Eggs & Slam,0,3,1,-14.0,S,7,12,1,-32.0,Fall,14
8930,09-26-2025,S-18 - Six Blind Mice,1,3,0,-6.0,S,7,12,1,-37.0,Fall,15
8931,09-26-2025,S-14 - Slam I Am,2,2,0,9.0,S,7,13,0,-106.0,Fall,16
8932,09-26-2025,S-17 - Horton Hits A Shoot,0,4,0,-38.0,S,3,17,0,-90.0,Fall,17
8933,09-26-2025,S-06 - Twinkerbells,0,4,0,-13.0,S,2,17,1,-114.0,Fall,18
8934,10-10-2025,S-07 - The Blockyardigans,3,1,0,10.0,S,18,5,1,94.0,Fall,1
8935,10-10-2025,S-11 - Bumpty Dumpty v1,4,0,0,64.0,S,18,6,0,138.0,Fall,2
8936,10-10-2025,S-05 - The Prince And The Passer,2,2,0,5.0,S,17,7,0,80.0,Fall,3
8937,10-10-2025,S-01 - Duck Duck Ace,2,2,0,5.0,S,15,9,0,79.0,Fall,4
8938,10-10-2025,S-12 - Dragon Tales And Hits,1,3,0,-9.0,S,14,10,0,59.0,Fall,5
8939,10-10-2025,S-08 - Goldi-Blocks,0,4,0,-18.0,S,14,10,0,39.0,Fall,6
8940,10-10-2025,S-09 - Bibbidi Boppity Boom!,2,2,0,-10.0,S,14,10,0,38.0,Fall,7
8941,10-10-2025,S-16 - If You Give A Mouse A Set,3,1,0,19.0,S,14,10,0,-11.0,Fall,8
8942,10-10-2025,S-02 - Itsy Bitsy Spikers,3,0,1,23.0,S,13,9,2,55.0,Fall,9
8943,10-10-2025,S-04 - Little Red Spikers,2,2,0,-6.0,S,12,12,0,-24.0,Fall,10
8944,10-10-2025,S-03 - Not The Gumdrop Aces,2,1,1,-5.0,S,11,12,1,-55.0,Fall,11
8945,10-10-2025,S-15 - Green Eggs & Slam,3,1,0,6.0,S,10,13,1,-26.0,Fall,12
8946,10-10-2025,S-10 - Bump-ty Dump-tys,2,2,0,-1.0,S,10,14,0,-22.0,Fall,13
8947,10-10-2025,S-14 - Slam I Am,2,2,0,36.0,S,9,15,0,-70.0,Fall,14
8948,10-10-2025,S-13 - Block A Bye Baby,1,3,0,0.0,S,8,15,1,-14.0,Fall,15
8949,10-10-2025,S-18 - Six Blind Mice,0,4,0,-100.0,S,7,16,1,-137.0,Fall,16
8950,10-10-2025,S-06 - Twinkerbells,2,2,0,-1.0,S,4,19,1,-115.0,Fall,17
8951,10-10-2025,S-17 - Horton Hits A Shoot,1,3,0,-18.0,S,4,20,0,-108.0,Fall,18
8952,10-17-2025,S-11 - Bumpty Dumpty v1,4,0,0,23.0,S,22,6,0,161.0,Fall,1
8953,10-17-2025,S-07 - The Blockyardigans,2,2,0,5.0,S,20,7,1,99.0,Fall,2
8954,10-17-2025,S-01 - Duck Duck Ace,3,0,1,24.0,S,18,9,1,103.0,Fall,3
8955,10-17-2025,S-05 - The Prince And The Passer,1,3,0,-19.0,S,18,10,0,61.0,Fall,4
8956,10-17-2025,S-02 - Itsy Bitsy Spikers,4,0,0,62.0,S,17,9,2,117.0,Fall,5
8957,10-17-2025,S-09 - Bibbidi Boppity Boom!,3,0,1,16.0,S,17,10,1,54.0,Fall,6
8958,10-17-2025,S-16 - If You Give A Mouse A Set,3,1,0,14.0,S,17,11,0,3.0,Fall,7
8959,10-17-2025,S-08 - Goldi-Blocks,1,2,1,2.0,S,15,12,1,41.0,Fall,8
8960,10-17-2025,S-12 - Dragon Tales And Hits,1,3,0,-13.0,S,15,13,0,46.0,Fall,9
8961,10-17-2025,S-04 - Little Red Spikers,2,2,0,38.0,S,14,14,0,14.0,Fall,10
8962,10-17-2025,S-03 - Not The Gumdrop Aces,1,3,0,-12.0,S,12,15,1,-67.0,Fall,11
8963,10-17-2025,S-13 - Block A Bye Baby,3,1,0,24.0,S,11,16,1,10.0,Fall,12
8964,10-17-2025,S-15 - Green Eggs & Slam,1,3,0,-10.0,S,11,16,1,-36.0,Fall,13
8965,10-17-2025,S-10 - Bump-ty Dump-tys,1,3,0,-11.0,S,11,17,0,-33.0,Fall,14
8966,10-17-2025,S-14 - Slam I Am,2,2,0,-11.0,S,11,17,0,-81.0,Fall,15
8967,10-17-2025,S-18 - Six Blind Mice,0,4,0,-100.0,S,7,20,1,-237.0,Fall,16
8968,10-17-2025,S-06 - Twinkerbells,1,2,1,-6.0,S,5,21,2,-121.0,Fall,17
8969,10-17-2025,S-17 - Horton Hits A Shoot,1,3,0,-26.0,S,5,23,0,-134.0,Fall,18
8970,10-24-2025,S-11 - Bumpty Dumpty v1,2,2,0,16.0,S,24,8,0,177.0,Fall,1
8971,10-24-2025,S-05 - The Prince And The Passer,4,0,0,45.0,S,22,10,0,106.0,Fall,2
8972,10-24-2025,S-09 - Bibbidi Boppity Boom!,4,0,0,39.0,S,21,10,1,93.0,Fall,3
8973,10-24-2025,S-02 - Itsy Bitsy Spikers,3,1,0,13.0,S,20,10,2,130.0,Fall,4
8974,10-24-2025,S-01 - Duck Duck Ace,2,2,0,-4.0,S,20,11,1,99.0,Fall,5
8975,10-24-2025,S-07 - The Blockyardigans,0,4,0,-27.0,S,20,11,1,72.0,Fall,6
8976,10-24-2025,S-16 - If You Give A Mouse A Set,3,1,0,3.0,S,20,12,0,6.0,Fall,7
8977,10-24-2025,S-08 - Goldi-Blocks,4,0,0,11.0,S,19,12,1,52.0,Fall,8
8978,10-24-2025,S-12 - Dragon Tales And Hits,2,2,0,-1.0,S,17,15,0,45.0,Fall,9
8979,10-24-2025,S-04 - Little Red Spikers,2,2,0,5.0,S,16,16,0,19.0,Fall,10
8980,10-24-2025,S-14 - Slam I Am,3,1,0,13.0,S,14,18,0,-68.0,Fall,11
8981,10-24-2025,S-15 - Green Eggs & Slam,2,2,0,-10.0,S,13,18,1,-46.0,Fall,12
8982,10-24-2025,S-13 - Block A Bye Baby,1,2,1,-2.0,S,12,18,2,8.0,Fall,13
8983,10-24-2025,S-10 - Bump-ty Dump-tys,1,2,1,-1.0,S,12,19,1,-34.0,Fall,14
8984,10-24-2025,S-03 - Not The Gumdrop Aces,0,4,0,-35.0,S,12,19,1,-102.0,Fall,15
8985,10-24-2025,S-18 - Six Blind Mice,1,3,0,-14.0,S,8,23,1,-251.0,Fall,16
8986,10-24-2025,S-17 - Horton Hits A Shoot,1,3,0,-25.0,S,6,26,0,-159.0,Fall,17
8987,10-24-2025,S-06 - Twinkerbells,0,4,0,-26.0,S,5,25,2,-147.0,Fall,18
8988,11-07-2025,S-11 - Bumpty Dumpty v1,3,1,0,4.0,S,27,9,0,181.0,Fall,1
8989,11-07-2025,S-05 - The Prince And The Passer,3,1,0,56.0,S,25,11,0,162.0,Fall,2
8990,11-07-2025,S-02 - Itsy Bitsy Spikers,4,0,0,20.0,S,24,10,2,150.0,Fall,3
8991,11-07-2025,S-09 - Bibbidi Boppity Boom!,2,2,0,-1.0,S,23,12,1,92.0,Fall,4
8992,11-07-2025,S-16 - If You Give A Mouse A Set,3,1,0,17.0,S,23,13,0,23.0,Fall,5
8993,11-07-2025,S-07 - The Blockyardigans,2,2,0,0.0,S,22,13,1,72.0,Fall,6
8994,11-07-2025,S-01 - Duck Duck Ace,0,4,0,-20.0,S,20,15,1,79.0,Fall,7
8995,11-07-2025,S-08 - Goldi-Blocks,1,3,0,-18.0,S,20,15,1,34.0,Fall,8
8996,11-07-2025,S-12 - Dragon Tales And Hits,3,1,0,44.0,S,20,16,0,89.0,Fall,9
8997,11-07-2025,S-04 - Little Red Spikers,3,1,0,20.0,S,19,17,0,39.0,Fall,10
8998,11-07-2025,S-15 - Green Eggs & Slam,4,0,0,57.0,S,17,18,1,11.0,Fall,11
8999,11-07-2025,S-14 - Slam I Am,3,1,0,5.0,S,17,19,0,-63.0,Fall,12
9000,11-07-2025,S-10 - Bump-ty Dump-tys,3,1,0,19.0,S,15,20,1,-15.0,Fall,13
9001,11-07-2025,S-13 - Block A Bye Baby,0,4,0,-24.0,S,12,22,2,-16.0,Fall,14
9002,11-07-2025,S-03 - Not The Gumdrop Aces,0,4,0,-22.0,S,12,23,1,-124.0,Fall,15
9003,11-07-2025,S-18 - Six Blind Mice,0,4,0,-100.0,S,8,27,1,-351.0,Fall,16
9004,11-07-2025,S-17 - Horton Hits A Shoot,2,2,0,43.0,S,8,28,0,-116.0,Fall,17
9005,11-07-2025,S-06 - Twinkerbells,0,4,0,-100.0,S,5,29,2,-247.0,Fall,18
9006,11-14-2025,S-11 - Bumpty Dumpty v1,2,2,0,2.0,S,29,11,0,183.0,Fall,1
9007,11-14-2025,S-05 - The Prince And The Passer,2,2,0,-5.0,S,27,13,0,157.0,Fall,2
9008,11-14-2025,S-09 - Bibbidi Boppity Boom!,3,1,0,26.0,S,26,13,1,118.0,Fall,3
9009,11-14-2025,S-07 - The Blockyardigans,4,0,0,26.0,S,26,13,1,98.0,Fall,4
9010,11-14-2025,S-02 - Itsy Bitsy Spikers,1,3,0,-13.0,S,25,13,2,137.0,Fall,5
9011,11-14-2025,S-16 - If You Give A Mouse A Set,1,3,0,0.0,S,24,16,0,23.0,Fall,6
9012,11-14-2025,S-08 - Goldi-Blocks,3,1,0,13.0,S,23,16,1,47.0,Fall,7
9013,11-14-2025,S-01 - Duck Duck Ace,2,2,0,2.0,S,22,17,1,81.0,Fall,8
9014,11-14-2025,S-12 - Dragon Tales And Hits,2,2,0,-1.0,S,22,18,0,88.0,Fall,9
9015,11-14-2025,S-14 - Slam I Am,4,0,0,53.0,S,21,19,0,-10.0,Fall,10
9016,11-14-2025,S-04 - Little Red Spikers,1,3,0,-12.0,S,20,20,0,27.0,Fall,11
9017,11-14-2025,S-10 - Bump-ty Dump-tys,4,0,0,34.0,S,19,20,1,19.0,Fall,12
9018,11-14-2025,S-15 - Green Eggs & Slam,0,4,0,-28.0,S,17,22,1,-17.0,Fall,13
9019,11-14-2025,S-13 - Block A Bye Baby,3,1,0,5.0,S,15,23,2,-11.0,Fall,14
9020,11-14-2025,S-03 - Not The Gumdrop Aces,2,2,0,47.0,S,14,25,1,-77.0,Fall,15
9021,11-14-2025,S-18 - Six Blind Mice,0,4,0,-100.0,S,8,31,1,-451.0,Fall,16
9022,11-14-2025,S-17 - Horton Hits A Shoot,0,4,0,-36.0,S,8,32,0,-152.0,Fall,17
9023,11-14-2025,S-06 - Twinkerbells,2,2,0,-13.0,S,7,31,2,-260.0,Fall,18
9024,11-21-2025,S-11 - Bumpty Dumpty v1,3,1,0,20.0,S,32,12,0,203.0,Fall,1
9025,11-21-2025,S-02 - Itsy Bitsy Spikers,4,0,0,9.0,S,29,13,2,146.0,Fall,2
9026,11-21-2025,S-07 - The Blockyardigans,3,1,0,8.0,S,29,14,1,106.0,Fall,3
9027,11-21-2025,S-05 - The Prince And The Passer,2,2,0,7.0,S,29,15,0,164.0,Fall,4
9028,11-21-2025,S-09 - Bibbidi Boppity Boom!,1,3,0,-21.0,S,27,16,1,97.0,Fall,5
9029,11-21-2025,S-16 - If You Give A Mouse A Set,2,2,0,1.0,S,26,18,0,24.0,Fall,6
9030,11-21-2025,S-08 - Goldi-Blocks,2,2,0,-4.0,S,25,18,1,43.0,Fall,7
9031,11-21-2025,S-14 - Slam I Am,4,0,0,16.0,S,25,19,0,6.0,Fall,8
9032,11-21-2025,S-01 - Duck Duck Ace,2,2,0,5.0,S,24,19,1,86.0,Fall,9
9033,11-21-2025,S-12 - Dragon Tales And Hits,1,3,0,-13.0,S,23,21,0,75.0,Fall,10
9034,11-21-2025,S-04 - Little Red Spikers,3,1,0,14.0,S,23,21,0,41.0,Fall,11
9035,11-21-2025,S-10 - Bump-ty Dump-tys,3,1,0,6.0,S,22,21,1,25.0,Fall,12
9036,11-21-2025,S-15 - Green Eggs & Slam,2,2,0,-9.0,S,19,24,1,-26.0,Fall,13
9037,11-21-2025,S-13 - Block A Bye Baby,3,1,0,20.0,S,18,24,2,9.0,Fall,14
9038,11-21-2025,S-03 - Not The Gumdrop Aces,0,4,0,-22.0,S,14,29,1,-99.0,Fall,15
9039,11-21-2025,S-17 - Horton Hits A Shoot,1,3,0,-16.0,S,9,35,0,-168.0,Fall,16
9040,11-21-2025,S-18 - Six Blind Mice,0,4,0,0.0,S,8,35,1,-451.0,Fall,17
9041,11-21-2025,S-06 - Twinkerbells,0,4,0,-21.0,S,7,35,2,-281.0,Fall,18
9042,01-23-2026,A-01 Hue’s Your Daddy,0,0,0,0.0,A,0,0,0,0.0,Spring,1
9043,01-23-2026,A-18 Rosebuds,0,0,0,0.0,A,0,0,0,0.0,Spring,2
9044,01-23-2026,A-17 Brown Beaver Baddies,0,0,0,0.0,A,0,0,0,0.0,Spring,3
9045,01-23-2026,A-16 50 Shades of Slay,0,0,0,0.0,A,0,0,0,0.0,Spring,4
9046,01-23-2026,A-15 Spikadelic,0,0,0,0.0,A,0,0,0,0.0,Spring,5
9047,01-23-2026,A-14 ROYGDig,0,0,0,0.0,A,0,0,0,0.0,Spring,6
9048,01-23-2026,A-13 Blue Ball Control,0,0,0,0.0,A,0,0,0,0.0,Spring,7
9049,01-23-2026,A-12 Mint Condition,0,0,0,0.0,A,0,0,0,0.0,Spring,8
9050,01-23-2026,A-10,0,0,0,0.0,A,0,0,0,0.0,Spring,9
9051,01-23-2026,A-09 Serve the Rainbow,0,0,0,0.0,A,0,0,0,0.0,Spring,10
9052,01-23-2026,A-08 Crayon Crunchers,0,0,0,0.0,A,0,0,0,0.0,Spring,11
9053,01-23-2026,A-07 Orange You Glad We Serve,0,0,0,0.0,A,0,0,0,0.0,Spring,12
9054,01-23-2026,A-06 Red Bottoms,0,0,0,0.0,A,0,0,0,0.0,Spring,13
9055,01-23-2026,A-05 Send Nudes,0,0,0,0.0,A,0,0,0,0.0,Spring,14
9056,01-23-2026,A-04,0,0,0,0.0,A,0,0,0,0.0,Spring,15
9057,01-23-2026,A-03 Chromatic Chaos,0,0,0,0.0,A,0,0,0,0.0,Spring,16
9058,01-23-2026,A-11 Paint the Town Red,0,0,0,0.0,A,0,0,0,0.0,Spring,17
9059,01-23-2026,A-02 Fifty Shades of Gay,0,0,0,0.0,A,0,0,0,0.0,Spring,18
9060,01-30-2026,A-08 Crayon Crunchers,4,0,0,38.0,A,4,0,0,38.0,Spring,1
9061,01-30-2026,A-16 50 Shades of Slay,4,0,0,8.0,A,4,0,0,8.0,Spring,2
9062,01-30-2026,A-07 Orange You Glad We Serve,3,1,0,15.0,A,3,1,0,15.0,Spring,3
9063,01-30-2026,A-14 ROYGDig,3,1,0,9.0,A,3,1,0,9.0,Spring,4
9064,01-30-2026,A-18 Rosebuds,3,1,0,6.0,A,3,1,0,6.0,Spring,5
9065,01-30-2026,A-02 Fifty Shades of Gay,2,1,1,17.0,A,2,1,1,17.0,Spring,6
9066,01-30-2026,A-04,2,1,1,6.0,A,2,1,1,6.0,Spring,7
9067,01-30-2026,A-01 Hue’s Your Daddy,2,1,1,4.0,A,2,1,1,4.0,Spring,8
9068,01-30-2026,A-05 Send Nudes,2,2,0,7.0,A,2,2,0,7.0,Spring,9
9069,01-30-2026,A-03 Chromatic Chaos,2,2,0,-4.0,A,2,2,0,-4.0,Spring,10
9070,01-30-2026,A-11 Paint the Town Red,2,2,0,-13.0,A,2,2,0,-13.0,Spring,11
9071,01-30-2026,A-13 Blue Ball Control,1,3,0,-1.0,A,1,3,0,-1.0,Spring,12
9072,01-30-2026,A-10,1,3,0,-7.0,A,1,3,0,-7.0,Spring,13
9073,01-30-2026,A-15 Spikadelic,1,3,0,-11.0,A,1,3,0,-11.0,Spring,14
9074,01-30-2026,A-06 Red Bottoms,1,3,0,-13.0,A,1,3,0,-13.0,Spring,15
9075,01-30-2026,A-09 Serve the Rainbow,1,3,0,-21.0,A,1,3,0,-21.0,Spring,16
9076,01-30-2026,A-17 Brown Beaver Baddies,0,3,1,-15.0,A,0,3,1,-15.0,Spring,17
9077,01-30-2026,A-12 Mint Condition,0,4,0,-25.0,A,0,4,0,-25.0,Spring,18
9078,02-06-2026,A-16 50 Shades of Slay,2,2,0,-4.0,A,6,2,0,4.0,Spring,1
9079,02-06-2026,A-01 Hue’s Your Daddy,3,1,0,20.0,A,5,2,1,24.0,Spring,2
9080,02-06-2026,A-11 Paint the Town Red,3,1,0,17.0,A,5,3,0,4.0,Spring,3
9081,02-06-2026,A-07 Orange You Glad We Serve,2,2,0,-17.0,A,5,3,0,-2.0,Spring,4
9082,02-06-2026,A-02 Fifty Shades of Gay,2,2,0,10.0,A,4,3,1,27.0,Spring,5
9083,02-06-2026,A-08 Crayon Crunchers,0,3,1,-21.0,A,4,3,1,17.0,Spring,6
9084,02-06-2026,A-15 Spikadelic,3,0,1,20.0,A,4,3,1,9.0,Spring,7
9085,02-06-2026,A-10,3,1,0,25.0,A,4,4,0,18.0,Spring,8
9086,02-06-2026,A-18 Rosebuds,1,3,0,7.0,A,4,4,0,13.0,Spring,9
9087,02-06-2026,A-13 Blue Ball Control,3,1,0,10.0,A,4,4,0,9.0,Spring,10
9088,02-06-2026,A-05 Send Nudes,2,2,0,1.0,A,4,4,0,8.0,Spring,11
9089,02-06-2026,A-06 Red Bottoms,2,1,1,9.0,A,3,4,1,-4.0,Spring,12
9090,02-06-2026,A-14 ROYGDig,0,3,1,-26.0,A,3,4,1,-17.0,Spring,13
9091,02-06-2026,A-04,1,3,0,-35.0,A,3,4,1,-29.0,Spring,14
9092,02-06-2026,A-12 Mint Condition,3,1,0,30.0,A,3,5,0,5.0,Spring,15
9093,02-06-2026,A-03 Chromatic Chaos,1,3,0,-16.0,A,3,5,0,-20.0,Spring,16
9094,02-06-2026,A-09 Serve the Rainbow,2,2,0,-3.0,A,3,5,0,-24.0,Spring,17
9095,02-06-2026,A-17 Brown Beaver Baddies,1,3,0,-27.0,A,1,6,1,-42.0,Spring,18
9096,02-20-2026,A-16 50 Shades of Slay,3,1,0,11.0,A,9,3,0,15.0,Spring,1
9097,02-20-2026,A-01 Hue’s Your Daddy,3,1,0,2.0,A,8,3,1,26.0,Spring,2
9098,02-20-2026,A-05 Send Nudes,4,0,0,23.0,A,8,4,0,31.0,Spring,3
9099,02-20-2026,A-07 Orange You Glad We Serve,3,1,0,21.0,A,8,4,0,19.0,Spring,4
9100,02-20-2026,A-18 Rosebuds,3,0,1,19.0,A,7,4,1,32.0,Spring,5
9101,02-20-2026,A-10,3,1,0,25.0,A,7,5,0,43.0,Spring,6
9102,02-20-2026,A-15 Spikadelic,2,2,0,-6.0,A,6,5,1,3.0,Spring,7
9103,02-20-2026,A-13 Blue Ball Control,2,2,0,14.0,A,6,6,0,23.0,Spring,8
9104,02-20-2026,A-11 Paint the Town Red,1,3,0,-19.0,A,6,6,0,-15.0,Spring,9
9105,02-20-2026,A-02 Fifty Shades of Gay,1,3,0,-4.0,A,5,6,1,23.0,Spring,10
9106,02-20-2026,A-08 Crayon Crunchers,1,3,0,-12.0,A,5,6,1,5.0,Spring,11
9107,02-20-2026,A-04,2,2,0,-2.0,A,5,6,1,-31.0,Spring,12
9108,02-20-2026,A-14 ROYGDig,1,2,1,-7.0,A,4,6,2,-24.0,Spring,13
9109,02-20-2026,A-06 Red Bottoms,1,3,0,-28.0,A,4,7,1,-32.0,Spring,14
9110,02-20-2026,A-12 Mint Condition,1,3,0,-16.0,A,4,8,0,-11.0,Spring,15
9111,02-20-2026,A-09 Serve the Rainbow,1,3,0,-9.0,A,4,8,0,-33.0,Spring,16
9112,02-20-2026,A-03 Chromatic Chaos,1,3,0,-19.0,A,4,8,0,-39.0,Spring,17
9113,02-20-2026,A-17 Brown Beaver Baddies,2,2,0,7.0,A,3,8,1,-35.0,Spring,18
9114,02-27-2026,A-16 50 Shades of Slay,0,0,0,0.0,A,9,3,0,15.0,Spring,1
9115,02-27-2026,A-01 Hue’s Your Daddy,0,0,0,0.0,A,8,3,1,26.0,Spring,2
9116,02-27-2026,A-05 Send Nudes,0,0,0,0.0,A,8,4,0,31.0,Spring,3
9117,02-27-2026,A-07 Orange You Glad We Serve,0,0,0,0.0,A,8,4,0,19.0,Spring,4
9118,02-27-2026,A-18 Rosebuds,0,0,0,0.0,A,7,4,1,32.0,Spring,5
9119,02-27-2026,A-10,0,0,0,0.0,A,7,5,0,43.0,Spring,6
9120,02-27-2026,A-15 Spikadelic,0,0,0,0.0,A,6,5,1,3.0,Spring,7
9121,02-27-2026,A-13 Blue Ball Control,0,0,0,0.0,A,6,6,0,23.0,Spring,8
9122,02-27-2026,A-11 Paint the Town Red,0,0,0,0.0,A,6,6,0,-15.0,Spring,9
9123,02-27-2026,A-02 Fifty Shades of Gay,0,0,0,0.0,A,5,6,1,23.0,Spring,10
9124,02-27-2026,A-08 Crayon Crunchers,0,0,0,0.0,A,5,6,1,5.0,Spring,11
9125,02-27-2026,A-04,0,0,0,0.0,A,5,6,1,-31.0,Spring,12
9126,02-27-2026,A-14 ROYGDig,0,0,0,0.0,A,4,6,2,-24.0,Spring,13
9127,02-27-2026,A-06 Red Bottoms,0,0,0,0.0,A,4,7,1,-32.0,Spring,14
9128,02-27-2026,A-12 Mint Condition,0,0,0,0.0,A,4,8,0,-11.0,Spring,15
9129,02-27-2026,A-09 Serve the Rainbow,0,0,0,0.0,A,4,8,0,-33.0,Spring,16
9130,02-27-2026,A-03 Chromatic Chaos,0,0,0,0.0,A,4,8,0,-39.0,Spring,17
9131,02-27-2026,A-17 Brown Beaver Baddies,0,0,0,0.0,A,3,8,1,-35.0,Spring,18
9132,03-06-2026,A-07 Orange You Glad We Serve,4,0,0,28.0,A,12,4,0,47.0,Spring,1
9133,03-06-2026,A-05 Send Nudes,3,1,0,6.0,A,11,5,0,37.0,Spring,2
9134,03-06-2026,A-18 Rosebuds,3,1,0,10.0,A,10,5,1,42.0,Spring,3
9135,03-06-2026,A-10,3,1,0,22.0,A,10,6,0,65.0,Spring,4
9136,03-06-2026,A-15 Spikadelic,3,1,0,36.0,A,9,6,1,39.0,Spring,5
9137,03-06-2026,A-16 50 Shades of Slay,0,4,0,-14.0,A,9,7,0,1.0,Spring,6
9138,03-06-2026,A-08 Crayon Crunchers,3,0,1,16.0,A,8,6,2,21.0,Spring,7
9139,03-06-2026,A-01 Hue’s Your Daddy,0,4,0,-28.0,A,8,7,1,-2.0,Spring,8
9140,03-06-2026,A-11 Paint the Town Red,2,2,0,3.0,A,8,8,0,-12.0,Spring,9
9141,03-06-2026,A-14 ROYGDig,3,1,0,-4.0,A,7,7,2,-28.0,Spring,10
9142,03-06-2026,A-02 Fifty Shades of Gay,2,2,0,11.0,A,7,8,1,34.0,Spring,11
9143,03-06-2026,A-13 Blue Ball Control,1,3,0,-7.0,A,7,9,0,16.0,Spring,12
9144,03-06-2026,A-06 Red Bottoms,2,1,1,-2.0,A,6,8,2,-34.0,Spring,13
9145,03-06-2026,A-12 Mint Condition,2,2,0,0.0,A,6,10,0,-11.0,Spring,14
9146,03-06-2026,A-09 Serve the Rainbow,2,2,0,3.0,A,6,10,0,-30.0,Spring,15
9147,03-06-2026,A-03 Chromatic Chaos,2,2,0,-6.0,A,6,10,0,-45.0,Spring,16
9148,03-06-2026,A-04,0,4,0,-28.0,A,5,10,1,-59.0,Spring,17
9149,03-06-2026,A-17 Brown Beaver Baddies,0,4,0,-46.0,A,3,12,1,-81.0,Spring,18
9150,03-20-2026,A-07 Orange You Glad We Serve,0,0,0,0.0,A,12,4,0,47.0,Spring,1
9151,03-20-2026,A-05 Send Nudes,0,0,0,0.0,A,11,5,0,37.0,Spring,2
9152,03-20-2026,A-18 Rosebuds,0,0,0,0.0,A,10,5,1,42.0,Spring,3
9153,03-20-2026,A-10,0,0,0,0.0,A,10,6,0,65.0,Spring,4
9154,03-20-2026,A-15 Spikadelic,0,0,0,0.0,A,9,6,1,39.0,Spring,5
9155,03-20-2026,A-16 50 Shades of Slay,0,0,0,0.0,A,9,7,0,1.0,Spring,6
9156,03-20-2026,A-08 Crayon Crunchers,0,0,0,0.0,A,8,6,2,21.0,Spring,7
9157,03-20-2026,A-01 Hue’s Your Daddy,0,0,0,0.0,A,8,7,1,-2.0,Spring,8
9158,03-20-2026,A-11 Paint the Town Red,0,0,0,0.0,A,8,8,0,-12.0,Spring,9
9159,03-20-2026,A-14 ROYGDig,0,0,0,0.0,A,7,7,2,-28.0,Spring,10
9160,03-20-2026,A-02 Fifty Shades of Gay,0,0,0,0.0,A,7,8,1,34.0,Spring,11
9161,03-20-2026,A-13 Blue Ball Control,0,0,0,0.0,A,7,9,0,16.0,Spring,12
9162,03-20-2026,A-06 Red Bottoms,0,0,0,0.0,A,6,8,2,-34.0,Spring,13
9163,03-20-2026,A-12 Mint Condition,0,0,0,0.0,A,6,10,0,-11.0,Spring,14
9164,03-20-2026,A-09 Serve the Rainbow,0,0,0,0.0,A,6,10,0,-30.0,Spring,15
9165,03-20-2026,A-03 Chromatic Chaos,0,0,0,0.0,A,6,10,0,-45.0,Spring,16
9166,03-20-2026,A-04,0,0,0,0.0,A,5,10,1,-59.0,Spring,17
9167,03-20-2026,A-17 Brown Beaver Baddies,0,0,0,0.0,A,3,12,1,-81.0,Spring,18
9168,03-27-2026,A-07 Orange You Glad We Serve,0,0,0,0.0,A,12,4,0,47.0,Spring,1
9169,03-27-2026,A-05 Send Nudes,0,0,0,0.0,A,11,5,0,37.0,Spring,2
9170,03-27-2026,A-18 Rosebuds,0,0,0,0.0,A,10,5,1,42.0,Spring,3
9171,03-27-2026,A-10,0,0,0,0.0,A,10,6,0,65.0,Spring,4
9172,03-27-2026,A-15 Spikadelic,0,0,0,0.0,A,9,6,1,39.0,Spring,5
9173,03-27-2026,A-16 50 Shades of Slay,0,0,0,0.0,A,9,7,0,1.0,Spring,6
9174,03-27-2026,A-08 Crayon Crunchers,0,0,0,0.0,A,8,6,2,21.0,Spring,7
9175,03-27-2026,A-01 Hue’s Your Daddy,0,0,0,0.0,A,8,7,1,-2.0,Spring,8
9176,03-27-2026,A-11 Paint the Town Red,0,0,0,0.0,A,8,8,0,-12.0,Spring,9
9177,03-27-2026,A-14 ROYGDig,0,0,0,0.0,A,7,7,2,-28.0,Spring,10
9178,03-27-2026,A-02 Fifty Shades of Gay,0,0,0,0.0,A,7,8,1,34.0,Spring,11
9179,03-27-2026,A-13 Blue Ball Control,0,0,0,0.0,A,7,9,0,16.0,Spring,12
9180,03-27-2026,A-06 Red Bottoms,0,0,0,0.0,A,6,8,2,-34.0,Spring,13
9181,03-27-2026,A-12 Mint Condition,0,0,0,0.0,A,6,10,0,-11.0,Spring,14
9182,03-27-2026,A-09 Serve the Rainbow,0,0,0,0.0,A,6,10,0,-30.0,Spring,15
9183,03-27-2026,A-03 Chromatic Chaos,0,0,0,0.0,A,6,10,0,-45.0,Spring,16
9184,03-27-2026,A-04,0,0,0,0.0,A,5,10,1,-59.0,Spring,17
9185,03-27-2026,A-17 Brown Beaver Baddies,0,0,0,0.0,A,3,12,1,-81.0,Spring,18
9186,04-10-2026,A-07 Orange You Glad We Serve,0,0,0,0.0,A,12,4,0,47.0,Spring,1
9187,04-10-2026,A-05 Send Nudes,0,0,0,0.0,A,11,5,0,37.0,Spring,2
9188,04-10-2026,A-18 Rosebuds,0,0,0,0.0,A,10,5,1,42.0,Spring,3
9189,04-10-2026,A-10,0,0,0,0.0,A,10,6,0,65.0,Spring,4
9190,04-10-2026,A-15 Spikadelic,0,0,0,0.0,A,9,6,1,39.0,Spring,5
9191,04-10-2026,A-16 50 Shades of Slay,0,0,0,0.0,A,9,7,0,1.0,Spring,6
9192,04-10-2026,A-08 Crayon Crunchers,0,0,0,0.0,A,8,6,2,21.0,Spring,7
9193,04-10-2026,A-01 Hue’s Your Daddy,0,0,0,0.0,A,8,7,1,-2.0,Spring,8
9194,04-10-2026,A-11 Paint the Town Red,0,0,0,0.0,A,8,8,0,-12.0,Spring,9
9195,04-10-2026,A-14 ROYGDig,0,0,0,0.0,A,7,7,2,-28.0,Spring,10
9196,04-10-2026,A-02 Fifty Shades of Gay,0,0,0,0.0,A,7,8,1,34.0,Spring,11
9197,04-10-2026,A-13 Blue Ball Control,0,0,0,0.0,A,7,9,0,16.0,Spring,12
9198,04-10-2026,A-06 Red Bottoms,0,0,0,0.0,A,6,8,2,-34.0,Spring,13
9199,04-10-2026,A-12 Mint Condition,0,0,0,0.0,A,6,10,0,-11.0,Spring,14
9200,04-10-2026,A-09 Serve the Rainbow,0,0,0,0.0,A,6,10,0,-30.0,Spring,15
9201,04-10-2026,A-03 Chromatic Chaos,0,0,0,0.0,A,6,10,0,-45.0,Spring,16
9202,04-10-2026,A-04,0,0,0,0.0,A,5,10,1,-59.0,Spring,17
9203,04-10-2026,A-17 Brown Beaver Baddies,0,0,0,0.0,A,3,12,1,-81.0,Spring,18
9204,04-17-2026,A-07 Orange You Glad We Serve,0,0,0,0.0,A,12,4,0,47.0,Spring,1
9205,04-17-2026,A-05 Send Nudes,0,0,0,0.0,A,11,5,0,37.0,Spring,2
9206,04-17-2026,A-18 Rosebuds,0,0,0,0.0,A,10,5,1,42.0,Spring,3
9207,04-17-2026,A-10,0,0,0,0.0,A,10,6,0,65.0,Spring,4
9208,04-17-2026,A-15 Spikadelic,0,0,0,0.0,A,9,6,1,39.0,Spring,5
9209,04-17-2026,A-16 50 Shades of Slay,0,0,0,0.0,A,9,7,0,1.0,Spring,6
9210,04-17-2026,A-08 Crayon Crunchers,0,0,0,0.0,A,8,6,2,21.0,Spring,7
9211,04-17-2026,A-01 Hue’s Your Daddy,0,0,0,0.0,A,8,7,1,-2.0,Spring,8
9212,04-17-2026,A-11 Paint the Town Red,0,0,0,0.0,A,8,8,0,-12.0,Spring,9
9213,04-17-2026,A-14 ROYGDig,0,0,0,0.0,A,7,7,2,-28.0,Spring,10
9214,04-17-2026,A-02 Fifty Shades of Gay,0,0,0,0.0,A,7,8,1,34.0,Spring,11
9215,04-17-2026,A-13 Blue Ball Control,0,0,0,0.0,A,7,9,0,16.0,Spring,12
9216,04-17-2026,A-06 Red Bottoms,0,0,0,0.0,A,6,8,2,-34.0,Spring,13
9217,04-17-2026,A-12 Mint Condition,0,0,0,0.0,A,6,10,0,-11.0,Spring,14
9218,04-17-2026,A-09 Serve the Rainbow,0,0,0,0.0,A,6,10,0,-30.0,Spring,15
9219,04-17-2026,A-03 Chromatic Chaos,0,0,0,0.0,A,6,10,0,-45.0,Spring,16
9220,04-17-2026,A-04,0,0,0,0.0,A,5,10,1,-59.0,Spring,17
9221,04-17-2026,A-17 Brown Beaver Baddies,0,0,0,0.0,A,3,12,1,-81.0,Spring,18
9222,04-24-2026,A-07 Orange You Glad We Serve,0,0,0,0.0,A,12,4,0,47.0,Spring,1
9223,04-24-2026,A-05 Send Nudes,0,0,0,0.0,A,11,5,0,37.0,Spring,2
9224,04-24-2026,A-18 Rosebuds,0,0,0,0.0,A,10,5,1,42.0,Spring,3
9225,04-24-2026,A-10,0,0,0,0.0,A,10,6,0,65.0,Spring,4
9226,04-24-2026,A-15 Spikadelic,0,0,0,0.0,A,9,6,1,39.0,Spring,5
9227,04-24-2026,A-16 50 Shades of Slay,0,0,0,0.0,A,9,7,0,1.0,Spring,6
9228,04-24-2026,A-08 Crayon Crunchers,0,0,0,0.0,A,8,6,2,21.0,Spring,7
9229,04-24-2026,A-01 Hue’s Your Daddy,0,0,0,0.0,A,8,7,1,-2.0,Spring,8
9230,04-24-2026,A-11 Paint the Town Red,0,0,0,0.0,A,8,8,0,-12.0,Spring,9
9231,04-24-2026,A-14 ROYGDig,0,0,0,0.0,A,7,7,2,-28.0,Spring,10
9232,04-24-2026,A-02 Fifty Shades of Gay,0,0,0,0.0,A,7,8,1,34.0,Spring,11
9233,04-24-2026,A-13 Blue Ball Control,0,0,0,0.0,A,7,9,0,16.0,Spring,12
9234,04-24-2026,A-06 Red Bottoms,0,0,0,0.0,A,6,8,2,-34.0,Spring,13
9235,04-24-2026,A-12 Mint Condition,0,0,0,0.0,A,6,10,0,-11.0,Spring,14
9236,04-24-2026,A-09 Serve the Rainbow,0,0,0,0.0,A,6,10,0,-30.0,Spring,15
9237,04-24-2026,A-03 Chromatic Chaos,0,0,0,0.0,A,6,10,0,-45.0,Spring,16
9238,04-24-2026,A-04,0,0,0,0.0,A,5,10,1,-59.0,Spring,17
9239,04-24-2026,A-17 Brown Beaver Baddies,0,0,0,0.0,A,3,12,1,-81.0,Spring,18
9240,01-23-2026,"C-03 Sugar, Spike and",0,0,0,0.0,C,0,0,0,0.0,Spring,1
9241,01-23-2026,"C-02 Ed, Edd n Edging!",0,0,0,0.0,C,0,0,0,0.0,Spring,2
9242,01-23-2026,C-01 Avatar: Net Benders,0,0,0,0.0,C,0,0,0,0.0,Spring,3
9243,01-23-2026,C-04 Peppa Dig,0,0,0,0.0,C,0,0,0,0.0,Spring,4
9244,01-23-2026,C-05 Dragon Ballz Deep,0,0,0,0.0,C,0,0,0,0.0,Spring,5
9245,01-23-2026,C-06 SpongeBall Spikepants,0,0,0,0.0,C,0,0,0,0.0,Spring,6
9246,01-23-2026,C-18 Straw Hat Striker,0,0,0,0.0,C,0,0,0,0.0,Spring,7
9247,01-23-2026,C-17 Scooby Do Me,0,0,0,0.0,C,0,0,0,0.0,Spring,8
9248,01-23-2026,C-15 Powerpuff Passers,0,0,0,0.0,C,0,0,0,0.0,Spring,9
9249,01-23-2026,C-14 Diva Slayers,0,0,0,0.0,C,0,0,0,0.0,Spring,10
9250,01-23-2026,C-13 Thunder Kills,0,0,0,0.0,C,0,0,0,0.0,Spring,11
9251,01-23-2026,C-12 The Magic Spikebus,0,0,0,0.0,C,0,0,0,0.0,Spring,12
9252,01-23-2026,C-11 Trans Performers,0,0,0,0.0,C,0,0,0,0.0,Spring,13
9253,01-23-2026,C-10 Courage the Cowardly Dig,0,0,0,0.0,C,0,0,0,0.0,Spring,14
9254,01-23-2026,C-09 The Netsons,0,0,0,0.0,C,0,0,0,0.0,Spring,15
9255,01-23-2026,C-08 Blocker's Home for Unimaginative Hitters,0,0,0,0.0,C,0,0,0,0.0,Spring,16
9256,01-23-2026,C-07 Sailor Spikers,0,0,0,0.0,C,0,0,0,0.0,Spring,17
9257,01-23-2026,C-16 The IncrediBalls,0,0,0,0.0,C,0,0,0,0.0,Spring,18
9258,01-30-2026,"C-03 Sugar, Spike and",4,0,0,30.0,C,4,0,0,30.0,Spring,1
9259,01-30-2026,C-05 Dragon Ballz Deep,3,1,0,24.0,C,3,1,0,24.0,Spring,2
9260,01-30-2026,C-17 Scooby Do Me,3,1,0,19.0,C,3,1,0,19.0,Spring,3
9261,01-30-2026,C-01 Avatar: Net Benders,3,1,0,12.0,C,3,1,0,12.0,Spring,4
9262,01-30-2026,C-06 SpongeBall Spikepants,3,1,0,12.0,C,3,1,0,12.0,Spring,5
9263,01-30-2026,C-14 Diva Slayers,3,1,0,9.0,C,3,1,0,9.0,Spring,6
9264,01-30-2026,C-11 Trans Performers,3,1,0,5.0,C,3,1,0,5.0,Spring,7
9265,01-30-2026,"C-02 Ed, Edd n Edging!",2,2,0,7.0,C,2,2,0,7.0,Spring,8
9266,01-30-2026,C-13 Thunder Kills,2,2,0,5.0,C,2,2,0,5.0,Spring,9
9267,01-30-2026,C-07 Sailor Spikers,2,2,0,5.0,C,2,2,0,5.0,Spring,10
9268,01-30-2026,C-16 The IncrediBalls,2,2,0,0.0,C,2,2,0,0.0,Spring,11
9269,01-30-2026,C-12 The Magic Spikebus,2,2,0,-1.0,C,2,2,0,-1.0,Spring,12
9270,01-30-2026,C-10 Courage the Cowardly Dig,2,2,0,-5.0,C,2,2,0,-5.0,Spring,13
9271,01-30-2026,C-08 Blocker's Home for Unimaginative Hitters,1,3,0,-4.0,C,1,3,0,-4.0,Spring,14
9272,01-30-2026,C-09 The Netsons,1,3,0,-19.0,C,1,3,0,-19.0,Spring,15
9273,01-30-2026,C-04 Peppa Dig,0,4,0,-28.0,C,0,4,0,-28.0,Spring,16
9274,01-30-2026,C-15 Powerpuff Passers,0,4,0,-35.0,C,0,4,0,-35.0,Spring,17
9275,01-30-2026,C-18 Straw Hat Striker,0,4,0,-36.0,C,0,4,0,-36.0,Spring,18
9276,02-06-2026,C-05 Dragon Ballz Deep,4,0,0,25.0,C,7,1,0,49.0,Spring,1
9277,02-06-2026,C-06 SpongeBall Spikepants,4,0,0,25.0,C,7,1,0,37.0,Spring,2
9278,02-06-2026,C-17 Scooby Do Me,3,1,0,16.0,C,6,2,0,35.0,Spring,3
9279,02-06-2026,C-01 Avatar: Net Benders,3,1,0,19.0,C,6,2,0,31.0,Spring,4
9280,02-06-2026,C-13 Thunder Kills,4,0,0,20.0,C,6,2,0,25.0,Spring,5
9281,02-06-2026,"C-03 Sugar, Spike and",1,3,0,-21.0,C,5,3,0,9.0,Spring,6
9282,02-06-2026,C-12 The Magic Spikebus,3,1,0,10.0,C,5,3,0,9.0,Spring,7
9283,02-06-2026,C-11 Trans Performers,2,2,0,-2.0,C,5,3,0,3.0,Spring,8
9284,02-06-2026,"C-02 Ed, Edd n Edging!",2,1,1,8.0,C,4,3,1,15.0,Spring,9
9285,02-06-2026,C-10 Courage the Cowardly Dig,2,1,1,5.0,C,4,3,1,0.0,Spring,10
9286,02-06-2026,C-16 The IncrediBalls,2,2,0,2.0,C,4,4,0,2.0,Spring,11
9287,02-06-2026,C-08 Blocker's Home for Unimaginative Hitters,2,2,0,10.0,C,3,5,0,6.0,Spring,12
9288,02-06-2026,C-07 Sailor Spikers,1,3,0,-9.0,C,3,5,0,-4.0,Spring,13
9289,02-06-2026,C-14 Diva Slayers,0,4,0,-23.0,C,3,5,0,-14.0,Spring,14
9290,02-06-2026,C-04 Peppa Dig,1,3,0,-13.0,C,1,7,0,-41.0,Spring,15
9291,02-06-2026,C-09 The Netsons,0,4,0,-26.0,C,1,7,0,-45.0,Spring,16
9292,02-06-2026,C-18 Straw Hat Striker,1,3,0,-11.0,C,1,7,0,-47.0,Spring,17
9293,02-06-2026,C-15 Powerpuff Passers,0,4,0,-35.0,C,0,8,0,-70.0,Spring,18
9294,02-20-2026,C-06 SpongeBall Spikepants,4,0,0,18.0,C,11,1,0,55.0,Spring,1
9295,02-20-2026,C-05 Dragon Ballz Deep,2,2,0,4.0,C,9,3,0,53.0,Spring,2
9296,02-20-2026,C-13 Thunder Kills,3,1,0,22.0,C,9,3,0,47.0,Spring,3
9297,02-20-2026,C-10 Courage the Cowardly Dig,4,0,0,19.0,C,8,3,1,19.0,Spring,4
9298,02-20-2026,C-01 Avatar: Net Benders,2,2,0,-2.0,C,8,4,0,29.0,Spring,5
9299,02-20-2026,C-11 Trans Performers,2,2,0,15.0,C,7,5,0,18.0,Spring,6
9300,02-20-2026,"C-03 Sugar, Spike and",2,2,0,-3.0,C,7,5,0,6.0,Spring,7
9301,02-20-2026,"C-02 Ed, Edd n Edging!",2,2,0,-1.0,C,6,5,1,14.0,Spring,8
9302,02-20-2026,C-17 Scooby Do Me,0,4,0,-21.0,C,6,6,0,14.0,Spring,9
9303,02-20-2026,C-14 Diva Slayers,3,1,0,21.0,C,6,6,0,7.0,Spring,10
9304,02-20-2026,C-16 The IncrediBalls,2,2,0,-3.0,C,6,6,0,-1.0,Spring,11
9305,02-20-2026,C-12 The Magic Spikebus,1,3,0,-20.0,C,6,6,0,-11.0,Spring,12
9306,02-20-2026,C-07 Sailor Spikers,2,2,0,3.0,C,5,7,0,-1.0,Spring,13
9307,02-20-2026,C-08 Blocker's Home for Unimaginative Hitters,1,3,0,-17.0,C,4,8,0,-11.0,Spring,14
9308,02-20-2026,C-04 Peppa Dig,2,2,0,4.0,C,3,9,0,-37.0,Spring,15
9309,02-20-2026,C-09 The Netsons,2,2,0,-1.0,C,3,9,0,-46.0,Spring,16
9310,02-20-2026,C-18 Straw Hat Striker,2,2,0,-4.0,C,3,9,0,-51.0,Spring,17
9311,02-20-2026,C-15 Powerpuff Passers,0,4,0,-34.0,C,0,12,0,-104.0,Spring,18
9312,02-27-2026,C-06 SpongeBall Spikepants,0,0,0,0.0,C,11,1,0,55.0,Spring,1
9313,02-27-2026,C-05 Dragon Ballz Deep,0,0,0,0.0,C,9,3,0,53.0,Spring,2
9314,02-27-2026,C-13 Thunder Kills,0,0,0,0.0,C,9,3,0,47.0,Spring,3
9315,02-27-2026,C-10 Courage the Cowardly Dig,0,0,0,0.0,C,8,3,1,19.0,Spring,4
9316,02-27-2026,C-01 Avatar: Net Benders,0,0,0,0.0,C,8,4,0,29.0,Spring,5
9317,02-27-2026,C-11 Trans Performers,0,0,0,0.0,C,7,5,0,18.0,Spring,6
9318,02-27-2026,"C-03 Sugar, Spike and",0,0,0,0.0,C,7,5,0,6.0,Spring,7
9319,02-27-2026,"C-02 Ed, Edd n Edging!",0,0,0,0.0,C,6,5,1,14.0,Spring,8
9320,02-27-2026,C-17 Scooby Do Me,0,0,0,0.0,C,6,6,0,14.0,Spring,9
9321,02-27-2026,C-14 Diva Slayers,0,0,0,0.0,C,6,6,0,7.0,Spring,10
9322,02-27-2026,C-16 The IncrediBalls,0,0,0,0.0,C,6,6,0,-1.0,Spring,11
9323,02-27-2026,C-12 The Magic Spikebus,0,0,0,0.0,C,6,6,0,-11.0,Spring,12
9324,02-27-2026,C-07 Sailor Spikers,0,0,0,0.0,C,5,7,0,-1.0,Spring,13
9325,02-27-2026,C-08 Blocker's Home for Unimaginative Hitters,0,0,0,0.0,C,4,8,0,-11.0,Spring,14
9326,02-27-2026,C-04 Peppa Dig,0,0,0,0.0,C,3,9,0,-37.0,Spring,15
9327,02-27-2026,C-09 The Netsons,0,0,0,0.0,C,3,9,0,-46.0,Spring,16
9328,02-27-2026,C-18 Straw Hat Striker,0,0,0,0.0,C,3,9,0,-51.0,Spring,17
9329,02-27-2026,C-15 Powerpuff Passers,0,0,0,0.0,C,0,12,0,-104.0,Spring,18
9330,03-06-2026,C-06 SpongeBall Spikepants,1,3,0,-13.0,C,12,4,0,42.0,Spring,1
9331,03-06-2026,C-10 Courage the Cowardly Dig,3,1,0,7.0,C,11,4,1,26.0,Spring,2
9332,03-06-2026,C-01 Avatar: Net Benders,3,1,0,18.0,C,11,5,0,47.0,Spring,3
9333,03-06-2026,C-13 Thunder Kills,1,3,0,-15.0,C,10,6,0,32.0,Spring,4
9334,03-06-2026,C-12 The Magic Spikebus,4,0,0,40.0,C,10,6,0,29.0,Spring,5
9335,03-06-2026,"C-03 Sugar, Spike and",2,1,1,11.0,C,9,6,1,17.0,Spring,6
9336,03-06-2026,C-14 Diva Slayers,3,1,0,28.0,C,9,7,0,35.0,Spring,7
9337,03-06-2026,C-17 Scooby Do Me,3,1,0,17.0,C,9,7,0,31.0,Spring,8
9338,03-06-2026,C-05 Dragon Ballz Deep,0,4,0,-25.0,C,9,7,0,28.0,Spring,9
9339,03-06-2026,"C-02 Ed, Edd n Edging!",2,2,0,-13.0,C,8,7,1,1.0,Spring,10
9340,03-06-2026,C-08 Blocker's Home for Unimaginative Hitters,4,0,0,38.0,C,8,8,0,27.0,Spring,11
9341,03-06-2026,C-11 Trans Performers,1,3,0,-11.0,C,8,8,0,7.0,Spring,12
9342,03-06-2026,C-07 Sailor Spikers,2,2,0,-9.0,C,7,9,0,-10.0,Spring,13
9343,03-06-2026,C-16 The IncrediBalls,1,3,0,-25.0,C,7,9,0,-26.0,Spring,14
9344,03-06-2026,C-09 The Netsons,2,1,1,0.0,C,5,10,1,-46.0,Spring,15
9345,03-06-2026,C-18 Straw Hat Striker,2,2,0,4.0,C,5,11,0,-47.0,Spring,16
9346,03-06-2026,C-04 Peppa Dig,0,4,0,-31.0,C,3,13,0,-68.0,Spring,17
9347,03-06-2026,C-15 Powerpuff Passers,1,3,0,-21.0,C,1,15,0,-125.0,Spring,18
9348,03-20-2026,C-06 SpongeBall Spikepants,0,0,0,0.0,C,12,4,0,42.0,Spring,1
9349,03-20-2026,C-10 Courage the Cowardly Dig,0,0,0,0.0,C,11,4,1,26.0,Spring,2
9350,03-20-2026,C-01 Avatar: Net Benders,0,0,0,0.0,C,11,5,0,47.0,Spring,3
9351,03-20-2026,C-13 Thunder Kills,0,0,0,0.0,C,10,6,0,32.0,Spring,4
9352,03-20-2026,C-12 The Magic Spikebus,0,0,0,0.0,C,10,6,0,29.0,Spring,5
9353,03-20-2026,"C-03 Sugar, Spike and",0,0,0,0.0,C,9,6,1,17.0,Spring,6
9354,03-20-2026,C-14 Diva Slayers,0,0,0,0.0,C,9,7,0,35.0,Spring,7
9355,03-20-2026,C-17 Scooby Do Me,0,0,0,0.0,C,9,7,0,31.0,Spring,8
9356,03-20-2026,C-05 Dragon Ballz Deep,0,0,0,0.0,C,9,7,0,28.0,Spring,9
9357,03-20-2026,"C-02 Ed, Edd n Edging!",0,0,0,0.0,C,8,7,1,1.0,Spring,10
9358,03-20-2026,C-08 Blocker's Home for Unimaginative Hitters,0,0,0,0.0,C,8,8,0,27.0,Spring,11
9359,03-20-2026,C-11 Trans Performers,0,0,0,0.0,C,8,8,0,7.0,Spring,12
9360,03-20-2026,C-07 Sailor Spikers,0,0,0,0.0,C,7,9,0,-10.0,Spring,13
9361,03-20-2026,C-16 The IncrediBalls,0,0,0,0.0,C,7,9,0,-26.0,Spring,14
9362,03-20-2026,C-09 The Netsons,0,0,0,0.0,C,5,10,1,-46.0,Spring,15
9363,03-20-2026,C-18 Straw Hat Striker,0,0,0,0.0,C,5,11,0,-47.0,Spring,16
9364,03-20-2026,C-04 Peppa Dig,0,0,0,0.0,C,3,13,0,-68.0,Spring,17
9365,03-20-2026,C-15 Powerpuff Passers,0,0,0,0.0,C,1,15,0,-125.0,Spring,18
9366,03-27-2026,C-06 SpongeBall Spikepants,0,0,0,0.0,C,12,4,0,42.0,Spring,1
9367,03-27-2026,C-10 Courage the Cowardly Dig,0,0,0,0.0,C,11,4,1,26.0,Spring,2
9368,03-27-2026,C-01 Avatar: Net Benders,0,0,0,0.0,C,11,5,0,47.0,Spring,3
9369,03-27-2026,C-13 Thunder Kills,0,0,0,0.0,C,10,6,0,32.0,Spring,4
9370,03-27-2026,C-12 The Magic Spikebus,0,0,0,0.0,C,10,6,0,29.0,Spring,5
9371,03-27-2026,"C-03 Sugar, Spike and",0,0,0,0.0,C,9,6,1,17.0,Spring,6
9372,03-27-2026,C-14 Diva Slayers,0,0,0,0.0,C,9,7,0,35.0,Spring,7
9373,03-27-2026,C-17 Scooby Do Me,0,0,0,0.0,C,9,7,0,31.0,Spring,8
9374,03-27-2026,C-05 Dragon Ballz Deep,0,0,0,0.0,C,9,7,0,28.0,Spring,9
9375,03-27-2026,"C-02 Ed, Edd n Edging!",0,0,0,0.0,C,8,7,1,1.0,Spring,10
9376,03-27-2026,C-08 Blocker's Home for Unimaginative Hitters,0,0,0,0.0,C,8,8,0,27.0,Spring,11
9377,03-27-2026,C-11 Trans Performers,0,0,0,0.0,C,8,8,0,7.0,Spring,12
9378,03-27-2026,C-07 Sailor Spikers,0,0,0,0.0,C,7,9,0,-10.0,Spring,13
9379,03-27-2026,C-16 The IncrediBalls,0,0,0,0.0,C,7,9,0,-26.0,Spring,14
9380,03-27-2026,C-09 The Netsons,0,0,0,0.0,C,5,10,1,-46.0,Spring,15
9381,03-27-2026,C-18 Straw Hat Striker,0,0,0,0.0,C,5,11,0,-47.0,Spring,16
9382,03-27-2026,C-04 Peppa Dig,0,0,0,0.0,C,3,13,0,-68.0,Spring,17
9383,03-27-2026,C-15 Powerpuff Passers,0,0,0,0.0,C,1,15,0,-125.0,Spring,18
9384,04-10-2026,C-06 SpongeBall Spikepants,0,0,0,0.0,C,12,4,0,42.0,Spring,1
9385,04-10-2026,C-10 Courage the Cowardly Dig,0,0,0,0.0,C,11,4,1,26.0,Spring,2
9386,04-10-2026,C-01 Avatar: Net Benders,0,0,0,0.0,C,11,5,0,47.0,Spring,3
9387,04-10-2026,C-13 Thunder Kills,0,0,0,0.0,C,10,6,0,32.0,Spring,4
9388,04-10-2026,C-12 The Magic Spikebus,0,0,0,0.0,C,10,6,0,29.0,Spring,5
9389,04-10-2026,"C-03 Sugar, Spike and",0,0,0,0.0,C,9,6,1,17.0,Spring,6
9390,04-10-2026,C-14 Diva Slayers,0,0,0,0.0,C,9,7,0,35.0,Spring,7
9391,04-10-2026,C-17 Scooby Do Me,0,0,0,0.0,C,9,7,0,31.0,Spring,8
9392,04-10-2026,C-05 Dragon Ballz Deep,0,0,0,0.0,C,9,7,0,28.0,Spring,9
9393,04-10-2026,"C-02 Ed, Edd n Edging!",0,0,0,0.0,C,8,7,1,1.0,Spring,10
9394,04-10-2026,C-08 Blocker's Home for Unimaginative Hitters,0,0,0,0.0,C,8,8,0,27.0,Spring,11
9395,04-10-2026,C-11 Trans Performers,0,0,0,0.0,C,8,8,0,7.0,Spring,12
9396,04-10-2026,C-07 Sailor Spikers,0,0,0,0.0,C,7,9,0,-10.0,Spring,13
9397,04-10-2026,C-16 The IncrediBalls,0,0,0,0.0,C,7,9,0,-26.0,Spring,14
9398,04-10-2026,C-09 The Netsons,0,0,0,0.0,C,5,10,1,-46.0,Spring,15
9399,04-10-2026,C-18 Straw Hat Striker,0,0,0,0.0,C,5,11,0,-47.0,Spring,16
9400,04-10-2026,C-04 Peppa Dig,0,0,0,0.0,C,3,13,0,-68.0,Spring,17
9401,04-10-2026,C-15 Powerpuff Passers,0,0,0,0.0,C,1,15,0,-125.0,Spring,18
9402,04-17-2026,C-06 SpongeBall Spikepants,0,0,0,0.0,C,12,4,0,42.0,Spring,1
9403,04-17-2026,C-10 Courage the Cowardly Dig,0,0,0,0.0,C,11,4,1,26.0,Spring,2
9404,04-17-2026,C-01 Avatar: Net Benders,0,0,0,0.0,C,11,5,0,47.0,Spring,3
9405,04-17-2026,C-13 Thunder Kills,0,0,0,0.0,C,10,6,0,32.0,Spring,4
9406,04-17-2026,C-12 The Magic Spikebus,0,0,0,0.0,C,10,6,0,29.0,Spring,5
9407,04-17-2026,"C-03 Sugar, Spike and",0,0,0,0.0,C,9,6,1,17.0,Spring,6
9408,04-17-2026,C-14 Diva Slayers,0,0,0,0.0,C,9,7,0,35.0,Spring,7
9409,04-17-2026,C-17 Scooby Do Me,0,0,0,0.0,C,9,7,0,31.0,Spring,8
9410,04-17-2026,C-05 Dragon Ballz Deep,0,0,0,0.0,C,9,7,0,28.0,Spring,9
9411,04-17-2026,"C-02 Ed, Edd n Edging!",0,0,0,0.0,C,8,7,1,1.0,Spring,10
9412,04-17-2026,C-08 Blocker's Home for Unimaginative Hitters,0,0,0,0.0,C,8,8,0,27.0,Spring,11
9413,04-17-2026,C-11 Trans Performers,0,0,0,0.0,C,8,8,0,7.0,Spring,12
9414,04-17-2026,C-07 Sailor Spikers,0,0,0,0.0,C,7,9,0,-10.0,Spring,13
9415,04-17-2026,C-16 The IncrediBalls,0,0,0,0.0,C,7,9,0,-26.0,Spring,14
9416,04-17-2026,C-09 The Netsons,0,0,0,0.0,C,5,10,1,-46.0,Spring,15
9417,04-17-2026,C-18 Straw Hat Striker,0,0,0,0.0,C,5,11,0,-47.0,Spring,16
9418,04-17-2026,C-04 Peppa Dig,0,0,0,0.0,C,3,13,0,-68.0,Spring,17
9419,04-17-2026,C-15 Powerpuff Passers,0,0,0,0.0,C,1,15,0,-125.0,Spring,18
9420,04-24-2026,C-06 SpongeBall Spikepants,0,0,0,0.0,C,12,4,0,42.0,Spring,1
9421,04-24-2026,C-10 Courage the Cowardly Dig,0,0,0,0.0,C,11,4,1,26.0,Spring,2
9422,04-24-2026,C-01 Avatar: Net Benders,0,0,0,0.0,C,11,5,0,47.0,Spring,3
9423,04-24-2026,C-13 Thunder Kills,0,0,0,0.0,C,10,6,0,32.0,Spring,4
9424,04-24-2026,C-12 The Magic Spikebus,0,0,0,0.0,C,10,6,0,29.0,Spring,5
9425,04-24-2026,"C-03 Sugar, Spike and",0,0,0,0.0,C,9,6,1,17.0,Spring,6
9426,04-24-2026,C-14 Diva Slayers,0,0,0,0.0,C,9,7,0,35.0,Spring,7
9427,04-24-2026,C-17 Scooby Do Me,0,0,0,0.0,C,9,7,0,31.0,Spring,8
9428,04-24-2026,C-05 Dragon Ballz Deep,0,0,0,0.0,C,9,7,0,28.0,Spring,9
9429,04-24-2026,"C-02 Ed, Edd n Edging!",0,0,0,0.0,C,8,7,1,1.0,Spring,10
9430,04-24-2026,C-08 Blocker's Home for Unimaginative Hitters,0,0,0,0.0,C,8,8,0,27.0,Spring,11
9431,04-24-2026,C-11 Trans Performers,0,0,0,0.0,C,8,8,0,7.0,Spring,12
9432,04-24-2026,C-07 Sailor Spikers,0,0,0,0.0,C,7,9,0,-10.0,Spring,13
9433,04-24-2026,C-16 The IncrediBalls,0,0,0,0.0,C,7,9,0,-26.0,Spring,14
9434,04-24-2026,C-09 The Netsons,0,0,0,0.0,C,5,10,1,-46.0,Spring,15
9435,04-24-2026,C-18 Straw Hat Striker,0,0,0,0.0,C,5,11,0,-47.0,Spring,16
9436,04-24-2026,C-04 Peppa Dig,0,0,0,0.0,C,3,13,0,-68.0,Spring,17
9437,04-24-2026,C-15 Powerpuff Passers,0,0,0,0.0,C,1,15,0,-125.0,Spring,18
9438,01-23-2026,E-06-Kegel Crushers,0,0,0,0.0,E,0,0,0,0.0,Spring,1
9439,01-23-2026,"E-05-Spot Me Outside, How Bout That",0,0,0,0.0,E,0,0,0,0.0,Spring,2
9440,01-23-2026,E-04-Pump & Dump,0,0,0,0.0,E,0,0,0,0.0,Spring,3
9441,01-23-2026,E-02-Pull Up (But Don’t Pull Out),0,0,0,0.0,E,0,0,0,0.0,Spring,4
9442,01-23-2026,E-01-Squatty Hawties,0,0,0,0.0,E,0,0,0,0.0,Spring,5
9443,01-23-2026,E-03- Steel Buns,0,0,0,0.0,E,0,0,0,0.0,Spring,6
9444,01-30-2026,E-04-Pump & Dump,4,0,0,16.0,E,4,0,0,16.0,Spring,1
9445,01-30-2026,E-06-Kegel Crushers,3,1,0,9.0,E,3,1,0,9.0,Spring,2
9446,01-30-2026,E-03- Steel Buns,2,2,0,8.0,E,2,2,0,8.0,Spring,3
9447,01-30-2026,"E-05-Spot Me Outside, How Bout That",2,2,0,0.0,E,2,2,0,0.0,Spring,4
9448,01-30-2026,E-02-Pull Up (But Don’t Pull Out),1,3,0,-17.0,E,1,3,0,-17.0,Spring,5
9449,01-30-2026,E-01-Squatty Hawties,0,4,0,-16.0,E,0,4,0,-16.0,Spring,6
9450,02-06-2026,E-04-Pump & Dump,3,1,0,25.0,E,7,1,0,41.0,Spring,1
9451,02-06-2026,E-06-Kegel Crushers,2,2,0,1.0,E,5,3,0,10.0,Spring,2
9452,02-06-2026,E-02-Pull Up (But Don’t Pull Out),3,1,0,9.0,E,4,4,0,-8.0,Spring,3
9453,02-06-2026,E-01-Squatty Hawties,3,1,0,7.0,E,3,5,0,-9.0,Spring,4
9454,02-06-2026,"E-05-Spot Me Outside, How Bout That",1,3,0,-10.0,E,3,5,0,-10.0,Spring,5
9455,02-06-2026,E-03- Steel Buns,0,4,0,-32.0,E,2,6,0,-24.0,Spring,6
9456,02-20-2026,E-04-Pump & Dump,3,1,0,17.0,E,10,2,0,58.0,Spring,1
9457,02-20-2026,E-06-Kegel Crushers,3,1,0,11.0,E,8,4,0,21.0,Spring,2
9458,02-20-2026,E-02-Pull Up (But Don’t Pull Out),2,2,0,-17.0,E,6,6,0,-25.0,Spring,3
9459,02-20-2026,E-03- Steel Buns,3,1,0,13.0,E,5,7,0,-11.0,Spring,4
9460,02-20-2026,"E-05-Spot Me Outside, How Bout That",1,3,0,0.0,E,4,8,0,-10.0,Spring,5
9461,02-20-2026,E-01-Squatty Hawties,0,4,0,-24.0,E,3,9,0,-33.0,Spring,6
9462,02-27-2026,E-04-Pump & Dump,0,0,0,0.0,E,10,2,0,58.0,Spring,1
9463,02-27-2026,E-06-Kegel Crushers,0,0,0,0.0,E,8,4,0,21.0,Spring,2
9464,02-27-2026,E-02-Pull Up (But Don’t Pull Out),0,0,0,0.0,E,6,6,0,-25.0,Spring,3
9465,02-27-2026,E-03- Steel Buns,0,0,0,0.0,E,5,7,0,-11.0,Spring,4
9466,02-27-2026,"E-05-Spot Me Outside, How Bout That",0,0,0,0.0,E,4,8,0,-10.0,Spring,5
9467,02-27-2026,E-01-Squatty Hawties,0,0,0,0.0,E,3,9,0,-33.0,Spring,6
9468,03-06-2026,E-04-Pump & Dump,1,3,0,-3.0,E,11,5,0,55.0,Spring,1
9469,03-06-2026,E-02-Pull Up (But Don’t Pull Out),3,1,0,7.0,E,9,7,0,-18.0,Spring,2
9470,03-06-2026,E-06-Kegel Crushers,0,4,0,-22.0,E,8,8,0,-1.0,Spring,3
9471,03-06-2026,E-03- Steel Buns,3,1,0,2.0,E,8,8,0,-9.0,Spring,4
9472,03-06-2026,"E-05-Spot Me Outside, How Bout That",3,1,0,15.0,E,7,9,0,5.0,Spring,5
9473,03-06-2026,E-01-Squatty Hawties,2,2,0,1.0,E,5,11,0,-32.0,Spring,6
9474,03-20-2026,E-04-Pump & Dump,0,0,0,0.0,E,11,5,0,55.0,Spring,1
9475,03-20-2026,E-02-Pull Up (But Don’t Pull Out),0,0,0,0.0,E,9,7,0,-18.0,Spring,2
9476,03-20-2026,E-06-Kegel Crushers,0,0,0,0.0,E,8,8,0,-1.0,Spring,3
9477,03-20-2026,E-03- Steel Buns,0,0,0,0.0,E,8,8,0,-9.0,Spring,4
9478,03-20-2026,"E-05-Spot Me Outside, How Bout That",0,0,0,0.0,E,7,9,0,5.0,Spring,5
9479,03-20-2026,E-01-Squatty Hawties,0,0,0,0.0,E,5,11,0,-32.0,Spring,6
9480,03-27-2026,E-04-Pump & Dump,0,0,0,0.0,E,11,5,0,55.0,Spring,1
9481,03-27-2026,E-02-Pull Up (But Don’t Pull Out),0,0,0,0.0,E,9,7,0,-18.0,Spring,2
9482,03-27-2026,E-06-Kegel Crushers,0,0,0,0.0,E,8,8,0,-1.0,Spring,3
9483,03-27-2026,E-03- Steel Buns,0,0,0,0.0,E,8,8,0,-9.0,Spring,4
9484,03-27-2026,"E-05-Spot Me Outside, How Bout That",0,0,0,0.0,E,7,9,0,5.0,Spring,5
9485,03-27-2026,E-01-Squatty Hawties,0,0,0,0.0,E,5,11,0,-32.0,Spring,6
9486,04-10-2026,E-04-Pump & Dump,0,0,0,0.0,E,11,5,0,55.0,Spring,1
9487,04-10-2026,E-02-Pull Up (But Don’t Pull Out),0,0,0,0.0,E,9,7,0,-18.0,Spring,2
9488,04-10-2026,E-06-Kegel Crushers,0,0,0,0.0,E,8,8,0,-1.0,Spring,3
9489,04-10-2026,E-03- Steel Buns,0,0,0,0.0,E,8,8,0,-9.0,Spring,4
9490,04-10-2026,"E-05-Spot Me Outside, How Bout That",0,0,0,0.0,E,7,9,0,5.0,Spring,5
9491,04-10-2026,E-01-Squatty Hawties,0,0,0,0.0,E,5,11,0,-32.0,Spring,6
9492,04-17-2026,E-04-Pump & Dump,0,0,0,0.0,E,11,5,0,55.0,Spring,1
9493,04-17-2026,E-02-Pull Up (But Don’t Pull Out),0,0,0,0.0,E,9,7,0,-18.0,Spring,2
9494,04-17-2026,E-06-Kegel Crushers,0,0,0,0.0,E,8,8,0,-1.0,Spring,3
9495,04-17-2026,E-03- Steel Buns,0,0,0,0.0,E,8,8,0,-9.0,Spring,4
9496,04-17-2026,"E-05-Spot Me Outside, How Bout That",0,0,0,0.0,E,7,9,0,5.0,Spring,5
9497,04-17-2026,E-01-Squatty Hawties,0,0,0,0.0,E,5,11,0,-32.0,Spring,6
9498,04-24-2026,E-04-Pump & Dump,0,0,0,0.0,E,11,5,0,55.0,Spring,1
9499,04-24-2026,E-02-Pull Up (But Don’t Pull Out),0,0,0,0.0,E,9,7,0,-18.0,Spring,2
9500,04-24-2026,E-06-Kegel Crushers,0,0,0,0.0,E,8,8,0,-1.0,Spring,3
9501,04-24-2026,E-03- Steel Buns,0,0,0,0.0,E,8,8,0,-9.0,Spring,4
9502,04-24-2026,"E-05-Spot Me Outside, How Bout That",0,0,0,0.0,E,7,9,0,5.0,Spring,5
9503,04-24-2026,E-01-Squatty Hawties,0,0,0,0.0,E,5,11,0,-32.0,Spring,6
9504,01-23-2026,I-15 Waka Waka,0,0,0,0.0,I,0,0,0,0.0,Spring,1
9505,01-23-2026,I-14 Super Spike Bros,0,0,0,0.0,I,0,0,0,0.0,Spring,2
9506,01-23-2026,I-13 Play Station Spikers,0,0,0,0.0,I,0,0,0,0.0,Spring,3
9507,01-23-2026,I-12 Arcade Spikers,0,0,0,0.0,I,0,0,0,0.0,Spring,4
9508,01-23-2026,I-11 Kirby s Dream Spikers,0,0,0,0.0,I,0,0,0,0.0,Spring,5
9509,01-23-2026,I-10 Volley pong,0,0,0,0.0,I,0,0,0,0.0,Spring,6
9510,01-23-2026,I-09 Super Smash Serves,0,0,0,0.0,I,0,0,0,0.0,Spring,7
9511,01-23-2026,I-08 Street Spikers,0,0,0,0.0,I,0,0,0,0.0,Spring,8
9512,01-23-2026,I-07 Ace Invaders,0,0,0,0.0,I,0,0,0,0.0,Spring,9
9513,01-23-2026,I-06 Spyro Spikers,0,0,0,0.0,I,0,0,0,0.0,Spring,10
9514,01-23-2026,I-04 Hyrule Hitters,0,0,0,0.0,I,0,0,0,0.0,Spring,11
9515,01-23-2026,I-05 It's On Like Donkey Kong,0,0,0,0.0,I,0,0,0,0.0,Spring,12
9516,01-23-2026,I-03 Super Sets Bros,0,0,0,0.0,I,0,0,0,0.0,Spring,13
9517,01-23-2026,I-02 Rainbow Road Runners,0,0,0,0.0,I,0,0,0,0.0,Spring,14
9518,01-23-2026,I-01 Slay Station,0,0,0,0.0,I,0,0,0,0.0,Spring,15
9519,01-30-2026,I-08 Street Spikers,4,0,0,14.0,I,4,0,0,14.0,Spring,1
9520,01-30-2026,I-02 Rainbow Road Runners,3,1,0,26.0,I,3,1,0,26.0,Spring,2
9521,01-30-2026,I-03 Super Sets Bros,3,1,0,12.0,I,3,1,0,12.0,Spring,3
9522,01-30-2026,I-07 Ace Invaders,3,1,0,8.0,I,3,1,0,8.0,Spring,4
9523,01-30-2026,I-10 Volley pong,3,1,0,8.0,I,3,1,0,8.0,Spring,5
9524,01-30-2026,I-14 Super Spike Bros,2,2,0,18.0,I,2,2,0,18.0,Spring,6
9525,01-30-2026,I-06 Spyro Spikers,2,2,0,2.0,I,2,2,0,2.0,Spring,7
9526,01-30-2026,I-15 Waka Waka,2,2,0,-6.0,I,2,2,0,-6.0,Spring,8
9527,01-30-2026,I-13 Play Station Spikers,2,2,0,-10.0,I,2,2,0,-10.0,Spring,9
9528,01-30-2026,I-11 Kirby s Dream Spikers,1,3,0,6.0,I,1,3,0,6.0,Spring,10
9529,01-30-2026,I-09 Super Smash Serves,1,3,0,-6.0,I,1,3,0,-6.0,Spring,11
9530,01-30-2026,I-05 It's On Like Donkey Kong,1,3,0,-10.0,I,1,3,0,-10.0,Spring,12
9531,01-30-2026,I-04 Hyrule Hitters,1,3,0,-16.0,I,1,3,0,-16.0,Spring,13
9532,01-30-2026,I-01 Slay Station,1,3,0,-20.0,I,1,3,0,-20.0,Spring,14
9533,01-30-2026,I-12 Arcade Spikers,1,3,0,-26.0,I,1,3,0,-26.0,Spring,15
9534,02-06-2026,I-14 Super Spike Bros,4,0,0,34.0,I,6,2,0,52.0,Spring,1
9535,02-06-2026,I-06 Spyro Spikers,4,0,0,32.0,I,6,2,0,34.0,Spring,2
9536,02-06-2026,I-03 Super Sets Bros,3,1,0,13.0,I,6,2,0,25.0,Spring,3
9537,02-06-2026,I-08 Street Spikers,2,2,0,-1.0,I,6,2,0,13.0,Spring,4
9538,02-06-2026,I-02 Rainbow Road Runners,2,2,0,2.0,I,5,3,0,28.0,Spring,5
9539,02-06-2026,I-15 Waka Waka,3,1,0,23.0,I,5,3,0,17.0,Spring,6
9540,02-06-2026,I-10 Volley pong,2,2,0,-4.0,I,5,3,0,4.0,Spring,7
9541,02-06-2026,I-05 It's On Like Donkey Kong,3,1,0,9.0,I,4,4,0,-1.0,Spring,8
9542,02-06-2026,I-07 Ace Invaders,1,3,0,-15.0,I,4,4,0,-7.0,Spring,9
9543,02-06-2026,I-04 Hyrule Hitters,2,2,0,11.0,I,3,5,0,-5.0,Spring,10
9544,02-06-2026,I-09 Super Smash Serves,2,2,0,-1.0,I,3,5,0,-7.0,Spring,11
9545,02-06-2026,I-12 Arcade Spikers,2,2,0,-8.0,I,3,5,0,-34.0,Spring,12
9546,02-06-2026,I-13 Play Station Spikers,0,4,0,-22.0,I,2,6,0,-32.0,Spring,13
9547,02-06-2026,I-11 Kirby s Dream Spikers,0,4,0,-28.0,I,1,7,0,-22.0,Spring,14
9548,02-06-2026,I-01 Slay Station,0,4,0,-45.0,I,1,7,0,-65.0,Spring,15
9549,02-20-2026,I-14 Super Spike Bros,3,0,1,20.0,I,9,2,1,72.0,Spring,1
9550,02-20-2026,I-10 Volley pong,4,0,0,19.0,I,9,3,0,23.0,Spring,2
9551,02-20-2026,I-06 Spyro Spikers,2,2,0,0.0,I,8,4,0,34.0,Spring,3
9552,02-20-2026,I-03 Super Sets Bros,2,2,0,-5.0,I,8,4,0,20.0,Spring,4
9553,02-20-2026,I-08 Street Spikers,2,2,0,1.0,I,8,4,0,14.0,Spring,5
9554,02-20-2026,I-15 Waka Waka,2,2,0,3.0,I,7,5,0,20.0,Spring,6
9555,02-20-2026,I-05 It's On Like Donkey Kong,3,1,0,19.0,I,7,5,0,18.0,Spring,7
9556,02-20-2026,I-02 Rainbow Road Runners,0,3,1,-15.0,I,5,6,1,13.0,Spring,8
9557,02-20-2026,I-09 Super Smash Serves,2,2,0,-9.0,I,5,7,0,-16.0,Spring,9
9558,02-20-2026,I-07 Ace Invaders,1,3,0,-19.0,I,5,7,0,-26.0,Spring,10
9559,02-20-2026,I-12 Arcade Spikers,2,2,0,-1.0,I,5,7,0,-35.0,Spring,11
9560,02-20-2026,I-04 Hyrule Hitters,1,3,0,0.0,I,4,8,0,-5.0,Spring,12
9561,02-20-2026,I-01 Slay Station,3,1,0,13.0,I,4,8,0,-52.0,Spring,13
9562,02-20-2026,I-13 Play Station Spikers,1,3,0,-16.0,I,3,9,0,-48.0,Spring,14
9563,02-20-2026,I-11 Kirby s Dream Spikers,1,3,0,-10.0,I,2,10,0,-32.0,Spring,15
9564,02-27-2026,I-14 Super Spike Bros,0,0,0,0.0,I,9,2,1,72.0,Spring,1
9565,02-27-2026,I-10 Volley pong,0,0,0,0.0,I,9,3,0,23.0,Spring,2
9566,02-27-2026,I-06 Spyro Spikers,0,0,0,0.0,I,8,4,0,34.0,Spring,3
9567,02-27-2026,I-03 Super Sets Bros,0,0,0,0.0,I,8,4,0,20.0,Spring,4
9568,02-27-2026,I-08 Street Spikers,0,0,0,0.0,I,8,4,0,14.0,Spring,5
9569,02-27-2026,I-15 Waka Waka,0,0,0,0.0,I,7,5,0,20.0,Spring,6
9570,02-27-2026,I-05 It's On Like Donkey Kong,0,0,0,0.0,I,7,5,0,18.0,Spring,7
9571,02-27-2026,I-02 Rainbow Road Runners,0,0,0,0.0,I,5,6,1,13.0,Spring,8
9572,02-27-2026,I-09 Super Smash Serves,0,0,0,0.0,I,5,7,0,-16.0,Spring,9
9573,02-27-2026,I-07 Ace Invaders,0,0,0,0.0,I,5,7,0,-26.0,Spring,10
9574,02-27-2026,I-12 Arcade Spikers,0,0,0,0.0,I,5,7,0,-35.0,Spring,11
9575,02-27-2026,I-04 Hyrule Hitters,0,0,0,0.0,I,4,8,0,-5.0,Spring,12
9576,02-27-2026,I-01 Slay Station,0,0,0,0.0,I,4,8,0,-52.0,Spring,13
9577,02-27-2026,I-13 Play Station Spikers,0,0,0,0.0,I,3,9,0,-48.0,Spring,14
9578,02-27-2026,I-11 Kirby s Dream Spikers,0,0,0,0.0,I,2,10,0,-32.0,Spring,15
9579,03-06-2026,I-14 Super Spike Bros,3,1,0,22.0,I,12,3,1,94.0,Spring,1
9580,03-06-2026,I-10 Volley pong,3,1,0,13.0,I,12,4,0,36.0,Spring,2
9581,03-06-2026,I-06 Spyro Spikers,3,0,1,25.0,I,11,4,1,59.0,Spring,3
9582,03-06-2026,I-03 Super Sets Bros,2,2,0,-1.0,I,10,6,0,19.0,Spring,4
9583,03-06-2026,I-05 It's On Like Donkey Kong,2,2,0,-18.0,I,9,7,0,0.0,Spring,5
9584,03-06-2026,I-08 Street Spikers,1,3,0,-21.0,I,9,7,0,-7.0,Spring,6
9585,03-06-2026,I-02 Rainbow Road Runners,3,1,0,3.0,I,8,7,1,16.0,Spring,7
9586,03-06-2026,I-15 Waka Waka,0,4,0,-33.0,I,7,9,0,-13.0,Spring,8
9587,03-06-2026,I-12 Arcade Spikers,2,2,0,9.0,I,7,9,0,-26.0,Spring,9
9588,03-06-2026,I-04 Hyrule Hitters,2,2,0,9.0,I,6,10,0,4.0,Spring,10
9589,03-06-2026,I-09 Super Smash Serves,1,3,0,-5.0,I,6,10,0,-21.0,Spring,11
9590,03-06-2026,I-01 Slay Station,2,2,0,-8.0,I,6,10,0,-60.0,Spring,12
9591,03-06-2026,I-13 Play Station Spikers,2,1,1,8.0,I,5,10,1,-40.0,Spring,13
9592,03-06-2026,I-11 Kirby s Dream Spikers,3,1,0,36.0,I,5,11,0,4.0,Spring,14
9593,03-06-2026,I-07 Ace Invaders,0,4,0,-39.0,I,5,11,0,-65.0,Spring,15
9594,03-20-2026,I-14 Super Spike Bros,0,0,0,0.0,I,12,3,1,94.0,Spring,1
9595,03-20-2026,I-10 Volley pong,0,0,0,0.0,I,12,4,0,36.0,Spring,2
9596,03-20-2026,I-06 Spyro Spikers,0,0,0,0.0,I,11,4,1,59.0,Spring,3
9597,03-20-2026,I-03 Super Sets Bros,0,0,0,0.0,I,10,6,0,19.0,Spring,4
9598,03-20-2026,I-05 It's On Like Donkey Kong,0,0,0,0.0,I,9,7,0,0.0,Spring,5
9599,03-20-2026,I-08 Street Spikers,0,0,0,0.0,I,9,7,0,-7.0,Spring,6
9600,03-20-2026,I-02 Rainbow Road Runners,0,0,0,0.0,I,8,7,1,16.0,Spring,7
9601,03-20-2026,I-15 Waka Waka,0,0,0,0.0,I,7,9,0,-13.0,Spring,8
9602,03-20-2026,I-12 Arcade Spikers,0,0,0,0.0,I,7,9,0,-26.0,Spring,9
9603,03-20-2026,I-04 Hyrule Hitters,0,0,0,0.0,I,6,10,0,4.0,Spring,10
9604,03-20-2026,I-09 Super Smash Serves,0,0,0,0.0,I,6,10,0,-21.0,Spring,11
9605,03-20-2026,I-01 Slay Station,0,0,0,0.0,I,6,10,0,-60.0,Spring,12
9606,03-20-2026,I-13 Play Station Spikers,0,0,0,0.0,I,5,10,1,-40.0,Spring,13
9607,03-20-2026,I-11 Kirby s Dream Spikers,0,0,0,0.0,I,5,11,0,4.0,Spring,14
9608,03-20-2026,I-07 Ace Invaders,0,0,0,0.0,I,5,11,0,-65.0,Spring,15
9609,03-27-2026,I-14 Super Spike Bros,0,0,0,0.0,I,12,3,1,94.0,Spring,1
9610,03-27-2026,I-10 Volley pong,0,0,0,0.0,I,12,4,0,36.0,Spring,2
9611,03-27-2026,I-06 Spyro Spikers,0,0,0,0.0,I,11,4,1,59.0,Spring,3
9612,03-27-2026,I-03 Super Sets Bros,0,0,0,0.0,I,10,6,0,19.0,Spring,4
9613,03-27-2026,I-05 It's On Like Donkey Kong,0,0,0,0.0,I,9,7,0,0.0,Spring,5
9614,03-27-2026,I-08 Street Spikers,0,0,0,0.0,I,9,7,0,-7.0,Spring,6
9615,03-27-2026,I-02 Rainbow Road Runners,0,0,0,0.0,I,8,7,1,16.0,Spring,7
9616,03-27-2026,I-15 Waka Waka,0,0,0,0.0,I,7,9,0,-13.0,Spring,8
9617,03-27-2026,I-12 Arcade Spikers,0,0,0,0.0,I,7,9,0,-26.0,Spring,9
9618,03-27-2026,I-04 Hyrule Hitters,0,0,0,0.0,I,6,10,0,4.0,Spring,10
9619,03-27-2026,I-09 Super Smash Serves,0,0,0,0.0,I,6,10,0,-21.0,Spring,11
9620,03-27-2026,I-01 Slay Station,0,0,0,0.0,I,6,10,0,-60.0,Spring,12
9621,03-27-2026,I-13 Play Station Spikers,0,0,0,0.0,I,5,10,1,-40.0,Spring,13
9622,03-27-2026,I-11 Kirby s Dream Spikers,0,0,0,0.0,I,5,11,0,4.0,Spring,14
9623,03-27-2026,I-07 Ace Invaders,0,0,0,0.0,I,5,11,0,-65.0,Spring,15
9624,04-10-2026,I-14 Super Spike Bros,0,0,0,0.0,I,12,3,1,94.0,Spring,1
9625,04-10-2026,I-10 Volley pong,0,0,0,0.0,I,12,4,0,36.0,Spring,2
9626,04-10-2026,I-06 Spyro Spikers,0,0,0,0.0,I,11,4,1,59.0,Spring,3
9627,04-10-2026,I-03 Super Sets Bros,0,0,0,0.0,I,10,6,0,19.0,Spring,4
9628,04-10-2026,I-05 It's On Like Donkey Kong,0,0,0,0.0,I,9,7,0,0.0,Spring,5
9629,04-10-2026,I-08 Street Spikers,0,0,0,0.0,I,9,7,0,-7.0,Spring,6
9630,04-10-2026,I-02 Rainbow Road Runners,0,0,0,0.0,I,8,7,1,16.0,Spring,7
9631,04-10-2026,I-15 Waka Waka,0,0,0,0.0,I,7,9,0,-13.0,Spring,8
9632,04-10-2026,I-12 Arcade Spikers,0,0,0,0.0,I,7,9,0,-26.0,Spring,9
9633,04-10-2026,I-04 Hyrule Hitters,0,0,0,0.0,I,6,10,0,4.0,Spring,10
9634,04-10-2026,I-09 Super Smash Serves,0,0,0,0.0,I,6,10,0,-21.0,Spring,11
9635,04-10-2026,I-01 Slay Station,0,0,0,0.0,I,6,10,0,-60.0,Spring,12
9636,04-10-2026,I-13 Play Station Spikers,0,0,0,0.0,I,5,10,1,-40.0,Spring,13
9637,04-10-2026,I-11 Kirby s Dream Spikers,0,0,0,0.0,I,5,11,0,4.0,Spring,14
9638,04-10-2026,I-07 Ace Invaders,0,0,0,0.0,I,5,11,0,-65.0,Spring,15
9639,04-17-2026,I-14 Super Spike Bros,0,0,0,0.0,I,12,3,1,94.0,Spring,1
9640,04-17-2026,I-10 Volley pong,0,0,0,0.0,I,12,4,0,36.0,Spring,2
9641,04-17-2026,I-06 Spyro Spikers,0,0,0,0.0,I,11,4,1,59.0,Spring,3
9642,04-17-2026,I-03 Super Sets Bros,0,0,0,0.0,I,10,6,0,19.0,Spring,4
9643,04-17-2026,I-05 It's On Like Donkey Kong,0,0,0,0.0,I,9,7,0,0.0,Spring,5
9644,04-17-2026,I-08 Street Spikers,0,0,0,0.0,I,9,7,0,-7.0,Spring,6
9645,04-17-2026,I-02 Rainbow Road Runners,0,0,0,0.0,I,8,7,1,16.0,Spring,7
9646,04-17-2026,I-15 Waka Waka,0,0,0,0.0,I,7,9,0,-13.0,Spring,8
9647,04-17-2026,I-12 Arcade Spikers,0,0,0,0.0,I,7,9,0,-26.0,Spring,9
9648,04-17-2026,I-04 Hyrule Hitters,0,0,0,0.0,I,6,10,0,4.0,Spring,10
9649,04-17-2026,I-09 Super Smash Serves,0,0,0,0.0,I,6,10,0,-21.0,Spring,11
9650,04-17-2026,I-01 Slay Station,0,0,0,0.0,I,6,10,0,-60.0,Spring,12
9651,04-17-2026,I-13 Play Station Spikers,0,0,0,0.0,I,5,10,1,-40.0,Spring,13
9652,04-17-2026,I-11 Kirby s Dream Spikers,0,0,0,0.0,I,5,11,0,4.0,Spring,14
9653,04-17-2026,I-07 Ace Invaders,0,0,0,0.0,I,5,11,0,-65.0,Spring,15
9654,04-24-2026,I-14 Super Spike Bros,0,0,0,0.0,I,12,3,1,94.0,Spring,1
9655,04-24-2026,I-10 Volley pong,0,0,0,0.0,I,12,4,0,36.0,Spring,2
9656,04-24-2026,I-06 Spyro Spikers,0,0,0,0.0,I,11,4,1,59.0,Spring,3
9657,04-24-2026,I-03 Super Sets Bros,0,0,0,0.0,I,10,6,0,19.0,Spring,4
9658,04-24-2026,I-05 It's On Like Donkey Kong,0,0,0,0.0,I,9,7,0,0.0,Spring,5
9659,04-24-2026,I-08 Street Spikers,0,0,0,0.0,I,9,7,0,-7.0,Spring,6
9660,04-24-2026,I-02 Rainbow Road Runners,0,0,0,0.0,I,8,7,1,16.0,Spring,7
9661,04-24-2026,I-15 Waka Waka,0,0,0,0.0,I,7,9,0,-13.0,Spring,8
9662,04-24-2026,I-12 Arcade Spikers,0,0,0,0.0,I,7,9,0,-26.0,Spring,9
9663,04-24-2026,I-04 Hyrule Hitters,0,0,0,0.0,I,6,10,0,4.0,Spring,10
9664,04-24-2026,I-09 Super Smash Serves,0,0,0,0.0,I,6,10,0,-21.0,Spring,11
9665,04-24-2026,I-01 Slay Station,0,0,0,0.0,I,6,10,0,-60.0,Spring,12
9666,04-24-2026,I-13 Play Station Spikers,0,0,0,0.0,I,5,10,1,-40.0,Spring,13
9667,04-24-2026,I-11 Kirby s Dream Spikers,0,0,0,0.0,I,5,11,0,4.0,Spring,14
9668,04-24-2026,I-07 Ace Invaders,0,0,0,0.0,I,5,11,0,-65.0,Spring,15
9669,01-23-2026,P-09 Don Julio’s,0,0,0,0.0,P,0,0,0,0.0,Spring,1
9670,01-23-2026,P-08 Baddie baddie shot o’clock,0,0,0,0.0,P,0,0,0,0.0,Spring,2
9671,01-23-2026,P-07 Whiskey Business,0,0,0,0.0,P,0,0,0,0.0,Spring,3
9672,01-23-2026,P-06 Six on the Beach,0,0,0,0.0,P,0,0,0,0.0,Spring,4
9673,01-23-2026,P-05 Pour Decisions,0,0,0,0.0,P,0,0,0,0.0,Spring,5
9674,01-23-2026,P-04 Aperol Spikez,0,0,0,0.0,P,0,0,0,0.0,Spring,6
9675,01-23-2026,P-03 Serving Neat and Naked,0,0,0,0.0,P,0,0,0,0.0,Spring,7
9676,01-23-2026,P-02 Serve Me Daddy,0,0,0,0.0,P,0,0,0,0.0,Spring,8
9677,01-23-2026,P-01 Matcha and Serve,0,0,0,0.0,P,0,0,0,0.0,Spring,9
9678,01-30-2026,P-07 Whiskey Business,4,0,0,41.0,P,4,0,0,41.0,Spring,1
9679,01-30-2026,P-09 Don Julio’s,3,1,0,23.0,P,3,1,0,23.0,Spring,2
9680,01-30-2026,P-06 Six on the Beach,3,1,0,20.0,P,3,1,0,20.0,Spring,3
9681,01-30-2026,P-08 Baddie baddie shot o’clock,3,1,0,17.0,P,3,1,0,17.0,Spring,4
9682,01-30-2026,P-05 Pour Decisions,2,2,0,1.0,P,2,2,0,1.0,Spring,5
9683,01-30-2026,P-02 Serve Me Daddy,1,3,0,-18.0,P,1,3,0,-18.0,Spring,6
9684,01-30-2026,P-04 Aperol Spikez,1,3,0,-20.0,P,1,3,0,-20.0,Spring,7
9685,01-30-2026,P-01 Matcha and Serve,1,3,0,-21.0,P,1,3,0,-21.0,Spring,8
9686,01-30-2026,P-03 Serving Neat and Naked,0,4,0,-43.0,P,0,4,0,-43.0,Spring,9
9687,02-06-2026,P-09 Don Julio’s,3,0,1,24.0,P,6,1,1,47.0,Spring,1
9688,02-06-2026,P-07 Whiskey Business,2,2,0,11.0,P,6,2,0,52.0,Spring,2
9689,02-06-2026,P-08 Baddie baddie shot o’clock,3,1,0,21.0,P,6,2,0,38.0,Spring,3
9690,02-06-2026,P-06 Six on the Beach,3,1,0,14.0,P,6,2,0,34.0,Spring,4
9691,02-06-2026,P-01 Matcha and Serve,2,1,1,8.0,P,3,4,1,-13.0,Spring,5
9692,02-06-2026,P-04 Aperol Spikez,2,2,0,5.0,P,3,5,0,-15.0,Spring,6
9693,02-06-2026,P-05 Pour Decisions,0,4,0,-32.0,P,2,6,0,-31.0,Spring,7
9694,02-06-2026,P-02 Serve Me Daddy,1,3,0,-25.0,P,2,6,0,-43.0,Spring,8
9695,02-06-2026,P-03 Serving Neat and Naked,1,3,0,-26.0,P,1,7,0,-69.0,Spring,9
9696,02-20-2026,P-07 Whiskey Business,4,0,0,40.0,P,10,2,0,92.0,Spring,1
9697,02-20-2026,P-09 Don Julio’s,3,1,0,34.0,P,9,2,1,81.0,Spring,2
9698,02-20-2026,P-06 Six on the Beach,3,1,0,14.0,P,9,3,0,48.0,Spring,3
9699,02-20-2026,P-08 Baddie baddie shot o’clock,2,2,0,-2.0,P,8,4,0,36.0,Spring,4
9700,02-20-2026,P-02 Serve Me Daddy,3,1,0,14.0,P,5,7,0,-29.0,Spring,5
9701,02-20-2026,P-01 Matcha and Serve,1,3,0,-12.0,P,4,7,1,-25.0,Spring,6
9702,02-20-2026,P-05 Pour Decisions,1,3,0,-14.0,P,3,9,0,-45.0,Spring,7
9703,02-20-2026,P-04 Aperol Spikez,0,4,0,-48.0,P,3,9,0,-63.0,Spring,8
9704,02-20-2026,P-03 Serving Neat and Naked,1,3,0,-26.0,P,2,10,0,-95.0,Spring,9
9705,02-27-2026,P-07 Whiskey Business,0,0,0,0.0,P,10,2,0,92.0,Spring,1
9706,02-27-2026,P-09 Don Julio’s,0,0,0,0.0,P,9,2,1,81.0,Spring,2
9707,02-27-2026,P-06 Six on the Beach,0,0,0,0.0,P,9,3,0,48.0,Spring,3
9708,02-27-2026,P-08 Baddie baddie shot o’clock,0,0,0,0.0,P,8,4,0,36.0,Spring,4
9709,02-27-2026,P-02 Serve Me Daddy,0,0,0,0.0,P,5,7,0,-29.0,Spring,5
9710,02-27-2026,P-01 Matcha and Serve,0,0,0,0.0,P,4,7,1,-25.0,Spring,6
9711,02-27-2026,P-05 Pour Decisions,0,0,0,0.0,P,3,9,0,-45.0,Spring,7
9712,02-27-2026,P-04 Aperol Spikez,0,0,0,0.0,P,3,9,0,-63.0,Spring,8
9713,02-27-2026,P-03 Serving Neat and Naked,0,0,0,0.0,P,2,10,0,-95.0,Spring,9
9714,03-06-2026,P-07 Whiskey Business,3,1,0,27.0,P,13,3,0,119.0,Spring,1
9715,03-06-2026,P-09 Don Julio’s,3,1,0,36.0,P,12,3,1,117.0,Spring,2
9716,03-06-2026,P-08 Baddie baddie shot o’clock,4,0,0,25.0,P,12,4,0,61.0,Spring,3
9717,03-06-2026,P-06 Six on the Beach,0,4,0,-30.0,P,9,7,0,18.0,Spring,4
9718,03-06-2026,P-02 Serve Me Daddy,2,2,0,7.0,P,7,9,0,-22.0,Spring,5
9719,03-06-2026,P-01 Matcha and Serve,1,3,0,-19.0,P,5,10,1,-44.0,Spring,6
9720,03-06-2026,P-04 Aperol Spikez,2,2,0,-8.0,P,5,11,0,-71.0,Spring,7
9721,03-06-2026,P-03 Serving Neat and Naked,3,1,0,-6.0,P,5,11,0,-101.0,Spring,8
9722,03-06-2026,P-05 Pour Decisions,0,4,0,-32.0,P,3,13,0,-77.0,Spring,9
9723,03-20-2026,P-07 Whiskey Business,0,0,0,0.0,P,13,3,0,119.0,Spring,1
9724,03-20-2026,P-09 Don Julio’s,0,0,0,0.0,P,12,3,1,117.0,Spring,2
9725,03-20-2026,P-08 Baddie baddie shot o’clock,0,0,0,0.0,P,12,4,0,61.0,Spring,3
9726,03-20-2026,P-06 Six on the Beach,0,0,0,0.0,P,9,7,0,18.0,Spring,4
9727,03-20-2026,P-02 Serve Me Daddy,0,0,0,0.0,P,7,9,0,-22.0,Spring,5
9728,03-20-2026,P-01 Matcha and Serve,0,0,0,0.0,P,5,10,1,-44.0,Spring,6
9729,03-20-2026,P-04 Aperol Spikez,0,0,0,0.0,P,5,11,0,-71.0,Spring,7
9730,03-20-2026,P-03 Serving Neat and Naked,0,0,0,0.0,P,5,11,0,-101.0,Spring,8
9731,03-20-2026,P-05 Pour Decisions,0,0,0,0.0,P,3,13,0,-77.0,Spring,9
9732,03-27-2026,P-07 Whiskey Business,0,0,0,0.0,P,13,3,0,119.0,Spring,1
9733,03-27-2026,P-09 Don Julio’s,0,0,0,0.0,P,12,3,1,117.0,Spring,2
9734,03-27-2026,P-08 Baddie baddie shot o’clock,0,0,0,0.0,P,12,4,0,61.0,Spring,3
9735,03-27-2026,P-06 Six on the Beach,0,0,0,0.0,P,9,7,0,18.0,Spring,4
9736,03-27-2026,P-02 Serve Me Daddy,0,0,0,0.0,P,7,9,0,-22.0,Spring,5
9737,03-27-2026,P-01 Matcha and Serve,0,0,0,0.0,P,5,10,1,-44.0,Spring,6
9738,03-27-2026,P-04 Aperol Spikez,0,0,0,0.0,P,5,11,0,-71.0,Spring,7
9739,03-27-2026,P-03 Serving Neat and Naked,0,0,0,0.0,P,5,11,0,-101.0,Spring,8
9740,03-27-2026,P-05 Pour Decisions,0,0,0,0.0,P,3,13,0,-77.0,Spring,9
9741,04-10-2026,P-07 Whiskey Business,0,0,0,0.0,P,13,3,0,119.0,Spring,1
9742,04-10-2026,P-09 Don Julio’s,0,0,0,0.0,P,12,3,1,117.0,Spring,2
9743,04-10-2026,P-08 Baddie baddie shot o’clock,0,0,0,0.0,P,12,4,0,61.0,Spring,3
9744,04-10-2026,P-06 Six on the Beach,0,0,0,0.0,P,9,7,0,18.0,Spring,4
9745,04-10-2026,P-02 Serve Me Daddy,0,0,0,0.0,P,7,9,0,-22.0,Spring,5
9746,04-10-2026,P-01 Matcha and Serve,0,0,0,0.0,P,5,10,1,-44.0,Spring,6
9747,04-10-2026,P-04 Aperol Spikez,0,0,0,0.0,P,5,11,0,-71.0,Spring,7
9748,04-10-2026,P-03 Serving Neat and Naked,0,0,0,0.0,P,5,11,0,-101.0,Spring,8
9749,04-10-2026,P-05 Pour Decisions,0,0,0,0.0,P,3,13,0,-77.0,Spring,9
9750,04-17-2026,P-07 Whiskey Business,0,0,0,0.0,P,13,3,0,119.0,Spring,1
9751,04-17-2026,P-09 Don Julio’s,0,0,0,0.0,P,12,3,1,117.0,Spring,2
9752,04-17-2026,P-08 Baddie baddie shot o’clock,0,0,0,0.0,P,12,4,0,61.0,Spring,3
9753,04-17-2026,P-06 Six on the Beach,0,0,0,0.0,P,9,7,0,18.0,Spring,4
9754,04-17-2026,P-02 Serve Me Daddy,0,0,0,0.0,P,7,9,0,-22.0,Spring,5
9755,04-17-2026,P-01 Matcha and Serve,0,0,0,0.0,P,5,10,1,-44.0,Spring,6
9756,04-17-2026,P-04 Aperol Spikez,0,0,0,0.0,P,5,11,0,-71.0,Spring,7
9757,04-17-2026,P-03 Serving Neat and Naked,0,0,0,0.0,P,5,11,0,-101.0,Spring,8
9758,04-17-2026,P-05 Pour Decisions,0,0,0,0.0,P,3,13,0,-77.0,Spring,9
9759,04-24-2026,P-07 Whiskey Business,0,0,0,0.0,P,13,3,0,119.0,Spring,1
9760,04-24-2026,P-09 Don Julio’s,0,0,0,0.0,P,12,3,1,117.0,Spring,2
9761,04-24-2026,P-08 Baddie baddie shot o’clock,0,0,0,0.0,P,12,4,0,61.0,Spring,3
9762,04-24-2026,P-06 Six on the Beach,0,0,0,0.0,P,9,7,0,18.0,Spring,4
9763,04-24-2026,P-02 Serve Me Daddy,0,0,0,0.0,P,7,9,0,-22.0,Spring,5
9764,04-24-2026,P-01 Matcha and Serve,0,0,0,0.0,P,5,10,1,-44.0,Spring,6
9765,04-24-2026,P-04 Aperol Spikez,0,0,0,0.0,P,5,11,0,-71.0,Spring,7
9766,04-24-2026,P-03 Serving Neat and Naked,0,0,0,0.0,P,5,11,0,-101.0,Spring,8
9767,04-24-2026,P-05 Pour Decisions,0,0,0,0.0,P,3,13,0,-77.0,Spring,9
9768,01-23-2026,R-02 KrakenBalls,0,0,0,0.0,R,0,0,0,0.0,Spring,1
9769,01-23-2026,R-01 Dragon Slayers,0,0,0,0.0,R,0,0,0,0.0,Spring,2
9770,01-23-2026,R-03 Serverus,0,0,0,0.0,R,0,0,0,0.0,Spring,3
9771,01-23-2026,R-05 Blockunawa,0,0,0,0.0,R,0,0,0,0.0,Spring,4
9772,01-23-2026,R-06 Pegasets,0,0,0,0.0,R,0,0,0,0.0,Spring,5
9773,01-23-2026,R-07 Blockness Monsters,0,0,0,0.0,R,0,0,0,0.0,Spring,6
9774,01-23-2026,R-09 Volley Valkyries,0,0,0,0.0,R,0,0,0,0.0,Spring,7
9775,01-23-2026,R-08 Spikesus,0,0,0,0.0,R,0,0,0,0.0,Spring,8
9776,01-23-2026,R-04 Digfoot,0,0,0,0.0,R,0,0,0,0.0,Spring,9
9777,01-30-2026,R-07 Blockness Monsters,4,0,0,33.0,R,4,0,0,33.0,Spring,1
9778,01-30-2026,R-06 Pegasets,4,0,0,27.0,R,4,0,0,27.0,Spring,2
9779,01-30-2026,R-02 KrakenBalls,4,0,0,21.0,R,4,0,0,21.0,Spring,3
9780,01-30-2026,R-09 Volley Valkyries,2,2,0,11.0,R,2,2,0,11.0,Spring,4
9781,01-30-2026,R-08 Spikesus,2,2,0,-6.0,R,2,2,0,-6.0,Spring,5
9782,01-30-2026,R-03 Serverus,2,2,0,-12.0,R,2,2,0,-12.0,Spring,6
9783,01-30-2026,R-01 Dragon Slayers,0,4,0,-21.0,R,0,4,0,-21.0,Spring,7
9784,01-30-2026,R-04 Digfoot,0,4,0,-21.0,R,0,4,0,-21.0,Spring,8
9785,01-30-2026,R-05 Blockunawa,0,4,0,-32.0,R,0,4,0,-32.0,Spring,9
9786,02-06-2026,R-02 KrakenBalls,3,1,0,19.0,R,7,1,0,40.0,Spring,1
9787,02-06-2026,R-09 Volley Valkyries,4,0,0,30.0,R,6,2,0,41.0,Spring,2
9788,02-06-2026,R-06 Pegasets,2,2,0,-3.0,R,6,2,0,24.0,Spring,3
9789,02-06-2026,R-08 Spikesus,3,1,0,23.0,R,5,3,0,17.0,Spring,4
9790,02-06-2026,R-07 Blockness Monsters,0,4,0,-27.0,R,4,4,0,6.0,Spring,5
9791,02-06-2026,R-01 Dragon Slayers,3,1,0,17.0,R,3,5,0,-4.0,Spring,6
9792,02-06-2026,R-05 Blockunawa,3,1,0,21.0,R,3,5,0,-11.0,Spring,7
9793,02-06-2026,R-03 Serverus,0,4,0,-38.0,R,2,6,0,-50.0,Spring,8
9794,02-06-2026,R-04 Digfoot,0,4,0,-42.0,R,0,8,0,-63.0,Spring,9
9795,02-20-2026,R-06 Pegasets,4,0,0,43.0,R,10,2,0,67.0,Spring,1
9796,02-20-2026,R-09 Volley Valkyries,3,1,0,13.0,R,9,3,0,54.0,Spring,2
9797,02-20-2026,R-02 KrakenBalls,2,2,0,-1.0,R,9,3,0,39.0,Spring,3
9798,02-20-2026,R-08 Spikesus,3,1,0,24.0,R,8,4,0,41.0,Spring,4
9799,02-20-2026,R-01 Dragon Slayers,2,2,0,3.0,R,5,7,0,-1.0,Spring,5
9800,02-20-2026,R-07 Blockness Monsters,1,3,0,-11.0,R,5,7,0,-5.0,Spring,6
9801,02-20-2026,R-05 Blockunawa,2,2,0,-13.0,R,5,7,0,-24.0,Spring,7
9802,02-20-2026,R-03 Serverus,0,4,0,-42.0,R,2,10,0,-92.0,Spring,8
9803,02-20-2026,R-04 Digfoot,1,3,0,-16.0,R,1,11,0,-79.0,Spring,9
9804,02-27-2026,R-06 Pegasets,0,0,0,0.0,R,10,2,0,67.0,Spring,1
9805,02-27-2026,R-09 Volley Valkyries,0,0,0,0.0,R,9,3,0,54.0,Spring,2
9806,02-27-2026,R-02 KrakenBalls,0,0,0,0.0,R,9,3,0,39.0,Spring,3
9807,02-27-2026,R-08 Spikesus,0,0,0,0.0,R,8,4,0,41.0,Spring,4
9808,02-27-2026,R-01 Dragon Slayers,0,0,0,0.0,R,5,7,0,-1.0,Spring,5
9809,02-27-2026,R-07 Blockness Monsters,0,0,0,0.0,R,5,7,0,-5.0,Spring,6
9810,02-27-2026,R-05 Blockunawa,0,0,0,0.0,R,5,7,0,-24.0,Spring,7
9811,02-27-2026,R-03 Serverus,0,0,0,0.0,R,2,10,0,-92.0,Spring,8
9812,02-27-2026,R-04 Digfoot,0,0,0,0.0,R,1,11,0,-79.0,Spring,9
9813,03-06-2026,R-09 Volley Valkyries,4,0,0,23.0,R,13,3,0,77.0,Spring,1
9814,03-06-2026,R-06 Pegasets,3,1,0,1.0,R,13,3,0,68.0,Spring,2
9815,03-06-2026,R-08 Spikesus,3,1,0,-2.0,R,11,5,0,39.0,Spring,3
9816,03-06-2026,R-02 KrakenBalls,0,4,0,-15.0,R,9,7,0,24.0,Spring,4
9817,03-06-2026,R-05 Blockunawa,3,1,0,17.0,R,8,8,0,-7.0,Spring,5
9818,03-06-2026,R-01 Dragon Slayers,2,2,0,9.0,R,7,9,0,8.0,Spring,6
9819,03-06-2026,R-07 Blockness Monsters,2,2,0,6.0,R,7,9,0,1.0,Spring,7
9820,03-06-2026,R-03 Serverus,1,3,0,-7.0,R,3,13,0,-99.0,Spring,8
9821,03-06-2026,R-04 Digfoot,0,4,0,-32.0,R,1,15,0,-111.0,Spring,9
9822,03-20-2026,R-09 Volley Valkyries,0,0,0,0.0,R,13,3,0,77.0,Spring,1
9823,03-20-2026,R-06 Pegasets,0,0,0,0.0,R,13,3,0,68.0,Spring,2
9824,03-20-2026,R-08 Spikesus,0,0,0,0.0,R,11,5,0,39.0,Spring,3
9825,03-20-2026,R-02 KrakenBalls,0,0,0,0.0,R,9,7,0,24.0,Spring,4
9826,03-20-2026,R-05 Blockunawa,0,0,0,0.0,R,8,8,0,-7.0,Spring,5
9827,03-20-2026,R-01 Dragon Slayers,0,0,0,0.0,R,7,9,0,8.0,Spring,6
9828,03-20-2026,R-07 Blockness Monsters,0,0,0,0.0,R,7,9,0,1.0,Spring,7
9829,03-20-2026,R-03 Serverus,0,0,0,0.0,R,3,13,0,-99.0,Spring,8
9830,03-20-2026,R-04 Digfoot,0,0,0,0.0,R,1,15,0,-111.0,Spring,9
9831,03-27-2026,R-09 Volley Valkyries,0,0,0,0.0,R,13,3,0,77.0,Spring,1
9832,03-27-2026,R-06 Pegasets,0,0,0,0.0,R,13,3,0,68.0,Spring,2
9833,03-27-2026,R-08 Spikesus,0,0,0,0.0,R,11,5,0,39.0,Spring,3
9834,03-27-2026,R-02 KrakenBalls,0,0,0,0.0,R,9,7,0,24.0,Spring,4
9835,03-27-2026,R-05 Blockunawa,0,0,0,0.0,R,8,8,0,-7.0,Spring,5
9836,03-27-2026,R-01 Dragon Slayers,0,0,0,0.0,R,7,9,0,8.0,Spring,6
9837,03-27-2026,R-07 Blockness Monsters,0,0,0,0.0,R,7,9,0,1.0,Spring,7
9838,03-27-2026,R-03 Serverus,0,0,0,0.0,R,3,13,0,-99.0,Spring,8
9839,03-27-2026,R-04 Digfoot,0,0,0,0.0,R,1,15,0,-111.0,Spring,9
9840,04-10-2026,R-09 Volley Valkyries,0,0,0,0.0,R,13,3,0,77.0,Spring,1
9841,04-10-2026,R-06 Pegasets,0,0,0,0.0,R,13,3,0,68.0,Spring,2
9842,04-10-2026,R-08 Spikesus,0,0,0,0.0,R,11,5,0,39.0,Spring,3
9843,04-10-2026,R-02 KrakenBalls,0,0,0,0.0,R,9,7,0,24.0,Spring,4
9844,04-10-2026,R-05 Blockunawa,0,0,0,0.0,R,8,8,0,-7.0,Spring,5
9845,04-10-2026,R-01 Dragon Slayers,0,0,0,0.0,R,7,9,0,8.0,Spring,6
9846,04-10-2026,R-07 Blockness Monsters,0,0,0,0.0,R,7,9,0,1.0,Spring,7
9847,04-10-2026,R-03 Serverus,0,0,0,0.0,R,3,13,0,-99.0,Spring,8
9848,04-10-2026,R-04 Digfoot,0,0,0,0.0,R,1,15,0,-111.0,Spring,9
9849,04-17-2026,R-09 Volley Valkyries,0,0,0,0.0,R,13,3,0,77.0,Spring,1
9850,04-17-2026,R-06 Pegasets,0,0,0,0.0,R,13,3,0,68.0,Spring,2
9851,04-17-2026,R-08 Spikesus,0,0,0,0.0,R,11,5,0,39.0,Spring,3
9852,04-17-2026,R-02 KrakenBalls,0,0,0,0.0,R,9,7,0,24.0,Spring,4
9853,04-17-2026,R-05 Blockunawa,0,0,0,0.0,R,8,8,0,-7.0,Spring,5
9854,04-17-2026,R-01 Dragon Slayers,0,0,0,0.0,R,7,9,0,8.0,Spring,6
9855,04-17-2026,R-07 Blockness Monsters,0,0,0,0.0,R,7,9,0,1.0,Spring,7
9856,04-17-2026,R-03 Serverus,0,0,0,0.0,R,3,13,0,-99.0,Spring,8
9857,04-17-2026,R-04 Digfoot,0,0,0,0.0,R,1,15,0,-111.0,Spring,9
9858,04-24-2026,R-09 Volley Valkyries,0,0,0,0.0,R,13,3,0,77.0,Spring,1
9859,04-24-2026,R-06 Pegasets,0,0,0,0.0,R,13,3,0,68.0,Spring,2
9860,04-24-2026,R-08 Spikesus,0,0,0,0.0,R,11,5,0,39.0,Spring,3
9861,04-24-2026,R-02 KrakenBalls,0,0,0,0.0,R,9,7,0,24.0,Spring,4
9862,04-24-2026,R-05 Blockunawa,0,0,0,0.0,R,8,8,0,-7.0,Spring,5
9863,04-24-2026,R-01 Dragon Slayers,0,0,0,0.0,R,7,9,0,8.0,Spring,6
9864,04-24-2026,R-07 Blockness Monsters,0,0,0,0.0,R,7,9,0,1.0,Spring,7
9865,04-24-2026,R-03 Serverus,0,0,0,0.0,R,3,13,0,-99.0,Spring,8
9866,04-24-2026,R-04 Digfoot,0,0,0,0.0,R,1,15,0,-111.0,Spring,9
9867,01-23-2026,S-18 - Spike Krispies,0,0,0,0.0,S,0,0,0,0.0,Spring,1
9868,01-23-2026,S-17 - Honey Bunches of Floats,0,0,0,0.0,S,0,0,0,0.0,Spring,2
9869,01-23-2026,S-16 - Frosted Tips,0,0,0,0.0,S,0,0,0,0.0,Spring,3
9870,01-23-2026,S-15 - Kanine Krunchies,0,0,0,0.0,S,0,0,0,0.0,Spring,4
9871,01-23-2026,S-14 - Chex Appeal,0,0,0,0.0,S,0,0,0,0.0,Spring,5
9872,01-23-2026,S-13 - Ace Krispies,0,0,0,0.0,S,0,0,0,0.0,Spring,6
9873,01-23-2026,S-12 - Anti-Block Heroes,0,0,0,0.0,S,0,0,0,0.0,Spring,7
9874,01-23-2026,S-11 - Cap'n C*nt,0,0,0,0.0,S,0,0,0,0.0,Spring,8
9875,01-23-2026,S-10 - Count Blockula,0,0,0,0.0,S,0,0,0,0.0,Spring,9
9876,01-23-2026,S-09 - Honey Nut Cheeri-Hoes,0,0,0,0.0,S,0,0,0,0.0,Spring,10
9877,01-23-2026,S-07 - Heavy Is The Crown,0,0,0,0.0,S,0,0,0,0.0,Spring,11
9878,01-23-2026,S-06 - Frosted Freaks,0,0,0,0.0,S,0,0,0,0.0,Spring,12
9879,01-23-2026,"S-05 - My Set, My Quick (Spike It!)",0,0,0,0.0,S,0,0,0,0.0,Spring,13
9880,01-23-2026,S-04 - Sets With Me,0,0,0,0.0,S,0,0,0,0.0,Spring,14
9881,01-23-2026,S-03 - Call Me If You Get Blocked,0,0,0,0.0,S,0,0,0,0.0,Spring,15
9882,01-23-2026,S-02 - I Write Sets Not Tragedies,0,0,0,0.0,S,0,0,0,0.0,Spring,16
9883,01-23-2026,S-01 - Oops I Hit It Again,0,0,0,0.0,S,0,0,0,0.0,Spring,17
9884,01-23-2026,S-08 - Cereal Killers,0,0,0,0.0,S,0,0,0,0.0,Spring,18
9885,01-30-2026,S-10 - Count Blockula,4,0,0,45.0,S,4,0,0,45.0,Spring,1
9886,01-30-2026,S-18 - Spike Krispies,4,0,0,16.0,S,4,0,0,16.0,Spring,2
9887,01-30-2026,S-15 - Kanine Krunchies,3,1,0,31.0,S,3,1,0,31.0,Spring,3
9888,01-30-2026,S-09 - Honey Nut Cheeri-Hoes,3,1,0,14.0,S,3,1,0,14.0,Spring,4
9889,01-30-2026,S-04 - Sets With Me,3,1,0,13.0,S,3,1,0,13.0,Spring,5
9890,01-30-2026,S-08 - Cereal Killers,3,1,0,7.0,S,3,1,0,7.0,Spring,6
9891,01-30-2026,S-07 - Heavy Is The Crown,3,1,0,-5.0,S,3,1,0,-5.0,Spring,7
9892,01-30-2026,S-11 - Cap'n C*nt,2,2,0,14.0,S,2,2,0,14.0,Spring,8
9893,01-30-2026,S-06 - Frosted Freaks,2,2,0,11.0,S,2,2,0,11.0,Spring,9
9894,01-30-2026,S-14 - Chex Appeal,2,2,0,8.0,S,2,2,0,8.0,Spring,10
9895,01-30-2026,S-02 - I Write Sets Not Tragedies,2,2,0,1.0,S,2,2,0,1.0,Spring,11
9896,01-30-2026,S-16 - Frosted Tips,2,2,0,-14.0,S,2,2,0,-14.0,Spring,12
9897,01-30-2026,S-01 - Oops I Hit It Again,1,3,0,-15.0,S,1,3,0,-15.0,Spring,13
9898,01-30-2026,S-17 - Honey Bunches of Floats,1,3,0,-21.0,S,1,3,0,-21.0,Spring,14
9899,01-30-2026,S-12 - Anti-Block Heroes,1,3,0,-21.0,S,1,3,0,-21.0,Spring,15
9900,01-30-2026,S-03 - Call Me If You Get Blocked,0,4,0,-26.0,S,0,4,0,-26.0,Spring,16
9901,01-30-2026,"S-05 - My Set, My Quick (Spike It!)",0,4,0,-27.0,S,0,4,0,-27.0,Spring,17
9902,01-30-2026,S-13 - Ace Krispies,0,4,0,-31.0,S,0,4,0,-31.0,Spring,18
9903,02-06-2026,S-10 - Count Blockula,2,2,0,12.0,S,6,2,0,57.0,Spring,1
9904,02-06-2026,S-15 - Kanine Krunchies,3,1,0,19.0,S,6,2,0,50.0,Spring,2
9905,02-06-2026,S-11 - Cap'n C*nt,4,0,0,24.0,S,6,2,0,38.0,Spring,3
9906,02-06-2026,S-16 - Frosted Tips,4,0,0,34.0,S,6,2,0,20.0,Spring,4
9907,02-06-2026,S-07 - Heavy Is The Crown,3,1,0,14.0,S,6,2,0,9.0,Spring,5
9908,02-06-2026,S-09 - Honey Nut Cheeri-Hoes,2,2,0,14.0,S,5,3,0,28.0,Spring,6
9909,02-06-2026,S-04 - Sets With Me,2,2,0,-2.0,S,5,3,0,11.0,Spring,7
9910,02-06-2026,S-18 - Spike Krispies,1,3,0,-8.0,S,5,3,0,8.0,Spring,8
9911,02-06-2026,S-08 - Cereal Killers,2,2,0,-7.0,S,5,3,0,0.0,Spring,9
9912,02-06-2026,S-12 - Anti-Block Heroes,3,1,0,13.0,S,4,4,0,-8.0,Spring,10
9913,02-06-2026,S-02 - I Write Sets Not Tragedies,2,2,0,-10.0,S,4,4,0,-9.0,Spring,11
9914,02-06-2026,S-06 - Frosted Freaks,1,3,0,-10.0,S,3,5,0,1.0,Spring,12
9915,02-06-2026,S-14 - Chex Appeal,1,3,0,-14.0,S,3,5,0,-6.0,Spring,13
9916,02-06-2026,S-01 - Oops I Hit It Again,1,3,0,-14.0,S,2,6,0,-29.0,Spring,14
9917,02-06-2026,S-13 - Ace Krispies,2,2,0,-6.0,S,2,6,0,-37.0,Spring,15
9918,02-06-2026,S-17 - Honey Bunches of Floats,1,3,0,-27.0,S,2,6,0,-48.0,Spring,16
9919,02-06-2026,"S-05 - My Set, My Quick (Spike It!)",1,3,0,-12.0,S,1,7,0,-39.0,Spring,17
9920,02-06-2026,S-03 - Call Me If You Get Blocked,1,3,0,-20.0,S,1,7,0,-46.0,Spring,18
9921,02-20-2026,S-15 - Kanine Krunchies,3,1,0,14.0,S,9,3,0,64.0,Spring,1
9922,02-20-2026,S-04 - Sets With Me,4,0,0,28.0,S,9,3,0,39.0,Spring,2
9923,02-20-2026,S-07 - Heavy Is The Crown,3,1,0,24.0,S,9,3,0,33.0,Spring,3
9924,02-20-2026,S-10 - Count Blockula,2,2,0,-7.0,S,8,4,0,50.0,Spring,4
9925,02-20-2026,S-02 - I Write Sets Not Tragedies,4,0,0,32.0,S,8,4,0,23.0,Spring,5
9926,02-20-2026,S-18 - Spike Krispies,3,1,0,4.0,S,8,4,0,12.0,Spring,6
9927,02-20-2026,S-11 - Cap'n C*nt,1,3,0,-7.0,S,7,5,0,31.0,Spring,7
9928,02-20-2026,S-16 - Frosted Tips,1,3,0,-7.0,S,7,5,0,13.0,Spring,8
9929,02-20-2026,S-09 - Honey Nut Cheeri-Hoes,1,3,0,-21.0,S,6,6,0,7.0,Spring,9
9930,02-20-2026,S-08 - Cereal Killers,1,3,0,-8.0,S,6,6,0,-8.0,Spring,10
9931,02-20-2026,S-14 - Chex Appeal,2,2,0,4.0,S,5,7,0,-2.0,Spring,11
9932,02-20-2026,S-06 - Frosted Freaks,2,2,0,-10.0,S,5,7,0,-9.0,Spring,12
9933,02-20-2026,S-01 - Oops I Hit It Again,3,1,0,18.0,S,5,7,0,-11.0,Spring,13
9934,02-20-2026,S-13 - Ace Krispies,3,1,0,-2.0,S,5,7,0,-39.0,Spring,14
9935,02-20-2026,S-12 - Anti-Block Heroes,0,4,0,-16.0,S,4,8,0,-24.0,Spring,15
9936,02-20-2026,"S-05 - My Set, My Quick (Spike It!)",2,2,0,-4.0,S,3,9,0,-43.0,Spring,16
9937,02-20-2026,S-17 - Honey Bunches of Floats,1,3,0,-14.0,S,3,9,0,-62.0,Spring,17
9938,02-20-2026,S-03 - Call Me If You Get Blocked,0,4,0,-28.0,S,1,11,0,-74.0,Spring,18
9939,02-27-2026,S-15 - Kanine Krunchies,0,0,0,0.0,S,9,3,0,64.0,Spring,1
9940,02-27-2026,S-04 - Sets With Me,0,0,0,0.0,S,9,3,0,39.0,Spring,2
9941,02-27-2026,S-07 - Heavy Is The Crown,0,0,0,0.0,S,9,3,0,33.0,Spring,3
9942,02-27-2026,S-10 - Count Blockula,0,0,0,0.0,S,8,4,0,50.0,Spring,4
9943,02-27-2026,S-02 - I Write Sets Not Tragedies,0,0,0,0.0,S,8,4,0,23.0,Spring,5
9944,02-27-2026,S-18 - Spike Krispies,0,0,0,0.0,S,8,4,0,12.0,Spring,6
9945,02-27-2026,S-11 - Cap'n C*nt,0,0,0,0.0,S,7,5,0,31.0,Spring,7
9946,02-27-2026,S-16 - Frosted Tips,0,0,0,0.0,S,7,5,0,13.0,Spring,8
9947,02-27-2026,S-09 - Honey Nut Cheeri-Hoes,0,0,0,0.0,S,6,6,0,7.0,Spring,9
9948,02-27-2026,S-08 - Cereal Killers,0,0,0,0.0,S,6,6,0,-8.0,Spring,10
9949,02-27-2026,S-14 - Chex Appeal,0,0,0,0.0,S,5,7,0,-2.0,Spring,11
9950,02-27-2026,S-06 - Frosted Freaks,0,0,0,0.0,S,5,7,0,-9.0,Spring,12
9951,02-27-2026,S-01 - Oops I Hit It Again,0,0,0,0.0,S,5,7,0,-11.0,Spring,13
9952,02-27-2026,S-13 - Ace Krispies,0,0,0,0.0,S,5,7,0,-39.0,Spring,14
9953,02-27-2026,S-12 - Anti-Block Heroes,0,0,0,0.0,S,4,8,0,-24.0,Spring,15
9954,02-27-2026,"S-05 - My Set, My Quick (Spike It!)",0,0,0,0.0,S,3,9,0,-43.0,Spring,16
9955,02-27-2026,S-17 - Honey Bunches of Floats,0,0,0,0.0,S,3,9,0,-62.0,Spring,17
9956,02-27-2026,S-03 - Call Me If You Get Blocked,0,0,0,0.0,S,1,11,0,-74.0,Spring,18
9957,03-06-2026,S-15 - Kanine Krunchies,4,0,0,31.0,S,13,3,0,95.0,Spring,1
9958,03-06-2026,S-10 - Count Blockula,3,1,0,33.0,S,11,5,0,83.0,Spring,2
9959,03-06-2026,S-11 - Cap'n C*nt,4,0,0,36.0,S,11,5,0,67.0,Spring,3
9960,03-06-2026,S-04 - Sets With Me,2,2,0,-8.0,S,11,5,0,31.0,Spring,4
9961,03-06-2026,S-02 - I Write Sets Not Tragedies,2,2,0,7.0,S,10,6,0,30.0,Spring,5
9962,03-06-2026,S-07 - Heavy Is The Crown,0,4,0,-19.0,S,9,7,0,14.0,Spring,6
9963,03-06-2026,S-08 - Cereal Killers,3,1,0,21.0,S,9,7,0,13.0,Spring,7
9964,03-06-2026,S-12 - Anti-Block Heroes,4,0,0,27.0,S,8,8,0,3.0,Spring,8
9965,03-06-2026,S-16 - Frosted Tips,1,3,0,-12.0,S,8,8,0,1.0,Spring,9
9966,03-06-2026,S-18 - Spike Krispies,0,4,0,-24.0,S,8,8,0,-12.0,Spring,10
9967,03-06-2026,S-01 - Oops I Hit It Again,3,1,0,-8.0,S,8,8,0,-19.0,Spring,11
9968,03-06-2026,S-13 - Ace Krispies,2,1,1,-3.0,S,7,8,1,-42.0,Spring,12
9969,03-06-2026,S-06 - Frosted Freaks,2,2,0,-9.0,S,7,9,0,-18.0,Spring,13
9970,03-06-2026,S-14 - Chex Appeal,1,2,1,-4.0,S,6,9,1,-6.0,Spring,14
9971,03-06-2026,S-09 - Honey Nut Cheeri-Hoes,0,4,0,-31.0,S,6,10,0,-24.0,Spring,15
9972,03-06-2026,S-17 - Honey Bunches of Floats,2,2,0,-7.0,S,5,11,0,-69.0,Spring,16
9973,03-06-2026,"S-05 - My Set, My Quick (Spike It!)",0,4,0,-25.0,S,3,13,0,-68.0,Spring,17
9974,03-06-2026,S-03 - Call Me If You Get Blocked,2,2,0,-5.0,S,3,13,0,-79.0,Spring,18
9975,03-20-2026,S-15 - Kanine Krunchies,0,0,0,0.0,S,13,3,0,95.0,Spring,1
9976,03-20-2026,S-10 - Count Blockula,0,0,0,0.0,S,11,5,0,83.0,Spring,2
9977,03-20-2026,S-11 - Cap'n C*nt,0,0,0,0.0,S,11,5,0,67.0,Spring,3
9978,03-20-2026,S-04 - Sets With Me,0,0,0,0.0,S,11,5,0,31.0,Spring,4
9979,03-20-2026,S-02 - I Write Sets Not Tragedies,0,0,0,0.0,S,10,6,0,30.0,Spring,5
9980,03-20-2026,S-07 - Heavy Is The Crown,0,0,0,0.0,S,9,7,0,14.0,Spring,6
9981,03-20-2026,S-08 - Cereal Killers,0,0,0,0.0,S,9,7,0,13.0,Spring,7
9982,03-20-2026,S-12 - Anti-Block Heroes,0,0,0,0.0,S,8,8,0,3.0,Spring,8
9983,03-20-2026,S-16 - Frosted Tips,0,0,0,0.0,S,8,8,0,1.0,Spring,9
9984,03-20-2026,S-18 - Spike Krispies,0,0,0,0.0,S,8,8,0,-12.0,Spring,10
9985,03-20-2026,S-01 - Oops I Hit It Again,0,0,0,0.0,S,8,8,0,-19.0,Spring,11
9986,03-20-2026,S-13 - Ace Krispies,0,0,0,0.0,S,7,8,1,-42.0,Spring,12
9987,03-20-2026,S-06 - Frosted Freaks,0,0,0,0.0,S,7,9,0,-18.0,Spring,13
9988,03-20-2026,S-14 - Chex Appeal,0,0,0,0.0,S,6,9,1,-6.0,Spring,14
9989,03-20-2026,S-09 - Honey Nut Cheeri-Hoes,0,0,0,0.0,S,6,10,0,-24.0,Spring,15
9990,03-20-2026,S-17 - Honey Bunches of Floats,0,0,0,0.0,S,5,11,0,-69.0,Spring,16
9991,03-20-2026,"S-05 - My Set, My Quick (Spike It!)",0,0,0,0.0,S,3,13,0,-68.0,Spring,17
9992,03-20-2026,S-03 - Call Me If You Get Blocked,0,0,0,0.0,S,3,13,0,-79.0,Spring,18
9993,03-27-2026,S-15 - Kanine Krunchies,0,0,0,0.0,S,13,3,0,95.0,Spring,1
9994,03-27-2026,S-10 - Count Blockula,0,0,0,0.0,S,11,5,0,83.0,Spring,2
9995,03-27-2026,S-11 - Cap'n C*nt,0,0,0,0.0,S,11,5,0,67.0,Spring,3
9996,03-27-2026,S-04 - Sets With Me,0,0,0,0.0,S,11,5,0,31.0,Spring,4
9997,03-27-2026,S-02 - I Write Sets Not Tragedies,0,0,0,0.0,S,10,6,0,30.0,Spring,5
9998,03-27-2026,S-07 - Heavy Is The Crown,0,0,0,0.0,S,9,7,0,14.0,Spring,6
9999,03-27-2026,S-08 - Cereal Killers,0,0,0,0.0,S,9,7,0,13.0,Spring,7
10000,03-27-2026,S-12 - Anti-Block Heroes,0,0,0,0.0,S,8,8,0,3.0,Spring,8
10001,03-27-2026,S-16 - Frosted Tips,0,0,0,0.0,S,8,8,0,1.0,Spring,9
10002,03-27-2026,S-18 - Spike Krispies,0,0,0,0.0,S,8,8,0,-12.0,Spring,10
10003,03-27-2026,S-01 - Oops I Hit It Again,0,0,0,0.0,S,8,8,0,-19.0,Spring,11
10004,03-27-2026,S-13 - Ace Krispies,0,0,0,0.0,S,7,8,1,-42.0,Spring,12
10005,03-27-2026,S-06 - Frosted Freaks,0,0,0,0.0,S,7,9,0,-18.0,Spring,13
10006,03-27-2026,S-14 - Chex Appeal,0,0,0,0.0,S,6,9,1,-6.0,Spring,14
10007,03-27-2026,S-09 - Honey Nut Cheeri-Hoes,0,0,0,0.0,S,6,10,0,-24.0,Spring,15
10008,03-27-2026,S-17 - Honey Bunches of Floats,0,0,0,0.0,S,5,11,0,-69.0,Spring,16
10009,03-27-2026,"S-05 - My Set, My Quick (Spike It!)",0,0,0,0.0,S,3,13,0,-68.0,Spring,17
10010,03-27-2026,S-03 - Call Me If You Get Blocked,0,0,0,0.0,S,3,13,0,-79.0,Spring,18
10011,04-10-2026,S-15 - Kanine Krunchies,0,0,0,0.0,S,13,3,0,95.0,Spring,1
10012,04-10-2026,S-10 - Count Blockula,0,0,0,0.0,S,11,5,0,83.0,Spring,2
10013,04-10-2026,S-11 - Cap'n C*nt,0,0,0,0.0,S,11,5,0,67.0,Spring,3
10014,04-10-2026,S-04 - Sets With Me,0,0,0,0.0,S,11,5,0,31.0,Spring,4
10015,04-10-2026,S-02 - I Write Sets Not Tragedies,0,0,0,0.0,S,10,6,0,30.0,Spring,5
10016,04-10-2026,S-07 - Heavy Is The Crown,0,0,0,0.0,S,9,7,0,14.0,Spring,6
10017,04-10-2026,S-08 - Cereal Killers,0,0,0,0.0,S,9,7,0,13.0,Spring,7
10018,04-10-2026,S-12 - Anti-Block Heroes,0,0,0,0.0,S,8,8,0,3.0,Spring,8
10019,04-10-2026,S-16 - Frosted Tips,0,0,0,0.0,S,8,8,0,1.0,Spring,9
10020,04-10-2026,S-18 - Spike Krispies,0,0,0,0.0,S,8,8,0,-12.0,Spring,10
10021,04-10-2026,S-01 - Oops I Hit It Again,0,0,0,0.0,S,8,8,0,-19.0,Spring,11
10022,04-10-2026,S-13 - Ace Krispies,0,0,0,0.0,S,7,8,1,-42.0,Spring,12
10023,04-10-2026,S-06 - Frosted Freaks,0,0,0,0.0,S,7,9,0,-18.0,Spring,13
10024,04-10-2026,S-14 - Chex Appeal,0,0,0,0.0,S,6,9,1,-6.0,Spring,14
10025,04-10-2026,S-09 - Honey Nut Cheeri-Hoes,0,0,0,0.0,S,6,10,0,-24.0,Spring,15
10026,04-10-2026,S-17 - Honey Bunches of Floats,0,0,0,0.0,S,5,11,0,-69.0,Spring,16
10027,04-10-2026,"S-05 - My Set, My Quick (Spike It!)",0,0,0,0.0,S,3,13,0,-68.0,Spring,17
10028,04-10-2026,S-03 - Call Me If You Get Blocked,0,0,0,0.0,S,3,13,0,-79.0,Spring,18
10029,04-17-2026,S-15 - Kanine Krunchies,0,0,0,0.0,S,13,3,0,95.0,Spring,1
10030,04-17-2026,S-10 - Count Blockula,0,0,0,0.0,S,11,5,0,83.0,Spring,2
10031,04-17-2026,S-11 - Cap'n C*nt,0,0,0,0.0,S,11,5,0,67.0,Spring,3
10032,04-17-2026,S-04 - Sets With Me,0,0,0,0.0,S,11,5,0,31.0,Spring,4
10033,04-17-2026,S-02 - I Write Sets Not Tragedies,0,0,0,0.0,S,10,6,0,30.0,Spring,5
10034,04-17-2026,S-07 - Heavy Is The Crown,0,0,0,0.0,S,9,7,0,14.0,Spring,6
10035,04-17-2026,S-08 - Cereal Killers,0,0,0,0.0,S,9,7,0,13.0,Spring,7
10036,04-17-2026,S-12 - Anti-Block Heroes,0,0,0,0.0,S,8,8,0,3.0,Spring,8
10037,04-17-2026,S-16 - Frosted Tips,0,0,0,0.0,S,8,8,0,1.0,Spring,9
10038,04-17-2026,S-18 - Spike Krispies,0,0,0,0.0,S,8,8,0,-12.0,Spring,10
10039,04-17-2026,S-01 - Oops I Hit It Again,0,0,0,0.0,S,8,8,0,-19.0,Spring,11
10040,04-17-2026,S-13 - Ace Krispies,0,0,0,0.0,S,7,8,1,-42.0,Spring,12
10041,04-17-2026,S-06 - Frosted Freaks,0,0,0,0.0,S,7,9,0,-18.0,Spring,13
10042,04-17-2026,S-14 - Chex Appeal,0,0,0,0.0,S,6,9,1,-6.0,Spring,14
10043,04-17-2026,S-09 - Honey Nut Cheeri-Hoes,0,0,0,0.0,S,6,10,0,-24.0,Spring,15
10044,04-17-2026,S-17 - Honey Bunches of Floats,0,0,0,0.0,S,5,11,0,-69.0,Spring,16
10045,04-17-2026,"S-05 - My Set, My Quick (Spike It!)",0,0,0,0.0,S,3,13,0,-68.0,Spring,17
10046,04-17-2026,S-03 - Call Me If You Get Blocked,0,0,0,0.0,S,3,13,0,-79.0,Spring,18
10047,04-24-2026,S-15 - Kanine Krunchies,0,0,0,0.0,S,13,3,0,95.0,Spring,1
10048,04-24-2026,S-10 - Count Blockula,0,0,0,0.0,S,11,5,0,83.0,Spring,2
10049,04-24-2026,S-11 - Cap'n C*nt,0,0,0,0.0,S,11,5,0,67.0,Spring,3
10050,04-24-2026,S-04 - Sets With Me,0,0,0,0.0,S,11,5,0,31.0,Spring,4
10051,04-24-2026,S-02 - I Write Sets Not Tragedies,0,0,0,0.0,S,10,6,0,30.0,Spring,5
10052,04-24-2026,S-07 - Heavy Is The Crown,0,0,0,0.0,S,9,7,0,14.0,Spring,6
10053,04-24-2026,S-08 - Cereal Killers,0,0,0,0.0,S,9,7,0,13.0,Spring,7
10054,04-24-2026,S-12 - Anti-Block Heroes,0,0,0,0.0,S,8,8,0,3.0,Spring,8
10055,04-24-2026,S-16 - Frosted Tips,0,0,0,0.0,S,8,8,0,1.0,Spring,9
10056,04-24-2026,S-18 - Spike Krispies,0,0,0,0.0,S,8,8,0,-12.0,Spring,10
10057,04-24-2026,S-01 - Oops I Hit It Again,0,0,0,0.0,S,8,8,0,-19.0,Spring,11
10058,04-24-2026,S-13 - Ace Krispies,0,0,0,0.0,S,7,8,1,-42.0,Spring,12
10059,04-24-2026,S-06 - Frosted Freaks,0,0,0,0.0,S,7,9,0,-18.0,Spring,13
10060,04-24-2026,S-14 - Chex Appeal,0,0,0,0.0,S,6,9,1,-6.0,Spring,14
10061,04-24-2026,S-09 - Honey Nut Cheeri-Hoes,0,0,0,0.0,S,6,10,0,-24.0,Spring,15
10062,04-24-2026,S-17 - Honey Bunches of Floats,0,0,0,0.0,S,5,11,0,-69.0,Spring,16
10063,04-24-2026,"S-05 - My Set, My Quick (Spike It!)",0,0,0,0.0,S,3,13,0,-68.0,Spring,17
10064,04-24-2026,S-03 - Call Me If You Get Blocked,0,0,0,0.0,S,3,13,0,-79.0,Spring,18
10065,08-22-2025,A-08,4,0,0,40.0,A,4,0,0,40.0,Fall,1
10066,08-22-2025,A-02,4,0,0,39.0,A,4,0,0,39.0,Fall,2
10067,08-22-2025,A-01,4,0,0,26.0,A,4,0,0,26.0,Fall,3
10068,08-22-2025,A-07,4,0,0,25.0,A,4,0,0,25.0,Fall,4
10069,08-22-2025,A-18,4,0,0,24.0,A,4,0,0,24.0,Fall,5
10070,08-22-2025,A-11,2,1,1,18.0,A,2,1,1,18.0,Fall,6
10071,08-22-2025,A-15,2,1,1,1.0,A,2,1,1,1.0,Fall,7
10072,08-22-2025,A-06,2,2,0,3.0,A,2,2,0,3.0,Fall,8
10073,08-22-2025,A-10,2,2,0,-10.0,A,2,2,0,-10.0,Fall,9
10074,08-22-2025,A-16,2,2,0,-20.0,A,2,2,0,-20.0,Fall,10
10075,08-22-2025,A-09,1,3,0,-6.0,A,1,3,0,-6.0,Fall,11
10076,08-22-2025,A-05,1,3,0,-11.0,A,1,3,0,-11.0,Fall,12
10077,08-22-2025,A-17,1,3,0,-19.0,A,1,3,0,-19.0,Fall,13
10078,08-22-2025,A-03,1,3,0,-19.0,A,1,3,0,-19.0,Fall,14
10079,08-22-2025,A-14,1,3,0,-28.0,A,1,3,0,-28.0,Fall,15
10080,08-22-2025,A-13,0,4,0,-16.0,A,0,4,0,-16.0,Fall,16
10081,08-22-2025,A-04,0,4,0,-20.0,A,0,4,0,-20.0,Fall,17
10082,08-22-2025,A-12,0,4,0,-27.0,A,0,4,0,-27.0,Fall,18
10083,09-05-2025,A-08,3,1,0,7.0,A,7,1,0,47.0,Fall,1
10084,09-05-2025,A-02,3,1,0,5.0,A,7,1,0,44.0,Fall,2
10085,09-05-2025,A-18,3,1,0,14.0,A,7,1,0,38.0,Fall,3
10086,09-05-2025,A-07,3,1,0,13.0,A,7,1,0,38.0,Fall,4
10087,09-05-2025,A-01,2,2,0,-2.0,A,6,2,0,24.0,Fall,5
10088,09-05-2025,A-11,2,2,0,-2.0,A,4,3,1,16.0,Fall,6
10089,09-05-2025,A-15,2,2,0,0.0,A,4,3,1,1.0,Fall,7
10090,09-05-2025,A-09,3,1,0,14.0,A,4,4,0,8.0,Fall,8
10091,09-05-2025,A-12,4,0,0,19.0,A,4,4,0,-8.0,Fall,9
10092,09-05-2025,A-10,2,2,0,-8.0,A,4,4,0,-18.0,Fall,10
10093,09-05-2025,A-06,1,3,0,-11.0,A,3,5,0,-8.0,Fall,11
10094,09-05-2025,A-17,2,2,0,-4.0,A,3,5,0,-23.0,Fall,12
10095,09-05-2025,A-16,1,3,0,-3.0,A,3,5,0,-23.0,Fall,13
10096,09-05-2025,A-05,1,3,0,-6.0,A,2,6,0,-17.0,Fall,14
10097,09-05-2025,A-13,2,2,0,-2.0,A,2,6,0,-18.0,Fall,15
10098,09-05-2025,A-14,1,3,0,-7.0,A,2,6,0,-35.0,Fall,16
10099,09-05-2025,A-04,1,3,0,-10.0,A,1,7,0,-30.0,Fall,17
10100,09-05-2025,A-03,0,4,0,-17.0,A,1,7,0,-36.0,Fall,18
10101,09-12-2025,A-07,4,0,0,33.0,A,11,1,0,71.0,Fall,1
10102,09-12-2025,A-18,3,1,0,11.0,A,10,2,0,49.0,Fall,2
10103,09-12-2025,A-08,2,1,1,2.0,A,9,2,1,49.0,Fall,3
10104,09-12-2025,A-11,4,0,0,16.0,A,8,3,1,32.0,Fall,4
10105,09-12-2025,A-01,2,1,1,1.0,A,8,3,1,25.0,Fall,5
10106,09-12-2025,A-02,1,3,0,-10.0,A,8,4,0,34.0,Fall,6
10107,09-12-2025,A-10,3,1,0,21.0,A,7,5,0,3.0,Fall,7
10108,09-12-2025,A-15,2,2,0,-11.0,A,6,5,1,-10.0,Fall,8
10109,09-12-2025,A-12,2,2,0,4.0,A,6,6,0,-4.0,Fall,9
10110,09-12-2025,A-17,2,2,0,14.0,A,5,7,0,-9.0,Fall,10
10111,09-12-2025,A-13,2,1,1,-2.0,A,4,7,1,-20.0,Fall,11
10112,09-12-2025,A-06,1,3,0,0.0,A,4,8,0,-8.0,Fall,12
10113,09-12-2025,A-09,0,4,0,-20.0,A,4,8,0,-12.0,Fall,13
10114,09-12-2025,A-04,3,1,0,0.0,A,4,8,0,-30.0,Fall,14
10115,09-12-2025,A-16,0,3,1,-12.0,A,3,8,1,-35.0,Fall,15
10116,09-12-2025,A-05,1,3,0,0.0,A,3,9,0,-17.0,Fall,16
10117,09-12-2025,A-03,2,2,0,0.0,A,3,9,0,-36.0,Fall,17
10118,09-12-2025,A-14,0,4,0,-47.0,A,2,10,0,-82.0,Fall,18
10119,09-19-2025,A-18,3,1,0,23.0,A,13,3,0,72.0,Fall,1
10120,09-19-2025,A-08,3,1,0,0.0,A,12,3,1,49.0,Fall,2
10121,09-19-2025,A-01,3,1,0,3.0,A,11,4,1,28.0,Fall,3
10122,09-19-2025,A-07,0,4,0,-23.0,A,11,5,0,48.0,Fall,4
10123,09-19-2025,A-10,4,0,0,25.0,A,11,5,0,28.0,Fall,5
10124,09-19-2025,A-02,2,1,1,4.0,A,10,5,1,38.0,Fall,6
10125,09-19-2025,A-11,2,2,0,-3.0,A,10,5,1,29.0,Fall,7
10126,09-19-2025,A-12,3,1,0,2.0,A,9,7,0,-2.0,Fall,8
10127,09-19-2025,A-15,2,2,0,9.0,A,8,7,1,-1.0,Fall,9
10128,09-19-2025,A-05,4,0,0,26.0,A,7,9,0,9.0,Fall,10
10129,09-19-2025,A-17,2,2,0,4.0,A,7,9,0,-5.0,Fall,11
10130,09-19-2025,A-09,2,1,1,16.0,A,6,9,1,4.0,Fall,12
10131,09-19-2025,A-04,2,2,0,-5.0,A,6,10,0,-35.0,Fall,13
10132,09-19-2025,A-13,1,3,0,-20.0,A,5,10,1,-40.0,Fall,14
10133,09-19-2025,A-06,1,3,0,0.0,A,5,11,0,-8.0,Fall,15
10134,09-19-2025,A-16,1,3,0,-11.0,A,4,11,1,-46.0,Fall,16
10135,09-19-2025,A-03,0,4,0,-30.0,A,3,13,0,-66.0,Fall,17
10136,09-19-2025,A-14,0,4,0,-20.0,A,2,14,0,-102.0,Fall,18
10137,09-26-2025,A-18,3,1,0,8.0,A,16,4,0,80.0,Fall,1
10138,09-26-2025,A-08,2,2,0,14.0,A,14,5,1,63.0,Fall,2
10139,09-26-2025,A-10,3,1,0,4.0,A,14,6,0,32.0,Fall,3
10140,09-26-2025,A-02,3,1,0,15.0,A,13,6,1,53.0,Fall,4
10141,09-26-2025,A-11,3,1,0,24.0,A,13,6,1,53.0,Fall,5
10142,09-26-2025,A-01,2,2,0,2.0,A,13,6,1,30.0,Fall,6
10143,09-26-2025,A-15,4,0,0,18.0,A,12,7,1,17.0,Fall,7
10144,09-26-2025,A-07,0,4,0,-20.0,A,11,9,0,28.0,Fall,8
10145,09-26-2025,A-12,2,2,0,7.0,A,11,9,0,5.0,Fall,9
10146,09-26-2025,A-05,2,2,0,0.0,A,9,11,0,9.0,Fall,10
10147,09-26-2025,A-16,4,0,0,40.0,A,8,11,1,-6.0,Fall,11
10148,09-26-2025,A-09,2,2,0,-13.0,A,8,11,1,-9.0,Fall,12
10149,09-26-2025,A-17,1,3,0,-22.0,A,8,12,0,-27.0,Fall,13
10150,09-26-2025,A-13,2,2,0,4.0,A,7,12,1,-36.0,Fall,14
10151,09-26-2025,A-04,1,3,0,-24.0,A,7,13,0,-59.0,Fall,15
10152,09-26-2025,A-06,1,3,0,-18.0,A,6,14,0,-26.0,Fall,16
10153,09-26-2025,A-03,1,3,0,-12.0,A,4,16,0,-78.0,Fall,17
10154,09-26-2025,A-14,0,4,0,-27.0,A,2,18,0,-129.0,Fall,18
10155,10-10-2025,A-18,4,0,0,30.0,A,20,4,0,110.0,Fall,1
10156,10-10-2025,A-02,4,0,0,32.0,A,17,6,1,85.0,Fall,2
10157,10-10-2025,A-01,4,0,0,31.0,A,17,6,1,61.0,Fall,3
10158,10-10-2025,A-10,2,2,0,1.0,A,16,8,0,33.0,Fall,4
10159,10-10-2025,A-08,1,3,0,3.0,A,15,8,1,66.0,Fall,5
10160,10-10-2025,A-11,2,2,0,1.0,A,15,8,1,54.0,Fall,6
10161,10-10-2025,A-15,3,1,0,21.0,A,15,8,1,38.0,Fall,7
10162,10-10-2025,A-07,2,2,0,-4.0,A,13,11,0,24.0,Fall,8
10163,10-10-2025,A-12,2,2,0,3.0,A,13,11,0,8.0,Fall,9
10164,10-10-2025,A-16,3,1,0,23.0,A,11,12,1,17.0,Fall,10
10165,10-10-2025,A-09,2,2,0,13.0,A,10,13,1,4.0,Fall,11
10166,10-10-2025,A-13,2,2,0,1.0,A,9,14,1,-35.0,Fall,12
10167,10-10-2025,A-05,0,4,0,-44.0,A,9,15,0,-35.0,Fall,13
10168,10-10-2025,A-17,1,3,0,-23.0,A,9,15,0,-50.0,Fall,14
10169,10-10-2025,A-06,2,2,0,0.0,A,8,16,0,-26.0,Fall,15
10170,10-10-2025,A-04,1,3,0,-22.0,A,8,16,0,-81.0,Fall,16
10171,10-10-2025,A-03,1,3,0,-35.0,A,5,19,0,-113.0,Fall,17
10172,10-10-2025,A-14,0,4,0,-31.0,A,2,22,0,-160.0,Fall,18
10173,10-17-2025,A-18,3,1,0,39.0,A,23,5,0,149.0,Fall,1
10174,10-17-2025,A-01,2,1,1,14.0,A,19,7,2,75.0,Fall,2
10175,10-17-2025,A-10,3,1,0,21.0,A,19,9,0,54.0,Fall,3
10176,10-17-2025,A-08,3,0,1,26.0,A,18,8,2,92.0,Fall,4
10177,10-17-2025,A-11,3,1,0,3.0,A,18,9,1,57.0,Fall,5
10178,10-17-2025,A-02,1,3,0,-33.0,A,18,9,1,52.0,Fall,6
10179,10-17-2025,A-15,1,3,0,-4.0,A,16,11,1,34.0,Fall,7
10180,10-17-2025,A-12,3,1,0,3.0,A,16,12,0,11.0,Fall,8
10181,10-17-2025,A-16,4,0,0,18.0,A,15,12,1,35.0,Fall,9
10182,10-17-2025,A-07,2,2,0,5.0,A,15,13,0,29.0,Fall,10
10183,10-17-2025,A-09,2,2,0,-4.0,A,12,15,1,0.0,Fall,11
10184,10-17-2025,A-13,3,1,0,17.0,A,12,15,1,-18.0,Fall,12
10185,10-17-2025,A-06,3,1,0,8.0,A,11,17,0,-18.0,Fall,13
10186,10-17-2025,A-04,2,2,0,-6.0,A,10,18,0,-87.0,Fall,14
10187,10-17-2025,A-05,0,4,0,-23.0,A,9,19,0,-58.0,Fall,15
10188,10-17-2025,A-17,0,4,0,-40.0,A,9,19,0,-90.0,Fall,16
10189,10-17-2025,A-03,0,4,0,-24.0,A,5,23,0,-137.0,Fall,17
10190,10-17-2025,A-14,0,4,0,-20.0,A,2,26,0,-180.0,Fall,18
10191,10-24-2025,A-18,4,0,0,33.0,A,27,5,0,182.0,Fall,1
10192,10-24-2025,A-01,4,0,0,17.0,A,23,7,2,92.0,Fall,2
10193,10-24-2025,A-02,3,1,0,17.0,A,21,10,1,69.0,Fall,3
10194,10-24-2025,A-11,3,1,0,4.0,A,21,10,1,61.0,Fall,4
10195,10-24-2025,A-10,2,2,0,0.0,A,21,11,0,54.0,Fall,5
10196,10-24-2025,A-08,1,2,1,-4.0,A,19,10,3,88.0,Fall,6
10197,10-24-2025,A-15,3,1,0,21.0,A,19,12,1,55.0,Fall,7
10198,10-24-2025,A-12,2,2,0,0.0,A,18,14,0,11.0,Fall,8
10199,10-24-2025,A-16,1,2,1,-4.0,A,16,14,2,31.0,Fall,9
10200,10-24-2025,A-07,1,2,1,0.0,A,16,15,1,29.0,Fall,10
10201,10-24-2025,A-13,2,1,1,4.0,A,14,16,2,-14.0,Fall,11
10202,10-24-2025,A-09,0,4,0,-27.0,A,12,19,1,-27.0,Fall,12
10203,10-24-2025,A-06,1,3,0,-11.0,A,12,20,0,-29.0,Fall,13
10204,10-24-2025,A-05,3,1,0,11.0,A,12,20,0,-47.0,Fall,14
10205,10-24-2025,A-17,2,2,0,-6.0,A,11,21,0,-96.0,Fall,15
10206,10-24-2025,A-04,0,4,0,-17.0,A,10,22,0,-104.0,Fall,16
10207,10-24-2025,A-03,0,4,0,-32.0,A,5,27,0,-169.0,Fall,17
10208,10-24-2025,A-14,2,2,0,-6.0,A,4,28,0,-186.0,Fall,18
10209,11-07-2025,A-18,2,2,0,10.0,A,29,7,0,192.0,Fall,1
10210,11-07-2025,A-02,4,0,0,32.0,A,25,10,1,101.0,Fall,2
10211,11-07-2025,A-11,4,0,0,25.0,A,25,10,1,86.0,Fall,3
10212,11-07-2025,A-08,4,0,0,47.0,A,23,10,3,135.0,Fall,4
10213,11-07-2025,A-01,0,4,0,-38.0,A,23,11,2,54.0,Fall,5
10214,11-07-2025,A-10,1,3,0,-12.0,A,22,14,0,42.0,Fall,6
10215,11-07-2025,A-15,2,2,0,-2.0,A,21,14,1,53.0,Fall,7
10216,11-07-2025,A-16,4,0,0,25.0,A,20,14,2,56.0,Fall,8
10217,11-07-2025,A-12,2,2,0,-1.0,A,20,16,0,10.0,Fall,9
10218,11-07-2025,A-07,2,2,0,6.0,A,18,17,1,35.0,Fall,10
10219,11-07-2025,A-13,2,2,0,-4.0,A,16,18,2,-18.0,Fall,11
10220,11-07-2025,A-05,4,0,0,30.0,A,16,20,0,-17.0,Fall,12
10221,11-07-2025,A-09,1,3,0,-35.0,A,13,22,1,-62.0,Fall,13
10222,11-07-2025,A-17,2,2,0,-8.0,A,13,23,0,-104.0,Fall,14
10223,11-07-2025,A-06,0,4,0,-29.0,A,12,24,0,-58.0,Fall,15
10224,11-07-2025,A-04,0,4,0,-21.0,A,10,26,0,-125.0,Fall,16
10225,11-07-2025,A-03,2,2,0,28.0,A,7,29,0,-141.0,Fall,17
10226,11-07-2025,A-14,0,4,0,-53.0,A,4,32,0,-239.0,Fall,18
10227,11-14-2025,A-18,2,2,0,8.0,A,31,9,0,200.0,Fall,1
10228,11-14-2025,A-11,4,0,0,28.0,A,29,10,1,114.0,Fall,2
10229,11-14-2025,A-08,3,1,0,6.0,A,26,11,3,141.0,Fall,3
10230,11-14-2025,A-01,3,1,0,10.0,A,26,12,2,64.0,Fall,4
10231,11-14-2025,A-02,0,4,0,-66.0,A,25,14,1,35.0,Fall,5
10232,11-14-2025,A-15,1,3,0,-18.0,A,22,17,1,35.0,Fall,6
10233,11-14-2025,A-10,0,3,1,-9.0,A,22,17,1,33.0,Fall,7
10234,11-14-2025,A-16,1,3,0,-6.0,A,21,17,2,50.0,Fall,8
10235,11-14-2025,A-12,1,3,0,-7.0,A,21,19,0,3.0,Fall,9
10236,11-14-2025,A-07,1,3,0,-10.0,A,19,20,1,25.0,Fall,10
10237,11-14-2025,A-05,3,1,0,10.0,A,19,21,0,-7.0,Fall,11
10238,11-14-2025,A-13,2,2,0,-4.0,A,18,20,2,-22.0,Fall,12
10239,11-14-2025,A-09,3,1,0,17.0,A,16,23,1,-45.0,Fall,13
10240,11-14-2025,A-17,2,1,1,-1.0,A,15,24,1,-105.0,Fall,14
10241,11-14-2025,A-06,3,1,0,49.0,A,15,25,0,-9.0,Fall,15
10242,11-14-2025,A-04,2,2,0,1.0,A,12,28,0,-124.0,Fall,16
10243,11-14-2025,A-03,4,0,0,22.0,A,11,29,0,-119.0,Fall,17
10244,11-14-2025,A-14,0,4,0,-30.0,A,4,36,0,-269.0,Fall,18
10245,11-21-2025,A-18,3,1,0,20.0,A,34,10,0,220.0,Fall,1
10246,11-21-2025,A-11,3,1,0,-4.0,A,32,11,1,110.0,Fall,2
10247,11-21-2025,A-01,4,0,0,38.0,A,30,12,2,102.0,Fall,3
10248,11-21-2025,A-08,3,1,0,0.0,A,29,12,3,141.0,Fall,4
10249,11-21-2025,A-02,2,2,0,19.0,A,27,16,1,54.0,Fall,5
10250,11-21-2025,A-16,2,2,0,0.0,A,23,19,2,50.0,Fall,6
10251,11-21-2025,A-15,1,3,0,-39.0,A,23,20,1,-4.0,Fall,7
10252,11-21-2025,A-10,0,0,4,0.0,A,22,17,5,33.0,Fall,8
10253,11-21-2025,A-12,0,0,4,0.0,A,21,19,4,3.0,Fall,9
10254,11-21-2025,A-05,0,0,4,0.0,A,19,21,4,-7.0,Fall,10
10255,11-21-2025,A-07,0,2,2,-50.0,A,19,22,3,-25.0,Fall,11
10256,11-21-2025,A-13,0,4,0,0.0,A,18,24,2,-22.0,Fall,12
10257,11-21-2025,A-17,3,1,0,0.0,A,18,25,1,-105.0,Fall,13
10258,11-21-2025,A-09,1,3,0,4.0,A,17,26,1,-41.0,Fall,14
10259,11-21-2025,A-04,4,0,0,100.0,A,16,28,0,-24.0,Fall,15
10260,11-21-2025,A-06,1,3,0,-26.0,A,16,28,0,-35.0,Fall,16
10261,11-21-2025,A-03,0,2,2,-50.0,A,11,31,2,-169.0,Fall,17
10262,11-21-2025,A-14,1,3,0,-12.0,A,5,39,0,-281.0,Fall,18
10263,08-22-2025,C-08 The Quack Pack,4,0,0,43.0,C,4,0,0,43.0,Fall,1
10264,08-22-2025,C-12 Blocktopusses,4,0,0,31.0,C,4,0,0,31.0,Fall,2
10265,08-22-2025,C-01 Hitty Kitties,4,0,0,12.0,C,4,0,0,12.0,Fall,3
10266,08-22-2025,C-17 Fowl Play,3,1,0,24.0,C,3,1,0,24.0,Fall,4
10267,08-22-2025,C-03 Balls to the Narwhals,3,1,0,9.0,C,3,1,0,9.0,Fall,5
10268,08-22-2025,C-14 Hot Cheetahs,3,1,0,9.0,C,3,1,0,9.0,Fall,6
10269,08-22-2025,C-07 Otter Chaos,2,1,1,11.0,C,2,1,1,11.0,Fall,7
10270,08-22-2025,C-05 Bumpin Bunnies,2,2,0,10.0,C,2,2,0,10.0,Fall,8
10271,08-22-2025,C-18 Digletts,2,2,0,1.0,C,2,2,0,1.0,Fall,9
10272,08-22-2025,C-11 Las Vulturistas,2,2,0,-1.0,C,2,2,0,-1.0,Fall,10
10273,08-22-2025,C-13 Doggy Style,2,2,0,-2.0,C,2,2,0,-2.0,Fall,11
10274,08-22-2025,C-16 No Fox Given,1,2,1,-20.0,C,1,2,1,-20.0,Fall,12
10275,08-22-2025,C-02 Glory H Gorillas,1,3,0,-19.0,C,1,3,0,-19.0,Fall,13
10276,08-22-2025,"C-15 Dig, Dig, Goose",1,3,0,-23.0,C,1,3,0,-23.0,Fall,14
10277,08-22-2025,C-09 Strikalotls,0,3,1,-20.0,C,0,3,1,-20.0,Fall,15
10278,08-22-2025,C-04 Panda-Monium,0,3,1,-23.0,C,0,3,1,-23.0,Fall,16
10279,08-22-2025,C-10 Duck Around and Find Out,0,4,0,-10.0,C,0,4,0,-10.0,Fall,17
10280,08-22-2025,C-06 The GOATs,0,4,0,-32.0,C,0,4,0,-32.0,Fall,18
10281,09-05-2025,C-08 The Quack Pack,3,1,0,17.0,C,7,1,0,60.0,Fall,1
10282,09-05-2025,C-12 Blocktopusses,3,1,0,25.0,C,7,1,0,56.0,Fall,2
10283,09-05-2025,C-07 Otter Chaos,4,0,0,20.0,C,6,1,1,31.0,Fall,3
10284,09-05-2025,C-17 Fowl Play,3,1,0,12.0,C,6,2,0,36.0,Fall,4
10285,09-05-2025,C-18 Digletts,4,0,0,27.0,C,6,2,0,28.0,Fall,5
10286,09-05-2025,C-03 Balls to the Narwhals,3,1,0,14.0,C,6,2,0,23.0,Fall,6
10287,09-05-2025,C-05 Bumpin Bunnies,2,2,0,-6.0,C,4,4,0,4.0,Fall,7
10288,09-05-2025,C-14 Hot Cheetahs,1,3,0,-14.0,C,4,4,0,-5.0,Fall,8
10289,09-05-2025,C-11 Las Vulturistas,2,2,0,-4.0,C,4,4,0,-5.0,Fall,9
10290,09-05-2025,C-02 Glory H Gorillas,3,1,0,12.0,C,4,4,0,-7.0,Fall,10
10291,09-05-2025,C-01 Hitty Kitties,0,4,0,-39.0,C,4,4,0,-27.0,Fall,11
10292,09-05-2025,C-13 Doggy Style,1,3,0,-13.0,C,3,5,0,-15.0,Fall,12
10293,09-05-2025,"C-15 Dig, Dig, Goose",2,2,0,-3.0,C,3,5,0,-26.0,Fall,13
10294,09-05-2025,C-09 Strikalotls,2,2,0,-6.0,C,2,5,1,-26.0,Fall,14
10295,09-05-2025,C-16 No Fox Given,1,3,0,-8.0,C,2,5,1,-28.0,Fall,15
10296,09-05-2025,C-04 Panda-Monium,1,3,0,-6.0,C,1,6,1,-29.0,Fall,16
10297,09-05-2025,C-06 The GOATs,1,3,0,-7.0,C,1,7,0,-39.0,Fall,17
10298,09-05-2025,C-10 Duck Around and Find Out,0,4,0,-21.0,C,0,8,0,-31.0,Fall,18
10299,09-12-2025,C-12 Blocktopusses,3,1,0,17.0,C,10,2,0,73.0,Fall,1
10300,09-12-2025,C-08 The Quack Pack,3,1,0,9.0,C,10,2,0,69.0,Fall,2
10301,09-12-2025,C-07 Otter Chaos,3,1,0,14.0,C,9,2,1,45.0,Fall,3
10302,09-12-2025,C-17 Fowl Play,2,2,0,-7.0,C,8,4,0,29.0,Fall,4
10303,09-12-2025,C-02 Glory H Gorillas,4,0,0,28.0,C,8,4,0,21.0,Fall,5
10304,09-12-2025,C-03 Balls to the Narwhals,2,2,0,-7.0,C,8,4,0,16.0,Fall,6
10305,09-12-2025,C-18 Digletts,1,3,0,-19.0,C,7,5,0,9.0,Fall,7
10306,09-12-2025,C-01 Hitty Kitties,3,1,0,17.0,C,7,5,0,-10.0,Fall,8
10307,09-12-2025,C-11 Las Vulturistas,2,2,0,3.0,C,6,6,0,-2.0,Fall,9
10308,09-12-2025,C-13 Doggy Style,2,2,0,9.0,C,5,7,0,-6.0,Fall,10
10309,09-12-2025,C-14 Hot Cheetahs,1,3,0,-7.0,C,5,7,0,-12.0,Fall,11
10310,09-12-2025,C-05 Bumpin Bunnies,1,3,0,-18.0,C,5,7,0,-14.0,Fall,12
10311,09-12-2025,C-16 No Fox Given,2,2,0,2.0,C,4,7,1,-26.0,Fall,13
10312,09-12-2025,C-04 Panda-Monium,2,2,0,18.0,C,3,8,1,-11.0,Fall,14
10313,09-12-2025,C-09 Strikalotls,1,3,0,-20.0,C,3,8,1,-46.0,Fall,15
10314,09-12-2025,C-06 The GOATs,2,2,0,-11.0,C,3,9,0,-50.0,Fall,16
10315,09-12-2025,"C-15 Dig, Dig, Goose",0,4,0,-29.0,C,3,9,0,-55.0,Fall,17
10316,09-12-2025,C-10 Duck Around and Find Out,2,2,0,1.0,C,2,10,0,-30.0,Fall,18
10317,09-19-2025,C-12 Blocktopusses,4,0,0,34.0,C,14,2,0,107.0,Fall,1
10318,09-19-2025,C-08 The Quack Pack,4,0,0,11.0,C,14,2,0,80.0,Fall,2
10319,09-19-2025,C-02 Glory H Gorillas,2,2,0,-7.0,C,10,6,0,14.0,Fall,3
10320,09-19-2025,C-11 Las Vulturistas,4,0,0,16.0,C,10,6,0,14.0,Fall,4
10321,09-19-2025,C-03 Balls to the Narwhals,2,2,0,-4.0,C,10,6,0,12.0,Fall,5
10322,09-19-2025,C-07 Otter Chaos,0,4,0,-16.0,C,9,6,1,29.0,Fall,6
10323,09-19-2025,C-18 Digletts,2,2,0,5.0,C,9,7,0,14.0,Fall,7
10324,09-19-2025,C-14 Hot Cheetahs,4,0,0,23.0,C,9,7,0,11.0,Fall,8
10325,09-19-2025,C-17 Fowl Play,1,3,0,-19.0,C,9,7,0,10.0,Fall,9
10326,09-19-2025,C-05 Bumpin Bunnies,3,1,0,23.0,C,8,8,0,9.0,Fall,10
10327,09-19-2025,C-13 Doggy Style,3,1,0,14.0,C,8,8,0,8.0,Fall,11
10328,09-19-2025,C-01 Hitty Kitties,1,3,0,-1.0,C,8,8,0,-11.0,Fall,12
10329,09-19-2025,C-04 Panda-Monium,2,2,0,2.0,C,5,10,1,-9.0,Fall,13
10330,09-19-2025,C-16 No Fox Given,1,3,0,-17.0,C,5,10,1,-43.0,Fall,14
10331,09-19-2025,C-09 Strikalotls,1,3,0,-7.0,C,4,11,1,-53.0,Fall,15
10332,09-19-2025,C-06 The GOATs,1,3,0,-15.0,C,4,12,0,-65.0,Fall,16
10333,09-19-2025,"C-15 Dig, Dig, Goose",1,3,0,-17.0,C,4,12,0,-72.0,Fall,17
10334,09-19-2025,C-10 Duck Around and Find Out,0,4,0,-25.0,C,2,14,0,-55.0,Fall,18
10335,09-26-2025,C-08 The Quack Pack,4,0,0,46.0,C,18,2,0,126.0,Fall,1
10336,09-26-2025,C-12 Blocktopusses,3,1,0,22.0,C,17,3,0,129.0,Fall,2
10337,09-26-2025,C-07 Otter Chaos,4,0,0,34.0,C,13,6,1,63.0,Fall,3
10338,09-26-2025,C-18 Digletts,2,2,0,17.0,C,11,9,0,31.0,Fall,4
10339,09-26-2025,C-14 Hot Cheetahs,2,2,0,18.0,C,11,9,0,29.0,Fall,5
10340,09-26-2025,C-13 Doggy Style,3,1,0,4.0,C,11,9,0,12.0,Fall,6
10341,09-26-2025,C-17 Fowl Play,2,2,0,-2.0,C,11,9,0,8.0,Fall,7
10342,09-26-2025,C-02 Glory H Gorillas,1,3,0,-20.0,C,11,9,0,-6.0,Fall,8
10343,09-26-2025,C-03 Balls to the Narwhals,1,3,0,-21.0,C,11,9,0,-9.0,Fall,9
10344,09-26-2025,C-05 Bumpin Bunnies,2,2,0,-2.0,C,10,10,0,7.0,Fall,10
10345,09-26-2025,C-11 Las Vulturistas,0,4,0,-24.0,C,10,10,0,-10.0,Fall,11
10346,09-26-2025,C-01 Hitty Kitties,2,2,0,-4.0,C,10,10,0,-15.0,Fall,12
10347,09-26-2025,C-04 Panda-Monium,4,0,0,26.0,C,9,10,1,17.0,Fall,13
10348,09-26-2025,C-16 No Fox Given,3,1,0,-3.0,C,8,11,1,-46.0,Fall,14
10349,09-26-2025,C-06 The GOATs,2,2,0,-4.0,C,6,14,0,-69.0,Fall,15
10350,09-26-2025,C-09 Strikalotls,1,3,0,-15.0,C,5,14,1,-68.0,Fall,16
10351,09-26-2025,"C-15 Dig, Dig, Goose",0,4,0,-30.0,C,4,16,0,-102.0,Fall,17
10352,09-26-2025,C-10 Duck Around and Find Out,0,4,0,-42.0,C,2,18,0,-97.0,Fall,18
10353,10-10-2025,C-08 The Quack Pack,4,0,0,45.0,C,22,2,0,171.0,Fall,1
10354,10-10-2025,C-12 Blocktopusses,3,1,0,10.0,C,20,4,0,139.0,Fall,2
10355,10-10-2025,C-07 Otter Chaos,2,2,0,15.0,C,15,8,1,78.0,Fall,3
10356,10-10-2025,C-14 Hot Cheetahs,3,1,0,18.0,C,14,10,0,47.0,Fall,4
10357,10-10-2025,C-05 Bumpin Bunnies,4,0,0,27.0,C,14,10,0,34.0,Fall,5
10358,10-10-2025,C-17 Fowl Play,3,1,0,18.0,C,14,10,0,26.0,Fall,6
10359,10-10-2025,C-11 Las Vulturistas,3,1,0,15.0,C,13,11,0,5.0,Fall,7
10360,10-10-2025,C-02 Glory H Gorillas,2,2,0,0.0,C,13,11,0,-6.0,Fall,8
10361,10-10-2025,C-04 Panda-Monium,3,0,1,15.0,C,12,10,2,32.0,Fall,9
10362,10-10-2025,C-13 Doggy Style,1,2,1,-16.0,C,12,11,1,-4.0,Fall,10
10363,10-10-2025,C-01 Hitty Kitties,2,2,0,7.0,C,12,12,0,-8.0,Fall,11
10364,10-10-2025,C-18 Digletts,0,4,0,-33.0,C,11,13,0,-2.0,Fall,12
10365,10-10-2025,C-03 Balls to the Narwhals,0,4,0,-45.0,C,11,13,0,-54.0,Fall,13
10366,10-10-2025,C-16 No Fox Given,1,3,0,-6.0,C,9,14,1,-52.0,Fall,14
10367,10-10-2025,C-06 The GOATs,2,2,0,-12.0,C,8,16,0,-81.0,Fall,15
10368,10-10-2025,C-09 Strikalotls,0,4,0,-34.0,C,5,18,1,-102.0,Fall,16
10369,10-10-2025,"C-15 Dig, Dig, Goose",1,3,0,1.0,C,5,19,0,-101.0,Fall,17
10370,10-10-2025,C-10 Duck Around and Find Out,1,3,0,-25.0,C,3,21,0,-122.0,Fall,18
10371,10-17-2025,C-08 The Quack Pack,4,0,0,27.0,C,26,2,0,198.0,Fall,1
10372,10-17-2025,C-12 Blocktopusses,2,2,0,-9.0,C,22,6,0,130.0,Fall,2
10373,10-17-2025,C-07 Otter Chaos,3,1,0,-6.0,C,18,9,1,72.0,Fall,3
10374,10-17-2025,C-05 Bumpin Bunnies,3,1,0,26.0,C,17,11,0,60.0,Fall,4
10375,10-17-2025,C-14 Hot Cheetahs,2,2,0,5.0,C,16,12,0,52.0,Fall,5
10376,10-17-2025,C-11 Las Vulturistas,3,1,0,15.0,C,16,12,0,20.0,Fall,6
10377,10-17-2025,C-04 Panda-Monium,3,1,0,-2.0,C,15,11,2,30.0,Fall,7
10378,10-17-2025,C-13 Doggy Style,2,2,0,4.0,C,14,13,1,0.0,Fall,8
10379,10-17-2025,C-17 Fowl Play,0,4,0,-19.0,C,14,14,0,7.0,Fall,9
10380,10-17-2025,C-01 Hitty Kitties,2,2,0,-8.0,C,14,14,0,-16.0,Fall,10
10381,10-17-2025,C-02 Glory H Gorillas,1,3,0,-12.0,C,14,14,0,-18.0,Fall,11
10382,10-17-2025,C-03 Balls to the Narwhals,3,1,0,5.0,C,14,14,0,-49.0,Fall,12
10383,10-17-2025,C-18 Digletts,2,2,0,14.0,C,13,15,0,12.0,Fall,13
10384,10-17-2025,C-06 The GOATs,2,2,0,6.0,C,10,18,0,-75.0,Fall,14
10385,10-17-2025,C-16 No Fox Given,0,4,0,-20.0,C,9,18,1,-72.0,Fall,15
10386,10-17-2025,C-09 Strikalotls,2,2,0,1.0,C,7,20,1,-101.0,Fall,16
10387,10-17-2025,"C-15 Dig, Dig, Goose",2,2,0,-7.0,C,7,21,0,-108.0,Fall,17
10388,10-17-2025,C-10 Duck Around and Find Out,0,4,0,-20.0,C,3,25,0,-142.0,Fall,18
10389,10-24-2025,C-08 The Quack Pack,4,0,0,34.0,C,30,2,0,232.0,Fall,1
10390,10-24-2025,C-12 Blocktopusses,1,3,0,-11.0,C,23,9,0,119.0,Fall,2
10391,10-24-2025,C-05 Bumpin Bunnies,4,0,0,39.0,C,21,11,0,99.0,Fall,3
10392,10-24-2025,C-07 Otter Chaos,1,3,0,-15.0,C,19,12,1,57.0,Fall,4
10393,10-24-2025,C-13 Doggy Style,4,0,0,41.0,C,18,13,1,41.0,Fall,5
10394,10-24-2025,C-14 Hot Cheetahs,2,2,0,6.0,C,18,14,0,58.0,Fall,6
10395,10-24-2025,C-04 Panda-Monium,2,2,0,0.0,C,17,13,2,30.0,Fall,7
10396,10-24-2025,C-11 Las Vulturistas,1,3,0,-19.0,C,17,15,0,1.0,Fall,8
10397,10-24-2025,C-01 Hitty Kitties,3,1,0,11.0,C,17,15,0,-5.0,Fall,9
10398,10-24-2025,C-18 Digletts,3,1,0,10.0,C,16,16,0,22.0,Fall,10
10399,10-24-2025,C-02 Glory H Gorillas,1,2,1,-12.0,C,15,16,1,-30.0,Fall,11
10400,10-24-2025,C-17 Fowl Play,1,3,0,-5.0,C,15,17,0,2.0,Fall,12
10401,10-24-2025,C-03 Balls to the Narwhals,1,3,0,-4.0,C,15,17,0,-53.0,Fall,13
10402,10-24-2025,C-06 The GOATs,2,1,1,6.0,C,12,19,1,-69.0,Fall,14
10403,10-24-2025,C-16 No Fox Given,1,3,0,-19.0,C,10,21,1,-91.0,Fall,15
10404,10-24-2025,C-09 Strikalotls,2,2,0,-5.0,C,9,22,1,-106.0,Fall,16
10405,10-24-2025,"C-15 Dig, Dig, Goose",1,3,0,-35.0,C,8,24,0,-143.0,Fall,17
10406,10-24-2025,C-10 Duck Around and Find Out,1,3,0,-22.0,C,4,28,0,-164.0,Fall,18
10407,11-07-2025,C-08 The Quack Pack,3,1,0,14.0,C,33,3,0,246.0,Fall,1
10408,11-07-2025,C-12 Blocktopusses,3,1,0,2.0,C,26,10,0,121.0,Fall,2
10409,11-07-2025,C-05 Bumpin Bunnies,3,1,0,21.0,C,24,12,0,120.0,Fall,3
10410,11-07-2025,C-07 Otter Chaos,3,1,0,22.0,C,22,13,1,79.0,Fall,4
10411,11-07-2025,C-14 Hot Cheetahs,3,1,0,15.0,C,21,15,0,73.0,Fall,5
10412,11-07-2025,C-04 Panda-Monium,3,1,0,9.0,C,20,14,2,39.0,Fall,6
10413,11-07-2025,C-13 Doggy Style,2,2,0,9.0,C,20,15,1,50.0,Fall,7
10414,11-07-2025,C-18 Digletts,4,0,0,30.0,C,20,16,0,52.0,Fall,8
10415,11-07-2025,C-02 Glory H Gorillas,3,1,0,14.0,C,18,17,1,-16.0,Fall,9
10416,11-07-2025,C-11 Las Vulturistas,1,3,0,-18.0,C,18,18,0,-17.0,Fall,10
10417,11-07-2025,C-01 Hitty Kitties,0,4,0,-36.0,C,17,19,0,-41.0,Fall,11
10418,11-07-2025,C-17 Fowl Play,1,3,0,-9.0,C,16,20,0,-7.0,Fall,12
10419,11-07-2025,C-03 Balls to the Narwhals,1,3,0,-11.0,C,16,20,0,-64.0,Fall,13
10420,11-07-2025,C-06 The GOATs,0,4,0,-23.0,C,12,23,1,-92.0,Fall,14
10421,11-07-2025,C-16 No Fox Given,2,2,0,-4.0,C,12,23,1,-95.0,Fall,15
10422,11-07-2025,C-09 Strikalotls,1,3,0,-12.0,C,10,25,1,-118.0,Fall,16
10423,11-07-2025,"C-15 Dig, Dig, Goose",1,3,0,-21.0,C,9,27,0,-164.0,Fall,17
10424,11-07-2025,C-10 Duck Around and Find Out,2,2,0,-2.0,C,6,30,0,-166.0,Fall,18
10425,11-14-2025,C-08 The Quack Pack,3,0,1,15.0,C,36,3,1,261.0,Fall,1
10426,11-14-2025,C-12 Blocktopusses,2,1,1,4.0,C,28,11,1,125.0,Fall,2
10427,11-14-2025,C-05 Bumpin Bunnies,4,0,0,31.0,C,28,12,0,151.0,Fall,3
10428,11-14-2025,C-07 Otter Chaos,3,1,0,24.0,C,25,14,1,103.0,Fall,4
10429,11-14-2025,C-14 Hot Cheetahs,3,1,0,23.0,C,24,16,0,96.0,Fall,5
10430,11-14-2025,C-18 Digletts,3,1,0,19.0,C,23,17,0,71.0,Fall,6
10431,11-14-2025,C-13 Doggy Style,2,2,0,0.0,C,22,17,1,50.0,Fall,7
10432,11-14-2025,C-01 Hitty Kitties,4,0,0,24.0,C,21,19,0,-17.0,Fall,8
10433,11-14-2025,C-04 Panda-Monium,0,4,0,-19.0,C,20,18,2,20.0,Fall,9
10434,11-14-2025,C-02 Glory H Gorillas,1,3,0,-4.0,C,19,20,1,-20.0,Fall,10
10435,11-14-2025,C-11 Las Vulturistas,1,3,0,-13.0,C,19,21,0,-30.0,Fall,11
10436,11-14-2025,C-17 Fowl Play,1,3,0,-13.0,C,17,23,0,-20.0,Fall,12
10437,11-14-2025,C-03 Balls to the Narwhals,0,4,0,-42.0,C,16,24,0,-106.0,Fall,13
10438,11-14-2025,C-09 Strikalotls,4,0,0,19.0,C,14,25,1,-99.0,Fall,14
10439,11-14-2025,C-06 The GOATs,1,3,0,-15.0,C,13,26,1,-107.0,Fall,15
10440,11-14-2025,C-16 No Fox Given,0,4,0,-31.0,C,12,27,1,-126.0,Fall,16
10441,11-14-2025,"C-15 Dig, Dig, Goose",2,2,0,-11.0,C,11,29,0,-175.0,Fall,17
10442,11-14-2025,C-10 Duck Around and Find Out,1,3,0,-11.0,C,7,33,0,-177.0,Fall,18
10443,11-21-2025,C-08 The Quack Pack,4,0,0,38.0,C,40,3,1,299.0,Fall,1
10444,11-21-2025,C-12 Blocktopusses,3,1,0,22.0,C,31,12,1,147.0,Fall,2
10445,11-21-2025,C-05 Bumpin Bunnies,3,1,0,20.0,C,31,13,0,171.0,Fall,3
10446,11-21-2025,C-07 Otter Chaos,4,0,0,42.0,C,29,14,1,145.0,Fall,4
10447,11-21-2025,C-14 Hot Cheetahs,4,0,0,30.0,C,28,16,0,126.0,Fall,5
10448,11-21-2025,C-18 Digletts,4,0,0,40.0,C,27,17,0,111.0,Fall,6
10449,11-21-2025,C-13 Doggy Style,1,3,0,-16.0,C,23,20,1,34.0,Fall,7
10450,11-21-2025,C-11 Las Vulturistas,3,1,0,16.0,C,22,22,0,-14.0,Fall,8
10451,11-21-2025,C-01 Hitty Kitties,1,3,0,-12.0,C,22,22,0,-29.0,Fall,9
10452,11-21-2025,C-04 Panda-Monium,1,3,0,-20.0,C,21,21,2,0.0,Fall,10
10453,11-21-2025,C-02 Glory H Gorillas,2,2,0,13.0,C,21,22,1,-7.0,Fall,11
10454,11-21-2025,C-17 Fowl Play,1,3,0,-22.0,C,18,26,0,-42.0,Fall,12
10455,11-21-2025,C-03 Balls to the Narwhals,1,3,0,-22.0,C,17,27,0,-128.0,Fall,13
10456,11-21-2025,C-09 Strikalotls,2,2,0,5.0,C,16,27,1,-94.0,Fall,14
10457,11-21-2025,C-06 The GOATs,1,3,0,-18.0,C,14,29,1,-125.0,Fall,15
10458,11-21-2025,C-16 No Fox Given,1,3,0,-21.0,C,13,30,1,-147.0,Fall,16
10459,11-21-2025,"C-15 Dig, Dig, Goose",0,4,0,-53.0,C,11,33,0,-228.0,Fall,17
10460,11-21-2025,C-10 Duck Around and Find Out,0,4,0,-42.0,C,7,37,0,-219.0,Fall,18
10461,08-22-2025,E-01-Assassins Cream,3,1,0,18.0,E,3,1,0,18.0,Fall,1
10462,08-22-2025,E-08-Street Walkers,3,1,0,11.0,E,3,1,0,11.0,Fall,2
10463,08-22-2025,E-09-Sonic The Edgedhogs,3,1,0,10.0,E,3,1,0,10.0,Fall,3
10464,08-22-2025,E-04-Super Smash Hoes,3,1,0,8.0,E,3,1,0,8.0,Fall,4
10465,08-22-2025,E-05-Nintendo 69,2,2,0,-7.0,E,2,2,0,-7.0,Fall,5
10466,08-22-2025,E-02-Mortal Cumbat,2,2,0,-7.0,E,2,2,0,-7.0,Fall,6
10467,08-22-2025,E-06-Call of Booty: Block Ops,1,3,0,-1.0,E,1,3,0,-1.0,Fall,7
10468,08-22-2025,E-03-Donkey Schlong,1,3,0,-11.0,E,1,3,0,-11.0,Fall,8
10469,08-22-2025,E-07-Ms. Pac Man,0,4,0,-21.0,E,0,4,0,-21.0,Fall,9
10470,09-05-2025,E-01-Assassins Cream,4,0,0,19.0,E,7,1,0,37.0,Fall,1
10471,09-05-2025,E-09-Sonic The Edgedhogs,4,0,0,16.0,E,7,1,0,26.0,Fall,2
10472,09-05-2025,E-08-Street Walkers,2,2,0,6.0,E,5,3,0,17.0,Fall,3
10473,09-05-2025,E-02-Mortal Cumbat,3,1,0,12.0,E,5,3,0,5.0,Fall,4
10474,09-05-2025,E-04-Super Smash Hoes,1,3,0,-12.0,E,4,4,0,-4.0,Fall,5
10475,09-05-2025,E-05-Nintendo 69,1,3,0,-18.0,E,3,5,0,-25.0,Fall,6
10476,09-05-2025,E-06-Call of Booty: Block Ops,1,3,0,-9.0,E,2,6,0,-10.0,Fall,7
10477,09-05-2025,E-03-Donkey Schlong,1,3,0,-7.0,E,2,6,0,-18.0,Fall,8
10478,09-05-2025,E-07-Ms. Pac Man,1,3,0,-7.0,E,1,7,0,-28.0,Fall,9
10479,09-12-2025,E-09-Sonic The Edgedhogs,4,0,0,23.0,E,11,1,0,49.0,Fall,1
10480,09-12-2025,E-02-Mortal Cumbat,4,0,0,20.0,E,9,3,0,25.0,Fall,2
10481,09-12-2025,E-01-Assassins Cream,1,3,0,-6.0,E,8,4,0,31.0,Fall,3
10482,09-12-2025,E-08-Street Walkers,1,3,0,-10.0,E,6,6,0,7.0,Fall,4
10483,09-12-2025,E-04-Super Smash Hoes,2,2,0,-5.0,E,6,6,0,-9.0,Fall,5
10484,09-12-2025,E-03-Donkey Schlong,3,1,0,15.0,E,5,7,0,-3.0,Fall,6
10485,09-12-2025,E-06-Call of Booty: Block Ops,2,2,0,-7.0,E,4,8,0,-17.0,Fall,7
10486,09-12-2025,E-05-Nintendo 69,1,3,0,-17.0,E,4,8,0,-42.0,Fall,8
10487,09-12-2025,E-07-Ms. Pac Man,0,4,0,-13.0,E,1,11,0,-41.0,Fall,9
10488,09-19-2025,E-01-Assassins Cream,4,0,0,25.0,E,12,4,0,56.0,Fall,1
10489,09-19-2025,E-09-Sonic The Edgedhogs,1,3,0,-6.0,E,12,4,0,43.0,Fall,2
10490,09-19-2025,E-02-Mortal Cumbat,3,1,0,17.0,E,12,4,0,42.0,Fall,3
10491,09-19-2025,E-03-Donkey Schlong,3,1,0,6.0,E,8,8,0,3.0,Fall,4
10492,09-19-2025,E-04-Super Smash Hoes,2,2,0,-11.0,E,8,8,0,-20.0,Fall,5
10493,09-19-2025,E-08-Street Walkers,1,3,0,-9.0,E,7,9,0,-2.0,Fall,6
10494,09-19-2025,E-06-Call of Booty: Block Ops,1,3,0,-16.0,E,5,11,0,-33.0,Fall,7
10495,09-19-2025,E-05-Nintendo 69,1,3,0,-13.0,E,5,11,0,-55.0,Fall,8
10496,09-19-2025,E-07-Ms. Pac Man,2,2,0,7.0,E,3,13,0,-34.0,Fall,9
10497,09-26-2025,E-09-Sonic The Edgedhogs,4,0,0,35.0,E,16,4,0,78.0,Fall,1
10498,09-26-2025,E-01-Assassins Cream,3,1,0,12.0,E,15,5,0,68.0,Fall,2
10499,09-26-2025,E-02-Mortal Cumbat,1,3,0,-18.0,E,13,7,0,24.0,Fall,3
10500,09-26-2025,E-03-Donkey Schlong,2,2,0,6.0,E,10,10,0,9.0,Fall,4
10501,09-26-2025,E-08-Street Walkers,1,3,0,-19.0,E,8,12,0,-21.0,Fall,5
10502,09-26-2025,E-06-Call of Booty: Block Ops,3,1,0,12.0,E,8,12,0,-21.0,Fall,6
10503,09-26-2025,E-04-Super Smash Hoes,0,4,0,-18.0,E,8,12,0,-38.0,Fall,7
10504,09-26-2025,E-05-Nintendo 69,3,1,0,6.0,E,8,12,0,-49.0,Fall,8
10505,09-26-2025,E-07-Ms. Pac Man,1,3,0,-16.0,E,4,16,0,-50.0,Fall,9
10506,10-10-2025,E-09-Sonic The Edgedhogs,4,0,0,100.0,E,20,4,0,178.0,Fall,1
10507,10-10-2025,E-01-Assassins Cream,2,2,0,5.0,E,17,7,0,73.0,Fall,2
10508,10-10-2025,E-02-Mortal Cumbat,1,3,0,-9.0,E,14,10,0,15.0,Fall,3
10509,10-10-2025,E-05-Nintendo 69,4,0,0,22.0,E,12,12,0,-27.0,Fall,4
10510,10-10-2025,E-03-Donkey Schlong,0,2,2,-50.0,E,10,12,2,-41.0,Fall,5
10511,10-10-2025,E-04-Super Smash Hoes,2,2,0,-9.0,E,10,14,0,-47.0,Fall,6
10512,10-10-2025,E-08-Street Walkers,1,3,0,-13.0,E,9,15,0,-34.0,Fall,7
10513,10-10-2025,E-06-Call of Booty: Block Ops,0,2,2,-50.0,E,8,14,2,-71.0,Fall,8
10514,10-10-2025,E-07-Ms. Pac Man,2,2,0,4.0,E,6,18,0,-46.0,Fall,9
10515,10-17-2025,E-09-Sonic The Edgedhogs,1,3,0,-7.0,E,21,7,0,171.0,Fall,1
10516,10-17-2025,E-01-Assassins Cream,2,2,0,3.0,E,19,9,0,76.0,Fall,2
10517,10-17-2025,E-02-Mortal Cumbat,3,1,0,8.0,E,17,11,0,23.0,Fall,3
10518,10-17-2025,E-05-Nintendo 69,3,1,0,4.0,E,15,13,0,-23.0,Fall,4
10519,10-17-2025,E-03-Donkey Schlong,2,2,0,-8.0,E,12,14,2,-49.0,Fall,5
10520,10-17-2025,E-04-Super Smash Hoes,2,2,0,10.0,E,12,16,0,-37.0,Fall,6
10521,10-17-2025,E-08-Street Walkers,2,2,0,-2.0,E,11,17,0,-36.0,Fall,7
10522,10-17-2025,E-06-Call of Booty: Block Ops,2,2,0,-7.0,E,10,16,2,-78.0,Fall,8
10523,10-17-2025,E-07-Ms. Pac Man,1,3,0,-1.0,E,7,21,0,-47.0,Fall,9
10524,10-24-2025,E-09-Sonic The Edgedhogs,4,0,0,30.0,E,25,7,0,201.0,Fall,1
10525,10-24-2025,E-01-Assassins Cream,0,4,0,-19.0,E,19,13,0,57.0,Fall,2
10526,10-24-2025,E-02-Mortal Cumbat,0,4,0,-25.0,E,17,15,0,-2.0,Fall,3
10527,10-24-2025,E-05-Nintendo 69,1,3,0,-15.0,E,16,16,0,-38.0,Fall,4
10528,10-24-2025,E-03-Donkey Schlong,3,1,0,7.0,E,15,15,2,-42.0,Fall,5
10529,10-24-2025,E-06-Call of Booty: Block Ops,4,0,0,20.0,E,14,16,2,-58.0,Fall,6
10530,10-24-2025,E-04-Super Smash Hoes,2,2,0,-5.0,E,14,18,0,-42.0,Fall,7
10531,10-24-2025,E-08-Street Walkers,2,2,0,-1.0,E,13,19,0,-37.0,Fall,8
10532,10-24-2025,E-07-Ms. Pac Man,2,2,0,8.0,E,9,23,0,-39.0,Fall,9
10533,11-07-2025,E-09-Sonic The Edgedhogs,3,1,0,18.0,E,28,8,0,219.0,Fall,1
10534,11-07-2025,E-01-Assassins Cream,3,1,0,16.0,E,22,14,0,73.0,Fall,2
10535,11-07-2025,E-05-Nintendo 69,3,1,0,3.0,E,19,17,0,-35.0,Fall,3
10536,11-07-2025,E-03-Donkey Schlong,3,1,0,6.0,E,18,16,2,-36.0,Fall,4
10537,11-07-2025,E-06-Call of Booty: Block Ops,3,1,0,21.0,E,17,17,2,-37.0,Fall,5
10538,11-07-2025,E-02-Mortal Cumbat,0,4,0,-22.0,E,17,19,0,-24.0,Fall,6
10539,11-07-2025,E-08-Street Walkers,2,2,0,-5.0,E,15,21,0,-42.0,Fall,7
10540,11-07-2025,E-04-Super Smash Hoes,0,4,0,-24.0,E,14,22,0,-66.0,Fall,8
10541,11-07-2025,E-07-Ms. Pac Man,1,3,0,-13.0,E,10,26,0,-52.0,Fall,9
10542,11-14-2025,E-09-Sonic The Edgedhogs,0,4,0,-100.0,E,28,12,0,119.0,Fall,1
10543,11-14-2025,E-01-Assassins Cream,0,4,0,-100.0,E,22,18,0,-27.0,Fall,2
10544,11-14-2025,E-03-Donkey Schlong,3,1,0,50.0,E,21,17,2,14.0,Fall,3
10545,11-14-2025,E-06-Call of Booty: Block Ops,3,1,0,50.0,E,20,18,2,13.0,Fall,4
10546,11-14-2025,E-02-Mortal Cumbat,3,1,0,50.0,E,20,20,0,26.0,Fall,5
10547,11-14-2025,E-05-Nintendo 69,0,4,0,-100.0,E,19,21,0,-135.0,Fall,6
10548,11-14-2025,E-08-Street Walkers,3,1,0,50.0,E,18,22,0,8.0,Fall,7
10549,11-14-2025,E-04-Super Smash Hoes,3,1,0,52.0,E,17,23,0,-14.0,Fall,8
10550,11-14-2025,E-07-Ms. Pac Man,3,1,0,48.0,E,13,27,0,-4.0,Fall,9
10551,11-21-2025,E-09-Sonic The Edgedhogs,0,2,2,0.0,E,28,14,2,119.0,Fall,1
10552,11-21-2025,E-01-Assassins Cream,4,0,0,0.0,E,26,18,0,-27.0,Fall,2
10553,11-21-2025,E-03-Donkey Schlong,0,4,0,0.0,E,21,21,2,14.0,Fall,3
10554,11-21-2025,E-04-Super Smash Hoes,4,0,0,5.0,E,21,23,0,-9.0,Fall,4
10555,11-21-2025,E-06-Call of Booty: Block Ops,0,0,4,0.0,E,20,18,6,13.0,Fall,5
10556,11-21-2025,E-02-Mortal Cumbat,0,0,4,0.0,E,20,20,4,26.0,Fall,6
10557,11-21-2025,E-08-Street Walkers,2,2,0,-5.0,E,20,24,0,3.0,Fall,7
10558,11-21-2025,E-05-Nintendo 69,0,2,2,0.0,E,19,23,2,-135.0,Fall,8
10559,11-21-2025,E-07-Ms. Pac Man,0,0,4,0.0,E,13,27,4,-4.0,Fall,9
10560,08-22-2025,I-05 Sugar Rush,4,0,0,55.0,I,4,0,0,55.0,Fall,1
10561,08-22-2025,I-08 Fudge Force,4,0,0,39.0,I,4,0,0,39.0,Fall,2
10562,08-22-2025,I-07 Sour Patch Aces,3,1,0,21.0,I,3,1,0,21.0,Fall,3
10563,08-22-2025,I-04 Pelon PelonetAss,3,1,0,21.0,I,3,1,0,21.0,Fall,4
10564,08-22-2025,I-09 Sour Pass Kids,3,1,0,4.0,I,3,1,0,4.0,Fall,5
10565,08-22-2025,I-01 Sugar Spikers,2,2,0,4.0,I,2,2,0,4.0,Fall,6
10566,08-22-2025,I-03 Volleypops,2,2,0,1.0,I,2,2,0,1.0,Fall,7
10567,08-22-2025,I-06 Candy Crushers,2,2,0,-15.0,I,2,2,0,-15.0,Fall,8
10568,08-22-2025,I-11 Gummy Bear Spikers,1,3,0,-22.0,I,1,3,0,-22.0,Fall,9
10569,08-22-2025,I-02 Spike Tarts,0,4,0,-25.0,I,0,4,0,-25.0,Fall,10
10570,08-22-2025,I-10 Volley Ranchers,0,4,0,-40.0,I,0,4,0,-40.0,Fall,11
10571,08-22-2025,I-12 Gummy Humpers,0,4,0,-43.0,I,0,4,0,-43.0,Fall,12
10572,09-05-2025,I-05 Sugar Rush,3,1,0,27.0,I,7,1,0,82.0,Fall,1
10573,09-05-2025,I-08 Fudge Force,3,1,0,23.0,I,7,1,0,62.0,Fall,2
10574,09-05-2025,I-09 Sour Pass Kids,3,1,0,14.0,I,6,2,0,18.0,Fall,3
10575,09-05-2025,I-03 Volleypops,3,1,0,16.0,I,5,3,0,17.0,Fall,4
10576,09-05-2025,I-04 Pelon PelonetAss,2,2,0,-14.0,I,5,3,0,7.0,Fall,5
10577,09-05-2025,I-07 Sour Patch Aces,1,3,0,-7.0,I,4,4,0,14.0,Fall,6
10578,09-05-2025,I-01 Sugar Spikers,2,2,0,5.0,I,4,4,0,9.0,Fall,7
10579,09-05-2025,I-06 Candy Crushers,2,2,0,9.0,I,4,4,0,-6.0,Fall,8
10580,09-05-2025,I-11 Gummy Bear Spikers,2,1,1,-1.0,I,3,4,1,-23.0,Fall,9
10581,09-05-2025,I-12 Gummy Humpers,2,2,0,-7.0,I,2,6,0,-50.0,Fall,10
10582,09-05-2025,I-10 Volley Ranchers,0,3,1,-22.0,I,0,7,1,-62.0,Fall,11
10583,09-05-2025,I-02 Spike Tarts,0,4,0,-43.0,I,0,8,0,-68.0,Fall,12
10584,09-12-2025,I-05 Sugar Rush,3,0,1,18.0,I,10,1,1,100.0,Fall,1
10585,09-12-2025,I-08 Fudge Force,2,2,0,1.0,I,9,3,0,63.0,Fall,2
10586,09-12-2025,I-09 Sour Pass Kids,3,1,0,23.0,I,9,3,0,41.0,Fall,3
10587,09-12-2025,I-04 Pelon PelonetAss,4,0,0,23.0,I,9,3,0,30.0,Fall,4
10588,09-12-2025,I-01 Sugar Spikers,3,1,0,11.0,I,7,5,0,20.0,Fall,5
10589,09-12-2025,I-07 Sour Patch Aces,2,2,0,-4.0,I,6,6,0,10.0,Fall,6
10590,09-12-2025,I-06 Candy Crushers,1,2,1,-6.0,I,5,6,1,-12.0,Fall,7
10591,09-12-2025,I-03 Volleypops,0,4,0,-24.0,I,5,7,0,-7.0,Fall,8
10592,09-12-2025,I-10 Volley Ranchers,3,1,0,17.0,I,3,8,1,-45.0,Fall,9
10593,09-12-2025,I-11 Gummy Bear Spikers,0,4,0,-34.0,I,3,8,1,-57.0,Fall,10
10594,09-12-2025,I-12 Gummy Humpers,1,3,0,-12.0,I,3,9,0,-62.0,Fall,11
10595,09-12-2025,I-02 Spike Tarts,1,3,0,-13.0,I,1,11,0,-81.0,Fall,12
10596,09-19-2025,I-05 Sugar Rush,4,0,0,35.0,I,14,1,1,135.0,Fall,1
10597,09-19-2025,I-08 Fudge Force,4,0,0,36.0,I,13,3,0,99.0,Fall,2
10598,09-19-2025,I-04 Pelon PelonetAss,4,0,0,33.0,I,13,3,0,63.0,Fall,3
10599,09-19-2025,I-09 Sour Pass Kids,3,0,1,25.0,I,12,3,1,66.0,Fall,4
10600,09-19-2025,I-01 Sugar Spikers,1,3,0,-6.0,I,8,8,0,14.0,Fall,5
10601,09-19-2025,I-03 Volleypops,2,1,1,18.0,I,7,8,1,11.0,Fall,6
10602,09-19-2025,I-06 Candy Crushers,2,2,0,13.0,I,7,8,1,1.0,Fall,7
10603,09-19-2025,I-07 Sour Patch Aces,1,3,0,-29.0,I,7,9,0,-19.0,Fall,8
10604,09-19-2025,I-11 Gummy Bear Spikers,1,3,0,-23.0,I,4,11,1,-80.0,Fall,9
10605,09-19-2025,I-12 Gummy Humpers,1,3,0,-10.0,I,4,12,0,-72.0,Fall,10
10606,09-19-2025,I-10 Volley Ranchers,0,4,0,-43.0,I,3,12,1,-88.0,Fall,11
10607,09-19-2025,I-02 Spike Tarts,0,4,0,-49.0,I,1,15,0,-130.0,Fall,12
10608,09-26-2025,I-05 Sugar Rush,4,0,0,28.0,I,18,1,1,163.0,Fall,1
10609,09-26-2025,I-08 Fudge Force,4,0,0,43.0,I,17,3,0,142.0,Fall,2
10610,09-26-2025,I-04 Pelon PelonetAss,2,2,0,-4.0,I,15,5,0,59.0,Fall,3
10611,09-26-2025,I-09 Sour Pass Kids,2,2,0,-4.0,I,14,5,1,62.0,Fall,4
10612,09-26-2025,I-01 Sugar Spikers,3,0,1,29.0,I,11,8,1,43.0,Fall,5
10613,09-26-2025,I-06 Candy Crushers,3,1,0,26.0,I,10,9,1,27.0,Fall,6
10614,09-26-2025,I-03 Volleypops,1,3,0,-17.0,I,8,11,1,-6.0,Fall,7
10615,09-26-2025,I-07 Sour Patch Aces,0,4,0,-39.0,I,7,13,0,-58.0,Fall,8
10616,09-26-2025,I-12 Gummy Humpers,2,2,0,-9.0,I,6,14,0,-81.0,Fall,9
10617,09-26-2025,I-11 Gummy Bear Spikers,1,2,1,3.0,I,5,13,2,-77.0,Fall,10
10618,09-26-2025,I-10 Volley Ranchers,0,4,0,-24.0,I,3,16,1,-112.0,Fall,11
10619,09-26-2025,I-02 Spike Tarts,1,3,0,-32.0,I,2,18,0,-162.0,Fall,12
10620,10-10-2025,I-05 Sugar Rush,3,1,0,22.0,I,21,2,1,185.0,Fall,1
10621,10-10-2025,I-08 Fudge Force,4,0,0,49.0,I,21,3,0,191.0,Fall,2
10622,10-10-2025,I-04 Pelon PelonetAss,2,2,0,7.0,I,17,7,0,66.0,Fall,3
10623,10-10-2025,I-09 Sour Pass Kids,2,2,0,13.0,I,16,7,1,75.0,Fall,4
10624,10-10-2025,I-01 Sugar Spikers,4,0,0,28.0,I,15,8,1,71.0,Fall,5
10625,10-10-2025,I-03 Volleypops,3,1,0,10.0,I,11,12,1,4.0,Fall,6
10626,10-10-2025,I-06 Candy Crushers,0,4,0,-42.0,I,10,13,1,-15.0,Fall,7
10627,10-10-2025,I-07 Sour Patch Aces,1,3,0,-17.0,I,8,16,0,-75.0,Fall,8
10628,10-10-2025,I-12 Gummy Humpers,2,2,0,3.0,I,8,16,0,-78.0,Fall,9
10629,10-10-2025,I-11 Gummy Bear Spikers,2,2,0,-7.0,I,7,15,2,-84.0,Fall,10
10630,10-10-2025,I-10 Volley Ranchers,0,4,0,-31.0,I,3,20,1,-143.0,Fall,11
10631,10-10-2025,I-02 Spike Tarts,1,3,0,-35.0,I,3,21,0,-197.0,Fall,12
10632,10-17-2025,I-08 Fudge Force,3,1,0,13.0,I,24,4,0,204.0,Fall,1
10633,10-17-2025,I-05 Sugar Rush,1,3,0,-11.0,I,22,5,1,174.0,Fall,2
10634,10-17-2025,I-09 Sour Pass Kids,4,0,0,13.0,I,20,7,1,88.0,Fall,3
10635,10-17-2025,I-04 Pelon PelonetAss,2,1,1,-2.0,I,19,8,1,64.0,Fall,4
10636,10-17-2025,I-01 Sugar Spikers,2,2,0,-2.0,I,17,10,1,69.0,Fall,5
10637,10-17-2025,I-03 Volleypops,2,2,0,3.0,I,13,14,1,7.0,Fall,6
10638,10-17-2025,I-12 Gummy Humpers,3,1,0,18.0,I,11,17,0,-60.0,Fall,7
10639,10-17-2025,I-11 Gummy Bear Spikers,3,1,0,24.0,I,10,16,2,-60.0,Fall,8
10640,10-17-2025,I-06 Candy Crushers,0,4,0,-16.0,I,10,17,1,-31.0,Fall,9
10641,10-17-2025,I-07 Sour Patch Aces,1,3,0,-12.0,I,9,19,0,-87.0,Fall,10
10642,10-17-2025,I-02 Spike Tarts,2,2,0,-6.0,I,5,23,0,-203.0,Fall,11
10643,10-17-2025,I-10 Volley Ranchers,0,3,1,-22.0,I,3,23,2,-165.0,Fall,12
10644,10-24-2025,I-08 Fudge Force,4,0,0,36.0,I,28,4,0,240.0,Fall,1
10645,10-24-2025,I-05 Sugar Rush,4,0,0,23.0,I,26,5,1,197.0,Fall,2
10646,10-24-2025,I-09 Sour Pass Kids,4,0,0,41.0,I,24,7,1,129.0,Fall,3
10647,10-24-2025,I-01 Sugar Spikers,4,0,0,33.0,I,21,10,1,102.0,Fall,4
10648,10-24-2025,I-04 Pelon PelonetAss,2,2,0,19.0,I,21,10,1,83.0,Fall,5
10649,10-24-2025,I-03 Volleypops,2,2,0,14.0,I,15,16,1,21.0,Fall,6
10650,10-24-2025,I-12 Gummy Humpers,2,2,0,-1.0,I,13,19,0,-61.0,Fall,7
10651,10-24-2025,I-06 Candy Crushers,2,2,0,10.0,I,12,19,1,-21.0,Fall,8
10652,10-24-2025,I-11 Gummy Bear Spikers,0,4,0,-37.0,I,10,20,2,-97.0,Fall,9
10653,10-24-2025,I-07 Sour Patch Aces,0,4,0,-43.0,I,9,23,0,-130.0,Fall,10
10654,10-24-2025,I-02 Spike Tarts,0,4,0,-55.0,I,5,27,0,-258.0,Fall,11
10655,10-24-2025,I-10 Volley Ranchers,0,4,0,-40.0,I,3,27,2,-205.0,Fall,12
10656,11-07-2025,I-08 Fudge Force,4,0,0,37.0,I,32,4,0,277.0,Fall,1
10657,11-07-2025,I-05 Sugar Rush,2,2,0,-11.0,I,28,7,1,186.0,Fall,2
10658,11-07-2025,I-09 Sour Pass Kids,4,0,0,43.0,I,28,7,1,172.0,Fall,3
10659,11-07-2025,I-04 Pelon PelonetAss,4,0,0,32.0,I,25,10,1,115.0,Fall,4
10660,11-07-2025,I-01 Sugar Spikers,3,1,0,17.0,I,24,11,1,119.0,Fall,5
10661,11-07-2025,I-03 Volleypops,2,2,0,8.0,I,17,18,1,29.0,Fall,6
10662,11-07-2025,I-06 Candy Crushers,1,3,0,-19.0,I,13,22,1,-40.0,Fall,7
10663,11-07-2025,I-12 Gummy Humpers,0,4,0,-21.0,I,13,23,0,-82.0,Fall,8
10664,11-07-2025,I-11 Gummy Bear Spikers,1,3,0,-24.0,I,11,23,2,-121.0,Fall,9
10665,11-07-2025,I-07 Sour Patch Aces,0,4,0,-27.0,I,9,27,0,-157.0,Fall,10
10666,11-07-2025,I-02 Spike Tarts,1,3,0,-25.0,I,6,30,0,-283.0,Fall,11
10667,11-07-2025,I-10 Volley Ranchers,2,2,0,-10.0,I,5,29,2,-215.0,Fall,12
10668,11-14-2025,I-08 Fudge Force,3,1,0,5.0,I,35,5,0,282.0,Fall,1
10669,11-14-2025,I-05 Sugar Rush,4,0,0,23.0,I,32,7,1,209.0,Fall,2
10670,11-14-2025,I-09 Sour Pass Kids,2,2,0,5.0,I,30,9,1,177.0,Fall,3
10671,11-14-2025,I-01 Sugar Spikers,3,1,0,3.0,I,27,12,1,122.0,Fall,4
10672,11-14-2025,I-04 Pelon PelonetAss,1,3,0,-8.0,I,26,13,1,107.0,Fall,5
10673,11-14-2025,I-03 Volleypops,2,2,0,1.0,I,19,20,1,30.0,Fall,6
10674,11-14-2025,I-06 Candy Crushers,3,1,0,33.0,I,16,23,1,-7.0,Fall,7
10675,11-14-2025,I-12 Gummy Humpers,1,3,0,-6.0,I,14,26,0,-88.0,Fall,8
10676,11-14-2025,I-11 Gummy Bear Spikers,1,3,0,-4.0,I,12,26,2,-125.0,Fall,9
10677,11-14-2025,I-07 Sour Patch Aces,1,3,0,-19.0,I,10,30,0,-176.0,Fall,10
10678,11-14-2025,I-10 Volley Ranchers,2,2,0,-15.0,I,7,31,2,-230.0,Fall,11
10679,11-14-2025,I-02 Spike Tarts,1,3,0,-18.0,I,7,33,0,-301.0,Fall,12
10680,11-21-2025,I-08 Fudge Force,3,1,0,8.0,I,38,6,0,290.0,Fall,1
10681,11-21-2025,I-09 Sour Pass Kids,3,1,0,18.0,I,33,10,1,195.0,Fall,2
10682,11-21-2025,I-05 Sugar Rush,0,4,0,-26.0,I,32,11,1,183.0,Fall,3
10683,11-21-2025,I-01 Sugar Spikers,2,2,0,-4.0,I,29,14,1,118.0,Fall,4
10684,11-21-2025,I-04 Pelon PelonetAss,3,1,0,4.0,I,29,14,1,111.0,Fall,5
10685,11-21-2025,I-03 Volleypops,3,1,0,13.0,I,22,21,1,43.0,Fall,6
10686,11-21-2025,I-06 Candy Crushers,1,3,0,-8.0,I,17,26,1,-15.0,Fall,7
10687,11-21-2025,I-12 Gummy Humpers,3,1,0,0.0,I,17,27,0,-88.0,Fall,8
10688,11-21-2025,I-11 Gummy Bear Spikers,2,2,0,9.0,I,14,28,2,-116.0,Fall,9
10689,11-21-2025,I-07 Sour Patch Aces,2,2,0,4.0,I,12,32,0,-172.0,Fall,10
10690,11-21-2025,I-10 Volley Ranchers,1,3,0,-9.0,I,8,34,2,-239.0,Fall,11
10691,11-21-2025,I-02 Spike Tarts,1,3,0,-9.0,I,8,36,0,-310.0,Fall,12
10692,08-22-2025,P-09 Taste My Rainbow,4,0,0,19.0,P,4,0,0,19.0,Fall,1
10693,08-22-2025,P-05 Jaw Breakers,3,1,0,21.0,P,3,1,0,21.0,Fall,2
10694,08-22-2025,P-01 Pop rocks cock blocks,3,1,0,14.0,P,3,1,0,14.0,Fall,3
10695,08-22-2025,P-03 Blows Pop,2,2,0,13.0,P,2,2,0,13.0,Fall,4
10696,08-22-2025,P-06 Hot Ta-Mamas!,2,2,0,8.0,P,2,2,0,8.0,Fall,5
10697,08-22-2025,P-08 Nutty Buddies,1,3,0,-8.0,P,1,3,0,-8.0,Fall,6
10698,08-22-2025,P-07 Reese’s Pieces (of ass),1,3,0,-11.0,P,1,3,0,-11.0,Fall,7
10699,08-22-2025,P-02 Spikes and Ike’s,1,3,0,-27.0,P,1,3,0,-27.0,Fall,8
10700,08-22-2025,P-04 The SnM’s,1,3,0,-29.0,P,1,3,0,-29.0,Fall,9
10701,09-05-2025,P-01 Pop rocks cock blocks,4,0,0,18.0,P,7,1,0,32.0,Fall,1
10702,09-05-2025,P-03 Blows Pop,4,0,0,32.0,P,6,2,0,45.0,Fall,2
10703,09-05-2025,P-09 Taste My Rainbow,2,2,0,5.0,P,6,2,0,24.0,Fall,3
10704,09-05-2025,P-05 Jaw Breakers,1,3,0,-15.0,P,4,4,0,6.0,Fall,4
10705,09-05-2025,P-08 Nutty Buddies,3,1,0,7.0,P,4,4,0,-1.0,Fall,5
10706,09-05-2025,P-07 Reese’s Pieces (of ass),2,2,0,-2.0,P,3,5,0,-13.0,Fall,6
10707,09-05-2025,P-02 Spikes and Ike’s,2,2,0,8.0,P,3,5,0,-19.0,Fall,7
10708,09-05-2025,P-06 Hot Ta-Mamas!,0,4,0,-37.0,P,2,6,0,-29.0,Fall,8
10709,09-05-2025,P-04 The SnM’s,0,4,0,-16.0,P,1,7,0,-45.0,Fall,9
10710,09-12-2025,P-01 Pop rocks cock blocks,3,1,0,18.0,P,10,2,0,50.0,Fall,1
10711,09-12-2025,P-09 Taste My Rainbow,3,1,0,19.0,P,9,3,0,43.0,Fall,2
10712,09-12-2025,P-03 Blows Pop,2,2,0,-3.0,P,8,4,0,42.0,Fall,3
10713,09-12-2025,P-08 Nutty Buddies,3,1,0,15.0,P,7,5,0,14.0,Fall,4
10714,09-12-2025,P-07 Reese’s Pieces (of ass),2,2,0,8.0,P,5,7,0,-5.0,Fall,5
10715,09-12-2025,P-02 Spikes and Ike’s,2,2,0,-12.0,P,5,7,0,-31.0,Fall,6
10716,09-12-2025,P-06 Hot Ta-Mamas!,2,2,0,4.0,P,4,8,0,-25.0,Fall,7
10717,09-12-2025,P-05 Jaw Breakers,0,4,0,-37.0,P,4,8,0,-31.0,Fall,8
10718,09-12-2025,P-04 The SnM’s,1,3,0,-12.0,P,2,10,0,-57.0,Fall,9
10719,09-19-2025,P-01 Pop rocks cock blocks,4,0,0,31.0,P,14,2,0,81.0,Fall,1
10720,09-19-2025,P-09 Taste My Rainbow,3,1,0,19.0,P,12,4,0,62.0,Fall,2
10721,09-19-2025,P-03 Blows Pop,1,3,0,-10.0,P,9,7,0,32.0,Fall,3
10722,09-19-2025,P-05 Jaw Breakers,4,0,0,32.0,P,8,8,0,1.0,Fall,4
10723,09-19-2025,P-08 Nutty Buddies,1,3,0,-19.0,P,8,8,0,-5.0,Fall,5
10724,09-19-2025,P-02 Spikes and Ike’s,3,1,0,9.0,P,8,8,0,-22.0,Fall,6
10725,09-19-2025,P-07 Reese’s Pieces (of ass),1,3,0,-22.0,P,6,10,0,-27.0,Fall,7
10726,09-19-2025,P-06 Hot Ta-Mamas!,1,3,0,-12.0,P,5,11,0,-37.0,Fall,8
10727,09-19-2025,P-04 The SnM’s,0,4,0,-28.0,P,2,14,0,-85.0,Fall,9
10728,09-26-2025,P-01 Pop rocks cock blocks,2,2,0,2.0,P,16,4,0,83.0,Fall,1
10729,09-26-2025,P-09 Taste My Rainbow,3,1,0,14.0,P,15,5,0,76.0,Fall,2
10730,09-26-2025,P-03 Blows Pop,3,1,0,14.0,P,12,8,0,46.0,Fall,3
10731,09-26-2025,P-05 Jaw Breakers,4,0,0,36.0,P,12,8,0,37.0,Fall,4
10732,09-26-2025,P-08 Nutty Buddies,2,2,0,9.0,P,10,10,0,4.0,Fall,5
10733,09-26-2025,P-02 Spikes and Ike’s,1,3,0,-16.0,P,9,11,0,-38.0,Fall,6
10734,09-26-2025,P-07 Reese’s Pieces (of ass),1,3,0,-23.0,P,7,13,0,-50.0,Fall,7
10735,09-26-2025,P-06 Hot Ta-Mamas!,0,4,0,-44.0,P,5,15,0,-81.0,Fall,8
10736,09-26-2025,P-04 The SnM’s,2,2,0,8.0,P,4,16,0,-77.0,Fall,9
10737,10-10-2025,P-01 Pop rocks cock blocks,4,0,0,21.0,P,20,4,0,104.0,Fall,1
10738,10-10-2025,P-09 Taste My Rainbow,4,0,0,25.0,P,19,5,0,101.0,Fall,2
10739,10-10-2025,P-03 Blows Pop,2,2,0,18.0,P,14,10,0,64.0,Fall,3
10740,10-10-2025,P-05 Jaw Breakers,1,2,1,-9.0,P,13,10,1,28.0,Fall,4
10741,10-10-2025,P-02 Spikes and Ike’s,4,0,0,35.0,P,13,11,0,-3.0,Fall,5
10742,10-10-2025,P-08 Nutty Buddies,0,3,1,-26.0,P,10,13,1,-22.0,Fall,6
10743,10-10-2025,P-07 Reese’s Pieces (of ass),0,4,0,-19.0,P,7,17,0,-69.0,Fall,7
10744,10-10-2025,P-04 The SnM’s,2,2,0,-2.0,P,6,18,0,-79.0,Fall,8
10745,10-10-2025,P-06 Hot Ta-Mamas!,0,4,0,-43.0,P,5,19,0,-124.0,Fall,9
10746,10-17-2025,P-09 Taste My Rainbow,3,0,1,17.0,P,22,5,1,118.0,Fall,1
10747,10-17-2025,P-01 Pop rocks cock blocks,2,1,1,13.0,P,22,5,1,117.0,Fall,2
10748,10-17-2025,P-03 Blows Pop,3,1,0,8.0,P,17,11,0,72.0,Fall,3
10749,10-17-2025,P-02 Spikes and Ike’s,2,2,0,17.0,P,15,13,0,14.0,Fall,4
10750,10-17-2025,P-05 Jaw Breakers,0,4,0,-30.0,P,13,14,1,-2.0,Fall,5
10751,10-17-2025,P-08 Nutty Buddies,3,1,0,14.0,P,13,14,1,-8.0,Fall,6
10752,10-17-2025,P-07 Reese’s Pieces (of ass),3,1,0,15.0,P,10,18,0,-54.0,Fall,7
10753,10-17-2025,P-04 The SnM’s,0,4,0,-22.0,P,6,22,0,-101.0,Fall,8
10754,10-17-2025,P-06 Hot Ta-Mamas!,1,3,0,-32.0,P,6,22,0,-156.0,Fall,9
10755,10-24-2025,P-01 Pop rocks cock blocks,3,1,0,19.0,P,25,6,1,136.0,Fall,1
10756,10-24-2025,P-09 Taste My Rainbow,2,2,0,-3.0,P,24,7,1,115.0,Fall,2
10757,10-24-2025,P-03 Blows Pop,2,2,0,-8.0,P,19,13,0,64.0,Fall,3
10758,10-24-2025,P-02 Spikes and Ike’s,2,2,0,-1.0,P,17,15,0,13.0,Fall,4
10759,10-24-2025,P-05 Jaw Breakers,3,1,0,16.0,P,16,15,1,14.0,Fall,5
10760,10-24-2025,P-08 Nutty Buddies,3,1,0,3.0,P,16,15,1,-5.0,Fall,6
10761,10-24-2025,P-07 Reese’s Pieces (of ass),1,3,0,-8.0,P,11,21,0,-62.0,Fall,7
10762,10-24-2025,P-04 The SnM’s,2,2,0,4.0,P,8,24,0,-97.0,Fall,8
10763,10-24-2025,P-06 Hot Ta-Mamas!,0,4,0,-22.0,P,6,26,0,-178.0,Fall,9
10764,11-07-2025,P-01 Pop rocks cock blocks,3,1,0,27.0,P,28,7,1,163.0,Fall,1
10765,11-07-2025,P-09 Taste My Rainbow,2,2,0,-6.0,P,26,9,1,109.0,Fall,2
10766,11-07-2025,P-03 Blows Pop,3,1,0,4.0,P,22,14,0,68.0,Fall,3
10767,11-07-2025,P-05 Jaw Breakers,4,0,0,51.0,P,20,15,1,65.0,Fall,4
10768,11-07-2025,P-08 Nutty Buddies,1,3,0,-3.0,P,17,18,1,-8.0,Fall,5
10769,11-07-2025,P-02 Spikes and Ike’s,0,4,0,-31.0,P,17,19,0,-18.0,Fall,6
10770,11-07-2025,P-07 Reese’s Pieces (of ass),3,1,0,9.0,P,14,22,0,-53.0,Fall,7
10771,11-07-2025,P-04 The SnM’s,1,2,1,-18.0,P,9,26,1,-115.0,Fall,8
10772,11-07-2025,P-06 Hot Ta-Mamas!,0,3,1,-33.0,P,6,29,1,-211.0,Fall,9
10773,11-14-2025,P-01 Pop rocks cock blocks,4,0,0,17.0,P,32,7,1,180.0,Fall,1
10774,11-14-2025,P-09 Taste My Rainbow,2,2,0,2.0,P,28,11,1,111.0,Fall,2
10775,11-14-2025,P-03 Blows Pop,3,1,0,17.0,P,25,15,0,85.0,Fall,3
10776,11-14-2025,P-05 Jaw Breakers,3,0,1,22.0,P,23,15,2,87.0,Fall,4
10777,11-14-2025,P-08 Nutty Buddies,1,2,1,-5.0,P,18,20,2,-13.0,Fall,5
10778,11-14-2025,P-02 Spikes and Ike’s,1,3,0,-17.0,P,18,22,0,-35.0,Fall,6
10779,11-14-2025,P-07 Reese’s Pieces (of ass),1,3,0,-8.0,P,15,25,0,-61.0,Fall,7
10780,11-14-2025,P-04 The SnM’s,1,3,0,-9.0,P,10,29,1,-124.0,Fall,8
10781,11-14-2025,P-06 Hot Ta-Mamas!,1,3,0,-19.0,P,7,32,1,-230.0,Fall,9
10782,11-21-2025,P-01 Pop rocks cock blocks,3,1,0,6.0,P,35,8,1,186.0,Fall,1
10783,11-21-2025,P-03 Blows Pop,4,0,0,28.0,P,29,15,0,113.0,Fall,2
10784,11-21-2025,P-09 Taste My Rainbow,0,4,0,-31.0,P,28,15,1,80.0,Fall,3
10785,11-21-2025,P-05 Jaw Breakers,3,1,0,25.0,P,26,16,2,112.0,Fall,4
10786,11-21-2025,P-08 Nutty Buddies,1,3,0,-7.0,P,19,23,2,-20.0,Fall,5
10787,11-21-2025,P-02 Spikes and Ike’s,0,0,4,0.0,P,18,22,4,-35.0,Fall,6
10788,11-21-2025,P-07 Reese’s Pieces (of ass),0,0,4,0.0,P,15,25,4,-61.0,Fall,7
10789,11-21-2025,P-04 The SnM’s,1,3,0,-21.0,P,11,32,1,-145.0,Fall,8
10790,11-21-2025,P-06 Hot Ta-Mamas!,0,0,4,0.0,P,7,32,5,-230.0,Fall,9
10791,08-22-2025,R-02 Guardians of The Net,4,0,0,31.0,R,4,0,0,31.0,Fall,1
10792,08-22-2025,R-03 Thunderballz,3,1,0,22.0,R,3,1,0,22.0,Fall,2
10793,08-22-2025,R-06 Spike Men: Days of the Slay Past,3,1,0,8.0,R,3,1,0,8.0,Fall,3
10794,08-22-2025,R-05 The PowerPass Girls,2,2,0,-10.0,R,2,2,0,-10.0,Fall,4
10795,08-22-2025,R-04 Spiketastic Seven,0,4,0,-21.0,R,0,4,0,-21.0,Fall,5
10796,08-22-2025,R-01 Hulk-Smash,0,4,0,-30.0,R,0,4,0,-30.0,Fall,6
10797,09-05-2025,R-02 Guardians of The Net,3,1,0,17.0,R,7,1,0,48.0,Fall,1
10798,09-05-2025,R-03 Thunderballz,3,1,0,7.0,R,6,2,0,29.0,Fall,2
10799,09-05-2025,R-06 Spike Men: Days of the Slay Past,0,4,0,-24.0,R,3,5,0,-16.0,Fall,3
10800,09-05-2025,R-01 Hulk-Smash,3,1,0,6.0,R,3,5,0,-24.0,Fall,4
10801,09-05-2025,R-05 The PowerPass Girls,1,3,0,-26.0,R,3,5,0,-36.0,Fall,5
10802,09-05-2025,R-04 Spiketastic Seven,2,2,0,20.0,R,2,6,0,-1.0,Fall,6
10803,09-12-2025,R-02 Guardians of The Net,3,1,0,13.0,R,10,2,0,61.0,Fall,1
10804,09-12-2025,R-03 Thunderballz,4,0,0,16.0,R,10,2,0,45.0,Fall,2
10805,09-12-2025,R-06 Spike Men: Days of the Slay Past,2,2,0,-3.0,R,5,7,0,-19.0,Fall,3
10806,09-12-2025,R-01 Hulk-Smash,1,3,0,-12.0,R,4,8,0,-36.0,Fall,4
10807,09-12-2025,R-05 The PowerPass Girls,1,3,0,-10.0,R,4,8,0,-46.0,Fall,5
10808,09-12-2025,R-04 Spiketastic Seven,1,3,0,-4.0,R,3,9,0,-5.0,Fall,6
10809,09-19-2025,R-02 Guardians of The Net,4,0,0,25.0,R,14,2,0,86.0,Fall,1
10810,09-19-2025,R-03 Thunderballz,3,0,1,22.0,R,13,2,1,67.0,Fall,2
10811,09-19-2025,R-06 Spike Men: Days of the Slay Past,2,1,1,8.0,R,7,8,1,-11.0,Fall,3
10812,09-19-2025,R-05 The PowerPass Girls,2,2,0,0.0,R,6,10,0,-46.0,Fall,4
10813,09-19-2025,R-01 Hulk-Smash,0,4,0,-30.0,R,4,12,0,-66.0,Fall,5
10814,09-19-2025,R-04 Spiketastic Seven,0,4,0,-25.0,R,3,13,0,-30.0,Fall,6
10815,09-26-2025,R-02 Guardians of The Net,3,1,0,12.0,R,17,3,0,98.0,Fall,1
10816,09-26-2025,R-03 Thunderballz,3,1,0,23.0,R,16,3,1,90.0,Fall,2
10817,09-26-2025,R-06 Spike Men: Days of the Slay Past,3,1,0,7.0,R,10,9,1,-4.0,Fall,3
10818,09-26-2025,R-05 The PowerPass Girls,1,3,0,-3.0,R,7,13,0,-49.0,Fall,4
10819,09-26-2025,R-01 Hulk-Smash,2,2,0,-4.0,R,6,14,0,-70.0,Fall,5
10820,09-26-2025,R-04 Spiketastic Seven,0,4,0,-35.0,R,3,17,0,-65.0,Fall,6
10821,10-10-2025,R-03 Thunderballz,4,0,0,34.0,R,20,3,1,124.0,Fall,1
10822,10-10-2025,R-02 Guardians of The Net,2,2,0,-8.0,R,19,5,0,90.0,Fall,2
10823,10-10-2025,R-06 Spike Men: Days of the Slay Past,1,3,0,-8.0,R,11,12,1,-12.0,Fall,3
10824,10-10-2025,R-05 The PowerPass Girls,3,1,0,16.0,R,10,14,0,-33.0,Fall,4
10825,10-10-2025,R-01 Hulk-Smash,1,3,0,-6.0,R,7,17,0,-76.0,Fall,5
10826,10-10-2025,R-04 Spiketastic Seven,1,3,0,-28.0,R,4,20,0,-93.0,Fall,6
10827,10-17-2025,R-03 Thunderballz,3,1,0,17.0,R,23,4,1,141.0,Fall,1
10828,10-17-2025,R-02 Guardians of The Net,4,0,0,35.0,R,23,5,0,125.0,Fall,2
10829,10-17-2025,R-06 Spike Men: Days of the Slay Past,2,2,0,-1.0,R,13,14,1,-13.0,Fall,3
10830,10-17-2025,R-05 The PowerPass Girls,0,4,0,-30.0,R,10,18,0,-63.0,Fall,4
10831,10-17-2025,R-01 Hulk-Smash,1,3,0,-16.0,R,8,20,0,-92.0,Fall,5
10832,10-17-2025,R-04 Spiketastic Seven,2,2,0,-5.0,R,6,22,0,-98.0,Fall,6
10833,10-24-2025,R-03 Thunderballz,4,0,0,17.0,R,27,4,1,158.0,Fall,1
10834,10-24-2025,R-02 Guardians of The Net,2,2,0,12.0,R,25,7,0,137.0,Fall,2
10835,10-24-2025,R-06 Spike Men: Days of the Slay Past,2,2,0,-3.0,R,15,16,1,-16.0,Fall,3
10836,10-24-2025,R-05 The PowerPass Girls,2,2,0,3.0,R,12,20,0,-60.0,Fall,4
10837,10-24-2025,R-01 Hulk-Smash,2,2,0,0.0,R,10,22,0,-92.0,Fall,5
10838,10-24-2025,R-04 Spiketastic Seven,0,4,0,-29.0,R,6,26,0,-127.0,Fall,6
10839,11-07-2025,R-03 Thunderballz,4,0,0,43.0,R,31,4,1,201.0,Fall,1
10840,11-07-2025,R-02 Guardians of The Net,1,3,0,-12.0,R,26,10,0,125.0,Fall,2
10841,11-07-2025,R-06 Spike Men: Days of the Slay Past,1,3,0,-31.0,R,16,19,1,-47.0,Fall,3
10842,11-07-2025,R-05 The PowerPass Girls,3,1,0,23.0,R,15,21,0,-37.0,Fall,4
10843,11-07-2025,R-01 Hulk-Smash,1,3,0,-18.0,R,11,25,0,-110.0,Fall,5
10844,11-07-2025,R-04 Spiketastic Seven,2,2,0,-5.0,R,8,28,0,-132.0,Fall,6
10845,11-14-2025,R-03 Thunderballz,3,1,0,-6.0,R,34,5,1,195.0,Fall,1
10846,11-14-2025,R-02 Guardians of The Net,3,1,0,20.0,R,29,11,0,145.0,Fall,2
10847,11-14-2025,R-05 The PowerPass Girls,3,1,0,10.0,R,18,22,0,-27.0,Fall,3
10848,11-14-2025,R-06 Spike Men: Days of the Slay Past,1,3,0,-3.0,R,17,22,1,-50.0,Fall,4
10849,11-14-2025,R-01 Hulk-Smash,2,2,0,9.0,R,13,27,0,-101.0,Fall,5
10850,11-14-2025,R-04 Spiketastic Seven,0,4,0,-30.0,R,8,32,0,-162.0,Fall,6
10851,11-21-2025,R-03 Thunderballz,2,2,0,-11.0,R,36,7,1,184.0,Fall,1
10852,11-21-2025,R-02 Guardians of The Net,4,0,0,31.0,R,33,11,0,176.0,Fall,2
10853,11-21-2025,R-06 Spike Men: Days of the Slay Past,4,0,0,17.0,R,21,22,1,-33.0,Fall,3
10854,11-21-2025,R-05 The PowerPass Girls,0,4,0,-20.0,R,18,26,0,-47.0,Fall,4
10855,11-21-2025,R-01 Hulk-Smash,0,4,0,-15.0,R,13,31,0,-116.0,Fall,5
10856,11-21-2025,R-04 Spiketastic Seven,2,2,0,-2.0,R,10,34,0,-164.0,Fall,6
10857,08-22-2025,S-08 - Goldi-Blocks,4,0,0,39.0,S,4,0,0,39.0,Fall,1
10858,08-22-2025,S-05 - The Prince And The Passer,4,0,0,24.0,S,4,0,0,24.0,Fall,2
10859,08-22-2025,S-07 - The Blockyardigans,4,0,0,23.0,S,4,0,0,23.0,Fall,3
10860,08-22-2025,S-15 - Green Eggs & Slam,3,1,0,17.0,S,3,1,0,17.0,Fall,4
10861,08-22-2025,S-12 - Dragon Tales And Hits,3,1,0,15.0,S,3,1,0,15.0,Fall,5
10862,08-22-2025,S-11 - Bumpty Dumpty v1,3,1,0,15.0,S,3,1,0,15.0,Fall,6
10863,08-22-2025,S-01 - Duck Duck Ace,3,1,0,4.0,S,3,1,0,4.0,Fall,7
10864,08-22-2025,S-18 - Six Blind Mice,2,1,1,11.0,S,2,1,1,11.0,Fall,8
10865,08-22-2025,S-09 - Bibbidi Boppity Boom!,2,2,0,15.0,S,2,2,0,15.0,Fall,9
10866,08-22-2025,S-13 - Block A Bye Baby,2,2,0,0.0,S,2,2,0,0.0,Fall,10
10867,08-22-2025,S-14 - Slam I Am,2,2,0,-2.0,S,2,2,0,-2.0,Fall,11
10868,08-22-2025,S-16 - If You Give A Mouse A Set,2,2,0,-5.0,S,2,2,0,-5.0,Fall,12
10869,08-22-2025,S-10 - Bump-ty Dump-tys,1,3,0,-4.0,S,1,3,0,-4.0,Fall,13
10870,08-22-2025,S-06 - Twinkerbells,0,3,1,-26.0,S,0,3,1,-26.0,Fall,14
10871,08-22-2025,S-02 - Itsy Bitsy Spikers,0,4,0,-22.0,S,0,4,0,-22.0,Fall,15
10872,08-22-2025,S-17 - Horton Hits A Shoot,0,4,0,-32.0,S,0,4,0,-32.0,Fall,16
10873,08-22-2025,S-04 - Little Red Spikers,0,4,0,-34.0,S,0,4,0,-34.0,Fall,17
10874,08-22-2025,S-03 - Not The Gumdrop Aces,0,4,0,-38.0,S,0,4,0,-38.0,Fall,18
10875,09-05-2025,S-05 - The Prince And The Passer,4,0,0,26.0,S,8,0,0,50.0,Fall,1
10876,09-05-2025,S-08 - Goldi-Blocks,3,1,0,7.0,S,7,1,0,46.0,Fall,2
10877,09-05-2025,S-12 - Dragon Tales And Hits,4,0,0,25.0,S,7,1,0,40.0,Fall,3
10878,09-05-2025,S-07 - The Blockyardigans,3,1,0,4.0,S,7,1,0,27.0,Fall,4
10879,09-05-2025,S-09 - Bibbidi Boppity Boom!,3,1,0,20.0,S,5,3,0,35.0,Fall,5
10880,09-05-2025,S-15 - Green Eggs & Slam,2,2,0,9.0,S,5,3,0,26.0,Fall,6
10881,09-05-2025,S-16 - If You Give A Mouse A Set,3,1,0,2.0,S,5,3,0,-3.0,Fall,7
10882,09-05-2025,S-13 - Block A Bye Baby,2,2,0,23.0,S,4,4,0,23.0,Fall,8
10883,09-05-2025,S-01 - Duck Duck Ace,1,3,0,2.0,S,4,4,0,6.0,Fall,9
10884,09-05-2025,S-11 - Bumpty Dumpty v1,1,3,0,-13.0,S,4,4,0,2.0,Fall,10
10885,09-05-2025,S-10 - Bump-ty Dump-tys,2,2,0,4.0,S,3,5,0,0.0,Fall,11
10886,09-05-2025,S-14 - Slam I Am,1,3,0,-16.0,S,3,5,0,-18.0,Fall,12
10887,09-05-2025,S-04 - Little Red Spikers,3,1,0,12.0,S,3,5,0,-22.0,Fall,13
10888,09-05-2025,S-18 - Six Blind Mice,0,4,0,-30.0,S,2,5,1,-19.0,Fall,14
10889,09-05-2025,S-02 - Itsy Bitsy Spikers,2,2,0,11.0,S,2,6,0,-11.0,Fall,15
10890,09-05-2025,S-06 - Twinkerbells,1,3,0,-27.0,S,1,6,1,-53.0,Fall,16
10891,09-05-2025,S-03 - Not The Gumdrop Aces,1,3,0,-27.0,S,1,7,0,-65.0,Fall,17
10892,09-05-2025,S-17 - Horton Hits A Shoot,0,4,0,-32.0,S,0,8,0,-64.0,Fall,18
10893,09-12-2025,S-07 - The Blockyardigans,4,0,0,61.0,S,11,1,0,88.0,Fall,1
10894,09-12-2025,S-05 - The Prince And The Passer,2,2,0,6.0,S,10,2,0,56.0,Fall,2
10895,09-12-2025,S-08 - Goldi-Blocks,2,2,0,-7.0,S,9,3,0,39.0,Fall,3
10896,09-12-2025,S-01 - Duck Duck Ace,4,0,0,52.0,S,8,4,0,58.0,Fall,4
10897,09-12-2025,S-12 - Dragon Tales And Hits,1,3,0,1.0,S,8,4,0,41.0,Fall,5
10898,09-12-2025,S-11 - Bumpty Dumpty v1,4,0,0,23.0,S,8,4,0,25.0,Fall,6
10899,09-12-2025,S-04 - Little Red Spikers,4,0,0,20.0,S,7,5,0,-2.0,Fall,7
10900,09-12-2025,S-13 - Block A Bye Baby,2,2,0,1.0,S,6,6,0,24.0,Fall,8
10901,09-12-2025,S-02 - Itsy Bitsy Spikers,4,0,0,30.0,S,6,6,0,19.0,Fall,9
10902,09-12-2025,S-09 - Bibbidi Boppity Boom!,1,3,0,-24.0,S,6,6,0,11.0,Fall,10
10903,09-12-2025,S-15 - Green Eggs & Slam,1,3,0,-21.0,S,6,6,0,5.0,Fall,11
10904,09-12-2025,S-16 - If You Give A Mouse A Set,1,3,0,-24.0,S,6,6,0,-27.0,Fall,12
10905,09-12-2025,S-10 - Bump-ty Dump-tys,1,3,0,-9.0,S,4,8,0,-9.0,Fall,13
10906,09-12-2025,S-18 - Six Blind Mice,1,3,0,-28.0,S,3,8,1,-47.0,Fall,14
10907,09-12-2025,S-03 - Not The Gumdrop Aces,2,2,0,3.0,S,3,9,0,-62.0,Fall,15
10908,09-12-2025,S-14 - Slam I Am,0,4,0,-100.0,S,3,9,0,-118.0,Fall,16
10909,09-12-2025,S-17 - Horton Hits A Shoot,2,2,0,39.0,S,2,10,0,-25.0,Fall,17
10910,09-12-2025,S-06 - Twinkerbells,0,4,0,-23.0,S,1,10,1,-76.0,Fall,18
10911,09-19-2025,S-05 - The Prince And The Passer,3,1,0,37.0,S,13,3,0,93.0,Fall,1
10912,09-19-2025,S-07 - The Blockyardigans,2,2,0,-10.0,S,13,3,0,78.0,Fall,2
10913,09-19-2025,S-11 - Bumpty Dumpty v1,3,1,0,17.0,S,11,5,0,42.0,Fall,3
10914,09-19-2025,S-01 - Duck Duck Ace,2,2,0,8.0,S,10,6,0,66.0,Fall,4
10915,09-19-2025,S-08 - Goldi-Blocks,1,3,0,-6.0,S,10,6,0,33.0,Fall,5
10916,09-19-2025,S-16 - If You Give A Mouse A Set,4,0,0,29.0,S,10,6,0,2.0,Fall,6
10917,09-19-2025,S-12 - Dragon Tales And Hits,1,3,0,-6.0,S,9,7,0,35.0,Fall,7
10918,09-19-2025,S-09 - Bibbidi Boppity Boom!,3,1,0,14.0,S,9,7,0,25.0,Fall,8
10919,09-19-2025,S-04 - Little Red Spikers,2,2,0,-2.0,S,9,7,0,-4.0,Fall,9
10920,09-19-2025,S-02 - Itsy Bitsy Spikers,2,1,1,8.0,S,8,7,1,27.0,Fall,10
10921,09-19-2025,S-15 - Green Eggs & Slam,1,3,0,-23.0,S,7,9,0,-18.0,Fall,11
10922,09-19-2025,S-13 - Block A Bye Baby,0,3,1,-22.0,S,6,9,1,2.0,Fall,12
10923,09-19-2025,S-18 - Six Blind Mice,3,1,0,16.0,S,6,9,1,-31.0,Fall,13
10924,09-19-2025,S-10 - Bump-ty Dump-tys,2,2,0,-1.0,S,6,10,0,-10.0,Fall,14
10925,09-19-2025,S-03 - Not The Gumdrop Aces,2,2,0,-10.0,S,5,11,0,-72.0,Fall,15
10926,09-19-2025,S-14 - Slam I Am,2,2,0,3.0,S,5,11,0,-115.0,Fall,16
10927,09-19-2025,S-17 - Horton Hits A Shoot,1,3,0,-27.0,S,3,13,0,-52.0,Fall,17
10928,09-19-2025,S-06 - Twinkerbells,1,3,0,-25.0,S,2,13,1,-101.0,Fall,18
10929,09-26-2025,S-07 - The Blockyardigans,2,1,1,6.0,S,15,4,1,84.0,Fall,1
10930,09-26-2025,S-05 - The Prince And The Passer,2,2,0,-18.0,S,15,5,0,75.0,Fall,2
10931,09-26-2025,S-11 - Bumpty Dumpty v1,3,1,0,32.0,S,14,6,0,74.0,Fall,3
10932,09-26-2025,S-08 - Goldi-Blocks,4,0,0,24.0,S,14,6,0,57.0,Fall,4
10933,09-26-2025,S-01 - Duck Duck Ace,3,1,0,8.0,S,13,7,0,74.0,Fall,5
10934,09-26-2025,S-12 - Dragon Tales And Hits,4,0,0,33.0,S,13,7,0,68.0,Fall,6
10935,09-26-2025,S-09 - Bibbidi Boppity Boom!,3,1,0,23.0,S,12,8,0,48.0,Fall,7
10936,09-26-2025,S-16 - If You Give A Mouse A Set,1,3,0,-32.0,S,11,9,0,-30.0,Fall,8
10937,09-26-2025,S-02 - Itsy Bitsy Spikers,2,2,0,5.0,S,10,9,1,32.0,Fall,9
10938,09-26-2025,S-04 - Little Red Spikers,1,3,0,-14.0,S,10,10,0,-18.0,Fall,10
10939,09-26-2025,S-03 - Not The Gumdrop Aces,4,0,0,22.0,S,9,11,0,-50.0,Fall,11
10940,09-26-2025,S-10 - Bump-ty Dump-tys,2,2,0,-11.0,S,8,12,0,-21.0,Fall,12
10941,09-26-2025,S-13 - Block A Bye Baby,1,3,0,-16.0,S,7,12,1,-14.0,Fall,13
10942,09-26-2025,S-15 - Green Eggs & Slam,0,3,1,-14.0,S,7,12,1,-32.0,Fall,14
10943,09-26-2025,S-18 - Six Blind Mice,1,3,0,-6.0,S,7,12,1,-37.0,Fall,15
10944,09-26-2025,S-14 - Slam I Am,2,2,0,9.0,S,7,13,0,-106.0,Fall,16
10945,09-26-2025,S-17 - Horton Hits A Shoot,0,4,0,-38.0,S,3,17,0,-90.0,Fall,17
10946,09-26-2025,S-06 - Twinkerbells,0,4,0,-13.0,S,2,17,1,-114.0,Fall,18
10947,10-10-2025,S-07 - The Blockyardigans,3,1,0,10.0,S,18,5,1,94.0,Fall,1
10948,10-10-2025,S-11 - Bumpty Dumpty v1,4,0,0,64.0,S,18,6,0,138.0,Fall,2
10949,10-10-2025,S-05 - The Prince And The Passer,2,2,0,5.0,S,17,7,0,80.0,Fall,3
10950,10-10-2025,S-01 - Duck Duck Ace,2,2,0,5.0,S,15,9,0,79.0,Fall,4
10951,10-10-2025,S-12 - Dragon Tales And Hits,1,3,0,-9.0,S,14,10,0,59.0,Fall,5
10952,10-10-2025,S-08 - Goldi-Blocks,0,4,0,-18.0,S,14,10,0,39.0,Fall,6
10953,10-10-2025,S-09 - Bibbidi Boppity Boom!,2,2,0,-10.0,S,14,10,0,38.0,Fall,7
10954,10-10-2025,S-16 - If You Give A Mouse A Set,3,1,0,19.0,S,14,10,0,-11.0,Fall,8
10955,10-10-2025,S-02 - Itsy Bitsy Spikers,3,0,1,23.0,S,13,9,2,55.0,Fall,9
10956,10-10-2025,S-04 - Little Red Spikers,2,2,0,-6.0,S,12,12,0,-24.0,Fall,10
10957,10-10-2025,S-03 - Not The Gumdrop Aces,2,1,1,-5.0,S,11,12,1,-55.0,Fall,11
10958,10-10-2025,S-15 - Green Eggs & Slam,3,1,0,6.0,S,10,13,1,-26.0,Fall,12
10959,10-10-2025,S-10 - Bump-ty Dump-tys,2,2,0,-1.0,S,10,14,0,-22.0,Fall,13
10960,10-10-2025,S-14 - Slam I Am,2,2,0,36.0,S,9,15,0,-70.0,Fall,14
10961,10-10-2025,S-13 - Block A Bye Baby,1,3,0,0.0,S,8,15,1,-14.0,Fall,15
10962,10-10-2025,S-18 - Six Blind Mice,0,4,0,-100.0,S,7,16,1,-137.0,Fall,16
10963,10-10-2025,S-06 - Twinkerbells,2,2,0,-1.0,S,4,19,1,-115.0,Fall,17
10964,10-10-2025,S-17 - Horton Hits A Shoot,1,3,0,-18.0,S,4,20,0,-108.0,Fall,18
10965,10-17-2025,S-11 - Bumpty Dumpty v1,4,0,0,23.0,S,22,6,0,161.0,Fall,1
10966,10-17-2025,S-07 - The Blockyardigans,2,2,0,5.0,S,20,7,1,99.0,Fall,2
10967,10-17-2025,S-01 - Duck Duck Ace,3,0,1,24.0,S,18,9,1,103.0,Fall,3
10968,10-17-2025,S-05 - The Prince And The Passer,1,3,0,-19.0,S,18,10,0,61.0,Fall,4
10969,10-17-2025,S-02 - Itsy Bitsy Spikers,4,0,0,62.0,S,17,9,2,117.0,Fall,5
10970,10-17-2025,S-09 - Bibbidi Boppity Boom!,3,0,1,16.0,S,17,10,1,54.0,Fall,6
10971,10-17-2025,S-16 - If You Give A Mouse A Set,3,1,0,14.0,S,17,11,0,3.0,Fall,7
10972,10-17-2025,S-08 - Goldi-Blocks,1,2,1,2.0,S,15,12,1,41.0,Fall,8
10973,10-17-2025,S-12 - Dragon Tales And Hits,1,3,0,-13.0,S,15,13,0,46.0,Fall,9
10974,10-17-2025,S-04 - Little Red Spikers,2,2,0,38.0,S,14,14,0,14.0,Fall,10
10975,10-17-2025,S-03 - Not The Gumdrop Aces,1,3,0,-12.0,S,12,15,1,-67.0,Fall,11
10976,10-17-2025,S-13 - Block A Bye Baby,3,1,0,24.0,S,11,16,1,10.0,Fall,12
10977,10-17-2025,S-15 - Green Eggs & Slam,1,3,0,-10.0,S,11,16,1,-36.0,Fall,13
10978,10-17-2025,S-10 - Bump-ty Dump-tys,1,3,0,-11.0,S,11,17,0,-33.0,Fall,14
10979,10-17-2025,S-14 - Slam I Am,2,2,0,-11.0,S,11,17,0,-81.0,Fall,15
10980,10-17-2025,S-18 - Six Blind Mice,0,4,0,-100.0,S,7,20,1,-237.0,Fall,16
10981,10-17-2025,S-06 - Twinkerbells,1,2,1,-6.0,S,5,21,2,-121.0,Fall,17
10982,10-17-2025,S-17 - Horton Hits A Shoot,1,3,0,-26.0,S,5,23,0,-134.0,Fall,18
10983,10-24-2025,S-11 - Bumpty Dumpty v1,2,2,0,16.0,S,24,8,0,177.0,Fall,1
10984,10-24-2025,S-05 - The Prince And The Passer,4,0,0,45.0,S,22,10,0,106.0,Fall,2
10985,10-24-2025,S-09 - Bibbidi Boppity Boom!,4,0,0,39.0,S,21,10,1,93.0,Fall,3
10986,10-24-2025,S-02 - Itsy Bitsy Spikers,3,1,0,13.0,S,20,10,2,130.0,Fall,4
10987,10-24-2025,S-01 - Duck Duck Ace,2,2,0,-4.0,S,20,11,1,99.0,Fall,5
10988,10-24-2025,S-07 - The Blockyardigans,0,4,0,-27.0,S,20,11,1,72.0,Fall,6
10989,10-24-2025,S-16 - If You Give A Mouse A Set,3,1,0,3.0,S,20,12,0,6.0,Fall,7
10990,10-24-2025,S-08 - Goldi-Blocks,4,0,0,11.0,S,19,12,1,52.0,Fall,8
10991,10-24-2025,S-12 - Dragon Tales And Hits,2,2,0,-1.0,S,17,15,0,45.0,Fall,9
10992,10-24-2025,S-04 - Little Red Spikers,2,2,0,5.0,S,16,16,0,19.0,Fall,10
10993,10-24-2025,S-14 - Slam I Am,3,1,0,13.0,S,14,18,0,-68.0,Fall,11
10994,10-24-2025,S-15 - Green Eggs & Slam,2,2,0,-10.0,S,13,18,1,-46.0,Fall,12
10995,10-24-2025,S-13 - Block A Bye Baby,1,2,1,-2.0,S,12,18,2,8.0,Fall,13
10996,10-24-2025,S-10 - Bump-ty Dump-tys,1,2,1,-1.0,S,12,19,1,-34.0,Fall,14
10997,10-24-2025,S-03 - Not The Gumdrop Aces,0,4,0,-35.0,S,12,19,1,-102.0,Fall,15
10998,10-24-2025,S-18 - Six Blind Mice,1,3,0,-14.0,S,8,23,1,-251.0,Fall,16
10999,10-24-2025,S-17 - Horton Hits A Shoot,1,3,0,-25.0,S,6,26,0,-159.0,Fall,17
11000,10-24-2025,S-06 - Twinkerbells,0,4,0,-26.0,S,5,25,2,-147.0,Fall,18
11001,11-07-2025,S-11 - Bumpty Dumpty v1,3,1,0,4.0,S,27,9,0,181.0,Fall,1
11002,11-07-2025,S-05 - The Prince And The Passer,3,1,0,56.0,S,25,11,0,162.0,Fall,2
11003,11-07-2025,S-02 - Itsy Bitsy Spikers,4,0,0,20.0,S,24,10,2,150.0,Fall,3
11004,11-07-2025,S-09 - Bibbidi Boppity Boom!,2,2,0,-1.0,S,23,12,1,92.0,Fall,4
11005,11-07-2025,S-16 - If You Give A Mouse A Set,3,1,0,17.0,S,23,13,0,23.0,Fall,5
11006,11-07-2025,S-07 - The Blockyardigans,2,2,0,0.0,S,22,13,1,72.0,Fall,6
11007,11-07-2025,S-01 - Duck Duck Ace,0,4,0,-20.0,S,20,15,1,79.0,Fall,7
11008,11-07-2025,S-08 - Goldi-Blocks,1,3,0,-18.0,S,20,15,1,34.0,Fall,8
11009,11-07-2025,S-12 - Dragon Tales And Hits,3,1,0,44.0,S,20,16,0,89.0,Fall,9
11010,11-07-2025,S-04 - Little Red Spikers,3,1,0,20.0,S,19,17,0,39.0,Fall,10
11011,11-07-2025,S-15 - Green Eggs & Slam,4,0,0,57.0,S,17,18,1,11.0,Fall,11
11012,11-07-2025,S-14 - Slam I Am,3,1,0,5.0,S,17,19,0,-63.0,Fall,12
11013,11-07-2025,S-10 - Bump-ty Dump-tys,3,1,0,19.0,S,15,20,1,-15.0,Fall,13
11014,11-07-2025,S-13 - Block A Bye Baby,0,4,0,-24.0,S,12,22,2,-16.0,Fall,14
11015,11-07-2025,S-03 - Not The Gumdrop Aces,0,4,0,-22.0,S,12,23,1,-124.0,Fall,15
11016,11-07-2025,S-18 - Six Blind Mice,0,4,0,-100.0,S,8,27,1,-351.0,Fall,16
11017,11-07-2025,S-17 - Horton Hits A Shoot,2,2,0,43.0,S,8,28,0,-116.0,Fall,17
11018,11-07-2025,S-06 - Twinkerbells,0,4,0,-100.0,S,5,29,2,-247.0,Fall,18
11019,11-14-2025,S-11 - Bumpty Dumpty v1,2,2,0,2.0,S,29,11,0,183.0,Fall,1
11020,11-14-2025,S-05 - The Prince And The Passer,2,2,0,-5.0,S,27,13,0,157.0,Fall,2
11021,11-14-2025,S-09 - Bibbidi Boppity Boom!,3,1,0,26.0,S,26,13,1,118.0,Fall,3
11022,11-14-2025,S-07 - The Blockyardigans,4,0,0,26.0,S,26,13,1,98.0,Fall,4
11023,11-14-2025,S-02 - Itsy Bitsy Spikers,1,3,0,-13.0,S,25,13,2,137.0,Fall,5
11024,11-14-2025,S-16 - If You Give A Mouse A Set,1,3,0,0.0,S,24,16,0,23.0,Fall,6
11025,11-14-2025,S-08 - Goldi-Blocks,3,1,0,13.0,S,23,16,1,47.0,Fall,7
11026,11-14-2025,S-01 - Duck Duck Ace,2,2,0,2.0,S,22,17,1,81.0,Fall,8
11027,11-14-2025,S-12 - Dragon Tales And Hits,2,2,0,-1.0,S,22,18,0,88.0,Fall,9
11028,11-14-2025,S-14 - Slam I Am,4,0,0,53.0,S,21,19,0,-10.0,Fall,10
11029,11-14-2025,S-04 - Little Red Spikers,1,3,0,-12.0,S,20,20,0,27.0,Fall,11
11030,11-14-2025,S-10 - Bump-ty Dump-tys,4,0,0,34.0,S,19,20,1,19.0,Fall,12
11031,11-14-2025,S-15 - Green Eggs & Slam,0,4,0,-28.0,S,17,22,1,-17.0,Fall,13
11032,11-14-2025,S-13 - Block A Bye Baby,3,1,0,5.0,S,15,23,2,-11.0,Fall,14
11033,11-14-2025,S-03 - Not The Gumdrop Aces,2,2,0,47.0,S,14,25,1,-77.0,Fall,15
11034,11-14-2025,S-18 - Six Blind Mice,0,4,0,-100.0,S,8,31,1,-451.0,Fall,16
11035,11-14-2025,S-17 - Horton Hits A Shoot,0,4,0,-36.0,S,8,32,0,-152.0,Fall,17
11036,11-14-2025,S-06 - Twinkerbells,2,2,0,-13.0,S,7,31,2,-260.0,Fall,18
11037,11-21-2025,S-11 - Bumpty Dumpty v1,3,1,0,20.0,S,32,12,0,203.0,Fall,1
11038,11-21-2025,S-02 - Itsy Bitsy Spikers,4,0,0,9.0,S,29,13,2,146.0,Fall,2
11039,11-21-2025,S-07 - The Blockyardigans,3,1,0,8.0,S,29,14,1,106.0,Fall,3
11040,11-21-2025,S-05 - The Prince And The Passer,2,2,0,7.0,S,29,15,0,164.0,Fall,4
11041,11-21-2025,S-09 - Bibbidi Boppity Boom!,1,3,0,-21.0,S,27,16,1,97.0,Fall,5
11042,11-21-2025,S-16 - If You Give A Mouse A Set,2,2,0,1.0,S,26,18,0,24.0,Fall,6
11043,11-21-2025,S-08 - Goldi-Blocks,2,2,0,-4.0,S,25,18,1,43.0,Fall,7
11044,11-21-2025,S-14 - Slam I Am,4,0,0,16.0,S,25,19,0,6.0,Fall,8
11045,11-21-2025,S-01 - Duck Duck Ace,2,2,0,5.0,S,24,19,1,86.0,Fall,9
11046,11-21-2025,S-12 - Dragon Tales And Hits,1,3,0,-13.0,S,23,21,0,75.0,Fall,10
11047,11-21-2025,S-04 - Little Red Spikers,3,1,0,14.0,S,23,21,0,41.0,Fall,11
11048,11-21-2025,S-10 - Bump-ty Dump-tys,3,1,0,6.0,S,22,21,1,25.0,Fall,12
11049,11-21-2025,S-15 - Green Eggs & Slam,2,2,0,-9.0,S,19,24,1,-26.0,Fall,13
11050,11-21-2025,S-13 - Block A Bye Baby,3,1,0,20.0,S,18,24,2,9.0,Fall,14
11051,11-21-2025,S-03 - Not The Gumdrop Aces,0,4,0,-22.0,S,14,29,1,-99.0,Fall,15
11052,11-21-2025,S-17 - Horton Hits A Shoot,1,3,0,-16.0,S,9,35,0,-168.0,Fall,16
11053,11-21-2025,S-18 - Six Blind Mice,0,4,0,0.0,S,8,35,1,-451.0,Fall,17
11054,11-21-2025,S-06 - Twinkerbells,0,4,0,-21.0,S,7,35,2,-281.0,Fall,18
11055,01-23-2026,A-01 Hue’s Your Daddy,0,0,0,0.0,A,0,0,0,0.0,Spring,1
11056,01-23-2026,A-18 Rosebuds,0,0,0,0.0,A,0,0,0,0.0,Spring,2
11057,01-23-2026,A-17 Brown Beaver Baddies,0,0,0,0.0,A,0,0,0,0.0,Spring,3
11058,01-23-2026,A-16 50 Shades of Slay,0,0,0,0.0,A,0,0,0,0.0,Spring,4
11059,01-23-2026,A-15 Spikadelic,0,0,0,0.0,A,0,0,0,0.0,Spring,5
11060,01-23-2026,A-14 ROYGDig,0,0,0,0.0,A,0,0,0,0.0,Spring,6
11061,01-23-2026,A-13 Blue Ball Control,0,0,0,0.0,A,0,0,0,0.0,Spring,7
11062,01-23-2026,A-12 Mint Condition,0,0,0,0.0,A,0,0,0,0.0,Spring,8
11063,01-23-2026,A-10,0,0,0,0.0,A,0,0,0,0.0,Spring,9
11064,01-23-2026,A-09 Serve the Rainbow,0,0,0,0.0,A,0,0,0,0.0,Spring,10
11065,01-23-2026,A-08 Crayon Crunchers,0,0,0,0.0,A,0,0,0,0.0,Spring,11
11066,01-23-2026,A-07 Orange You Glad We Serve,0,0,0,0.0,A,0,0,0,0.0,Spring,12
11067,01-23-2026,A-06 Red Bottoms,0,0,0,0.0,A,0,0,0,0.0,Spring,13
11068,01-23-2026,A-05 Send Nudes,0,0,0,0.0,A,0,0,0,0.0,Spring,14
11069,01-23-2026,A-04,0,0,0,0.0,A,0,0,0,0.0,Spring,15
11070,01-23-2026,A-03 Chromatic Chaos,0,0,0,0.0,A,0,0,0,0.0,Spring,16
11071,01-23-2026,A-11 Paint the Town Red,0,0,0,0.0,A,0,0,0,0.0,Spring,17
11072,01-23-2026,A-02 Fifty Shades of Gay,0,0,0,0.0,A,0,0,0,0.0,Spring,18
11073,01-30-2026,A-08 Crayon Crunchers,4,0,0,38.0,A,4,0,0,38.0,Spring,1
11074,01-30-2026,A-16 50 Shades of Slay,4,0,0,8.0,A,4,0,0,8.0,Spring,2
11075,01-30-2026,A-07 Orange You Glad We Serve,3,1,0,15.0,A,3,1,0,15.0,Spring,3
11076,01-30-2026,A-14 ROYGDig,3,1,0,9.0,A,3,1,0,9.0,Spring,4
11077,01-30-2026,A-18 Rosebuds,3,1,0,6.0,A,3,1,0,6.0,Spring,5
11078,01-30-2026,A-02 Fifty Shades of Gay,2,1,1,17.0,A,2,1,1,17.0,Spring,6
11079,01-30-2026,A-04,2,1,1,6.0,A,2,1,1,6.0,Spring,7
11080,01-30-2026,A-01 Hue’s Your Daddy,2,1,1,4.0,A,2,1,1,4.0,Spring,8
11081,01-30-2026,A-05 Send Nudes,2,2,0,7.0,A,2,2,0,7.0,Spring,9
11082,01-30-2026,A-03 Chromatic Chaos,2,2,0,-4.0,A,2,2,0,-4.0,Spring,10
11083,01-30-2026,A-11 Paint the Town Red,2,2,0,-13.0,A,2,2,0,-13.0,Spring,11
11084,01-30-2026,A-13 Blue Ball Control,1,3,0,-1.0,A,1,3,0,-1.0,Spring,12
11085,01-30-2026,A-10,1,3,0,-7.0,A,1,3,0,-7.0,Spring,13
11086,01-30-2026,A-15 Spikadelic,1,3,0,-11.0,A,1,3,0,-11.0,Spring,14
11087,01-30-2026,A-06 Red Bottoms,1,3,0,-13.0,A,1,3,0,-13.0,Spring,15
11088,01-30-2026,A-09 Serve the Rainbow,1,3,0,-21.0,A,1,3,0,-21.0,Spring,16
11089,01-30-2026,A-17 Brown Beaver Baddies,0,3,1,-15.0,A,0,3,1,-15.0,Spring,17
11090,01-30-2026,A-12 Mint Condition,0,4,0,-25.0,A,0,4,0,-25.0,Spring,18
11091,02-06-2026,A-16 50 Shades of Slay,2,2,0,-4.0,A,6,2,0,4.0,Spring,1
11092,02-06-2026,A-01 Hue’s Your Daddy,3,1,0,20.0,A,5,2,1,24.0,Spring,2
11093,02-06-2026,A-11 Paint the Town Red,3,1,0,17.0,A,5,3,0,4.0,Spring,3
11094,02-06-2026,A-07 Orange You Glad We Serve,2,2,0,-17.0,A,5,3,0,-2.0,Spring,4
11095,02-06-2026,A-02 Fifty Shades of Gay,2,2,0,10.0,A,4,3,1,27.0,Spring,5
11096,02-06-2026,A-08 Crayon Crunchers,0,3,1,-21.0,A,4,3,1,17.0,Spring,6
11097,02-06-2026,A-15 Spikadelic,3,0,1,20.0,A,4,3,1,9.0,Spring,7
11098,02-06-2026,A-10,3,1,0,25.0,A,4,4,0,18.0,Spring,8
11099,02-06-2026,A-18 Rosebuds,1,3,0,7.0,A,4,4,0,13.0,Spring,9
11100,02-06-2026,A-13 Blue Ball Control,3,1,0,10.0,A,4,4,0,9.0,Spring,10
11101,02-06-2026,A-05 Send Nudes,2,2,0,1.0,A,4,4,0,8.0,Spring,11
11102,02-06-2026,A-06 Red Bottoms,2,1,1,9.0,A,3,4,1,-4.0,Spring,12
11103,02-06-2026,A-14 ROYGDig,0,3,1,-26.0,A,3,4,1,-17.0,Spring,13
11104,02-06-2026,A-04,1,3,0,-35.0,A,3,4,1,-29.0,Spring,14
11105,02-06-2026,A-12 Mint Condition,3,1,0,30.0,A,3,5,0,5.0,Spring,15
11106,02-06-2026,A-03 Chromatic Chaos,1,3,0,-16.0,A,3,5,0,-20.0,Spring,16
11107,02-06-2026,A-09 Serve the Rainbow,2,2,0,-3.0,A,3,5,0,-24.0,Spring,17
11108,02-06-2026,A-17 Brown Beaver Baddies,1,3,0,-27.0,A,1,6,1,-42.0,Spring,18
11109,02-20-2026,A-16 50 Shades of Slay,3,1,0,11.0,A,9,3,0,15.0,Spring,1
11110,02-20-2026,A-01 Hue’s Your Daddy,3,1,0,2.0,A,8,3,1,26.0,Spring,2
11111,02-20-2026,A-05 Send Nudes,4,0,0,23.0,A,8,4,0,31.0,Spring,3
11112,02-20-2026,A-07 Orange You Glad We Serve,3,1,0,21.0,A,8,4,0,19.0,Spring,4
11113,02-20-2026,A-18 Rosebuds,3,0,1,19.0,A,7,4,1,32.0,Spring,5
11114,02-20-2026,A-10,3,1,0,25.0,A,7,5,0,43.0,Spring,6
11115,02-20-2026,A-15 Spikadelic,2,2,0,-6.0,A,6,5,1,3.0,Spring,7
11116,02-20-2026,A-13 Blue Ball Control,2,2,0,14.0,A,6,6,0,23.0,Spring,8
11117,02-20-2026,A-11 Paint the Town Red,1,3,0,-19.0,A,6,6,0,-15.0,Spring,9
11118,02-20-2026,A-02 Fifty Shades of Gay,1,3,0,-4.0,A,5,6,1,23.0,Spring,10
11119,02-20-2026,A-08 Crayon Crunchers,1,3,0,-12.0,A,5,6,1,5.0,Spring,11
11120,02-20-2026,A-04,2,2,0,-2.0,A,5,6,1,-31.0,Spring,12
11121,02-20-2026,A-14 ROYGDig,1,2,1,-7.0,A,4,6,2,-24.0,Spring,13
11122,02-20-2026,A-06 Red Bottoms,1,3,0,-28.0,A,4,7,1,-32.0,Spring,14
11123,02-20-2026,A-12 Mint Condition,1,3,0,-16.0,A,4,8,0,-11.0,Spring,15
11124,02-20-2026,A-09 Serve the Rainbow,1,3,0,-9.0,A,4,8,0,-33.0,Spring,16
11125,02-20-2026,A-03 Chromatic Chaos,1,3,0,-19.0,A,4,8,0,-39.0,Spring,17
11126,02-20-2026,A-17 Brown Beaver Baddies,2,2,0,7.0,A,3,8,1,-35.0,Spring,18
11127,02-27-2026,A-16 50 Shades of Slay,0,0,0,0.0,A,9,3,0,15.0,Spring,1
11128,02-27-2026,A-01 Hue’s Your Daddy,0,0,0,0.0,A,8,3,1,26.0,Spring,2
11129,02-27-2026,A-05 Send Nudes,0,0,0,0.0,A,8,4,0,31.0,Spring,3
11130,02-27-2026,A-07 Orange You Glad We Serve,0,0,0,0.0,A,8,4,0,19.0,Spring,4
11131,02-27-2026,A-18 Rosebuds,0,0,0,0.0,A,7,4,1,32.0,Spring,5
11132,02-27-2026,A-10,0,0,0,0.0,A,7,5,0,43.0,Spring,6
11133,02-27-2026,A-15 Spikadelic,0,0,0,0.0,A,6,5,1,3.0,Spring,7
11134,02-27-2026,A-13 Blue Ball Control,0,0,0,0.0,A,6,6,0,23.0,Spring,8
11135,02-27-2026,A-11 Paint the Town Red,0,0,0,0.0,A,6,6,0,-15.0,Spring,9
11136,02-27-2026,A-02 Fifty Shades of Gay,0,0,0,0.0,A,5,6,1,23.0,Spring,10
11137,02-27-2026,A-08 Crayon Crunchers,0,0,0,0.0,A,5,6,1,5.0,Spring,11
11138,02-27-2026,A-04,0,0,0,0.0,A,5,6,1,-31.0,Spring,12
11139,02-27-2026,A-14 ROYGDig,0,0,0,0.0,A,4,6,2,-24.0,Spring,13
11140,02-27-2026,A-06 Red Bottoms,0,0,0,0.0,A,4,7,1,-32.0,Spring,14
11141,02-27-2026,A-12 Mint Condition,0,0,0,0.0,A,4,8,0,-11.0,Spring,15
11142,02-27-2026,A-09 Serve the Rainbow,0,0,0,0.0,A,4,8,0,-33.0,Spring,16
11143,02-27-2026,A-03 Chromatic Chaos,0,0,0,0.0,A,4,8,0,-39.0,Spring,17
11144,02-27-2026,A-17 Brown Beaver Baddies,0,0,0,0.0,A,3,8,1,-35.0,Spring,18
11145,03-06-2026,A-07 Orange You Glad We Serve,4,0,0,28.0,A,12,4,0,47.0,Spring,1
11146,03-06-2026,A-05 Send Nudes,3,1,0,6.0,A,11,5,0,37.0,Spring,2
11147,03-06-2026,A-18 Rosebuds,3,1,0,10.0,A,10,5,1,42.0,Spring,3
11148,03-06-2026,A-10,3,1,0,22.0,A,10,6,0,65.0,Spring,4
11149,03-06-2026,A-15 Spikadelic,3,1,0,36.0,A,9,6,1,39.0,Spring,5
11150,03-06-2026,A-16 50 Shades of Slay,0,4,0,-14.0,A,9,7,0,1.0,Spring,6
11151,03-06-2026,A-08 Crayon Crunchers,3,0,1,16.0,A,8,6,2,21.0,Spring,7
11152,03-06-2026,A-01 Hue’s Your Daddy,0,4,0,-28.0,A,8,7,1,-2.0,Spring,8
11153,03-06-2026,A-11 Paint the Town Red,2,2,0,3.0,A,8,8,0,-12.0,Spring,9
11154,03-06-2026,A-14 ROYGDig,3,1,0,-4.0,A,7,7,2,-28.0,Spring,10
11155,03-06-2026,A-02 Fifty Shades of Gay,2,2,0,11.0,A,7,8,1,34.0,Spring,11
11156,03-06-2026,A-13 Blue Ball Control,1,3,0,-7.0,A,7,9,0,16.0,Spring,12
11157,03-06-2026,A-06 Red Bottoms,2,1,1,-2.0,A,6,8,2,-34.0,Spring,13
11158,03-06-2026,A-12 Mint Condition,2,2,0,0.0,A,6,10,0,-11.0,Spring,14
11159,03-06-2026,A-09 Serve the Rainbow,2,2,0,3.0,A,6,10,0,-30.0,Spring,15
11160,03-06-2026,A-03 Chromatic Chaos,2,2,0,-6.0,A,6,10,0,-45.0,Spring,16
11161,03-06-2026,A-04,0,4,0,-28.0,A,5,10,1,-59.0,Spring,17
11162,03-06-2026,A-17 Brown Beaver Baddies,0,4,0,-46.0,A,3,12,1,-81.0,Spring,18
11163,03-20-2026,A-07 Orange You Glad We Serve,0,0,0,0.0,A,12,4,0,47.0,Spring,1
11164,03-20-2026,A-05 Send Nudes,0,0,0,0.0,A,11,5,0,37.0,Spring,2
11165,03-20-2026,A-18 Rosebuds,0,0,0,0.0,A,10,5,1,42.0,Spring,3
11166,03-20-2026,A-10,0,0,0,0.0,A,10,6,0,65.0,Spring,4
11167,03-20-2026,A-15 Spikadelic,0,0,0,0.0,A,9,6,1,39.0,Spring,5
11168,03-20-2026,A-16 50 Shades of Slay,0,0,0,0.0,A,9,7,0,1.0,Spring,6
11169,03-20-2026,A-08 Crayon Crunchers,0,0,0,0.0,A,8,6,2,21.0,Spring,7
11170,03-20-2026,A-01 Hue’s Your Daddy,0,0,0,0.0,A,8,7,1,-2.0,Spring,8
11171,03-20-2026,A-11 Paint the Town Red,0,0,0,0.0,A,8,8,0,-12.0,Spring,9
11172,03-20-2026,A-14 ROYGDig,0,0,0,0.0,A,7,7,2,-28.0,Spring,10
11173,03-20-2026,A-02 Fifty Shades of Gay,0,0,0,0.0,A,7,8,1,34.0,Spring,11
11174,03-20-2026,A-13 Blue Ball Control,0,0,0,0.0,A,7,9,0,16.0,Spring,12
11175,03-20-2026,A-06 Red Bottoms,0,0,0,0.0,A,6,8,2,-34.0,Spring,13
11176,03-20-2026,A-12 Mint Condition,0,0,0,0.0,A,6,10,0,-11.0,Spring,14
11177,03-20-2026,A-09 Serve the Rainbow,0,0,0,0.0,A,6,10,0,-30.0,Spring,15
11178,03-20-2026,A-03 Chromatic Chaos,0,0,0,0.0,A,6,10,0,-45.0,Spring,16
11179,03-20-2026,A-04,0,0,0,0.0,A,5,10,1,-59.0,Spring,17
11180,03-20-2026,A-17 Brown Beaver Baddies,0,0,0,0.0,A,3,12,1,-81.0,Spring,18
11181,03-27-2026,A-07 Orange You Glad We Serve,0,0,0,0.0,A,12,4,0,47.0,Spring,1
11182,03-27-2026,A-05 Send Nudes,0,0,0,0.0,A,11,5,0,37.0,Spring,2
11183,03-27-2026,A-18 Rosebuds,0,0,0,0.0,A,10,5,1,42.0,Spring,3
11184,03-27-2026,A-10,0,0,0,0.0,A,10,6,0,65.0,Spring,4
11185,03-27-2026,A-15 Spikadelic,0,0,0,0.0,A,9,6,1,39.0,Spring,5
11186,03-27-2026,A-16 50 Shades of Slay,0,0,0,0.0,A,9,7,0,1.0,Spring,6
11187,03-27-2026,A-08 Crayon Crunchers,0,0,0,0.0,A,8,6,2,21.0,Spring,7
11188,03-27-2026,A-01 Hue’s Your Daddy,0,0,0,0.0,A,8,7,1,-2.0,Spring,8
11189,03-27-2026,A-11 Paint the Town Red,0,0,0,0.0,A,8,8,0,-12.0,Spring,9
11190,03-27-2026,A-14 ROYGDig,0,0,0,0.0,A,7,7,2,-28.0,Spring,10
11191,03-27-2026,A-02 Fifty Shades of Gay,0,0,0,0.0,A,7,8,1,34.0,Spring,11
11192,03-27-2026,A-13 Blue Ball Control,0,0,0,0.0,A,7,9,0,16.0,Spring,12
11193,03-27-2026,A-06 Red Bottoms,0,0,0,0.0,A,6,8,2,-34.0,Spring,13
11194,03-27-2026,A-12 Mint Condition,0,0,0,0.0,A,6,10,0,-11.0,Spring,14
11195,03-27-2026,A-09 Serve the Rainbow,0,0,0,0.0,A,6,10,0,-30.0,Spring,15
11196,03-27-2026,A-03 Chromatic Chaos,0,0,0,0.0,A,6,10,0,-45.0,Spring,16
11197,03-27-2026,A-04,0,0,0,0.0,A,5,10,1,-59.0,Spring,17
11198,03-27-2026,A-17 Brown Beaver Baddies,0,0,0,0.0,A,3,12,1,-81.0,Spring,18
11199,04-10-2026,A-07 Orange You Glad We Serve,0,0,0,0.0,A,12,4,0,47.0,Spring,1
11200,04-10-2026,A-05 Send Nudes,0,0,0,0.0,A,11,5,0,37.0,Spring,2
11201,04-10-2026,A-18 Rosebuds,0,0,0,0.0,A,10,5,1,42.0,Spring,3
11202,04-10-2026,A-10,0,0,0,0.0,A,10,6,0,65.0,Spring,4
11203,04-10-2026,A-15 Spikadelic,0,0,0,0.0,A,9,6,1,39.0,Spring,5
11204,04-10-2026,A-16 50 Shades of Slay,0,0,0,0.0,A,9,7,0,1.0,Spring,6
11205,04-10-2026,A-08 Crayon Crunchers,0,0,0,0.0,A,8,6,2,21.0,Spring,7
11206,04-10-2026,A-01 Hue’s Your Daddy,0,0,0,0.0,A,8,7,1,-2.0,Spring,8
11207,04-10-2026,A-11 Paint the Town Red,0,0,0,0.0,A,8,8,0,-12.0,Spring,9
11208,04-10-2026,A-14 ROYGDig,0,0,0,0.0,A,7,7,2,-28.0,Spring,10
11209,04-10-2026,A-02 Fifty Shades of Gay,0,0,0,0.0,A,7,8,1,34.0,Spring,11
11210,04-10-2026,A-13 Blue Ball Control,0,0,0,0.0,A,7,9,0,16.0,Spring,12
11211,04-10-2026,A-06 Red Bottoms,0,0,0,0.0,A,6,8,2,-34.0,Spring,13
11212,04-10-2026,A-12 Mint Condition,0,0,0,0.0,A,6,10,0,-11.0,Spring,14
11213,04-10-2026,A-09 Serve the Rainbow,0,0,0,0.0,A,6,10,0,-30.0,Spring,15
11214,04-10-2026,A-03 Chromatic Chaos,0,0,0,0.0,A,6,10,0,-45.0,Spring,16
11215,04-10-2026,A-04,0,0,0,0.0,A,5,10,1,-59.0,Spring,17
11216,04-10-2026,A-17 Brown Beaver Baddies,0,0,0,0.0,A,3,12,1,-81.0,Spring,18
11217,04-17-2026,A-07 Orange You Glad We Serve,0,0,0,0.0,A,12,4,0,47.0,Spring,1
11218,04-17-2026,A-05 Send Nudes,0,0,0,0.0,A,11,5,0,37.0,Spring,2
11219,04-17-2026,A-18 Rosebuds,0,0,0,0.0,A,10,5,1,42.0,Spring,3
11220,04-17-2026,A-10,0,0,0,0.0,A,10,6,0,65.0,Spring,4
11221,04-17-2026,A-15 Spikadelic,0,0,0,0.0,A,9,6,1,39.0,Spring,5
11222,04-17-2026,A-16 50 Shades of Slay,0,0,0,0.0,A,9,7,0,1.0,Spring,6
11223,04-17-2026,A-08 Crayon Crunchers,0,0,0,0.0,A,8,6,2,21.0,Spring,7
11224,04-17-2026,A-01 Hue’s Your Daddy,0,0,0,0.0,A,8,7,1,-2.0,Spring,8
11225,04-17-2026,A-11 Paint the Town Red,0,0,0,0.0,A,8,8,0,-12.0,Spring,9
11226,04-17-2026,A-14 ROYGDig,0,0,0,0.0,A,7,7,2,-28.0,Spring,10
11227,04-17-2026,A-02 Fifty Shades of Gay,0,0,0,0.0,A,7,8,1,34.0,Spring,11
11228,04-17-2026,A-13 Blue Ball Control,0,0,0,0.0,A,7,9,0,16.0,Spring,12
11229,04-17-2026,A-06 Red Bottoms,0,0,0,0.0,A,6,8,2,-34.0,Spring,13
11230,04-17-2026,A-12 Mint Condition,0,0,0,0.0,A,6,10,0,-11.0,Spring,14
11231,04-17-2026,A-09 Serve the Rainbow,0,0,0,0.0,A,6,10,0,-30.0,Spring,15
11232,04-17-2026,A-03 Chromatic Chaos,0,0,0,0.0,A,6,10,0,-45.0,Spring,16
11233,04-17-2026,A-04,0,0,0,0.0,A,5,10,1,-59.0,Spring,17
11234,04-17-2026,A-17 Brown Beaver Baddies,0,0,0,0.0,A,3,12,1,-81.0,Spring,18
11235,04-24-2026,A-07 Orange You Glad We Serve,0,0,0,0.0,A,12,4,0,47.0,Spring,1
11236,04-24-2026,A-05 Send Nudes,0,0,0,0.0,A,11,5,0,37.0,Spring,2
11237,04-24-2026,A-18 Rosebuds,0,0,0,0.0,A,10,5,1,42.0,Spring,3
11238,04-24-2026,A-10,0,0,0,0.0,A,10,6,0,65.0,Spring,4
11239,04-24-2026,A-15 Spikadelic,0,0,0,0.0,A,9,6,1,39.0,Spring,5
11240,04-24-2026,A-16 50 Shades of Slay,0,0,0,0.0,A,9,7,0,1.0,Spring,6
11241,04-24-2026,A-08 Crayon Crunchers,0,0,0,0.0,A,8,6,2,21.0,Spring,7
11242,04-24-2026,A-01 Hue’s Your Daddy,0,0,0,0.0,A,8,7,1,-2.0,Spring,8
11243,04-24-2026,A-11 Paint the Town Red,0,0,0,0.0,A,8,8,0,-12.0,Spring,9
11244,04-24-2026,A-14 ROYGDig,0,0,0,0.0,A,7,7,2,-28.0,Spring,10
11245,04-24-2026,A-02 Fifty Shades of Gay,0,0,0,0.0,A,7,8,1,34.0,Spring,11
11246,04-24-2026,A-13 Blue Ball Control,0,0,0,0.0,A,7,9,0,16.0,Spring,12
11247,04-24-2026,A-06 Red Bottoms,0,0,0,0.0,A,6,8,2,-34.0,Spring,13
11248,04-24-2026,A-12 Mint Condition,0,0,0,0.0,A,6,10,0,-11.0,Spring,14
11249,04-24-2026,A-09 Serve the Rainbow,0,0,0,0.0,A,6,10,0,-30.0,Spring,15
11250,04-24-2026,A-03 Chromatic Chaos,0,0,0,0.0,A,6,10,0,-45.0,Spring,16
11251,04-24-2026,A-04,0,0,0,0.0,A,5,10,1,-59.0,Spring,17
11252,04-24-2026,A-17 Brown Beaver Baddies,0,0,0,0.0,A,3,12,1,-81.0,Spring,18
11253,01-23-2026,"C-03 Sugar, Spike and",0,0,0,0.0,C,0,0,0,0.0,Spring,1
11254,01-23-2026,"C-02 Ed, Edd n Edging!",0,0,0,0.0,C,0,0,0,0.0,Spring,2
11255,01-23-2026,C-01 Avatar: Net Benders,0,0,0,0.0,C,0,0,0,0.0,Spring,3
11256,01-23-2026,C-04 Peppa Dig,0,0,0,0.0,C,0,0,0,0.0,Spring,4
11257,01-23-2026,C-05 Dragon Ballz Deep,0,0,0,0.0,C,0,0,0,0.0,Spring,5
11258,01-23-2026,C-06 SpongeBall Spikepants,0,0,0,0.0,C,0,0,0,0.0,Spring,6
11259,01-23-2026,C-18 Straw Hat Striker,0,0,0,0.0,C,0,0,0,0.0,Spring,7
11260,01-23-2026,C-17 Scooby Do Me,0,0,0,0.0,C,0,0,0,0.0,Spring,8
11261,01-23-2026,C-15 Powerpuff Passers,0,0,0,0.0,C,0,0,0,0.0,Spring,9
11262,01-23-2026,C-14 Diva Slayers,0,0,0,0.0,C,0,0,0,0.0,Spring,10
11263,01-23-2026,C-13 Thunder Kills,0,0,0,0.0,C,0,0,0,0.0,Spring,11
11264,01-23-2026,C-12 The Magic Spikebus,0,0,0,0.0,C,0,0,0,0.0,Spring,12
11265,01-23-2026,C-11 Trans Performers,0,0,0,0.0,C,0,0,0,0.0,Spring,13
11266,01-23-2026,C-10 Courage the Cowardly Dig,0,0,0,0.0,C,0,0,0,0.0,Spring,14
11267,01-23-2026,C-09 The Netsons,0,0,0,0.0,C,0,0,0,0.0,Spring,15
11268,01-23-2026,C-08 Blocker's Home for Unimaginative Hitters,0,0,0,0.0,C,0,0,0,0.0,Spring,16
11269,01-23-2026,C-07 Sailor Spikers,0,0,0,0.0,C,0,0,0,0.0,Spring,17
11270,01-23-2026,C-16 The IncrediBalls,0,0,0,0.0,C,0,0,0,0.0,Spring,18
11271,01-30-2026,"C-03 Sugar, Spike and",4,0,0,30.0,C,4,0,0,30.0,Spring,1
11272,01-30-2026,C-05 Dragon Ballz Deep,3,1,0,24.0,C,3,1,0,24.0,Spring,2
11273,01-30-2026,C-17 Scooby Do Me,3,1,0,19.0,C,3,1,0,19.0,Spring,3
11274,01-30-2026,C-01 Avatar: Net Benders,3,1,0,12.0,C,3,1,0,12.0,Spring,4
11275,01-30-2026,C-06 SpongeBall Spikepants,3,1,0,12.0,C,3,1,0,12.0,Spring,5
11276,01-30-2026,C-14 Diva Slayers,3,1,0,9.0,C,3,1,0,9.0,Spring,6
11277,01-30-2026,C-11 Trans Performers,3,1,0,5.0,C,3,1,0,5.0,Spring,7
11278,01-30-2026,"C-02 Ed, Edd n Edging!",2,2,0,7.0,C,2,2,0,7.0,Spring,8
11279,01-30-2026,C-13 Thunder Kills,2,2,0,5.0,C,2,2,0,5.0,Spring,9
11280,01-30-2026,C-07 Sailor Spikers,2,2,0,5.0,C,2,2,0,5.0,Spring,10
11281,01-30-2026,C-16 The IncrediBalls,2,2,0,0.0,C,2,2,0,0.0,Spring,11
11282,01-30-2026,C-12 The Magic Spikebus,2,2,0,-1.0,C,2,2,0,-1.0,Spring,12
11283,01-30-2026,C-10 Courage the Cowardly Dig,2,2,0,-5.0,C,2,2,0,-5.0,Spring,13
11284,01-30-2026,C-08 Blocker's Home for Unimaginative Hitters,1,3,0,-4.0,C,1,3,0,-4.0,Spring,14
11285,01-30-2026,C-09 The Netsons,1,3,0,-19.0,C,1,3,0,-19.0,Spring,15
11286,01-30-2026,C-04 Peppa Dig,0,4,0,-28.0,C,0,4,0,-28.0,Spring,16
11287,01-30-2026,C-15 Powerpuff Passers,0,4,0,-35.0,C,0,4,0,-35.0,Spring,17
11288,01-30-2026,C-18 Straw Hat Striker,0,4,0,-36.0,C,0,4,0,-36.0,Spring,18
11289,02-06-2026,C-05 Dragon Ballz Deep,4,0,0,25.0,C,7,1,0,49.0,Spring,1
11290,02-06-2026,C-06 SpongeBall Spikepants,4,0,0,25.0,C,7,1,0,37.0,Spring,2
11291,02-06-2026,C-17 Scooby Do Me,3,1,0,16.0,C,6,2,0,35.0,Spring,3
11292,02-06-2026,C-01 Avatar: Net Benders,3,1,0,19.0,C,6,2,0,31.0,Spring,4
11293,02-06-2026,C-13 Thunder Kills,4,0,0,20.0,C,6,2,0,25.0,Spring,5
11294,02-06-2026,"C-03 Sugar, Spike and",1,3,0,-21.0,C,5,3,0,9.0,Spring,6
11295,02-06-2026,C-12 The Magic Spikebus,3,1,0,10.0,C,5,3,0,9.0,Spring,7
11296,02-06-2026,C-11 Trans Performers,2,2,0,-2.0,C,5,3,0,3.0,Spring,8
11297,02-06-2026,"C-02 Ed, Edd n Edging!",2,1,1,8.0,C,4,3,1,15.0,Spring,9
11298,02-06-2026,C-10 Courage the Cowardly Dig,2,1,1,5.0,C,4,3,1,0.0,Spring,10
11299,02-06-2026,C-16 The IncrediBalls,2,2,0,2.0,C,4,4,0,2.0,Spring,11
11300,02-06-2026,C-08 Blocker's Home for Unimaginative Hitters,2,2,0,10.0,C,3,5,0,6.0,Spring,12
11301,02-06-2026,C-07 Sailor Spikers,1,3,0,-9.0,C,3,5,0,-4.0,Spring,13
11302,02-06-2026,C-14 Diva Slayers,0,4,0,-23.0,C,3,5,0,-14.0,Spring,14
11303,02-06-2026,C-04 Peppa Dig,1,3,0,-13.0,C,1,7,0,-41.0,Spring,15
11304,02-06-2026,C-09 The Netsons,0,4,0,-26.0,C,1,7,0,-45.0,Spring,16
11305,02-06-2026,C-18 Straw Hat Striker,1,3,0,-11.0,C,1,7,0,-47.0,Spring,17
11306,02-06-2026,C-15 Powerpuff Passers,0,4,0,-35.0,C,0,8,0,-70.0,Spring,18
11307,02-20-2026,C-06 SpongeBall Spikepants,4,0,0,18.0,C,11,1,0,55.0,Spring,1
11308,02-20-2026,C-05 Dragon Ballz Deep,2,2,0,4.0,C,9,3,0,53.0,Spring,2
11309,02-20-2026,C-13 Thunder Kills,3,1,0,22.0,C,9,3,0,47.0,Spring,3
11310,02-20-2026,C-10 Courage the Cowardly Dig,4,0,0,19.0,C,8,3,1,19.0,Spring,4
11311,02-20-2026,C-01 Avatar: Net Benders,2,2,0,-2.0,C,8,4,0,29.0,Spring,5
11312,02-20-2026,C-11 Trans Performers,2,2,0,15.0,C,7,5,0,18.0,Spring,6
11313,02-20-2026,"C-03 Sugar, Spike and",2,2,0,-3.0,C,7,5,0,6.0,Spring,7
11314,02-20-2026,"C-02 Ed, Edd n Edging!",2,2,0,-1.0,C,6,5,1,14.0,Spring,8
11315,02-20-2026,C-17 Scooby Do Me,0,4,0,-21.0,C,6,6,0,14.0,Spring,9
11316,02-20-2026,C-14 Diva Slayers,3,1,0,21.0,C,6,6,0,7.0,Spring,10
11317,02-20-2026,C-16 The IncrediBalls,2,2,0,-3.0,C,6,6,0,-1.0,Spring,11
11318,02-20-2026,C-12 The Magic Spikebus,1,3,0,-20.0,C,6,6,0,-11.0,Spring,12
11319,02-20-2026,C-07 Sailor Spikers,2,2,0,3.0,C,5,7,0,-1.0,Spring,13
11320,02-20-2026,C-08 Blocker's Home for Unimaginative Hitters,1,3,0,-17.0,C,4,8,0,-11.0,Spring,14
11321,02-20-2026,C-04 Peppa Dig,2,2,0,4.0,C,3,9,0,-37.0,Spring,15
11322,02-20-2026,C-09 The Netsons,2,2,0,-1.0,C,3,9,0,-46.0,Spring,16
11323,02-20-2026,C-18 Straw Hat Striker,2,2,0,-4.0,C,3,9,0,-51.0,Spring,17
11324,02-20-2026,C-15 Powerpuff Passers,0,4,0,-34.0,C,0,12,0,-104.0,Spring,18
11325,02-27-2026,C-06 SpongeBall Spikepants,0,0,0,0.0,C,11,1,0,55.0,Spring,1
11326,02-27-2026,C-05 Dragon Ballz Deep,0,0,0,0.0,C,9,3,0,53.0,Spring,2
11327,02-27-2026,C-13 Thunder Kills,0,0,0,0.0,C,9,3,0,47.0,Spring,3
11328,02-27-2026,C-10 Courage the Cowardly Dig,0,0,0,0.0,C,8,3,1,19.0,Spring,4
11329,02-27-2026,C-01 Avatar: Net Benders,0,0,0,0.0,C,8,4,0,29.0,Spring,5
11330,02-27-2026,C-11 Trans Performers,0,0,0,0.0,C,7,5,0,18.0,Spring,6
11331,02-27-2026,"C-03 Sugar, Spike and",0,0,0,0.0,C,7,5,0,6.0,Spring,7
11332,02-27-2026,"C-02 Ed, Edd n Edging!",0,0,0,0.0,C,6,5,1,14.0,Spring,8
11333,02-27-2026,C-17 Scooby Do Me,0,0,0,0.0,C,6,6,0,14.0,Spring,9
11334,02-27-2026,C-14 Diva Slayers,0,0,0,0.0,C,6,6,0,7.0,Spring,10
11335,02-27-2026,C-16 The IncrediBalls,0,0,0,0.0,C,6,6,0,-1.0,Spring,11
11336,02-27-2026,C-12 The Magic Spikebus,0,0,0,0.0,C,6,6,0,-11.0,Spring,12
11337,02-27-2026,C-07 Sailor Spikers,0,0,0,0.0,C,5,7,0,-1.0,Spring,13
11338,02-27-2026,C-08 Blocker's Home for Unimaginative Hitters,0,0,0,0.0,C,4,8,0,-11.0,Spring,14
11339,02-27-2026,C-04 Peppa Dig,0,0,0,0.0,C,3,9,0,-37.0,Spring,15
11340,02-27-2026,C-09 The Netsons,0,0,0,0.0,C,3,9,0,-46.0,Spring,16
11341,02-27-2026,C-18 Straw Hat Striker,0,0,0,0.0,C,3,9,0,-51.0,Spring,17
11342,02-27-2026,C-15 Powerpuff Passers,0,0,0,0.0,C,0,12,0,-104.0,Spring,18
11343,03-06-2026,C-06 SpongeBall Spikepants,1,3,0,-13.0,C,12,4,0,42.0,Spring,1
11344,03-06-2026,C-10 Courage the Cowardly Dig,3,1,0,7.0,C,11,4,1,26.0,Spring,2
11345,03-06-2026,C-01 Avatar: Net Benders,3,1,0,18.0,C,11,5,0,47.0,Spring,3
11346,03-06-2026,C-13 Thunder Kills,1,3,0,-15.0,C,10,6,0,32.0,Spring,4
11347,03-06-2026,C-12 The Magic Spikebus,4,0,0,40.0,C,10,6,0,29.0,Spring,5
11348,03-06-2026,"C-03 Sugar, Spike and",2,1,1,11.0,C,9,6,1,17.0,Spring,6
11349,03-06-2026,C-14 Diva Slayers,3,1,0,28.0,C,9,7,0,35.0,Spring,7
11350,03-06-2026,C-17 Scooby Do Me,3,1,0,17.0,C,9,7,0,31.0,Spring,8
11351,03-06-2026,C-05 Dragon Ballz Deep,0,4,0,-25.0,C,9,7,0,28.0,Spring,9
11352,03-06-2026,"C-02 Ed, Edd n Edging!",2,2,0,-13.0,C,8,7,1,1.0,Spring,10
11353,03-06-2026,C-08 Blocker's Home for Unimaginative Hitters,4,0,0,38.0,C,8,8,0,27.0,Spring,11
11354,03-06-2026,C-11 Trans Performers,1,3,0,-11.0,C,8,8,0,7.0,Spring,12
11355,03-06-2026,C-07 Sailor Spikers,2,2,0,-9.0,C,7,9,0,-10.0,Spring,13
11356,03-06-2026,C-16 The IncrediBalls,1,3,0,-25.0,C,7,9,0,-26.0,Spring,14
11357,03-06-2026,C-09 The Netsons,2,1,1,0.0,C,5,10,1,-46.0,Spring,15
11358,03-06-2026,C-18 Straw Hat Striker,2,2,0,4.0,C,5,11,0,-47.0,Spring,16
11359,03-06-2026,C-04 Peppa Dig,0,4,0,-31.0,C,3,13,0,-68.0,Spring,17
11360,03-06-2026,C-15 Powerpuff Passers,1,3,0,-21.0,C,1,15,0,-125.0,Spring,18
11361,03-20-2026,C-06 SpongeBall Spikepants,0,0,0,0.0,C,12,4,0,42.0,Spring,1
11362,03-20-2026,C-10 Courage the Cowardly Dig,0,0,0,0.0,C,11,4,1,26.0,Spring,2
11363,03-20-2026,C-01 Avatar: Net Benders,0,0,0,0.0,C,11,5,0,47.0,Spring,3
11364,03-20-2026,C-13 Thunder Kills,0,0,0,0.0,C,10,6,0,32.0,Spring,4
11365,03-20-2026,C-12 The Magic Spikebus,0,0,0,0.0,C,10,6,0,29.0,Spring,5
11366,03-20-2026,"C-03 Sugar, Spike and",0,0,0,0.0,C,9,6,1,17.0,Spring,6
11367,03-20-2026,C-14 Diva Slayers,0,0,0,0.0,C,9,7,0,35.0,Spring,7
11368,03-20-2026,C-17 Scooby Do Me,0,0,0,0.0,C,9,7,0,31.0,Spring,8
11369,03-20-2026,C-05 Dragon Ballz Deep,0,0,0,0.0,C,9,7,0,28.0,Spring,9
11370,03-20-2026,"C-02 Ed, Edd n Edging!",0,0,0,0.0,C,8,7,1,1.0,Spring,10
11371,03-20-2026,C-08 Blocker's Home for Unimaginative Hitters,0,0,0,0.0,C,8,8,0,27.0,Spring,11
11372,03-20-2026,C-11 Trans Performers,0,0,0,0.0,C,8,8,0,7.0,Spring,12
11373,03-20-2026,C-07 Sailor Spikers,0,0,0,0.0,C,7,9,0,-10.0,Spring,13
11374,03-20-2026,C-16 The IncrediBalls,0,0,0,0.0,C,7,9,0,-26.0,Spring,14
11375,03-20-2026,C-09 The Netsons,0,0,0,0.0,C,5,10,1,-46.0,Spring,15
11376,03-20-2026,C-18 Straw Hat Striker,0,0,0,0.0,C,5,11,0,-47.0,Spring,16
11377,03-20-2026,C-04 Peppa Dig,0,0,0,0.0,C,3,13,0,-68.0,Spring,17
11378,03-20-2026,C-15 Powerpuff Passers,0,0,0,0.0,C,1,15,0,-125.0,Spring,18
11379,03-27-2026,C-06 SpongeBall Spikepants,0,0,0,0.0,C,12,4,0,42.0,Spring,1
11380,03-27-2026,C-10 Courage the Cowardly Dig,0,0,0,0.0,C,11,4,1,26.0,Spring,2
11381,03-27-2026,C-01 Avatar: Net Benders,0,0,0,0.0,C,11,5,0,47.0,Spring,3
11382,03-27-2026,C-13 Thunder Kills,0,0,0,0.0,C,10,6,0,32.0,Spring,4
11383,03-27-2026,C-12 The Magic Spikebus,0,0,0,0.0,C,10,6,0,29.0,Spring,5
11384,03-27-2026,"C-03 Sugar, Spike and",0,0,0,0.0,C,9,6,1,17.0,Spring,6
11385,03-27-2026,C-14 Diva Slayers,0,0,0,0.0,C,9,7,0,35.0,Spring,7
11386,03-27-2026,C-17 Scooby Do Me,0,0,0,0.0,C,9,7,0,31.0,Spring,8
11387,03-27-2026,C-05 Dragon Ballz Deep,0,0,0,0.0,C,9,7,0,28.0,Spring,9
11388,03-27-2026,"C-02 Ed, Edd n Edging!",0,0,0,0.0,C,8,7,1,1.0,Spring,10
11389,03-27-2026,C-08 Blocker's Home for Unimaginative Hitters,0,0,0,0.0,C,8,8,0,27.0,Spring,11
11390,03-27-2026,C-11 Trans Performers,0,0,0,0.0,C,8,8,0,7.0,Spring,12
11391,03-27-2026,C-07 Sailor Spikers,0,0,0,0.0,C,7,9,0,-10.0,Spring,13
11392,03-27-2026,C-16 The IncrediBalls,0,0,0,0.0,C,7,9,0,-26.0,Spring,14
11393,03-27-2026,C-09 The Netsons,0,0,0,0.0,C,5,10,1,-46.0,Spring,15
11394,03-27-2026,C-18 Straw Hat Striker,0,0,0,0.0,C,5,11,0,-47.0,Spring,16
11395,03-27-2026,C-04 Peppa Dig,0,0,0,0.0,C,3,13,0,-68.0,Spring,17
11396,03-27-2026,C-15 Powerpuff Passers,0,0,0,0.0,C,1,15,0,-125.0,Spring,18
11397,04-10-2026,C-06 SpongeBall Spikepants,0,0,0,0.0,C,12,4,0,42.0,Spring,1
11398,04-10-2026,C-10 Courage the Cowardly Dig,0,0,0,0.0,C,11,4,1,26.0,Spring,2
11399,04-10-2026,C-01 Avatar: Net Benders,0,0,0,0.0,C,11,5,0,47.0,Spring,3
11400,04-10-2026,C-13 Thunder Kills,0,0,0,0.0,C,10,6,0,32.0,Spring,4
11401,04-10-2026,C-12 The Magic Spikebus,0,0,0,0.0,C,10,6,0,29.0,Spring,5
11402,04-10-2026,"C-03 Sugar, Spike and",0,0,0,0.0,C,9,6,1,17.0,Spring,6
11403,04-10-2026,C-14 Diva Slayers,0,0,0,0.0,C,9,7,0,35.0,Spring,7
11404,04-10-2026,C-17 Scooby Do Me,0,0,0,0.0,C,9,7,0,31.0,Spring,8
11405,04-10-2026,C-05 Dragon Ballz Deep,0,0,0,0.0,C,9,7,0,28.0,Spring,9
11406,04-10-2026,"C-02 Ed, Edd n Edging!",0,0,0,0.0,C,8,7,1,1.0,Spring,10
11407,04-10-2026,C-08 Blocker's Home for Unimaginative Hitters,0,0,0,0.0,C,8,8,0,27.0,Spring,11
11408,04-10-2026,C-11 Trans Performers,0,0,0,0.0,C,8,8,0,7.0,Spring,12
11409,04-10-2026,C-07 Sailor Spikers,0,0,0,0.0,C,7,9,0,-10.0,Spring,13
11410,04-10-2026,C-16 The IncrediBalls,0,0,0,0.0,C,7,9,0,-26.0,Spring,14
11411,04-10-2026,C-09 The Netsons,0,0,0,0.0,C,5,10,1,-46.0,Spring,15
11412,04-10-2026,C-18 Straw Hat Striker,0,0,0,0.0,C,5,11,0,-47.0,Spring,16
11413,04-10-2026,C-04 Peppa Dig,0,0,0,0.0,C,3,13,0,-68.0,Spring,17
11414,04-10-2026,C-15 Powerpuff Passers,0,0,0,0.0,C,1,15,0,-125.0,Spring,18
11415,04-17-2026,C-06 SpongeBall Spikepants,0,0,0,0.0,C,12,4,0,42.0,Spring,1
11416,04-17-2026,C-10 Courage the Cowardly Dig,0,0,0,0.0,C,11,4,1,26.0,Spring,2
11417,04-17-2026,C-01 Avatar: Net Benders,0,0,0,0.0,C,11,5,0,47.0,Spring,3
11418,04-17-2026,C-13 Thunder Kills,0,0,0,0.0,C,10,6,0,32.0,Spring,4
11419,04-17-2026,C-12 The Magic Spikebus,0,0,0,0.0,C,10,6,0,29.0,Spring,5
11420,04-17-2026,"C-03 Sugar, Spike and",0,0,0,0.0,C,9,6,1,17.0,Spring,6
11421,04-17-2026,C-14 Diva Slayers,0,0,0,0.0,C,9,7,0,35.0,Spring,7
11422,04-17-2026,C-17 Scooby Do Me,0,0,0,0.0,C,9,7,0,31.0,Spring,8
11423,04-17-2026,C-05 Dragon Ballz Deep,0,0,0,0.0,C,9,7,0,28.0,Spring,9
11424,04-17-2026,"C-02 Ed, Edd n Edging!",0,0,0,0.0,C,8,7,1,1.0,Spring,10
11425,04-17-2026,C-08 Blocker's Home for Unimaginative Hitters,0,0,0,0.0,C,8,8,0,27.0,Spring,11
11426,04-17-2026,C-11 Trans Performers,0,0,0,0.0,C,8,8,0,7.0,Spring,12
11427,04-17-2026,C-07 Sailor Spikers,0,0,0,0.0,C,7,9,0,-10.0,Spring,13
11428,04-17-2026,C-16 The IncrediBalls,0,0,0,0.0,C,7,9,0,-26.0,Spring,14
11429,04-17-2026,C-09 The Netsons,0,0,0,0.0,C,5,10,1,-46.0,Spring,15
11430,04-17-2026,C-18 Straw Hat Striker,0,0,0,0.0,C,5,11,0,-47.0,Spring,16
11431,04-17-2026,C-04 Peppa Dig,0,0,0,0.0,C,3,13,0,-68.0,Spring,17
11432,04-17-2026,C-15 Powerpuff Passers,0,0,0,0.0,C,1,15,0,-125.0,Spring,18
11433,04-24-2026,C-06 SpongeBall Spikepants,0,0,0,0.0,C,12,4,0,42.0,Spring,1
11434,04-24-2026,C-10 Courage the Cowardly Dig,0,0,0,0.0,C,11,4,1,26.0,Spring,2
11435,04-24-2026,C-01 Avatar: Net Benders,0,0,0,0.0,C,11,5,0,47.0,Spring,3
11436,04-24-2026,C-13 Thunder Kills,0,0,0,0.0,C,10,6,0,32.0,Spring,4
11437,04-24-2026,C-12 The Magic Spikebus,0,0,0,0.0,C,10,6,0,29.0,Spring,5
11438,04-24-2026,"C-03 Sugar, Spike and",0,0,0,0.0,C,9,6,1,17.0,Spring,6
11439,04-24-2026,C-14 Diva Slayers,0,0,0,0.0,C,9,7,0,35.0,Spring,7
11440,04-24-2026,C-17 Scooby Do Me,0,0,0,0.0,C,9,7,0,31.0,Spring,8
11441,04-24-2026,C-05 Dragon Ballz Deep,0,0,0,0.0,C,9,7,0,28.0,Spring,9
11442,04-24-2026,"C-02 Ed, Edd n Edging!",0,0,0,0.0,C,8,7,1,1.0,Spring,10
11443,04-24-2026,C-08 Blocker's Home for Unimaginative Hitters,0,0,0,0.0,C,8,8,0,27.0,Spring,11
11444,04-24-2026,C-11 Trans Performers,0,0,0,0.0,C,8,8,0,7.0,Spring,12
11445,04-24-2026,C-07 Sailor Spikers,0,0,0,0.0,C,7,9,0,-10.0,Spring,13
11446,04-24-2026,C-16 The IncrediBalls,0,0,0,0.0,C,7,9,0,-26.0,Spring,14
11447,04-24-2026,C-09 The Netsons,0,0,0,0.0,C,5,10,1,-46.0,Spring,15
11448,04-24-2026,C-18 Straw Hat Striker,0,0,0,0.0,C,5,11,0,-47.0,Spring,16
11449,04-24-2026,C-04 Peppa Dig,0,0,0,0.0,C,3,13,0,-68.0,Spring,17
11450,04-24-2026,C-15 Powerpuff Passers,0,0,0,0.0,C,1,15,0,-125.0,Spring,18
11451,01-23-2026,E-06-Kegel Crushers,0,0,0,0.0,E,0,0,0,0.0,Spring,1
11452,01-23-2026,"E-05-Spot Me Outside, How Bout That",0,0,0,0.0,E,0,0,0,0.0,Spring,2
11453,01-23-2026,E-04-Pump & Dump,0,0,0,0.0,E,0,0,0,0.0,Spring,3
11454,01-23-2026,E-02-Pull Up (But Don’t Pull Out),0,0,0,0.0,E,0,0,0,0.0,Spring,4
11455,01-23-2026,E-01-Squatty Hawties,0,0,0,0.0,E,0,0,0,0.0,Spring,5
11456,01-23-2026,E-03- Steel Buns,0,0,0,0.0,E,0,0,0,0.0,Spring,6
11457,01-30-2026,E-04-Pump & Dump,4,0,0,16.0,E,4,0,0,16.0,Spring,1
11458,01-30-2026,E-06-Kegel Crushers,3,1,0,9.0,E,3,1,0,9.0,Spring,2
11459,01-30-2026,E-03- Steel Buns,2,2,0,8.0,E,2,2,0,8.0,Spring,3
11460,01-30-2026,"E-05-Spot Me Outside, How Bout That",2,2,0,0.0,E,2,2,0,0.0,Spring,4
11461,01-30-2026,E-02-Pull Up (But Don’t Pull Out),1,3,0,-17.0,E,1,3,0,-17.0,Spring,5
11462,01-30-2026,E-01-Squatty Hawties,0,4,0,-16.0,E,0,4,0,-16.0,Spring,6
11463,02-06-2026,E-04-Pump & Dump,3,1,0,25.0,E,7,1,0,41.0,Spring,1
11464,02-06-2026,E-06-Kegel Crushers,2,2,0,1.0,E,5,3,0,10.0,Spring,2
11465,02-06-2026,E-02-Pull Up (But Don’t Pull Out),3,1,0,9.0,E,4,4,0,-8.0,Spring,3
11466,02-06-2026,E-01-Squatty Hawties,3,1,0,7.0,E,3,5,0,-9.0,Spring,4
11467,02-06-2026,"E-05-Spot Me Outside, How Bout That",1,3,0,-10.0,E,3,5,0,-10.0,Spring,5
11468,02-06-2026,E-03- Steel Buns,0,4,0,-32.0,E,2,6,0,-24.0,Spring,6
11469,02-20-2026,E-04-Pump & Dump,3,1,0,17.0,E,10,2,0,58.0,Spring,1
11470,02-20-2026,E-06-Kegel Crushers,3,1,0,11.0,E,8,4,0,21.0,Spring,2
11471,02-20-2026,E-02-Pull Up (But Don’t Pull Out),2,2,0,-17.0,E,6,6,0,-25.0,Spring,3
11472,02-20-2026,E-03- Steel Buns,3,1,0,13.0,E,5,7,0,-11.0,Spring,4
11473,02-20-2026,"E-05-Spot Me Outside, How Bout That",1,3,0,0.0,E,4,8,0,-10.0,Spring,5
11474,02-20-2026,E-01-Squatty Hawties,0,4,0,-24.0,E,3,9,0,-33.0,Spring,6
11475,02-27-2026,E-04-Pump & Dump,0,0,0,0.0,E,10,2,0,58.0,Spring,1
11476,02-27-2026,E-06-Kegel Crushers,0,0,0,0.0,E,8,4,0,21.0,Spring,2
11477,02-27-2026,E-02-Pull Up (But Don’t Pull Out),0,0,0,0.0,E,6,6,0,-25.0,Spring,3
11478,02-27-2026,E-03- Steel Buns,0,0,0,0.0,E,5,7,0,-11.0,Spring,4
11479,02-27-2026,"E-05-Spot Me Outside, How Bout That",0,0,0,0.0,E,4,8,0,-10.0,Spring,5
11480,02-27-2026,E-01-Squatty Hawties,0,0,0,0.0,E,3,9,0,-33.0,Spring,6
11481,03-06-2026,E-04-Pump & Dump,1,3,0,-3.0,E,11,5,0,55.0,Spring,1
11482,03-06-2026,E-02-Pull Up (But Don’t Pull Out),3,1,0,7.0,E,9,7,0,-18.0,Spring,2
11483,03-06-2026,E-06-Kegel Crushers,0,4,0,-22.0,E,8,8,0,-1.0,Spring,3
11484,03-06-2026,E-03- Steel Buns,3,1,0,2.0,E,8,8,0,-9.0,Spring,4
11485,03-06-2026,"E-05-Spot Me Outside, How Bout That",3,1,0,15.0,E,7,9,0,5.0,Spring,5
11486,03-06-2026,E-01-Squatty Hawties,2,2,0,1.0,E,5,11,0,-32.0,Spring,6
11487,03-20-2026,E-04-Pump & Dump,0,0,0,0.0,E,11,5,0,55.0,Spring,1
11488,03-20-2026,E-02-Pull Up (But Don’t Pull Out),0,0,0,0.0,E,9,7,0,-18.0,Spring,2
11489,03-20-2026,E-06-Kegel Crushers,0,0,0,0.0,E,8,8,0,-1.0,Spring,3
11490,03-20-2026,E-03- Steel Buns,0,0,0,0.0,E,8,8,0,-9.0,Spring,4
11491,03-20-2026,"E-05-Spot Me Outside, How Bout That",0,0,0,0.0,E,7,9,0,5.0,Spring,5
11492,03-20-2026,E-01-Squatty Hawties,0,0,0,0.0,E,5,11,0,-32.0,Spring,6
11493,03-27-2026,E-04-Pump & Dump,0,0,0,0.0,E,11,5,0,55.0,Spring,1
11494,03-27-2026,E-02-Pull Up (But Don’t Pull Out),0,0,0,0.0,E,9,7,0,-18.0,Spring,2
11495,03-27-2026,E-06-Kegel Crushers,0,0,0,0.0,E,8,8,0,-1.0,Spring,3
11496,03-27-2026,E-03- Steel Buns,0,0,0,0.0,E,8,8,0,-9.0,Spring,4
11497,03-27-2026,"E-05-Spot Me Outside, How Bout That",0,0,0,0.0,E,7,9,0,5.0,Spring,5
11498,03-27-2026,E-01-Squatty Hawties,0,0,0,0.0,E,5,11,0,-32.0,Spring,6
11499,04-10-2026,E-04-Pump & Dump,0,0,0,0.0,E,11,5,0,55.0,Spring,1
11500,04-10-2026,E-02-Pull Up (But Don’t Pull Out),0,0,0,0.0,E,9,7,0,-18.0,Spring,2
11501,04-10-2026,E-06-Kegel Crushers,0,0,0,0.0,E,8,8,0,-1.0,Spring,3
11502,04-10-2026,E-03- Steel Buns,0,0,0,0.0,E,8,8,0,-9.0,Spring,4
11503,04-10-2026,"E-05-Spot Me Outside, How Bout That",0,0,0,0.0,E,7,9,0,5.0,Spring,5
11504,04-10-2026,E-01-Squatty Hawties,0,0,0,0.0,E,5,11,0,-32.0,Spring,6
11505,04-17-2026,E-04-Pump & Dump,0,0,0,0.0,E,11,5,0,55.0,Spring,1
11506,04-17-2026,E-02-Pull Up (But Don’t Pull Out),0,0,0,0.0,E,9,7,0,-18.0,Spring,2
11507,04-17-2026,E-06-Kegel Crushers,0,0,0,0.0,E,8,8,0,-1.0,Spring,3
11508,04-17-2026,E-03- Steel Buns,0,0,0,0.0,E,8,8,0,-9.0,Spring,4
11509,04-17-2026,"E-05-Spot Me Outside, How Bout That",0,0,0,0.0,E,7,9,0,5.0,Spring,5
11510,04-17-2026,E-01-Squatty Hawties,0,0,0,0.0,E,5,11,0,-32.0,Spring,6
11511,04-24-2026,E-04-Pump & Dump,0,0,0,0.0,E,11,5,0,55.0,Spring,1
11512,04-24-2026,E-02-Pull Up (But Don’t Pull Out),0,0,0,0.0,E,9,7,0,-18.0,Spring,2
11513,04-24-2026,E-06-Kegel Crushers,0,0,0,0.0,E,8,8,0,-1.0,Spring,3
11514,04-24-2026,E-03- Steel Buns,0,0,0,0.0,E,8,8,0,-9.0,Spring,4
11515,04-24-2026,"E-05-Spot Me Outside, How Bout That",0,0,0,0.0,E,7,9,0,5.0,Spring,5
11516,04-24-2026,E-01-Squatty Hawties,0,0,0,0.0,E,5,11,0,-32.0,Spring,6
11517,01-23-2026,I-15 Waka Waka,0,0,0,0.0,I,0,0,0,0.0,Spring,1
11518,01-23-2026,I-14 Super Spike Bros,0,0,0,0.0,I,0,0,0,0.0,Spring,2
11519,01-23-2026,I-13 Play Station Spikers,0,0,0,0.0,I,0,0,0,0.0,Spring,3
11520,01-23-2026,I-12 Arcade Spikers,0,0,0,0.0,I,0,0,0,0.0,Spring,4
11521,01-23-2026,I-11 Kirby s Dream Spikers,0,0,0,0.0,I,0,0,0,0.0,Spring,5
11522,01-23-2026,I-10 Volley pong,0,0,0,0.0,I,0,0,0,0.0,Spring,6
11523,01-23-2026,I-09 Super Smash Serves,0,0,0,0.0,I,0,0,0,0.0,Spring,7
11524,01-23-2026,I-08 Street Spikers,0,0,0,0.0,I,0,0,0,0.0,Spring,8
11525,01-23-2026,I-07 Ace Invaders,0,0,0,0.0,I,0,0,0,0.0,Spring,9
11526,01-23-2026,I-06 Spyro Spikers,0,0,0,0.0,I,0,0,0,0.0,Spring,10
11527,01-23-2026,I-04 Hyrule Hitters,0,0,0,0.0,I,0,0,0,0.0,Spring,11
11528,01-23-2026,I-05 It's On Like Donkey Kong,0,0,0,0.0,I,0,0,0,0.0,Spring,12
11529,01-23-2026,I-03 Super Sets Bros,0,0,0,0.0,I,0,0,0,0.0,Spring,13
11530,01-23-2026,I-02 Rainbow Road Runners,0,0,0,0.0,I,0,0,0,0.0,Spring,14
11531,01-23-2026,I-01 Slay Station,0,0,0,0.0,I,0,0,0,0.0,Spring,15
11532,01-30-2026,I-08 Street Spikers,4,0,0,14.0,I,4,0,0,14.0,Spring,1
11533,01-30-2026,I-02 Rainbow Road Runners,3,1,0,26.0,I,3,1,0,26.0,Spring,2
11534,01-30-2026,I-03 Super Sets Bros,3,1,0,12.0,I,3,1,0,12.0,Spring,3
11535,01-30-2026,I-07 Ace Invaders,3,1,0,8.0,I,3,1,0,8.0,Spring,4
11536,01-30-2026,I-10 Volley pong,3,1,0,8.0,I,3,1,0,8.0,Spring,5
11537,01-30-2026,I-14 Super Spike Bros,2,2,0,18.0,I,2,2,0,18.0,Spring,6
11538,01-30-2026,I-06 Spyro Spikers,2,2,0,2.0,I,2,2,0,2.0,Spring,7
11539,01-30-2026,I-15 Waka Waka,2,2,0,-6.0,I,2,2,0,-6.0,Spring,8
11540,01-30-2026,I-13 Play Station Spikers,2,2,0,-10.0,I,2,2,0,-10.0,Spring,9
11541,01-30-2026,I-11 Kirby s Dream Spikers,1,3,0,6.0,I,1,3,0,6.0,Spring,10
11542,01-30-2026,I-09 Super Smash Serves,1,3,0,-6.0,I,1,3,0,-6.0,Spring,11
11543,01-30-2026,I-05 It's On Like Donkey Kong,1,3,0,-10.0,I,1,3,0,-10.0,Spring,12
11544,01-30-2026,I-04 Hyrule Hitters,1,3,0,-16.0,I,1,3,0,-16.0,Spring,13
11545,01-30-2026,I-01 Slay Station,1,3,0,-20.0,I,1,3,0,-20.0,Spring,14
11546,01-30-2026,I-12 Arcade Spikers,1,3,0,-26.0,I,1,3,0,-26.0,Spring,15
11547,02-06-2026,I-14 Super Spike Bros,4,0,0,34.0,I,6,2,0,52.0,Spring,1
11548,02-06-2026,I-06 Spyro Spikers,4,0,0,32.0,I,6,2,0,34.0,Spring,2
11549,02-06-2026,I-03 Super Sets Bros,3,1,0,13.0,I,6,2,0,25.0,Spring,3
11550,02-06-2026,I-08 Street Spikers,2,2,0,-1.0,I,6,2,0,13.0,Spring,4
11551,02-06-2026,I-02 Rainbow Road Runners,2,2,0,2.0,I,5,3,0,28.0,Spring,5
11552,02-06-2026,I-15 Waka Waka,3,1,0,23.0,I,5,3,0,17.0,Spring,6
11553,02-06-2026,I-10 Volley pong,2,2,0,-4.0,I,5,3,0,4.0,Spring,7
11554,02-06-2026,I-05 It's On Like Donkey Kong,3,1,0,9.0,I,4,4,0,-1.0,Spring,8
11555,02-06-2026,I-07 Ace Invaders,1,3,0,-15.0,I,4,4,0,-7.0,Spring,9
11556,02-06-2026,I-04 Hyrule Hitters,2,2,0,11.0,I,3,5,0,-5.0,Spring,10
11557,02-06-2026,I-09 Super Smash Serves,2,2,0,-1.0,I,3,5,0,-7.0,Spring,11
11558,02-06-2026,I-12 Arcade Spikers,2,2,0,-8.0,I,3,5,0,-34.0,Spring,12
11559,02-06-2026,I-13 Play Station Spikers,0,4,0,-22.0,I,2,6,0,-32.0,Spring,13
11560,02-06-2026,I-11 Kirby s Dream Spikers,0,4,0,-28.0,I,1,7,0,-22.0,Spring,14
11561,02-06-2026,I-01 Slay Station,0,4,0,-45.0,I,1,7,0,-65.0,Spring,15
11562,02-20-2026,I-14 Super Spike Bros,3,0,1,20.0,I,9,2,1,72.0,Spring,1
11563,02-20-2026,I-10 Volley pong,4,0,0,19.0,I,9,3,0,23.0,Spring,2
11564,02-20-2026,I-06 Spyro Spikers,2,2,0,0.0,I,8,4,0,34.0,Spring,3
11565,02-20-2026,I-03 Super Sets Bros,2,2,0,-5.0,I,8,4,0,20.0,Spring,4
11566,02-20-2026,I-08 Street Spikers,2,2,0,1.0,I,8,4,0,14.0,Spring,5
11567,02-20-2026,I-15 Waka Waka,2,2,0,3.0,I,7,5,0,20.0,Spring,6
11568,02-20-2026,I-05 It's On Like Donkey Kong,3,1,0,19.0,I,7,5,0,18.0,Spring,7
11569,02-20-2026,I-02 Rainbow Road Runners,0,3,1,-15.0,I,5,6,1,13.0,Spring,8
11570,02-20-2026,I-09 Super Smash Serves,2,2,0,-9.0,I,5,7,0,-16.0,Spring,9
11571,02-20-2026,I-07 Ace Invaders,1,3,0,-19.0,I,5,7,0,-26.0,Spring,10
11572,02-20-2026,I-12 Arcade Spikers,2,2,0,-1.0,I,5,7,0,-35.0,Spring,11
11573,02-20-2026,I-04 Hyrule Hitters,1,3,0,0.0,I,4,8,0,-5.0,Spring,12
11574,02-20-2026,I-01 Slay Station,3,1,0,13.0,I,4,8,0,-52.0,Spring,13
11575,02-20-2026,I-13 Play Station Spikers,1,3,0,-16.0,I,3,9,0,-48.0,Spring,14
11576,02-20-2026,I-11 Kirby s Dream Spikers,1,3,0,-10.0,I,2,10,0,-32.0,Spring,15
11577,02-27-2026,I-14 Super Spike Bros,0,0,0,0.0,I,9,2,1,72.0,Spring,1
11578,02-27-2026,I-10 Volley pong,0,0,0,0.0,I,9,3,0,23.0,Spring,2
11579,02-27-2026,I-06 Spyro Spikers,0,0,0,0.0,I,8,4,0,34.0,Spring,3
11580,02-27-2026,I-03 Super Sets Bros,0,0,0,0.0,I,8,4,0,20.0,Spring,4
11581,02-27-2026,I-08 Street Spikers,0,0,0,0.0,I,8,4,0,14.0,Spring,5
11582,02-27-2026,I-15 Waka Waka,0,0,0,0.0,I,7,5,0,20.0,Spring,6
11583,02-27-2026,I-05 It's On Like Donkey Kong,0,0,0,0.0,I,7,5,0,18.0,Spring,7
11584,02-27-2026,I-02 Rainbow Road Runners,0,0,0,0.0,I,5,6,1,13.0,Spring,8
11585,02-27-2026,I-09 Super Smash Serves,0,0,0,0.0,I,5,7,0,-16.0,Spring,9
11586,02-27-2026,I-07 Ace Invaders,0,0,0,0.0,I,5,7,0,-26.0,Spring,10
11587,02-27-2026,I-12 Arcade Spikers,0,0,0,0.0,I,5,7,0,-35.0,Spring,11
11588,02-27-2026,I-04 Hyrule Hitters,0,0,0,0.0,I,4,8,0,-5.0,Spring,12
11589,02-27-2026,I-01 Slay Station,0,0,0,0.0,I,4,8,0,-52.0,Spring,13
11590,02-27-2026,I-13 Play Station Spikers,0,0,0,0.0,I,3,9,0,-48.0,Spring,14
11591,02-27-2026,I-11 Kirby s Dream Spikers,0,0,0,0.0,I,2,10,0,-32.0,Spring,15
11592,03-06-2026,I-14 Super Spike Bros,3,1,0,22.0,I,12,3,1,94.0,Spring,1
11593,03-06-2026,I-10 Volley pong,3,1,0,13.0,I,12,4,0,36.0,Spring,2
11594,03-06-2026,I-06 Spyro Spikers,3,0,1,25.0,I,11,4,1,59.0,Spring,3
11595,03-06-2026,I-03 Super Sets Bros,2,2,0,-1.0,I,10,6,0,19.0,Spring,4
11596,03-06-2026,I-05 It's On Like Donkey Kong,2,2,0,-18.0,I,9,7,0,0.0,Spring,5
11597,03-06-2026,I-08 Street Spikers,1,3,0,-21.0,I,9,7,0,-7.0,Spring,6
11598,03-06-2026,I-02 Rainbow Road Runners,3,1,0,3.0,I,8,7,1,16.0,Spring,7
11599,03-06-2026,I-15 Waka Waka,0,4,0,-33.0,I,7,9,0,-13.0,Spring,8
11600,03-06-2026,I-12 Arcade Spikers,2,2,0,9.0,I,7,9,0,-26.0,Spring,9
11601,03-06-2026,I-04 Hyrule Hitters,2,2,0,9.0,I,6,10,0,4.0,Spring,10
11602,03-06-2026,I-09 Super Smash Serves,1,3,0,-5.0,I,6,10,0,-21.0,Spring,11
11603,03-06-2026,I-01 Slay Station,2,2,0,-8.0,I,6,10,0,-60.0,Spring,12
11604,03-06-2026,I-13 Play Station Spikers,2,1,1,8.0,I,5,10,1,-40.0,Spring,13
11605,03-06-2026,I-11 Kirby s Dream Spikers,3,1,0,36.0,I,5,11,0,4.0,Spring,14
11606,03-06-2026,I-07 Ace Invaders,0,4,0,-39.0,I,5,11,0,-65.0,Spring,15
11607,03-20-2026,I-14 Super Spike Bros,0,0,0,0.0,I,12,3,1,94.0,Spring,1
11608,03-20-2026,I-10 Volley pong,0,0,0,0.0,I,12,4,0,36.0,Spring,2
11609,03-20-2026,I-06 Spyro Spikers,0,0,0,0.0,I,11,4,1,59.0,Spring,3
11610,03-20-2026,I-03 Super Sets Bros,0,0,0,0.0,I,10,6,0,19.0,Spring,4
11611,03-20-2026,I-05 It's On Like Donkey Kong,0,0,0,0.0,I,9,7,0,0.0,Spring,5
11612,03-20-2026,I-08 Street Spikers,0,0,0,0.0,I,9,7,0,-7.0,Spring,6
11613,03-20-2026,I-02 Rainbow Road Runners,0,0,0,0.0,I,8,7,1,16.0,Spring,7
11614,03-20-2026,I-15 Waka Waka,0,0,0,0.0,I,7,9,0,-13.0,Spring,8
11615,03-20-2026,I-12 Arcade Spikers,0,0,0,0.0,I,7,9,0,-26.0,Spring,9
11616,03-20-2026,I-04 Hyrule Hitters,0,0,0,0.0,I,6,10,0,4.0,Spring,10
11617,03-20-2026,I-09 Super Smash Serves,0,0,0,0.0,I,6,10,0,-21.0,Spring,11
11618,03-20-2026,I-01 Slay Station,0,0,0,0.0,I,6,10,0,-60.0,Spring,12
11619,03-20-2026,I-13 Play Station Spikers,0,0,0,0.0,I,5,10,1,-40.0,Spring,13
11620,03-20-2026,I-11 Kirby s Dream Spikers,0,0,0,0.0,I,5,11,0,4.0,Spring,14
11621,03-20-2026,I-07 Ace Invaders,0,0,0,0.0,I,5,11,0,-65.0,Spring,15
11622,03-27-2026,I-14 Super Spike Bros,0,0,0,0.0,I,12,3,1,94.0,Spring,1
11623,03-27-2026,I-10 Volley pong,0,0,0,0.0,I,12,4,0,36.0,Spring,2
11624,03-27-2026,I-06 Spyro Spikers,0,0,0,0.0,I,11,4,1,59.0,Spring,3
11625,03-27-2026,I-03 Super Sets Bros,0,0,0,0.0,I,10,6,0,19.0,Spring,4
11626,03-27-2026,I-05 It's On Like Donkey Kong,0,0,0,0.0,I,9,7,0,0.0,Spring,5
11627,03-27-2026,I-08 Street Spikers,0,0,0,0.0,I,9,7,0,-7.0,Spring,6
11628,03-27-2026,I-02 Rainbow Road Runners,0,0,0,0.0,I,8,7,1,16.0,Spring,7
11629,03-27-2026,I-15 Waka Waka,0,0,0,0.0,I,7,9,0,-13.0,Spring,8
11630,03-27-2026,I-12 Arcade Spikers,0,0,0,0.0,I,7,9,0,-26.0,Spring,9
11631,03-27-2026,I-04 Hyrule Hitters,0,0,0,0.0,I,6,10,0,4.0,Spring,10
11632,03-27-2026,I-09 Super Smash Serves,0,0,0,0.0,I,6,10,0,-21.0,Spring,11
11633,03-27-2026,I-01 Slay Station,0,0,0,0.0,I,6,10,0,-60.0,Spring,12
11634,03-27-2026,I-13 Play Station Spikers,0,0,0,0.0,I,5,10,1,-40.0,Spring,13
11635,03-27-2026,I-11 Kirby s Dream Spikers,0,0,0,0.0,I,5,11,0,4.0,Spring,14
11636,03-27-2026,I-07 Ace Invaders,0,0,0,0.0,I,5,11,0,-65.0,Spring,15
11637,04-10-2026,I-14 Super Spike Bros,0,0,0,0.0,I,12,3,1,94.0,Spring,1
11638,04-10-2026,I-10 Volley pong,0,0,0,0.0,I,12,4,0,36.0,Spring,2
11639,04-10-2026,I-06 Spyro Spikers,0,0,0,0.0,I,11,4,1,59.0,Spring,3
11640,04-10-2026,I-03 Super Sets Bros,0,0,0,0.0,I,10,6,0,19.0,Spring,4
11641,04-10-2026,I-05 It's On Like Donkey Kong,0,0,0,0.0,I,9,7,0,0.0,Spring,5
11642,04-10-2026,I-08 Street Spikers,0,0,0,0.0,I,9,7,0,-7.0,Spring,6
11643,04-10-2026,I-02 Rainbow Road Runners,0,0,0,0.0,I,8,7,1,16.0,Spring,7
11644,04-10-2026,I-15 Waka Waka,0,0,0,0.0,I,7,9,0,-13.0,Spring,8
11645,04-10-2026,I-12 Arcade Spikers,0,0,0,0.0,I,7,9,0,-26.0,Spring,9
11646,04-10-2026,I-04 Hyrule Hitters,0,0,0,0.0,I,6,10,0,4.0,Spring,10
11647,04-10-2026,I-09 Super Smash Serves,0,0,0,0.0,I,6,10,0,-21.0,Spring,11
11648,04-10-2026,I-01 Slay Station,0,0,0,0.0,I,6,10,0,-60.0,Spring,12
11649,04-10-2026,I-13 Play Station Spikers,0,0,0,0.0,I,5,10,1,-40.0,Spring,13
11650,04-10-2026,I-11 Kirby s Dream Spikers,0,0,0,0.0,I,5,11,0,4.0,Spring,14
11651,04-10-2026,I-07 Ace Invaders,0,0,0,0.0,I,5,11,0,-65.0,Spring,15
11652,04-17-2026,I-14 Super Spike Bros,0,0,0,0.0,I,12,3,1,94.0,Spring,1
11653,04-17-2026,I-10 Volley pong,0,0,0,0.0,I,12,4,0,36.0,Spring,2
11654,04-17-2026,I-06 Spyro Spikers,0,0,0,0.0,I,11,4,1,59.0,Spring,3
11655,04-17-2026,I-03 Super Sets Bros,0,0,0,0.0,I,10,6,0,19.0,Spring,4
11656,04-17-2026,I-05 It's On Like Donkey Kong,0,0,0,0.0,I,9,7,0,0.0,Spring,5
11657,04-17-2026,I-08 Street Spikers,0,0,0,0.0,I,9,7,0,-7.0,Spring,6
11658,04-17-2026,I-02 Rainbow Road Runners,0,0,0,0.0,I,8,7,1,16.0,Spring,7
11659,04-17-2026,I-15 Waka Waka,0,0,0,0.0,I,7,9,0,-13.0,Spring,8
11660,04-17-2026,I-12 Arcade Spikers,0,0,0,0.0,I,7,9,0,-26.0,Spring,9
11661,04-17-2026,I-04 Hyrule Hitters,0,0,0,0.0,I,6,10,0,4.0,Spring,10
11662,04-17-2026,I-09 Super Smash Serves,0,0,0,0.0,I,6,10,0,-21.0,Spring,11
11663,04-17-2026,I-01 Slay Station,0,0,0,0.0,I,6,10,0,-60.0,Spring,12
11664,04-17-2026,I-13 Play Station Spikers,0,0,0,0.0,I,5,10,1,-40.0,Spring,13
11665,04-17-2026,I-11 Kirby s Dream Spikers,0,0,0,0.0,I,5,11,0,4.0,Spring,14
11666,04-17-2026,I-07 Ace Invaders,0,0,0,0.0,I,5,11,0,-65.0,Spring,15
11667,04-24-2026,I-14 Super Spike Bros,0,0,0,0.0,I,12,3,1,94.0,Spring,1
11668,04-24-2026,I-10 Volley pong,0,0,0,0.0,I,12,4,0,36.0,Spring,2
11669,04-24-2026,I-06 Spyro Spikers,0,0,0,0.0,I,11,4,1,59.0,Spring,3
11670,04-24-2026,I-03 Super Sets Bros,0,0,0,0.0,I,10,6,0,19.0,Spring,4
11671,04-24-2026,I-05 It's On Like Donkey Kong,0,0,0,0.0,I,9,7,0,0.0,Spring,5
11672,04-24-2026,I-08 Street Spikers,0,0,0,0.0,I,9,7,0,-7.0,Spring,6
11673,04-24-2026,I-02 Rainbow Road Runners,0,0,0,0.0,I,8,7,1,16.0,Spring,7
11674,04-24-2026,I-15 Waka Waka,0,0,0,0.0,I,7,9,0,-13.0,Spring,8
11675,04-24-2026,I-12 Arcade Spikers,0,0,0,0.0,I,7,9,0,-26.0,Spring,9
11676,04-24-2026,I-04 Hyrule Hitters,0,0,0,0.0,I,6,10,0,4.0,Spring,10
11677,04-24-2026,I-09 Super Smash Serves,0,0,0,0.0,I,6,10,0,-21.0,Spring,11
11678,04-24-2026,I-01 Slay Station,0,0,0,0.0,I,6,10,0,-60.0,Spring,12
11679,04-24-2026,I-13 Play Station Spikers,0,0,0,0.0,I,5,10,1,-40.0,Spring,13
11680,04-24-2026,I-11 Kirby s Dream Spikers,0,0,0,0.0,I,5,11,0,4.0,Spring,14
11681,04-24-2026,I-07 Ace Invaders,0,0,0,0.0,I,5,11,0,-65.0,Spring,15
11682,01-23-2026,P-09 Don Julio’s,0,0,0,0.0,P,0,0,0,0.0,Spring,1
11683,01-23-2026,P-08 Baddie baddie shot o’clock,0,0,0,0.0,P,0,0,0,0.0,Spring,2
11684,01-23-2026,P-07 Whiskey Business,0,0,0,0.0,P,0,0,0,0.0,Spring,3
11685,01-23-2026,P-06 Six on the Beach,0,0,0,0.0,P,0,0,0,0.0,Spring,4
11686,01-23-2026,P-05 Pour Decisions,0,0,0,0.0,P,0,0,0,0.0,Spring,5
11687,01-23-2026,P-04 Aperol Spikez,0,0,0,0.0,P,0,0,0,0.0,Spring,6
11688,01-23-2026,P-03 Serving Neat and Naked,0,0,0,0.0,P,0,0,0,0.0,Spring,7
11689,01-23-2026,P-02 Serve Me Daddy,0,0,0,0.0,P,0,0,0,0.0,Spring,8
11690,01-23-2026,P-01 Matcha and Serve,0,0,0,0.0,P,0,0,0,0.0,Spring,9
11691,01-30-2026,P-07 Whiskey Business,4,0,0,41.0,P,4,0,0,41.0,Spring,1
11692,01-30-2026,P-09 Don Julio’s,3,1,0,23.0,P,3,1,0,23.0,Spring,2
11693,01-30-2026,P-06 Six on the Beach,3,1,0,20.0,P,3,1,0,20.0,Spring,3
11694,01-30-2026,P-08 Baddie baddie shot o’clock,3,1,0,17.0,P,3,1,0,17.0,Spring,4
11695,01-30-2026,P-05 Pour Decisions,2,2,0,1.0,P,2,2,0,1.0,Spring,5
11696,01-30-2026,P-02 Serve Me Daddy,1,3,0,-18.0,P,1,3,0,-18.0,Spring,6
11697,01-30-2026,P-04 Aperol Spikez,1,3,0,-20.0,P,1,3,0,-20.0,Spring,7
11698,01-30-2026,P-01 Matcha and Serve,1,3,0,-21.0,P,1,3,0,-21.0,Spring,8
11699,01-30-2026,P-03 Serving Neat and Naked,0,4,0,-43.0,P,0,4,0,-43.0,Spring,9
11700,02-06-2026,P-09 Don Julio’s,3,0,1,24.0,P,6,1,1,47.0,Spring,1
11701,02-06-2026,P-07 Whiskey Business,2,2,0,11.0,P,6,2,0,52.0,Spring,2
11702,02-06-2026,P-08 Baddie baddie shot o’clock,3,1,0,21.0,P,6,2,0,38.0,Spring,3
11703,02-06-2026,P-06 Six on the Beach,3,1,0,14.0,P,6,2,0,34.0,Spring,4
11704,02-06-2026,P-01 Matcha and Serve,2,1,1,8.0,P,3,4,1,-13.0,Spring,5
11705,02-06-2026,P-04 Aperol Spikez,2,2,0,5.0,P,3,5,0,-15.0,Spring,6
11706,02-06-2026,P-05 Pour Decisions,0,4,0,-32.0,P,2,6,0,-31.0,Spring,7
11707,02-06-2026,P-02 Serve Me Daddy,1,3,0,-25.0,P,2,6,0,-43.0,Spring,8
11708,02-06-2026,P-03 Serving Neat and Naked,1,3,0,-26.0,P,1,7,0,-69.0,Spring,9
11709,02-20-2026,P-07 Whiskey Business,4,0,0,40.0,P,10,2,0,92.0,Spring,1
11710,02-20-2026,P-09 Don Julio’s,3,1,0,34.0,P,9,2,1,81.0,Spring,2
11711,02-20-2026,P-06 Six on the Beach,3,1,0,14.0,P,9,3,0,48.0,Spring,3
11712,02-20-2026,P-08 Baddie baddie shot o’clock,2,2,0,-2.0,P,8,4,0,36.0,Spring,4
11713,02-20-2026,P-02 Serve Me Daddy,3,1,0,14.0,P,5,7,0,-29.0,Spring,5
11714,02-20-2026,P-01 Matcha and Serve,1,3,0,-12.0,P,4,7,1,-25.0,Spring,6
11715,02-20-2026,P-05 Pour Decisions,1,3,0,-14.0,P,3,9,0,-45.0,Spring,7
11716,02-20-2026,P-04 Aperol Spikez,0,4,0,-48.0,P,3,9,0,-63.0,Spring,8
11717,02-20-2026,P-03 Serving Neat and Naked,1,3,0,-26.0,P,2,10,0,-95.0,Spring,9
11718,02-27-2026,P-07 Whiskey Business,0,0,0,0.0,P,10,2,0,92.0,Spring,1
11719,02-27-2026,P-09 Don Julio’s,0,0,0,0.0,P,9,2,1,81.0,Spring,2
11720,02-27-2026,P-06 Six on the Beach,0,0,0,0.0,P,9,3,0,48.0,Spring,3
11721,02-27-2026,P-08 Baddie baddie shot o’clock,0,0,0,0.0,P,8,4,0,36.0,Spring,4
11722,02-27-2026,P-02 Serve Me Daddy,0,0,0,0.0,P,5,7,0,-29.0,Spring,5
11723,02-27-2026,P-01 Matcha and Serve,0,0,0,0.0,P,4,7,1,-25.0,Spring,6
11724,02-27-2026,P-05 Pour Decisions,0,0,0,0.0,P,3,9,0,-45.0,Spring,7
11725,02-27-2026,P-04 Aperol Spikez,0,0,0,0.0,P,3,9,0,-63.0,Spring,8
11726,02-27-2026,P-03 Serving Neat and Naked,0,0,0,0.0,P,2,10,0,-95.0,Spring,9
11727,03-06-2026,P-07 Whiskey Business,3,1,0,27.0,P,13,3,0,119.0,Spring,1
11728,03-06-2026,P-09 Don Julio’s,3,1,0,36.0,P,12,3,1,117.0,Spring,2
11729,03-06-2026,P-08 Baddie baddie shot o’clock,4,0,0,25.0,P,12,4,0,61.0,Spring,3
11730,03-06-2026,P-06 Six on the Beach,0,4,0,-30.0,P,9,7,0,18.0,Spring,4
11731,03-06-2026,P-02 Serve Me Daddy,2,2,0,7.0,P,7,9,0,-22.0,Spring,5
11732,03-06-2026,P-01 Matcha and Serve,1,3,0,-19.0,P,5,10,1,-44.0,Spring,6
11733,03-06-2026,P-04 Aperol Spikez,2,2,0,-8.0,P,5,11,0,-71.0,Spring,7
11734,03-06-2026,P-03 Serving Neat and Naked,3,1,0,-6.0,P,5,11,0,-101.0,Spring,8
11735,03-06-2026,P-05 Pour Decisions,0,4,0,-32.0,P,3,13,0,-77.0,Spring,9
11736,03-20-2026,P-07 Whiskey Business,0,0,0,0.0,P,13,3,0,119.0,Spring,1
11737,03-20-2026,P-09 Don Julio’s,0,0,0,0.0,P,12,3,1,117.0,Spring,2
11738,03-20-2026,P-08 Baddie baddie shot o’clock,0,0,0,0.0,P,12,4,0,61.0,Spring,3
11739,03-20-2026,P-06 Six on the Beach,0,0,0,0.0,P,9,7,0,18.0,Spring,4
11740,03-20-2026,P-02 Serve Me Daddy,0,0,0,0.0,P,7,9,0,-22.0,Spring,5
11741,03-20-2026,P-01 Matcha and Serve,0,0,0,0.0,P,5,10,1,-44.0,Spring,6
11742,03-20-2026,P-04 Aperol Spikez,0,0,0,0.0,P,5,11,0,-71.0,Spring,7
11743,03-20-2026,P-03 Serving Neat and Naked,0,0,0,0.0,P,5,11,0,-101.0,Spring,8
11744,03-20-2026,P-05 Pour Decisions,0,0,0,0.0,P,3,13,0,-77.0,Spring,9
11745,03-27-2026,P-07 Whiskey Business,0,0,0,0.0,P,13,3,0,119.0,Spring,1
11746,03-27-2026,P-09 Don Julio’s,0,0,0,0.0,P,12,3,1,117.0,Spring,2
11747,03-27-2026,P-08 Baddie baddie shot o’clock,0,0,0,0.0,P,12,4,0,61.0,Spring,3
11748,03-27-2026,P-06 Six on the Beach,0,0,0,0.0,P,9,7,0,18.0,Spring,4
11749,03-27-2026,P-02 Serve Me Daddy,0,0,0,0.0,P,7,9,0,-22.0,Spring,5
11750,03-27-2026,P-01 Matcha and Serve,0,0,0,0.0,P,5,10,1,-44.0,Spring,6
11751,03-27-2026,P-04 Aperol Spikez,0,0,0,0.0,P,5,11,0,-71.0,Spring,7
11752,03-27-2026,P-03 Serving Neat and Naked,0,0,0,0.0,P,5,11,0,-101.0,Spring,8
11753,03-27-2026,P-05 Pour Decisions,0,0,0,0.0,P,3,13,0,-77.0,Spring,9
11754,04-10-2026,P-07 Whiskey Business,0,0,0,0.0,P,13,3,0,119.0,Spring,1
11755,04-10-2026,P-09 Don Julio’s,0,0,0,0.0,P,12,3,1,117.0,Spring,2
11756,04-10-2026,P-08 Baddie baddie shot o’clock,0,0,0,0.0,P,12,4,0,61.0,Spring,3
11757,04-10-2026,P-06 Six on the Beach,0,0,0,0.0,P,9,7,0,18.0,Spring,4
11758,04-10-2026,P-02 Serve Me Daddy,0,0,0,0.0,P,7,9,0,-22.0,Spring,5
11759,04-10-2026,P-01 Matcha and Serve,0,0,0,0.0,P,5,10,1,-44.0,Spring,6
11760,04-10-2026,P-04 Aperol Spikez,0,0,0,0.0,P,5,11,0,-71.0,Spring,7
11761,04-10-2026,P-03 Serving Neat and Naked,0,0,0,0.0,P,5,11,0,-101.0,Spring,8
11762,04-10-2026,P-05 Pour Decisions,0,0,0,0.0,P,3,13,0,-77.0,Spring,9
11763,04-17-2026,P-07 Whiskey Business,0,0,0,0.0,P,13,3,0,119.0,Spring,1
11764,04-17-2026,P-09 Don Julio’s,0,0,0,0.0,P,12,3,1,117.0,Spring,2
11765,04-17-2026,P-08 Baddie baddie shot o’clock,0,0,0,0.0,P,12,4,0,61.0,Spring,3
11766,04-17-2026,P-06 Six on the Beach,0,0,0,0.0,P,9,7,0,18.0,Spring,4
11767,04-17-2026,P-02 Serve Me Daddy,0,0,0,0.0,P,7,9,0,-22.0,Spring,5
11768,04-17-2026,P-01 Matcha and Serve,0,0,0,0.0,P,5,10,1,-44.0,Spring,6
11769,04-17-2026,P-04 Aperol Spikez,0,0,0,0.0,P,5,11,0,-71.0,Spring,7
11770,04-17-2026,P-03 Serving Neat and Naked,0,0,0,0.0,P,5,11,0,-101.0,Spring,8
11771,04-17-2026,P-05 Pour Decisions,0,0,0,0.0,P,3,13,0,-77.0,Spring,9
11772,04-24-2026,P-07 Whiskey Business,0,0,0,0.0,P,13,3,0,119.0,Spring,1
11773,04-24-2026,P-09 Don Julio’s,0,0,0,0.0,P,12,3,1,117.0,Spring,2
11774,04-24-2026,P-08 Baddie baddie shot o’clock,0,0,0,0.0,P,12,4,0,61.0,Spring,3
11775,04-24-2026,P-06 Six on the Beach,0,0,0,0.0,P,9,7,0,18.0,Spring,4
11776,04-24-2026,P-02 Serve Me Daddy,0,0,0,0.0,P,7,9,0,-22.0,Spring,5
11777,04-24-2026,P-01 Matcha and Serve,0,0,0,0.0,P,5,10,1,-44.0,Spring,6
11778,04-24-2026,P-04 Aperol Spikez,0,0,0,0.0,P,5,11,0,-71.0,Spring,7
11779,04-24-2026,P-03 Serving Neat and Naked,0,0,0,0.0,P,5,11,0,-101.0,Spring,8
11780,04-24-2026,P-05 Pour Decisions,0,0,0,0.0,P,3,13,0,-77.0,Spring,9
11781,01-23-2026,R-02 KrakenBalls,0,0,0,0.0,R,0,0,0,0.0,Spring,1
11782,01-23-2026,R-01 Dragon Slayers,0,0,0,0.0,R,0,0,0,0.0,Spring,2
11783,01-23-2026,R-03 Serverus,0,0,0,0.0,R,0,0,0,0.0,Spring,3
11784,01-23-2026,R-05 Blockunawa,0,0,0,0.0,R,0,0,0,0.0,Spring,4
11785,01-23-2026,R-06 Pegasets,0,0,0,0.0,R,0,0,0,0.0,Spring,5
11786,01-23-2026,R-07 Blockness Monsters,0,0,0,0.0,R,0,0,0,0.0,Spring,6
11787,01-23-2026,R-09 Volley Valkyries,0,0,0,0.0,R,0,0,0,0.0,Spring,7
11788,01-23-2026,R-08 Spikesus,0,0,0,0.0,R,0,0,0,0.0,Spring,8
11789,01-23-2026,R-04 Digfoot,0,0,0,0.0,R,0,0,0,0.0,Spring,9
11790,01-30-2026,R-07 Blockness Monsters,4,0,0,33.0,R,4,0,0,33.0,Spring,1
11791,01-30-2026,R-06 Pegasets,4,0,0,27.0,R,4,0,0,27.0,Spring,2
11792,01-30-2026,R-02 KrakenBalls,4,0,0,21.0,R,4,0,0,21.0,Spring,3
11793,01-30-2026,R-09 Volley Valkyries,2,2,0,11.0,R,2,2,0,11.0,Spring,4
11794,01-30-2026,R-08 Spikesus,2,2,0,-6.0,R,2,2,0,-6.0,Spring,5
11795,01-30-2026,R-03 Serverus,2,2,0,-12.0,R,2,2,0,-12.0,Spring,6
11796,01-30-2026,R-01 Dragon Slayers,0,4,0,-21.0,R,0,4,0,-21.0,Spring,7
11797,01-30-2026,R-04 Digfoot,0,4,0,-21.0,R,0,4,0,-21.0,Spring,8
11798,01-30-2026,R-05 Blockunawa,0,4,0,-32.0,R,0,4,0,-32.0,Spring,9
11799,02-06-2026,R-02 KrakenBalls,3,1,0,19.0,R,7,1,0,40.0,Spring,1
11800,02-06-2026,R-09 Volley Valkyries,4,0,0,30.0,R,6,2,0,41.0,Spring,2
11801,02-06-2026,R-06 Pegasets,2,2,0,-3.0,R,6,2,0,24.0,Spring,3
11802,02-06-2026,R-08 Spikesus,3,1,0,23.0,R,5,3,0,17.0,Spring,4
11803,02-06-2026,R-07 Blockness Monsters,0,4,0,-27.0,R,4,4,0,6.0,Spring,5
11804,02-06-2026,R-01 Dragon Slayers,3,1,0,17.0,R,3,5,0,-4.0,Spring,6
11805,02-06-2026,R-05 Blockunawa,3,1,0,21.0,R,3,5,0,-11.0,Spring,7
11806,02-06-2026,R-03 Serverus,0,4,0,-38.0,R,2,6,0,-50.0,Spring,8
11807,02-06-2026,R-04 Digfoot,0,4,0,-42.0,R,0,8,0,-63.0,Spring,9
11808,02-20-2026,R-06 Pegasets,4,0,0,43.0,R,10,2,0,67.0,Spring,1
11809,02-20-2026,R-09 Volley Valkyries,3,1,0,13.0,R,9,3,0,54.0,Spring,2
11810,02-20-2026,R-02 KrakenBalls,2,2,0,-1.0,R,9,3,0,39.0,Spring,3
11811,02-20-2026,R-08 Spikesus,3,1,0,24.0,R,8,4,0,41.0,Spring,4
11812,02-20-2026,R-01 Dragon Slayers,2,2,0,3.0,R,5,7,0,-1.0,Spring,5
11813,02-20-2026,R-07 Blockness Monsters,1,3,0,-11.0,R,5,7,0,-5.0,Spring,6
11814,02-20-2026,R-05 Blockunawa,2,2,0,-13.0,R,5,7,0,-24.0,Spring,7
11815,02-20-2026,R-03 Serverus,0,4,0,-42.0,R,2,10,0,-92.0,Spring,8
11816,02-20-2026,R-04 Digfoot,1,3,0,-16.0,R,1,11,0,-79.0,Spring,9
11817,02-27-2026,R-06 Pegasets,0,0,0,0.0,R,10,2,0,67.0,Spring,1
11818,02-27-2026,R-09 Volley Valkyries,0,0,0,0.0,R,9,3,0,54.0,Spring,2
11819,02-27-2026,R-02 KrakenBalls,0,0,0,0.0,R,9,3,0,39.0,Spring,3
11820,02-27-2026,R-08 Spikesus,0,0,0,0.0,R,8,4,0,41.0,Spring,4
11821,02-27-2026,R-01 Dragon Slayers,0,0,0,0.0,R,5,7,0,-1.0,Spring,5
11822,02-27-2026,R-07 Blockness Monsters,0,0,0,0.0,R,5,7,0,-5.0,Spring,6
11823,02-27-2026,R-05 Blockunawa,0,0,0,0.0,R,5,7,0,-24.0,Spring,7
11824,02-27-2026,R-03 Serverus,0,0,0,0.0,R,2,10,0,-92.0,Spring,8
11825,02-27-2026,R-04 Digfoot,0,0,0,0.0,R,1,11,0,-79.0,Spring,9
11826,03-06-2026,R-09 Volley Valkyries,4,0,0,23.0,R,13,3,0,77.0,Spring,1
11827,03-06-2026,R-06 Pegasets,3,1,0,1.0,R,13,3,0,68.0,Spring,2
11828,03-06-2026,R-08 Spikesus,3,1,0,-2.0,R,11,5,0,39.0,Spring,3
11829,03-06-2026,R-02 KrakenBalls,0,4,0,-15.0,R,9,7,0,24.0,Spring,4
11830,03-06-2026,R-05 Blockunawa,3,1,0,17.0,R,8,8,0,-7.0,Spring,5
11831,03-06-2026,R-01 Dragon Slayers,2,2,0,9.0,R,7,9,0,8.0,Spring,6
11832,03-06-2026,R-07 Blockness Monsters,2,2,0,6.0,R,7,9,0,1.0,Spring,7
11833,03-06-2026,R-03 Serverus,1,3,0,-7.0,R,3,13,0,-99.0,Spring,8
11834,03-06-2026,R-04 Digfoot,0,4,0,-32.0,R,1,15,0,-111.0,Spring,9
11835,03-20-2026,R-09 Volley Valkyries,0,0,0,0.0,R,13,3,0,77.0,Spring,1
11836,03-20-2026,R-06 Pegasets,0,0,0,0.0,R,13,3,0,68.0,Spring,2
11837,03-20-2026,R-08 Spikesus,0,0,0,0.0,R,11,5,0,39.0,Spring,3
11838,03-20-2026,R-02 KrakenBalls,0,0,0,0.0,R,9,7,0,24.0,Spring,4
11839,03-20-2026,R-05 Blockunawa,0,0,0,0.0,R,8,8,0,-7.0,Spring,5
11840,03-20-2026,R-01 Dragon Slayers,0,0,0,0.0,R,7,9,0,8.0,Spring,6
11841,03-20-2026,R-07 Blockness Monsters,0,0,0,0.0,R,7,9,0,1.0,Spring,7
11842,03-20-2026,R-03 Serverus,0,0,0,0.0,R,3,13,0,-99.0,Spring,8
11843,03-20-2026,R-04 Digfoot,0,0,0,0.0,R,1,15,0,-111.0,Spring,9
11844,03-27-2026,R-09 Volley Valkyries,0,0,0,0.0,R,13,3,0,77.0,Spring,1
11845,03-27-2026,R-06 Pegasets,0,0,0,0.0,R,13,3,0,68.0,Spring,2
11846,03-27-2026,R-08 Spikesus,0,0,0,0.0,R,11,5,0,39.0,Spring,3
11847,03-27-2026,R-02 KrakenBalls,0,0,0,0.0,R,9,7,0,24.0,Spring,4
11848,03-27-2026,R-05 Blockunawa,0,0,0,0.0,R,8,8,0,-7.0,Spring,5
11849,03-27-2026,R-01 Dragon Slayers,0,0,0,0.0,R,7,9,0,8.0,Spring,6
11850,03-27-2026,R-07 Blockness Monsters,0,0,0,0.0,R,7,9,0,1.0,Spring,7
11851,03-27-2026,R-03 Serverus,0,0,0,0.0,R,3,13,0,-99.0,Spring,8
11852,03-27-2026,R-04 Digfoot,0,0,0,0.0,R,1,15,0,-111.0,Spring,9
11853,04-10-2026,R-09 Volley Valkyries,0,0,0,0.0,R,13,3,0,77.0,Spring,1
11854,04-10-2026,R-06 Pegasets,0,0,0,0.0,R,13,3,0,68.0,Spring,2
11855,04-10-2026,R-08 Spikesus,0,0,0,0.0,R,11,5,0,39.0,Spring,3
11856,04-10-2026,R-02 KrakenBalls,0,0,0,0.0,R,9,7,0,24.0,Spring,4
11857,04-10-2026,R-05 Blockunawa,0,0,0,0.0,R,8,8,0,-7.0,Spring,5
11858,04-10-2026,R-01 Dragon Slayers,0,0,0,0.0,R,7,9,0,8.0,Spring,6
11859,04-10-2026,R-07 Blockness Monsters,0,0,0,0.0,R,7,9,0,1.0,Spring,7
11860,04-10-2026,R-03 Serverus,0,0,0,0.0,R,3,13,0,-99.0,Spring,8
11861,04-10-2026,R-04 Digfoot,0,0,0,0.0,R,1,15,0,-111.0,Spring,9
11862,04-17-2026,R-09 Volley Valkyries,0,0,0,0.0,R,13,3,0,77.0,Spring,1
11863,04-17-2026,R-06 Pegasets,0,0,0,0.0,R,13,3,0,68.0,Spring,2
11864,04-17-2026,R-08 Spikesus,0,0,0,0.0,R,11,5,0,39.0,Spring,3
11865,04-17-2026,R-02 KrakenBalls,0,0,0,0.0,R,9,7,0,24.0,Spring,4
11866,04-17-2026,R-05 Blockunawa,0,0,0,0.0,R,8,8,0,-7.0,Spring,5
11867,04-17-2026,R-01 Dragon Slayers,0,0,0,0.0,R,7,9,0,8.0,Spring,6
11868,04-17-2026,R-07 Blockness Monsters,0,0,0,0.0,R,7,9,0,1.0,Spring,7
11869,04-17-2026,R-03 Serverus,0,0,0,0.0,R,3,13,0,-99.0,Spring,8
11870,04-17-2026,R-04 Digfoot,0,0,0,0.0,R,1,15,0,-111.0,Spring,9
11871,04-24-2026,R-09 Volley Valkyries,0,0,0,0.0,R,13,3,0,77.0,Spring,1
11872,04-24-2026,R-06 Pegasets,0,0,0,0.0,R,13,3,0,68.0,Spring,2
11873,04-24-2026,R-08 Spikesus,0,0,0,0.0,R,11,5,0,39.0,Spring,3
11874,04-24-2026,R-02 KrakenBalls,0,0,0,0.0,R,9,7,0,24.0,Spring,4
11875,04-24-2026,R-05 Blockunawa,0,0,0,0.0,R,8,8,0,-7.0,Spring,5
11876,04-24-2026,R-01 Dragon Slayers,0,0,0,0.0,R,7,9,0,8.0,Spring,6
11877,04-24-2026,R-07 Blockness Monsters,0,0,0,0.0,R,7,9,0,1.0,Spring,7
11878,04-24-2026,R-03 Serverus,0,0,0,0.0,R,3,13,0,-99.0,Spring,8
11879,04-24-2026,R-04 Digfoot,0,0,0,0.0,R,1,15,0,-111.0,Spring,9
11880,01-23-2026,S-18 - Spike Krispies,0,0,0,0.0,S,0,0,0,0.0,Spring,1
11881,01-23-2026,S-17 - Honey Bunches of Floats,0,0,0,0.0,S,0,0,0,0.0,Spring,2
11882,01-23-2026,S-16 - Frosted Tips,0,0,0,0.0,S,0,0,0,0.0,Spring,3
11883,01-23-2026,S-15 - Kanine Krunchies,0,0,0,0.0,S,0,0,0,0.0,Spring,4
11884,01-23-2026,S-14 - Chex Appeal,0,0,0,0.0,S,0,0,0,0.0,Spring,5
11885,01-23-2026,S-13 - Ace Krispies,0,0,0,0.0,S,0,0,0,0.0,Spring,6
11886,01-23-2026,S-12 - Anti-Block Heroes,0,0,0,0.0,S,0,0,0,0.0,Spring,7
11887,01-23-2026,S-11 - Cap'n C*nt,0,0,0,0.0,S,0,0,0,0.0,Spring,8
11888,01-23-2026,S-10 - Count Blockula,0,0,0,0.0,S,0,0,0,0.0,Spring,9
11889,01-23-2026,S-09 - Honey Nut Cheeri-Hoes,0,0,0,0.0,S,0,0,0,0.0,Spring,10
11890,01-23-2026,S-07 - Heavy Is The Crown,0,0,0,0.0,S,0,0,0,0.0,Spring,11
11891,01-23-2026,S-06 - Frosted Freaks,0,0,0,0.0,S,0,0,0,0.0,Spring,12
11892,01-23-2026,"S-05 - My Set, My Quick (Spike It!)",0,0,0,0.0,S,0,0,0,0.0,Spring,13
11893,01-23-2026,S-04 - Sets With Me,0,0,0,0.0,S,0,0,0,0.0,Spring,14
11894,01-23-2026,S-03 - Call Me If You Get Blocked,0,0,0,0.0,S,0,0,0,0.0,Spring,15
11895,01-23-2026,S-02 - I Write Sets Not Tragedies,0,0,0,0.0,S,0,0,0,0.0,Spring,16
11896,01-23-2026,S-01 - Oops I Hit It Again,0,0,0,0.0,S,0,0,0,0.0,Spring,17
11897,01-23-2026,S-08 - Cereal Killers,0,0,0,0.0,S,0,0,0,0.0,Spring,18
11898,01-30-2026,S-10 - Count Blockula,4,0,0,45.0,S,4,0,0,45.0,Spring,1
11899,01-30-2026,S-18 - Spike Krispies,4,0,0,16.0,S,4,0,0,16.0,Spring,2
11900,01-30-2026,S-15 - Kanine Krunchies,3,1,0,31.0,S,3,1,0,31.0,Spring,3
11901,01-30-2026,S-09 - Honey Nut Cheeri-Hoes,3,1,0,14.0,S,3,1,0,14.0,Spring,4
11902,01-30-2026,S-04 - Sets With Me,3,1,0,13.0,S,3,1,0,13.0,Spring,5
11903,01-30-2026,S-08 - Cereal Killers,3,1,0,7.0,S,3,1,0,7.0,Spring,6
11904,01-30-2026,S-07 - Heavy Is The Crown,3,1,0,-5.0,S,3,1,0,-5.0,Spring,7
11905,01-30-2026,S-11 - Cap'n C*nt,2,2,0,14.0,S,2,2,0,14.0,Spring,8
11906,01-30-2026,S-06 - Frosted Freaks,2,2,0,11.0,S,2,2,0,11.0,Spring,9
11907,01-30-2026,S-14 - Chex Appeal,2,2,0,8.0,S,2,2,0,8.0,Spring,10
11908,01-30-2026,S-02 - I Write Sets Not Tragedies,2,2,0,1.0,S,2,2,0,1.0,Spring,11
11909,01-30-2026,S-16 - Frosted Tips,2,2,0,-14.0,S,2,2,0,-14.0,Spring,12
11910,01-30-2026,S-01 - Oops I Hit It Again,1,3,0,-15.0,S,1,3,0,-15.0,Spring,13
11911,01-30-2026,S-17 - Honey Bunches of Floats,1,3,0,-21.0,S,1,3,0,-21.0,Spring,14
11912,01-30-2026,S-12 - Anti-Block Heroes,1,3,0,-21.0,S,1,3,0,-21.0,Spring,15
11913,01-30-2026,S-03 - Call Me If You Get Blocked,0,4,0,-26.0,S,0,4,0,-26.0,Spring,16
11914,01-30-2026,"S-05 - My Set, My Quick (Spike It!)",0,4,0,-27.0,S,0,4,0,-27.0,Spring,17
11915,01-30-2026,S-13 - Ace Krispies,0,4,0,-31.0,S,0,4,0,-31.0,Spring,18
11916,02-06-2026,S-10 - Count Blockula,2,2,0,12.0,S,6,2,0,57.0,Spring,1
11917,02-06-2026,S-15 - Kanine Krunchies,3,1,0,19.0,S,6,2,0,50.0,Spring,2
11918,02-06-2026,S-11 - Cap'n C*nt,4,0,0,24.0,S,6,2,0,38.0,Spring,3
11919,02-06-2026,S-16 - Frosted Tips,4,0,0,34.0,S,6,2,0,20.0,Spring,4
11920,02-06-2026,S-07 - Heavy Is The Crown,3,1,0,14.0,S,6,2,0,9.0,Spring,5
11921,02-06-2026,S-09 - Honey Nut Cheeri-Hoes,2,2,0,14.0,S,5,3,0,28.0,Spring,6
11922,02-06-2026,S-04 - Sets With Me,2,2,0,-2.0,S,5,3,0,11.0,Spring,7
11923,02-06-2026,S-18 - Spike Krispies,1,3,0,-8.0,S,5,3,0,8.0,Spring,8
11924,02-06-2026,S-08 - Cereal Killers,2,2,0,-7.0,S,5,3,0,0.0,Spring,9
11925,02-06-2026,S-12 - Anti-Block Heroes,3,1,0,13.0,S,4,4,0,-8.0,Spring,10
11926,02-06-2026,S-02 - I Write Sets Not Tragedies,2,2,0,-10.0,S,4,4,0,-9.0,Spring,11
11927,02-06-2026,S-06 - Frosted Freaks,1,3,0,-10.0,S,3,5,0,1.0,Spring,12
11928,02-06-2026,S-14 - Chex Appeal,1,3,0,-14.0,S,3,5,0,-6.0,Spring,13
11929,02-06-2026,S-01 - Oops I Hit It Again,1,3,0,-14.0,S,2,6,0,-29.0,Spring,14
11930,02-06-2026,S-13 - Ace Krispies,2,2,0,-6.0,S,2,6,0,-37.0,Spring,15
11931,02-06-2026,S-17 - Honey Bunches of Floats,1,3,0,-27.0,S,2,6,0,-48.0,Spring,16
11932,02-06-2026,"S-05 - My Set, My Quick (Spike It!)",1,3,0,-12.0,S,1,7,0,-39.0,Spring,17
11933,02-06-2026,S-03 - Call Me If You Get Blocked,1,3,0,-20.0,S,1,7,0,-46.0,Spring,18
11934,02-20-2026,S-15 - Kanine Krunchies,3,1,0,14.0,S,9,3,0,64.0,Spring,1
11935,02-20-2026,S-04 - Sets With Me,4,0,0,28.0,S,9,3,0,39.0,Spring,2
11936,02-20-2026,S-07 - Heavy Is The Crown,3,1,0,24.0,S,9,3,0,33.0,Spring,3
11937,02-20-2026,S-10 - Count Blockula,2,2,0,-7.0,S,8,4,0,50.0,Spring,4
11938,02-20-2026,S-02 - I Write Sets Not Tragedies,4,0,0,32.0,S,8,4,0,23.0,Spring,5
11939,02-20-2026,S-18 - Spike Krispies,3,1,0,4.0,S,8,4,0,12.0,Spring,6
11940,02-20-2026,S-11 - Cap'n C*nt,1,3,0,-7.0,S,7,5,0,31.0,Spring,7
11941,02-20-2026,S-16 - Frosted Tips,1,3,0,-7.0,S,7,5,0,13.0,Spring,8
11942,02-20-2026,S-09 - Honey Nut Cheeri-Hoes,1,3,0,-21.0,S,6,6,0,7.0,Spring,9
11943,02-20-2026,S-08 - Cereal Killers,1,3,0,-8.0,S,6,6,0,-8.0,Spring,10
11944,02-20-2026,S-14 - Chex Appeal,2,2,0,4.0,S,5,7,0,-2.0,Spring,11
11945,02-20-2026,S-06 - Frosted Freaks,2,2,0,-10.0,S,5,7,0,-9.0,Spring,12
11946,02-20-2026,S-01 - Oops I Hit It Again,3,1,0,18.0,S,5,7,0,-11.0,Spring,13
11947,02-20-2026,S-13 - Ace Krispies,3,1,0,-2.0,S,5,7,0,-39.0,Spring,14
11948,02-20-2026,S-12 - Anti-Block Heroes,0,4,0,-16.0,S,4,8,0,-24.0,Spring,15
11949,02-20-2026,"S-05 - My Set, My Quick (Spike It!)",2,2,0,-4.0,S,3,9,0,-43.0,Spring,16
11950,02-20-2026,S-17 - Honey Bunches of Floats,1,3,0,-14.0,S,3,9,0,-62.0,Spring,17
11951,02-20-2026,S-03 - Call Me If You Get Blocked,0,4,0,-28.0,S,1,11,0,-74.0,Spring,18
11952,02-27-2026,S-15 - Kanine Krunchies,0,0,0,0.0,S,9,3,0,64.0,Spring,1
11953,02-27-2026,S-04 - Sets With Me,0,0,0,0.0,S,9,3,0,39.0,Spring,2
11954,02-27-2026,S-07 - Heavy Is The Crown,0,0,0,0.0,S,9,3,0,33.0,Spring,3
11955,02-27-2026,S-10 - Count Blockula,0,0,0,0.0,S,8,4,0,50.0,Spring,4
11956,02-27-2026,S-02 - I Write Sets Not Tragedies,0,0,0,0.0,S,8,4,0,23.0,Spring,5
11957,02-27-2026,S-18 - Spike Krispies,0,0,0,0.0,S,8,4,0,12.0,Spring,6
11958,02-27-2026,S-11 - Cap'n C*nt,0,0,0,0.0,S,7,5,0,31.0,Spring,7
11959,02-27-2026,S-16 - Frosted Tips,0,0,0,0.0,S,7,5,0,13.0,Spring,8
11960,02-27-2026,S-09 - Honey Nut Cheeri-Hoes,0,0,0,0.0,S,6,6,0,7.0,Spring,9
11961,02-27-2026,S-08 - Cereal Killers,0,0,0,0.0,S,6,6,0,-8.0,Spring,10
11962,02-27-2026,S-14 - Chex Appeal,0,0,0,0.0,S,5,7,0,-2.0,Spring,11
11963,02-27-2026,S-06 - Frosted Freaks,0,0,0,0.0,S,5,7,0,-9.0,Spring,12
11964,02-27-2026,S-01 - Oops I Hit It Again,0,0,0,0.0,S,5,7,0,-11.0,Spring,13
11965,02-27-2026,S-13 - Ace Krispies,0,0,0,0.0,S,5,7,0,-39.0,Spring,14
11966,02-27-2026,S-12 - Anti-Block Heroes,0,0,0,0.0,S,4,8,0,-24.0,Spring,15
11967,02-27-2026,"S-05 - My Set, My Quick (Spike It!)",0,0,0,0.0,S,3,9,0,-43.0,Spring,16
11968,02-27-2026,S-17 - Honey Bunches of Floats,0,0,0,0.0,S,3,9,0,-62.0,Spring,17
11969,02-27-2026,S-03 - Call Me If You Get Blocked,0,0,0,0.0,S,1,11,0,-74.0,Spring,18
11970,03-06-2026,S-15 - Kanine Krunchies,4,0,0,31.0,S,13,3,0,95.0,Spring,1
11971,03-06-2026,S-10 - Count Blockula,3,1,0,33.0,S,11,5,0,83.0,Spring,2
11972,03-06-2026,S-11 - Cap'n C*nt,4,0,0,36.0,S,11,5,0,67.0,Spring,3
11973,03-06-2026,S-04 - Sets With Me,2,2,0,-8.0,S,11,5,0,31.0,Spring,4
11974,03-06-2026,S-02 - I Write Sets Not Tragedies,2,2,0,7.0,S,10,6,0,30.0,Spring,5
11975,03-06-2026,S-07 - Heavy Is The Crown,0,4,0,-19.0,S,9,7,0,14.0,Spring,6
11976,03-06-2026,S-08 - Cereal Killers,3,1,0,21.0,S,9,7,0,13.0,Spring,7
11977,03-06-2026,S-12 - Anti-Block Heroes,4,0,0,27.0,S,8,8,0,3.0,Spring,8
11978,03-06-2026,S-16 - Frosted Tips,1,3,0,-12.0,S,8,8,0,1.0,Spring,9
11979,03-06-2026,S-18 - Spike Krispies,0,4,0,-24.0,S,8,8,0,-12.0,Spring,10
11980,03-06-2026,S-01 - Oops I Hit It Again,3,1,0,-8.0,S,8,8,0,-19.0,Spring,11
11981,03-06-2026,S-13 - Ace Krispies,2,1,1,-3.0,S,7,8,1,-42.0,Spring,12
11982,03-06-2026,S-06 - Frosted Freaks,2,2,0,-9.0,S,7,9,0,-18.0,Spring,13
11983,03-06-2026,S-14 - Chex Appeal,1,2,1,-4.0,S,6,9,1,-6.0,Spring,14
11984,03-06-2026,S-09 - Honey Nut Cheeri-Hoes,0,4,0,-31.0,S,6,10,0,-24.0,Spring,15
11985,03-06-2026,S-17 - Honey Bunches of Floats,2,2,0,-7.0,S,5,11,0,-69.0,Spring,16
11986,03-06-2026,"S-05 - My Set, My Quick (Spike It!)",0,4,0,-25.0,S,3,13,0,-68.0,Spring,17
11987,03-06-2026,S-03 - Call Me If You Get Blocked,2,2,0,-5.0,S,3,13,0,-79.0,Spring,18
11988,03-20-2026,S-15 - Kanine Krunchies,0,0,0,0.0,S,13,3,0,95.0,Spring,1
11989,03-20-2026,S-10 - Count Blockula,0,0,0,0.0,S,11,5,0,83.0,Spring,2
11990,03-20-2026,S-11 - Cap'n C*nt,0,0,0,0.0,S,11,5,0,67.0,Spring,3
11991,03-20-2026,S-04 - Sets With Me,0,0,0,0.0,S,11,5,0,31.0,Spring,4
11992,03-20-2026,S-02 - I Write Sets Not Tragedies,0,0,0,0.0,S,10,6,0,30.0,Spring,5
11993,03-20-2026,S-07 - Heavy Is The Crown,0,0,0,0.0,S,9,7,0,14.0,Spring,6
11994,03-20-2026,S-08 - Cereal Killers,0,0,0,0.0,S,9,7,0,13.0,Spring,7
11995,03-20-2026,S-12 - Anti-Block Heroes,0,0,0,0.0,S,8,8,0,3.0,Spring,8
11996,03-20-2026,S-16 - Frosted Tips,0,0,0,0.0,S,8,8,0,1.0,Spring,9
11997,03-20-2026,S-18 - Spike Krispies,0,0,0,0.0,S,8,8,0,-12.0,Spring,10
11998,03-20-2026,S-01 - Oops I Hit It Again,0,0,0,0.0,S,8,8,0,-19.0,Spring,11
11999,03-20-2026,S-13 - Ace Krispies,0,0,0,0.0,S,7,8,1,-42.0,Spring,12
12000,03-20-2026,S-06 - Frosted Freaks,0,0,0,0.0,S,7,9,0,-18.0,Spring,13
12001,03-20-2026,S-14 - Chex Appeal,0,0,0,0.0,S,6,9,1,-6.0,Spring,14
12002,03-20-2026,S-09 - Honey Nut Cheeri-Hoes,0,0,0,0.0,S,6,10,0,-24.0,Spring,15
12003,03-20-2026,S-17 - Honey Bunches of Floats,0,0,0,0.0,S,5,11,0,-69.0,Spring,16
12004,03-20-2026,"S-05 - My Set, My Quick (Spike It!)",0,0,0,0.0,S,3,13,0,-68.0,Spring,17
12005,03-20-2026,S-03 - Call Me If You Get Blocked,0,0,0,0.0,S,3,13,0,-79.0,Spring,18
12006,03-27-2026,S-15 - Kanine Krunchies,0,0,0,0.0,S,13,3,0,95.0,Spring,1
12007,03-27-2026,S-10 - Count Blockula,0,0,0,0.0,S,11,5,0,83.0,Spring,2
12008,03-27-2026,S-11 - Cap'n C*nt,0,0,0,0.0,S,11,5,0,67.0,Spring,3
12009,03-27-2026,S-04 - Sets With Me,0,0,0,0.0,S,11,5,0,31.0,Spring,4
12010,03-27-2026,S-02 - I Write Sets Not Tragedies,0,0,0,0.0,S,10,6,0,30.0,Spring,5
12011,03-27-2026,S-07 - Heavy Is The Crown,0,0,0,0.0,S,9,7,0,14.0,Spring,6
12012,03-27-2026,S-08 - Cereal Killers,0,0,0,0.0,S,9,7,0,13.0,Spring,7
12013,03-27-2026,S-12 - Anti-Block Heroes,0,0,0,0.0,S,8,8,0,3.0,Spring,8
12014,03-27-2026,S-16 - Frosted Tips,0,0,0,0.0,S,8,8,0,1.0,Spring,9
12015,03-27-2026,S-18 - Spike Krispies,0,0,0,0.0,S,8,8,0,-12.0,Spring,10
12016,03-27-2026,S-01 - Oops I Hit It Again,0,0,0,0.0,S,8,8,0,-19.0,Spring,11
12017,03-27-2026,S-13 - Ace Krispies,0,0,0,0.0,S,7,8,1,-42.0,Spring,12
12018,03-27-2026,S-06 - Frosted Freaks,0,0,0,0.0,S,7,9,0,-18.0,Spring,13
12019,03-27-2026,S-14 - Chex Appeal,0,0,0,0.0,S,6,9,1,-6.0,Spring,14
12020,03-27-2026,S-09 - Honey Nut Cheeri-Hoes,0,0,0,0.0,S,6,10,0,-24.0,Spring,15
12021,03-27-2026,S-17 - Honey Bunches of Floats,0,0,0,0.0,S,5,11,0,-69.0,Spring,16
12022,03-27-2026,"S-05 - My Set, My Quick (Spike It!)",0,0,0,0.0,S,3,13,0,-68.0,Spring,17
12023,03-27-2026,S-03 - Call Me If You Get Blocked,0,0,0,0.0,S,3,13,0,-79.0,Spring,18
12024,04-10-2026,S-15 - Kanine Krunchies,0,0,0,0.0,S,13,3,0,95.0,Spring,1
12025,04-10-2026,S-10 - Count Blockula,0,0,0,0.0,S,11,5,0,83.0,Spring,2
12026,04-10-2026,S-11 - Cap'n C*nt,0,0,0,0.0,S,11,5,0,67.0,Spring,3
12027,04-10-2026,S-04 - Sets With Me,0,0,0,0.0,S,11,5,0,31.0,Spring,4
12028,04-10-2026,S-02 - I Write Sets Not Tragedies,0,0,0,0.0,S,10,6,0,30.0,Spring,5
12029,04-10-2026,S-07 - Heavy Is The Crown,0,0,0,0.0,S,9,7,0,14.0,Spring,6
12030,04-10-2026,S-08 - Cereal Killers,0,0,0,0.0,S,9,7,0,13.0,Spring,7
12031,04-10-2026,S-12 - Anti-Block Heroes,0,0,0,0.0,S,8,8,0,3.0,Spring,8
12032,04-10-2026,S-16 - Frosted Tips,0,0,0,0.0,S,8,8,0,1.0,Spring,9
12033,04-10-2026,S-18 - Spike Krispies,0,0,0,0.0,S,8,8,0,-12.0,Spring,10
12034,04-10-2026,S-01 - Oops I Hit It Again,0,0,0,0.0,S,8,8,0,-19.0,Spring,11
12035,04-10-2026,S-13 - Ace Krispies,0,0,0,0.0,S,7,8,1,-42.0,Spring,12
12036,04-10-2026,S-06 - Frosted Freaks,0,0,0,0.0,S,7,9,0,-18.0,Spring,13
12037,04-10-2026,S-14 - Chex Appeal,0,0,0,0.0,S,6,9,1,-6.0,Spring,14
12038,04-10-2026,S-09 - Honey Nut Cheeri-Hoes,0,0,0,0.0,S,6,10,0,-24.0,Spring,15
12039,04-10-2026,S-17 - Honey Bunches of Floats,0,0,0,0.0,S,5,11,0,-69.0,Spring,16
12040,04-10-2026,"S-05 - My Set, My Quick (Spike It!)",0,0,0,0.0,S,3,13,0,-68.0,Spring,17
12041,04-10-2026,S-03 - Call Me If You Get Blocked,0,0,0,0.0,S,3,13,0,-79.0,Spring,18
12042,04-17-2026,S-15 - Kanine Krunchies,0,0,0,0.0,S,13,3,0,95.0,Spring,1
12043,04-17-2026,S-10 - Count Blockula,0,0,0,0.0,S,11,5,0,83.0,Spring,2
12044,04-17-2026,S-11 - Cap'n C*nt,0,0,0,0.0,S,11,5,0,67.0,Spring,3
12045,04-17-2026,S-04 - Sets With Me,0,0,0,0.0,S,11,5,0,31.0,Spring,4
12046,04-17-2026,S-02 - I Write Sets Not Tragedies,0,0,0,0.0,S,10,6,0,30.0,Spring,5
12047,04-17-2026,S-07 - Heavy Is The Crown,0,0,0,0.0,S,9,7,0,14.0,Spring,6
12048,04-17-2026,S-08 - Cereal Killers,0,0,0,0.0,S,9,7,0,13.0,Spring,7
12049,04-17-2026,S-12 - Anti-Block Heroes,0,0,0,0.0,S,8,8,0,3.0,Spring,8
12050,04-17-2026,S-16 - Frosted Tips,0,0,0,0.0,S,8,8,0,1.0,Spring,9
12051,04-17-2026,S-18 - Spike Krispies,0,0,0,0.0,S,8,8,0,-12.0,Spring,10
12052,04-17-2026,S-01 - Oops I Hit It Again,0,0,0,0.0,S,8,8,0,-19.0,Spring,11
12053,04-17-2026,S-13 - Ace Krispies,0,0,0,0.0,S,7,8,1,-42.0,Spring,12
12054,04-17-2026,S-06 - Frosted Freaks,0,0,0,0.0,S,7,9,0,-18.0,Spring,13
12055,04-17-2026,S-14 - Chex Appeal,0,0,0,0.0,S,6,9,1,-6.0,Spring,14
12056,04-17-2026,S-09 - Honey Nut Cheeri-Hoes,0,0,0,0.0,S,6,10,0,-24.0,Spring,15
12057,04-17-2026,S-17 - Honey Bunches of Floats,0,0,0,0.0,S,5,11,0,-69.0,Spring,16
12058,04-17-2026,"S-05 - My Set, My Quick (Spike It!)",0,0,0,0.0,S,3,13,0,-68.0,Spring,17
12059,04-17-2026,S-03 - Call Me If You Get Blocked,0,0,0,0.0,S,3,13,0,-79.0,Spring,18
12060,04-24-2026,S-15 - Kanine Krunchies,0,0,0,0.0,S,13,3,0,95.0,Spring,1
12061,04-24-2026,S-10 - Count Blockula,0,0,0,0.0,S,11,5,0,83.0,Spring,2
12062,04-24-2026,S-11 - Cap'n C*nt,0,0,0,0.0,S,11,5,0,67.0,Spring,3
12063,04-24-2026,S-04 - Sets With Me,0,0,0,0.0,S,11,5,0,31.0,Spring,4
12064,04-24-2026,S-02 - I Write Sets Not Tragedies,0,0,0,0.0,S,10,6,0,30.0,Spring,5
12065,04-24-2026,S-07 - Heavy Is The Crown,0,0,0,0.0,S,9,7,0,14.0,Spring,6
12066,04-24-2026,S-08 - Cereal Killers,0,0,0,0.0,S,9,7,0,13.0,Spring,7
12067,04-24-2026,S-12 - Anti-Block Heroes,0,0,0,0.0,S,8,8,0,3.0,Spring,8
12068,04-24-2026,S-16 - Frosted Tips,0,0,0,0.0,S,8,8,0,1.0,Spring,9
12069,04-24-2026,S-18 - Spike Krispies,0,0,0,0.0,S,8,8,0,-12.0,Spring,10
12070,04-24-2026,S-01 - Oops I Hit It Again,0,0,0,0.0,S,8,8,0,-19.0,Spring,11
12071,04-24-2026,S-13 - Ace Krispies,0,0,0,0.0,S,7,8,1,-42.0,Spring,12
12072,04-24-2026,S-06 - Frosted Freaks,0,0,0,0.0,S,7,9,0,-18.0,Spring,13
12073,04-24-2026,S-14 - Chex Appeal,0,0,0,0.0,S,6,9,1,-6.0,Spring,14
12074,04-24-2026,S-09 - Honey Nut Cheeri-Hoes,0,0,0,0.0,S,6,10,0,-24.0,Spring,15
12075,04-24-2026,S-17 - Honey Bunches of Floats,0,0,0,0.0,S,5,11,0,-69.0,Spring,16
12076,04-24-2026,"S-05 - My Set, My Quick (Spike It!)",0,0,0,0.0,S,3,13,0,-68.0,Spring,17
12077,04-24-2026,S-03 - Call Me If You Get Blocked,0,0,0,0.0,S,3,13,0,-79.0,Spring,18
