Team 1,Team 1 Score,Team 2,Team 2 Score,Ref Team,Location,Date,Time,Season
A-10,18,A-01,25,A-13,StarCenter Multisport - Farmers Branch (Court 10),"Fri, Aug 22 2025",7:00 PM,Fall
A-10,17,A-01,25,A-13,StarCenter Multisport - Farmers Branch (Court 10),"Fri, Aug 22 2025",7:00 PM,Fall
A-05,19,A-02,25,A-14,StarCenter Multisport - Farmers Branch (Court 11),"Fri, Aug 22 2025",7:00 PM,Fall
A-05,15,A-02,24,A-14,StarCenter Multisport - Farmers Branch (Court 11),"Fri, Aug 22 2025",7:00 PM,Fall
A-07,25,A-03,20,A-09,StarCenter Multisport - Farmers Branch (Court 12),"Fri, Aug 22 2025",7:00 PM,Fall
A-07,24,A-03,16,A-09,StarCenter Multisport - Farmers Branch (Court 12),"Fri, Aug 22 2025",7:00 PM,Fall
A-13,22,A-10,25,A-01,StarCenter Multisport - Farmers Branch (Court 10),"Fri, Aug 22 2025",7:45 PM,Fall
A-13,15,A-10,17,A-01,StarCenter Multisport - Farmers Branch (Court 10),"Fri, Aug 22 2025",7:45 PM,Fall
A-14,20,A-05,25,A-02,StarCenter Multisport - Farmers Branch (Court 11),"Fri, Aug 22 2025",7:45 PM,Fall
A-14,18,A-05,17,A-02,StarCenter Multisport - Farmers Branch (Court 11),"Fri, Aug 22 2025",7:45 PM,Fall
A-09,16,A-07,25,A-03,StarCenter Multisport - Farmers Branch (Court 12),"Fri, Aug 22 2025",7:45 PM,Fall
A-09,18,A-07,21,A-03,StarCenter Multisport - Farmers Branch (Court 12),"Fri, Aug 22 2025",7:45 PM,Fall
A-13,20,A-01,25,A-10,StarCenter Multisport - Farmers Branch (Court 10),"Fri, Aug 22 2025",8:30 PM,Fall
A-13,19,A-01,25,A-10,StarCenter Multisport - Farmers Branch (Court 10),"Fri, Aug 22 2025",8:30 PM,Fall
A-14,10,A-02,25,A-05,StarCenter Multisport - Farmers Branch (Court 11),"Fri, Aug 22 2025",8:30 PM,Fall
A-14,16,A-02,25,A-05,StarCenter Multisport - Farmers Branch (Court 11),"Fri, Aug 22 2025",8:30 PM,Fall
A-09,22,A-03,25,A-07,StarCenter Multisport - Farmers Branch (Court 12),"Fri, Aug 22 2025",8:30 PM,Fall
A-09,24,A-03,15,A-07,StarCenter Multisport - Farmers Branch (Court 12),"Fri, Aug 22 2025",8:30 PM,Fall
A-08,25,A-04,19,A-16,StarCenter Multisport - Farmers Branch (Court 10),"Fri, Aug 22 2025",9:15 PM,Fall
A-08,25,A-04,14,A-16,StarCenter Multisport - Farmers Branch (Court 10),"Fri, Aug 22 2025",9:15 PM,Fall
A-12,19,A-06,25,A-18,StarCenter Multisport - Farmers Branch (Court 11),"Fri, Aug 22 2025",9:15 PM,Fall
A-12,13,A-06,24,A-18,StarCenter Multisport - Farmers Branch (Court 11),"Fri, Aug 22 2025",9:15 PM,Fall
A-15,14,A-11,25,A-17,StarCenter Multisport - Farmers Branch (Court 12),"Fri, Aug 22 2025",9:15 PM,Fall
A-15,20,A-11,20,A-17,StarCenter Multisport - Farmers Branch (Court 12),"Fri, Aug 22 2025",9:15 PM,Fall
A-16,17,A-08,25,A-04,StarCenter Multisport - Farmers Branch (Court 10),"Fri, Aug 22 2025",10:00 PM,Fall
A-16,10,A-08,25,A-04,StarCenter Multisport - Farmers Branch (Court 10),"Fri, Aug 22 2025",10:00 PM,Fall
A-18,27,A-12,25,A-06,StarCenter Multisport - Farmers Branch (Court 11),"Fri, Aug 22 2025",10:00 PM,Fall
A-18,19,A-12,11,A-06,StarCenter Multisport - Farmers Branch (Court 11),"Fri, Aug 22 2025",10:00 PM,Fall
A-17,15,A-15,25,A-11,StarCenter Multisport - Farmers Branch (Court 12),"Fri, Aug 22 2025",10:00 PM,Fall
A-17,23,A-15,25,A-11,StarCenter Multisport - Farmers Branch (Court 12),"Fri, Aug 22 2025",10:00 PM,Fall
A-16,27,A-04,25,A-08,StarCenter Multisport - Farmers Branch (Court 10),"Fri, Aug 22 2025",10:45 PM,Fall
A-16,15,A-04,14,A-08,StarCenter Multisport - Farmers Branch (Court 10),"Fri, Aug 22 2025",10:45 PM,Fall
A-18,25,A-06,23,A-12,StarCenter Multisport - Farmers Branch (Court 11),"Fri, Aug 22 2025",10:45 PM,Fall
A-18,25,A-06,13,A-12,StarCenter Multisport - Farmers Branch (Court 11),"Fri, Aug 22 2025",10:45 PM,Fall
A-17,17,A-11,25,A-15,StarCenter Multisport - Farmers Branch (Court 12),"Fri, Aug 22 2025",10:45 PM,Fall
A-17,25,A-11,24,A-15,StarCenter Multisport - Farmers Branch (Court 12),"Fri, Aug 22 2025",10:45 PM,Fall
A-11,25,A-02,21,A-16,StarCenter Multisport - Farmers Branch (Court 10),"Fri, Sep 5 2025",7:00 PM,Fall
A-11,21,A-02,25,A-16,StarCenter Multisport - Farmers Branch (Court 10),"Fri, Sep 5 2025",7:00 PM,Fall
A-09,25,A-04,16,A-17,StarCenter Multisport - Farmers Branch (Court 11),"Fri, Sep 5 2025",7:00 PM,Fall
A-09,21,A-04,15,A-17,StarCenter Multisport - Farmers Branch (Court 11),"Fri, Sep 5 2025",7:00 PM,Fall
A-14,21,A-08,25,A-15,StarCenter Multisport - Farmers Branch (Court 12),"Fri, Sep 5 2025",7:00 PM,Fall
A-14,16,A-08,17,A-15,StarCenter Multisport - Farmers Branch (Court 12),"Fri, Sep 5 2025",7:00 PM,Fall
A-16,25,A-11,22,A-02,StarCenter Multisport - Farmers Branch (Court 10),"Fri, Sep 5 2025",7:45 PM,Fall
A-16,16,A-11,17,A-02,StarCenter Multisport - Farmers Branch (Court 10),"Fri, Sep 5 2025",7:45 PM,Fall
A-17,25,A-09,19,A-04,StarCenter Multisport - Farmers Branch (Court 11),"Fri, Sep 5 2025",7:45 PM,Fall
A-17,18,A-09,23,A-04,StarCenter Multisport - Farmers Branch (Court 11),"Fri, Sep 5 2025",7:45 PM,Fall
A-15,25,A-14,18,A-08,StarCenter Multisport - Farmers Branch (Court 12),"Fri, Sep 5 2025",7:45 PM,Fall
A-15,20,A-14,25,A-08,StarCenter Multisport - Farmers Branch (Court 12),"Fri, Sep 5 2025",7:45 PM,Fall
A-16,21,A-02,25,A-11,StarCenter Multisport - Farmers Branch (Court 10),"Fri, Sep 5 2025",8:30 PM,Fall
A-16,20,A-02,21,A-11,StarCenter Multisport - Farmers Branch (Court 10),"Fri, Sep 5 2025",8:30 PM,Fall
A-17,26,A-04,24,A-09,StarCenter Multisport - Farmers Branch (Court 11),"Fri, Sep 5 2025",8:30 PM,Fall
A-17,11,A-04,18,A-09,StarCenter Multisport - Farmers Branch (Court 11),"Fri, Sep 5 2025",8:30 PM,Fall
A-15,25,A-08,18,A-14,StarCenter Multisport - Farmers Branch (Court 12),"Fri, Sep 5 2025",8:30 PM,Fall
A-15,16,A-08,25,A-14,StarCenter Multisport - Farmers Branch (Court 12),"Fri, Sep 5 2025",8:30 PM,Fall
A-03,22,A-01,25,A-12,StarCenter Multisport - Farmers Branch (Court 10),"Fri, Sep 5 2025",9:15 PM,Fall
A-03,14,A-01,16,A-12,StarCenter Multisport - Farmers Branch (Court 10),"Fri, Sep 5 2025",9:15 PM,Fall
A-10,25,A-05,23,A-18,StarCenter Multisport - Farmers Branch (Court 11),"Fri, Sep 5 2025",9:15 PM,Fall
A-10,17,A-05,20,A-18,StarCenter Multisport - Farmers Branch (Court 11),"Fri, Sep 5 2025",9:15 PM,Fall
A-07,20,A-06,25,A-13,StarCenter Multisport - Farmers Branch (Court 12),"Fri, Sep 5 2025",9:15 PM,Fall
A-07,25,A-06,21,A-13,StarCenter Multisport - Farmers Branch (Court 12),"Fri, Sep 5 2025",9:15 PM,Fall
A-12,25,A-03,17,A-01,StarCenter Multisport - Farmers Branch (Court 10),"Fri, Sep 5 2025",10:00 PM,Fall
A-12,21,A-03,17,A-01,StarCenter Multisport - Farmers Branch (Court 10),"Fri, Sep 5 2025",10:00 PM,Fall
A-18,21,A-10,25,A-05,StarCenter Multisport - Farmers Branch (Court 11),"Fri, Sep 5 2025",10:00 PM,Fall
A-18,25,A-10,14,A-05,StarCenter Multisport - Farmers Branch (Court 11),"Fri, Sep 5 2025",10:00 PM,Fall
A-13,15,A-07,25,A-06,StarCenter Multisport - Farmers Branch (Court 12),"Fri, Sep 5 2025",10:00 PM,Fall
A-13,21,A-07,25,A-06,StarCenter Multisport - Farmers Branch (Court 12),"Fri, Sep 5 2025",10:00 PM,Fall
A-12,25,A-01,23,A-03,StarCenter Multisport - Farmers Branch (Court 10),"Fri, Sep 5 2025",10:45 PM,Fall
A-12,20,A-01,15,A-03,StarCenter Multisport - Farmers Branch (Court 10),"Fri, Sep 5 2025",10:45 PM,Fall
A-18,25,A-05,20,A-10,StarCenter Multisport - Farmers Branch (Court 11),"Fri, Sep 5 2025",10:45 PM,Fall
A-18,25,A-05,23,A-10,StarCenter Multisport - Farmers Branch (Court 11),"Fri, Sep 5 2025",10:45 PM,Fall
A-13,25,A-06,16,A-07,StarCenter Multisport - Farmers Branch (Court 12),"Fri, Sep 5 2025",10:45 PM,Fall
A-13,25,A-06,22,A-07,StarCenter Multisport - Farmers Branch (Court 12),"Fri, Sep 5 2025",10:45 PM,Fall
A-16,18,A-01,25,A-18,StarCenter Multisport - Farmers Branch (Court 10),"Fri, Sep 12 2025",7:00 PM,Fall
A-16,21,A-01,21,A-18,StarCenter Multisport - Farmers Branch (Court 10),"Fri, Sep 12 2025",7:00 PM,Fall
A-04,25,A-03,20,A-06,StarCenter Multisport - Farmers Branch (Court 11),"Fri, Sep 12 2025",7:00 PM,Fall
A-04,12,A-03,23,A-06,StarCenter Multisport - Farmers Branch (Court 11),"Fri, Sep 12 2025",7:00 PM,Fall
A-08,14,A-05,25,A-13,StarCenter Multisport - Farmers Branch (Court 12),"Fri, Sep 12 2025",7:00 PM,Fall
A-08,25,A-05,22,A-13,StarCenter Multisport - Farmers Branch (Court 12),"Fri, Sep 12 2025",7:00 PM,Fall
A-18,25,A-16,22,A-01,StarCenter Multisport - Farmers Branch (Court 10),"Fri, Sep 12 2025",7:45 PM,Fall
A-18,23,A-16,21,A-01,StarCenter Multisport - Farmers Branch (Court 10),"Fri, Sep 12 2025",7:45 PM,Fall
A-06,20,A-04,25,A-03,StarCenter Multisport - Farmers Branch (Court 11),"Fri, Sep 12 2025",7:45 PM,Fall
A-06,21,A-04,22,A-03,StarCenter Multisport - Farmers Branch (Court 11),"Fri, Sep 12 2025",7:45 PM,Fall
A-13,15,A-08,25,A-05,StarCenter Multisport - Farmers Branch (Court 12),"Fri, Sep 12 2025",7:45 PM,Fall
A-13,21,A-08,21,A-05,StarCenter Multisport - Farmers Branch (Court 12),"Fri, Sep 12 2025",7:45 PM,Fall
A-18,25,A-01,16,A-16,StarCenter Multisport - Farmers Branch (Court 10),"Fri, Sep 12 2025",8:30 PM,Fall
A-18,22,A-01,25,A-16,StarCenter Multisport - Farmers Branch (Court 10),"Fri, Sep 12 2025",8:30 PM,Fall
A-06,25,A-03,12,A-04,StarCenter Multisport - Farmers Branch (Court 11),"Fri, Sep 12 2025",8:30 PM,Fall
A-06,18,A-03,25,A-04,StarCenter Multisport - Farmers Branch (Court 11),"Fri, Sep 12 2025",8:30 PM,Fall
A-13,25,A-05,22,A-08,StarCenter Multisport - Farmers Branch (Court 12),"Fri, Sep 12 2025",8:30 PM,Fall
A-13,23,A-05,18,A-08,StarCenter Multisport - Farmers Branch (Court 12),"Fri, Sep 12 2025",8:30 PM,Fall
A-14,9,A-07,25,A-17,StarCenter Multisport - Farmers Branch (Court 10),"Fri, Sep 12 2025",9:15 PM,Fall
A-14,18,A-07,25,A-17,StarCenter Multisport - Farmers Branch (Court 10),"Fri, Sep 12 2025",9:15 PM,Fall
A-10,25,A-02,15,A-15,StarCenter Multisport - Farmers Branch (Court 11),"Fri, Sep 12 2025",9:15 PM,Fall
A-10,15,A-02,20,A-15,StarCenter Multisport - Farmers Branch (Court 11),"Fri, Sep 12 2025",9:15 PM,Fall
A-11,25,A-09,22,A-12,StarCenter Multisport - Farmers Branch (Court 12),"Fri, Sep 12 2025",9:15 PM,Fall
A-11,16,A-09,9,A-12,StarCenter Multisport - Farmers Branch (Court 12),"Fri, Sep 12 2025",9:15 PM,Fall
A-17,25,A-14,14,A-07,StarCenter Multisport - Farmers Branch (Court 10),"Fri, Sep 12 2025",10:00 PM,Fall
A-17,25,A-14,12,A-07,StarCenter Multisport - Farmers Branch (Court 10),"Fri, Sep 12 2025",10:00 PM,Fall
A-15,11,A-10,25,A-02,StarCenter Multisport - Farmers Branch (Court 11),"Fri, Sep 12 2025",10:00 PM,Fall
A-15,25,A-10,27,A-02,StarCenter Multisport - Farmers Branch (Court 11),"Fri, Sep 12 2025",10:00 PM,Fall
A-12,21,A-11,25,A-09,StarCenter Multisport - Farmers Branch (Court 12),"Fri, Sep 12 2025",10:00 PM,Fall
A-12,16,A-11,18,A-09,StarCenter Multisport - Farmers Branch (Court 12),"Fri, Sep 12 2025",10:00 PM,Fall
A-17,22,A-07,25,A-14,StarCenter Multisport - Farmers Branch (Court 10),"Fri, Sep 12 2025",10:45 PM,Fall
A-17,18,A-07,25,A-14,StarCenter Multisport - Farmers Branch (Court 10),"Fri, Sep 12 2025",10:45 PM,Fall
A-15,25,A-02,21,A-10,StarCenter Multisport - Farmers Branch (Court 11),"Fri, Sep 12 2025",10:45 PM,Fall
A-15,24,A-02,23,A-10,StarCenter Multisport - Farmers Branch (Court 11),"Fri, Sep 12 2025",10:45 PM,Fall
A-12,25,A-09,22,A-11,StarCenter Multisport - Farmers Branch (Court 12),"Fri, Sep 12 2025",10:45 PM,Fall
A-12,20,A-09,13,A-11,StarCenter Multisport - Farmers Branch (Court 12),"Fri, Sep 12 2025",10:45 PM,Fall
A-15,24,A-12,26,A-16,StarCenter Multisport - Farmers Branch (Court 10),"Fri, Sep 19 2025",7:00 PM,Fall
A-15,24,A-12,18,A-16,StarCenter Multisport - Farmers Branch (Court 10),"Fri, Sep 19 2025",7:00 PM,Fall
A-08,25,A-07,18,A-18,StarCenter Multisport - Farmers Branch (Court 11),"Fri, Sep 19 2025",7:00 PM,Fall
A-08,20,A-07,17,A-18,StarCenter Multisport - Farmers Branch (Court 11),"Fri, Sep 19 2025",7:00 PM,Fall
A-06,19,A-01,25,A-11,StarCenter Multisport - Farmers Branch (Court 12),"Fri, Sep 19 2025",7:00 PM,Fall
A-06,17,A-01,20,A-11,StarCenter Multisport - Farmers Branch (Court 12),"Fri, Sep 19 2025",7:00 PM,Fall
A-16,25,A-15,20,A-12,StarCenter Multisport - Farmers Branch (Court 10),"Fri, Sep 19 2025",7:45 PM,Fall
A-16,15,A-15,25,A-12,StarCenter Multisport - Farmers Branch (Court 10),"Fri, Sep 19 2025",7:45 PM,Fall
A-18,22,A-08,25,A-07,StarCenter Multisport - Farmers Branch (Court 11),"Fri, Sep 19 2025",7:45 PM,Fall
A-18,25,A-08,12,A-07,StarCenter Multisport - Farmers Branch (Court 11),"Fri, Sep 19 2025",7:45 PM,Fall
A-11,25,A-06,23,A-01,StarCenter Multisport - Farmers Branch (Court 12),"Fri, Sep 19 2025",7:45 PM,Fall
A-11,9,A-06,20,A-01,StarCenter Multisport - Farmers Branch (Court 12),"Fri, Sep 19 2025",7:45 PM,Fall
A-16,22,A-12,25,A-15,StarCenter Multisport - Farmers Branch (Court 10),"Fri, Sep 19 2025",8:30 PM,Fall
A-16,21,A-12,24,A-15,StarCenter Multisport - Farmers Branch (Court 10),"Fri, Sep 19 2025",8:30 PM,Fall
A-18,25,A-07,20,A-08,StarCenter Multisport - Farmers Branch (Court 11),"Fri, Sep 19 2025",8:30 PM,Fall
A-18,25,A-07,17,A-08,StarCenter Multisport - Farmers Branch (Court 11),"Fri, Sep 19 2025",8:30 PM,Fall
A-11,23,A-01,25,A-06,StarCenter Multisport - Farmers Branch (Court 12),"Fri, Sep 19 2025",8:30 PM,Fall
A-11,19,A-01,11,A-06,StarCenter Multisport - Farmers Branch (Court 12),"Fri, Sep 19 2025",8:30 PM,Fall
A-05,25,A-03,16,A-17,StarCenter Multisport - Farmers Branch (Court 10),"Fri, Sep 19 2025",9:15 PM,Fall
A-05,25,A-03,18,A-17,StarCenter Multisport - Farmers Branch (Court 10),"Fri, Sep 19 2025",9:15 PM,Fall
A-09,17,A-02,25,A-13,StarCenter Multisport - Farmers Branch (Court 11),"Fri, Sep 19 2025",9:15 PM,Fall
A-09,18,A-02,18,A-13,StarCenter Multisport - Farmers Branch (Court 11),"Fri, Sep 19 2025",9:15 PM,Fall
A-10,25,A-04,21,A-14,StarCenter Multisport - Farmers Branch (Court 12),"Fri, Sep 19 2025",9:15 PM,Fall
A-10,19,A-04,12,A-14,StarCenter Multisport - Farmers Branch (Court 12),"Fri, Sep 19 2025",9:15 PM,Fall
A-17,23,A-05,25,A-03,StarCenter Multisport - Farmers Branch (Court 10),"Fri, Sep 19 2025",10:00 PM,Fall
A-17,17,A-05,25,A-03,StarCenter Multisport - Farmers Branch (Court 10),"Fri, Sep 19 2025",10:00 PM,Fall
A-13,12,A-09,25,A-02,StarCenter Multisport - Farmers Branch (Court 11),"Fri, Sep 19 2025",10:00 PM,Fall
A-13,14,A-09,25,A-02,StarCenter Multisport - Farmers Branch (Court 11),"Fri, Sep 19 2025",10:00 PM,Fall
A-14,13,A-10,25,A-04,StarCenter Multisport - Farmers Branch (Court 12),"Fri, Sep 19 2025",10:00 PM,Fall
A-14,24,A-10,26,A-04,StarCenter Multisport - Farmers Branch (Court 12),"Fri, Sep 19 2025",10:00 PM,Fall
A-17,25,A-03,15,A-05,StarCenter Multisport - Farmers Branch (Court 10),"Fri, Sep 19 2025",10:45 PM,Fall
A-17,24,A-03,20,A-05,StarCenter Multisport - Farmers Branch (Court 10),"Fri, Sep 19 2025",10:45 PM,Fall
A-13,25,A-02,19,A-09,StarCenter Multisport - Farmers Branch (Court 11),"Fri, Sep 19 2025",10:45 PM,Fall
A-13,24,A-02,26,A-09,StarCenter Multisport - Farmers Branch (Court 11),"Fri, Sep 19 2025",10:45 PM,Fall
A-14,21,A-04,25,A-10,StarCenter Multisport - Farmers Branch (Court 12),"Fri, Sep 19 2025",10:45 PM,Fall
A-14,22,A-04,24,A-10,StarCenter Multisport - Farmers Branch (Court 12),"Fri, Sep 19 2025",10:45 PM,Fall
A-12,25,A-02,20,A-17,StarCenter Multisport - Farmers Branch (Court 10),"Fri, Sep 26 2025",7:00 PM,Fall
A-12,19,A-02,25,A-17,StarCenter Multisport - Farmers Branch (Court 10),"Fri, Sep 26 2025",7:00 PM,Fall
A-08,25,A-06,19,A-10,StarCenter Multisport - Farmers Branch (Court 11),"Fri, Sep 26 2025",7:00 PM,Fall
A-08,25,A-06,11,A-10,StarCenter Multisport - Farmers Branch (Court 11),"Fri, Sep 26 2025",7:00 PM,Fall
A-13,25,A-03,17,A-18,StarCenter Multisport - Farmers Branch (Court 12),"Fri, Sep 26 2025",7:00 PM,Fall
A-13,25,A-03,17,A-18,StarCenter Multisport - Farmers Branch (Court 12),"Fri, Sep 26 2025",7:00 PM,Fall
A-17,25,A-12,23,A-02,StarCenter Multisport - Farmers Branch (Court 10),"Fri, Sep 26 2025",7:45 PM,Fall
A-17,15,A-12,25,A-02,StarCenter Multisport - Farmers Branch (Court 10),"Fri, Sep 26 2025",7:45 PM,Fall
A-10,25,A-08,23,A-06,StarCenter Multisport - Farmers Branch (Court 11),"Fri, Sep 26 2025",7:45 PM,Fall
A-10,19,A-08,15,A-06,StarCenter Multisport - Farmers Branch (Court 11),"Fri, Sep 26 2025",7:45 PM,Fall
A-18,25,A-13,19,A-03,StarCenter Multisport - Farmers Branch (Court 12),"Fri, Sep 26 2025",7:45 PM,Fall
A-18,25,A-13,19,A-03,StarCenter Multisport - Farmers Branch (Court 12),"Fri, Sep 26 2025",7:45 PM,Fall
A-17,22,A-02,25,A-12,StarCenter Multisport - Farmers Branch (Court 10),"Fri, Sep 26 2025",8:30 PM,Fall
A-17,13,A-02,24,A-12,StarCenter Multisport - Farmers Branch (Court 10),"Fri, Sep 26 2025",8:30 PM,Fall
A-10,25,A-06,23,A-08,StarCenter Multisport - Farmers Branch (Court 11),"Fri, Sep 26 2025",8:30 PM,Fall
A-10,16,A-06,20,A-08,StarCenter Multisport - Farmers Branch (Court 11),"Fri, Sep 26 2025",8:30 PM,Fall
A-18,25,A-03,23,A-13,StarCenter Multisport - Farmers Branch (Court 12),"Fri, Sep 26 2025",8:30 PM,Fall
A-18,13,A-03,19,A-13,StarCenter Multisport - Farmers Branch (Court 12),"Fri, Sep 26 2025",8:30 PM,Fall
A-14,26,A-09,27,A-16,StarCenter Multisport - Farmers Branch (Court 10),"Fri, Sep 26 2025",9:15 PM,Fall
A-14,14,A-09,21,A-16,StarCenter Multisport - Farmers Branch (Court 10),"Fri, Sep 26 2025",9:15 PM,Fall
A-05,25,A-04,19,A-11,StarCenter Multisport - Farmers Branch (Court 11),"Fri, Sep 26 2025",9:15 PM,Fall
A-05,18,A-04,23,A-11,StarCenter Multisport - Farmers Branch (Court 11),"Fri, Sep 26 2025",9:15 PM,Fall
A-07,21,A-01,25,A-15,StarCenter Multisport - Farmers Branch (Court 12),"Fri, Sep 26 2025",9:15 PM,Fall
A-07,12,A-01,18,A-15,StarCenter Multisport - Farmers Branch (Court 12),"Fri, Sep 26 2025",9:15 PM,Fall
A-16,25,A-14,11,A-09,StarCenter Multisport - Farmers Branch (Court 10),"Fri, Sep 26 2025",10:00 PM,Fall
A-16,25,A-14,20,A-09,StarCenter Multisport - Farmers Branch (Court 10),"Fri, Sep 26 2025",10:00 PM,Fall
A-11,20,A-05,25,A-04,StarCenter Multisport - Farmers Branch (Court 11),"Fri, Sep 26 2025",10:00 PM,Fall
A-11,25,A-05,19,A-04,StarCenter Multisport - Farmers Branch (Court 11),"Fri, Sep 26 2025",10:00 PM,Fall
A-15,25,A-07,19,A-01,StarCenter Multisport - Farmers Branch (Court 12),"Fri, Sep 26 2025",10:00 PM,Fall
A-15,25,A-07,21,A-01,StarCenter Multisport - Farmers Branch (Court 12),"Fri, Sep 26 2025",10:00 PM,Fall
A-16,25,A-09,20,A-14,StarCenter Multisport - Farmers Branch (Court 10),"Fri, Sep 26 2025",10:45 PM,Fall
A-16,24,A-09,8,A-14,StarCenter Multisport - Farmers Branch (Court 10),"Fri, Sep 26 2025",10:45 PM,Fall
A-11,25,A-04,15,A-05,StarCenter Multisport - Farmers Branch (Court 11),"Fri, Sep 26 2025",10:45 PM,Fall
A-11,25,A-04,12,A-05,StarCenter Multisport - Farmers Branch (Court 11),"Fri, Sep 26 2025",10:45 PM,Fall
A-15,25,A-01,19,A-07,StarCenter Multisport - Farmers Branch (Court 12),"Fri, Sep 26 2025",10:45 PM,Fall
A-15,25,A-01,23,A-07,StarCenter Multisport - Farmers Branch (Court 12),"Fri, Sep 26 2025",10:45 PM,Fall
A-14,17,A-11,25,A-18,StarCenter Multisport - Farmers Branch (Court 10),"Fri, Oct 10 2025",7:00 PM,Fall
A-14,18,A-11,19,A-18,StarCenter Multisport - Farmers Branch (Court 10),"Fri, Oct 10 2025",7:00 PM,Fall
A-05,14,A-01,25,A-09,StarCenter Multisport - Farmers Branch (Court 11),"Fri, Oct 10 2025",7:00 PM,Fall
A-05,14,A-01,25,A-09,StarCenter Multisport - Farmers Branch (Court 11),"Fri, Oct 10 2025",7:00 PM,Fall
A-10,25,A-07,20,A-12,StarCenter Multisport - Farmers Branch (Court 12),"Fri, Oct 10 2025",7:00 PM,Fall
A-10,22,A-07,25,A-12,StarCenter Multisport - Farmers Branch (Court 12),"Fri, Oct 10 2025",7:00 PM,Fall
A-18,25,A-14,18,A-11,StarCenter Multisport - Farmers Branch (Court 10),"Fri, Oct 10 2025",7:45 PM,Fall
A-18,25,A-14,10,A-11,StarCenter Multisport - Farmers Branch (Court 10),"Fri, Oct 10 2025",7:45 PM,Fall
A-09,25,A-05,13,A-01,StarCenter Multisport - Farmers Branch (Court 11),"Fri, Oct 10 2025",7:45 PM,Fall
A-09,25,A-05,15,A-01,StarCenter Multisport - Farmers Branch (Court 11),"Fri, Oct 10 2025",7:45 PM,Fall
A-12,14,A-10,25,A-07,StarCenter Multisport - Farmers Branch (Court 12),"Fri, Oct 10 2025",7:45 PM,Fall
A-12,25,A-10,13,A-07,StarCenter Multisport - Farmers Branch (Court 12),"Fri, Oct 10 2025",7:45 PM,Fall
A-18,25,A-11,22,A-14,StarCenter Multisport - Farmers Branch (Court 10),"Fri, Oct 10 2025",8:30 PM,Fall
A-18,23,A-11,18,A-14,StarCenter Multisport - Farmers Branch (Court 10),"Fri, Oct 10 2025",8:30 PM,Fall
A-09,18,A-01,25,A-05,StarCenter Multisport - Farmers Branch (Court 11),"Fri, Oct 10 2025",8:30 PM,Fall
A-09,23,A-01,25,A-05,StarCenter Multisport - Farmers Branch (Court 11),"Fri, Oct 10 2025",8:30 PM,Fall
A-12,25,A-07,21,A-10,StarCenter Multisport - Farmers Branch (Court 12),"Fri, Oct 10 2025",8:30 PM,Fall
A-12,23,A-07,25,A-10,StarCenter Multisport - Farmers Branch (Court 12),"Fri, Oct 10 2025",8:30 PM,Fall
A-03,9,A-02,25,A-08,StarCenter Multisport - Farmers Branch (Court 10),"Fri, Oct 10 2025",9:15 PM,Fall
A-03,20,A-02,25,A-08,StarCenter Multisport - Farmers Branch (Court 10),"Fri, Oct 10 2025",9:15 PM,Fall
A-16,22,A-06,25,A-17,StarCenter Multisport - Farmers Branch (Court 11),"Fri, Oct 10 2025",9:15 PM,Fall
A-16,23,A-06,17,A-17,StarCenter Multisport - Farmers Branch (Court 11),"Fri, Oct 10 2025",9:15 PM,Fall
A-13,25,A-04,22,A-15,StarCenter Multisport - Farmers Branch (Court 12),"Fri, Oct 10 2025",9:15 PM,Fall
A-13,16,A-04,20,A-15,StarCenter Multisport - Farmers Branch (Court 12),"Fri, Oct 10 2025",9:15 PM,Fall
A-08,19,A-03,25,A-02,StarCenter Multisport - Farmers Branch (Court 10),"Fri, Oct 10 2025",10:00 PM,Fall
A-08,24,A-03,4,A-02,StarCenter Multisport - Farmers Branch (Court 10),"Fri, Oct 10 2025",10:00 PM,Fall
A-17,9,A-16,25,A-06,StarCenter Multisport - Farmers Branch (Court 11),"Fri, Oct 10 2025",10:00 PM,Fall
A-17,20,A-16,24,A-06,StarCenter Multisport - Farmers Branch (Court 11),"Fri, Oct 10 2025",10:00 PM,Fall
A-15,19,A-13,25,A-04,StarCenter Multisport - Farmers Branch (Court 12),"Fri, Oct 10 2025",10:00 PM,Fall
A-15,25,A-13,21,A-04,StarCenter Multisport - Farmers Branch (Court 12),"Fri, Oct 10 2025",10:00 PM,Fall
A-08,20,A-02,25,A-03,StarCenter Multisport - Farmers Branch (Court 10),"Fri, Oct 10 2025",10:45 PM,Fall
A-08,18,A-02,24,A-03,StarCenter Multisport - Farmers Branch (Court 10),"Fri, Oct 10 2025",10:45 PM,Fall
A-17,20,A-06,25,A-16,StarCenter Multisport - Farmers Branch (Court 11),"Fri, Oct 10 2025",10:45 PM,Fall
A-17,25,A-06,23,A-16,StarCenter Multisport - Farmers Branch (Court 11),"Fri, Oct 10 2025",10:45 PM,Fall
A-15,25,A-04,15,A-13,StarCenter Multisport - Farmers Branch (Court 12),"Fri, Oct 10 2025",10:45 PM,Fall
A-15,25,A-04,12,A-13,StarCenter Multisport - Farmers Branch (Court 12),"Fri, Oct 10 2025",10:45 PM,Fall
A-10,27,A-03,26,A-11,StarCenter Multisport - Farmers Branch (Court 10),"Fri, Oct 17 2025",7:00 PM,Fall
A-10,22,A-03,13,A-11,StarCenter Multisport - Farmers Branch (Court 10),"Fri, Oct 17 2025",7:00 PM,Fall
A-13,21,A-12,25,A-14,StarCenter Multisport - Farmers Branch (Court 11),"Fri, Oct 17 2025",7:00 PM,Fall
A-13,25,A-12,14,A-14,StarCenter Multisport - Farmers Branch (Court 11),"Fri, Oct 17 2025",7:00 PM,Fall
A-09,19,A-06,25,A-15,StarCenter Multisport - Farmers Branch (Court 12),"Fri, Oct 17 2025",7:00 PM,Fall
A-09,24,A-06,22,A-15,StarCenter Multisport - Farmers Branch (Court 12),"Fri, Oct 17 2025",7:00 PM,Fall
A-11,12,A-10,25,A-03,StarCenter Multisport - Farmers Branch (Court 10),"Fri, Oct 17 2025",7:45 PM,Fall
A-11,21,A-10,19,A-03,StarCenter Multisport - Farmers Branch (Court 10),"Fri, Oct 17 2025",7:45 PM,Fall
A-14,16,A-13,25,A-12,StarCenter Multisport - Farmers Branch (Court 11),"Fri, Oct 17 2025",7:45 PM,Fall
A-14,22,A-13,23,A-12,StarCenter Multisport - Farmers Branch (Court 11),"Fri, Oct 17 2025",7:45 PM,Fall
A-15,22,A-09,25,A-06,StarCenter Multisport - Farmers Branch (Court 12),"Fri, Oct 17 2025",7:45 PM,Fall
A-15,20,A-09,17,A-06,StarCenter Multisport - Farmers Branch (Court 12),"Fri, Oct 17 2025",7:45 PM,Fall
A-11,25,A-03,18,A-10,StarCenter Multisport - Farmers Branch (Court 10),"Fri, Oct 17 2025",8:30 PM,Fall
A-11,22,A-03,15,A-10,StarCenter Multisport - Farmers Branch (Court 10),"Fri, Oct 17 2025",8:30 PM,Fall
A-14,22,A-12,25,A-13,StarCenter Multisport - Farmers Branch (Court 11),"Fri, Oct 17 2025",8:30 PM,Fall
A-14,12,A-12,19,A-13,StarCenter Multisport - Farmers Branch (Court 11),"Fri, Oct 17 2025",8:30 PM,Fall
A-15,22,A-06,25,A-09,StarCenter Multisport - Farmers Branch (Court 12),"Fri, Oct 17 2025",8:30 PM,Fall
A-15,26,A-06,27,A-09,StarCenter Multisport - Farmers Branch (Court 12),"Fri, Oct 17 2025",8:30 PM,Fall
A-08,25,A-01,21,A-17,StarCenter Multisport - Farmers Branch (Court 10),"Fri, Oct 17 2025",9:15 PM,Fall
A-08,19,A-01,19,A-17,StarCenter Multisport - Farmers Branch (Court 10),"Fri, Oct 17 2025",9:15 PM,Fall
A-07,25,A-05,17,A-16,StarCenter Multisport - Farmers Branch (Court 11),"Fri, Oct 17 2025",9:15 PM,Fall
A-07,25,A-05,23,A-16,StarCenter Multisport - Farmers Branch (Court 11),"Fri, Oct 17 2025",9:15 PM,Fall
A-04,25,A-02,15,A-18,StarCenter Multisport - Farmers Branch (Court 12),"Fri, Oct 17 2025",9:15 PM,Fall
A-04,18,A-02,20,A-18,StarCenter Multisport - Farmers Branch (Court 12),"Fri, Oct 17 2025",9:15 PM,Fall
A-17,14,A-08,25,A-01,StarCenter Multisport - Farmers Branch (Court 10),"Fri, Oct 17 2025",10:00 PM,Fall
A-17,14,A-08,25,A-01,StarCenter Multisport - Farmers Branch (Court 10),"Fri, Oct 17 2025",10:00 PM,Fall
A-16,25,A-07,23,A-05,StarCenter Multisport - Farmers Branch (Court 11),"Fri, Oct 17 2025",10:00 PM,Fall
A-16,20,A-07,17,A-05,StarCenter Multisport - Farmers Branch (Court 11),"Fri, Oct 17 2025",10:00 PM,Fall
A-18,21,A-04,25,A-02,StarCenter Multisport - Farmers Branch (Court 12),"Fri, Oct 17 2025",10:00 PM,Fall
A-18,25,A-04,7,A-02,StarCenter Multisport - Farmers Branch (Court 12),"Fri, Oct 17 2025",10:00 PM,Fall
A-17,19,A-01,25,A-08,StarCenter Multisport - Farmers Branch (Court 10),"Fri, Oct 17 2025",10:45 PM,Fall
A-17,13,A-01,25,A-08,StarCenter Multisport - Farmers Branch (Court 10),"Fri, Oct 17 2025",10:45 PM,Fall
A-16,25,A-05,14,A-07,StarCenter Multisport - Farmers Branch (Court 11),"Fri, Oct 17 2025",10:45 PM,Fall
A-16,21,A-05,19,A-07,StarCenter Multisport - Farmers Branch (Court 11),"Fri, Oct 17 2025",10:45 PM,Fall
A-18,25,A-02,9,A-04,StarCenter Multisport - Farmers Branch (Court 12),"Fri, Oct 17 2025",10:45 PM,Fall
A-18,25,A-02,16,A-04,StarCenter Multisport - Farmers Branch (Court 12),"Fri, Oct 17 2025",10:45 PM,Fall
A-04,22,A-01,25,A-12,StarCenter Multisport - Farmers Branch (Court 10),"Fri, Oct 24 2025",7:00 PM,Fall
A-04,18,A-01,19,A-12,StarCenter Multisport - Farmers Branch (Court 10),"Fri, Oct 24 2025",7:00 PM,Fall
A-05,25,A-03,22,A-15,StarCenter Multisport - Farmers Branch (Court 11),"Fri, Oct 24 2025",7:00 PM,Fall
A-05,24,A-03,12,A-15,StarCenter Multisport - Farmers Branch (Court 11),"Fri, Oct 24 2025",7:00 PM,Fall
A-17,25,A-09,21,A-18,StarCenter Multisport - Farmers Branch (Court 12),"Fri, Oct 24 2025",7:00 PM,Fall
A-17,25,A-09,20,A-18,StarCenter Multisport - Farmers Branch (Court 12),"Fri, Oct 24 2025",7:00 PM,Fall
A-12,25,A-04,19,A-01,StarCenter Multisport - Farmers Branch (Court 10),"Fri, Oct 24 2025",7:45 PM,Fall
A-12,22,A-04,15,A-01,StarCenter Multisport - Farmers Branch (Court 10),"Fri, Oct 24 2025",7:45 PM,Fall
A-15,20,A-05,25,A-03,StarCenter Multisport - Farmers Branch (Court 11),"Fri, Oct 24 2025",7:45 PM,Fall
A-15,24,A-05,15,A-03,StarCenter Multisport - Farmers Branch (Court 11),"Fri, Oct 24 2025",7:45 PM,Fall
A-18,27,A-17,25,A-09,StarCenter Multisport - Farmers Branch (Court 12),"Fri, Oct 24 2025",7:45 PM,Fall
A-18,25,A-17,12,A-09,StarCenter Multisport - Farmers Branch (Court 12),"Fri, Oct 24 2025",7:45 PM,Fall
A-12,23,A-01,25,A-04,StarCenter Multisport - Farmers Branch (Court 10),"Fri, Oct 24 2025",8:30 PM,Fall
A-12,14,A-01,25,A-04,StarCenter Multisport - Farmers Branch (Court 10),"Fri, Oct 24 2025",8:30 PM,Fall
A-15,25,A-03,16,A-05,StarCenter Multisport - Farmers Branch (Court 11),"Fri, Oct 24 2025",8:30 PM,Fall
A-15,25,A-03,17,A-05,StarCenter Multisport - Farmers Branch (Court 11),"Fri, Oct 24 2025",8:30 PM,Fall
A-18,25,A-09,18,A-17,StarCenter Multisport - Farmers Branch (Court 12),"Fri, Oct 24 2025",8:30 PM,Fall
A-18,25,A-09,14,A-17,StarCenter Multisport - Farmers Branch (Court 12),"Fri, Oct 24 2025",8:30 PM,Fall
A-06,20,A-02,25,A-14,StarCenter Multisport - Farmers Branch (Court 10),"Fri, Oct 24 2025",9:15 PM,Fall
A-06,15,A-02,21,A-14,StarCenter Multisport - Farmers Branch (Court 10),"Fri, Oct 24 2025",9:15 PM,Fall
A-08,14,A-07,25,A-11,StarCenter Multisport - Farmers Branch (Court 11),"Fri, Oct 24 2025",9:15 PM,Fall
A-08,22,A-07,22,A-11,StarCenter Multisport - Farmers Branch (Court 11),"Fri, Oct 24 2025",9:15 PM,Fall
A-13,23,A-10,25,A-16,StarCenter Multisport - Farmers Branch (Court 12),"Fri, Oct 24 2025",9:15 PM,Fall
A-13,24,A-10,23,A-16,StarCenter Multisport - Farmers Branch (Court 12),"Fri, Oct 24 2025",9:15 PM,Fall
A-14,25,A-06,23,A-02,StarCenter Multisport - Farmers Branch (Court 10),"Fri, Oct 24 2025",10:00 PM,Fall
A-14,22,A-06,24,A-02,StarCenter Multisport - Farmers Branch (Court 10),"Fri, Oct 24 2025",10:00 PM,Fall
A-11,17,A-08,25,A-07,StarCenter Multisport - Farmers Branch (Court 11),"Fri, Oct 24 2025",10:00 PM,Fall
A-11,20,A-08,19,A-07,StarCenter Multisport - Farmers Branch (Court 11),"Fri, Oct 24 2025",10:00 PM,Fall
A-16,20,A-13,25,A-10,StarCenter Multisport - Farmers Branch (Court 12),"Fri, Oct 24 2025",10:00 PM,Fall
A-16,24,A-13,24,A-10,StarCenter Multisport - Farmers Branch (Court 12),"Fri, Oct 24 2025",10:00 PM,Fall
A-14,18,A-02,25,A-06,StarCenter Multisport - Farmers Branch (Court 10),"Fri, Oct 24 2025",10:45 PM,Fall
A-14,21,A-02,20,A-06,StarCenter Multisport - Farmers Branch (Court 10),"Fri, Oct 24 2025",10:45 PM,Fall
A-11,25,A-07,17,A-08,StarCenter Multisport - Farmers Branch (Court 11),"Fri, Oct 24 2025",10:45 PM,Fall
A-11,25,A-07,22,A-08,StarCenter Multisport - Farmers Branch (Court 11),"Fri, Oct 24 2025",10:45 PM,Fall
A-16,26,A-10,27,A-13,StarCenter Multisport - Farmers Branch (Court 12),"Fri, Oct 24 2025",10:45 PM,Fall
A-16,14,A-10,12,A-13,StarCenter Multisport - Farmers Branch (Court 12),"Fri, Oct 24 2025",10:45 PM,Fall
A-02,25,A-01,12,A-07,StarCenter Multisport - Farmers Branch (Court 10),"Fri, Nov 7 2025",7:00 PM,Fall
A-02,24,A-01,19,A-07,StarCenter Multisport - Farmers Branch (Court 10),"Fri, Nov 7 2025",7:00 PM,Fall
A-14,6,A-03,25,A-16,StarCenter Multisport - Farmers Branch (Court 11),"Fri, Nov 7 2025",7:00 PM,Fall
A-14,11,A-03,25,A-16,StarCenter Multisport - Farmers Branch (Court 11),"Fri, Nov 7 2025",7:00 PM,Fall
A-11,25,A-04,23,A-13,StarCenter Multisport - Farmers Branch (Court 12),"Fri, Nov 7 2025",7:00 PM,Fall
A-11,19,A-04,15,A-13,StarCenter Multisport - Farmers Branch (Court 12),"Fri, Nov 7 2025",7:00 PM,Fall
A-07,18,A-02,25,A-01,StarCenter Multisport - Farmers Branch (Court 10),"Fri, Nov 7 2025",7:45 PM,Fall
A-07,18,A-02,25,A-01,StarCenter Multisport - Farmers Branch (Court 10),"Fri, Nov 7 2025",7:45 PM,Fall
A-16,25,A-14,15,A-03,StarCenter Multisport - Farmers Branch (Court 11),"Fri, Nov 7 2025",7:45 PM,Fall
A-16,25,A-14,15,A-03,StarCenter Multisport - Farmers Branch (Court 11),"Fri, Nov 7 2025",7:45 PM,Fall
A-13,15,A-11,25,A-04,StarCenter Multisport - Farmers Branch (Court 12),"Fri, Nov 7 2025",7:45 PM,Fall
A-13,16,A-11,25,A-04,StarCenter Multisport - Farmers Branch (Court 12),"Fri, Nov 7 2025",7:45 PM,Fall
A-07,25,A-01,11,A-02,StarCenter Multisport - Farmers Branch (Court 10),"Fri, Nov 7 2025",8:30 PM,Fall
A-07,24,A-01,18,A-02,StarCenter Multisport - Farmers Branch (Court 10),"Fri, Nov 7 2025",8:30 PM,Fall
A-16,25,A-03,21,A-14,StarCenter Multisport - Farmers Branch (Court 11),"Fri, Nov 7 2025",8:30 PM,Fall
A-16,21,A-03,20,A-14,StarCenter Multisport - Farmers Branch (Court 11),"Fri, Nov 7 2025",8:30 PM,Fall
A-13,25,A-04,16,A-11,StarCenter Multisport - Farmers Branch (Court 12),"Fri, Nov 7 2025",8:30 PM,Fall
A-13,24,A-04,18,A-11,StarCenter Multisport - Farmers Branch (Court 12),"Fri, Nov 7 2025",8:30 PM,Fall
A-09,7,A-08,25,A-10,StarCenter Multisport - Farmers Branch (Court 10),"Fri, Nov 7 2025",9:15 PM,Fall
A-09,16,A-08,25,A-10,StarCenter Multisport - Farmers Branch (Court 10),"Fri, Nov 7 2025",9:15 PM,Fall
A-06,14,A-05,25,A-12,StarCenter Multisport - Farmers Branch (Court 11),"Fri, Nov 7 2025",9:15 PM,Fall
A-06,13,A-05,25,A-12,StarCenter Multisport - Farmers Branch (Court 11),"Fri, Nov 7 2025",9:15 PM,Fall
A-17,22,A-15,25,A-18,StarCenter Multisport - Farmers Branch (Court 12),"Fri, Nov 7 2025",9:15 PM,Fall
A-17,23,A-15,21,A-18,StarCenter Multisport - Farmers Branch (Court 12),"Fri, Nov 7 2025",9:15 PM,Fall
A-10,22,A-09,25,A-08,StarCenter Multisport - Farmers Branch (Court 10),"Fri, Nov 7 2025",10:00 PM,Fall
A-10,25,A-09,14,A-08,StarCenter Multisport - Farmers Branch (Court 10),"Fri, Nov 7 2025",10:00 PM,Fall
A-12,25,A-06,20,A-05,StarCenter Multisport - Farmers Branch (Court 11),"Fri, Nov 7 2025",10:00 PM,Fall
A-12,24,A-06,23,A-05,StarCenter Multisport - Farmers Branch (Court 11),"Fri, Nov 7 2025",10:00 PM,Fall
A-18,25,A-17,15,A-15,StarCenter Multisport - Farmers Branch (Court 12),"Fri, Nov 7 2025",10:00 PM,Fall
A-18,20,A-17,23,A-15,StarCenter Multisport - Farmers Branch (Court 12),"Fri, Nov 7 2025",10:00 PM,Fall
A-10,17,A-08,25,A-09,StarCenter Multisport - Farmers Branch (Court 10),"Fri, Nov 7 2025",10:45 PM,Fall
A-10,13,A-08,25,A-09,StarCenter Multisport - Farmers Branch (Court 10),"Fri, Nov 7 2025",10:45 PM,Fall
A-12,24,A-05,26,A-06,StarCenter Multisport - Farmers Branch (Court 11),"Fri, Nov 7 2025",10:45 PM,Fall
A-12,15,A-05,20,A-06,StarCenter Multisport - Farmers Branch (Court 11),"Fri, Nov 7 2025",10:45 PM,Fall
A-18,25,A-15,15,A-17,StarCenter Multisport - Farmers Branch (Court 12),"Fri, Nov 7 2025",10:45 PM,Fall
A-18,18,A-15,25,A-17,StarCenter Multisport - Farmers Branch (Court 12),"Fri, Nov 7 2025",10:45 PM,Fall
A-10,20,A-01,25,A-17,StarCenter Multisport - Farmers Branch (Court 10),"Fri, Nov 14 2025",7:00 PM,Fall
A-10,13,A-01,16,A-17,StarCenter Multisport - Farmers Branch (Court 10),"Fri, Nov 14 2025",7:00 PM,Fall
A-08,25,A-04,23,A-12,StarCenter Multisport - Farmers Branch (Court 11),"Fri, Nov 14 2025",7:00 PM,Fall
A-08,13,A-04,17,A-12,StarCenter Multisport - Farmers Branch (Court 11),"Fri, Nov 14 2025",7:00 PM,Fall
A-06,25,A-02,0,A-09,StarCenter Multisport - Farmers Branch (Court 12),"Fri, Nov 14 2025",7:00 PM,Fall
A-06,25,A-02,0,A-09,StarCenter Multisport - Farmers Branch (Court 12),"Fri, Nov 14 2025",7:00 PM,Fall
A-17,27,A-10,26,A-01,StarCenter Multisport - Farmers Branch (Court 10),"Fri, Nov 14 2025",7:45 PM,Fall
A-17,13,A-10,13,A-01,StarCenter Multisport - Farmers Branch (Court 10),"Fri, Nov 14 2025",7:45 PM,Fall
A-12,18,A-08,25,A-04,StarCenter Multisport - Farmers Branch (Court 11),"Fri, Nov 14 2025",7:45 PM,Fall
A-12,23,A-08,24,A-04,StarCenter Multisport - Farmers Branch (Court 11),"Fri, Nov 14 2025",7:45 PM,Fall
A-09,20,A-06,25,A-02,StarCenter Multisport - Farmers Branch (Court 12),"Fri, Nov 14 2025",7:45 PM,Fall
A-09,23,A-06,17,A-02,StarCenter Multisport - Farmers Branch (Court 12),"Fri, Nov 14 2025",7:45 PM,Fall
A-17,20,A-01,25,A-10,StarCenter Multisport - Farmers Branch (Court 10),"Fri, Nov 14 2025",8:30 PM,Fall
A-17,22,A-01,19,A-10,StarCenter Multisport - Farmers Branch (Court 10),"Fri, Nov 14 2025",8:30 PM,Fall
A-12,22,A-04,25,A-08,StarCenter Multisport - Farmers Branch (Court 11),"Fri, Nov 14 2025",8:30 PM,Fall
A-12,21,A-04,17,A-08,StarCenter Multisport - Farmers Branch (Court 11),"Fri, Nov 14 2025",8:30 PM,Fall
A-09,25,A-02,15,A-06,StarCenter Multisport - Farmers Branch (Court 12),"Fri, Nov 14 2025",8:30 PM,Fall
A-09,25,A-02,19,A-06,StarCenter Multisport - Farmers Branch (Court 12),"Fri, Nov 14 2025",8:30 PM,Fall
A-14,17,A-03,25,A-18,StarCenter Multisport - Farmers Branch (Court 10),"Fri, Nov 14 2025",9:15 PM,Fall
A-14,15,A-03,23,A-18,StarCenter Multisport - Farmers Branch (Court 10),"Fri, Nov 14 2025",9:15 PM,Fall
A-13,21,A-05,25,A-16,StarCenter Multisport - Farmers Branch (Court 11),"Fri, Nov 14 2025",9:15 PM,Fall
A-13,19,A-05,16,A-16,StarCenter Multisport - Farmers Branch (Court 11),"Fri, Nov 14 2025",9:15 PM,Fall
A-11,25,A-07,18,A-15,StarCenter Multisport - Farmers Branch (Court 12),"Fri, Nov 14 2025",9:15 PM,Fall
A-11,15,A-07,12,A-15,StarCenter Multisport - Farmers Branch (Court 12),"Fri, Nov 14 2025",9:15 PM,Fall
A-18,25,A-14,16,A-03,StarCenter Multisport - Farmers Branch (Court 10),"Fri, Nov 14 2025",10:00 PM,Fall
A-18,25,A-14,20,A-03,StarCenter Multisport - Farmers Branch (Court 10),"Fri, Nov 14 2025",10:00 PM,Fall
A-16,25,A-13,15,A-05,StarCenter Multisport - Farmers Branch (Court 11),"Fri, Nov 14 2025",10:00 PM,Fall
A-16,17,A-13,24,A-05,StarCenter Multisport - Farmers Branch (Court 11),"Fri, Nov 14 2025",10:00 PM,Fall
A-15,19,A-11,25,A-07,StarCenter Multisport - Farmers Branch (Court 12),"Fri, Nov 14 2025",10:00 PM,Fall
A-15,13,A-11,25,A-07,StarCenter Multisport - Farmers Branch (Court 12),"Fri, Nov 14 2025",10:00 PM,Fall
A-18,23,A-03,25,A-14,StarCenter Multisport - Farmers Branch (Court 10),"Fri, Nov 14 2025",10:45 PM,Fall
A-18,18,A-03,22,A-14,StarCenter Multisport - Farmers Branch (Court 10),"Fri, Nov 14 2025",10:45 PM,Fall
A-16,24,A-05,26,A-13,StarCenter Multisport - Farmers Branch (Court 11),"Fri, Nov 14 2025",10:45 PM,Fall
A-16,12,A-05,19,A-13,StarCenter Multisport - Farmers Branch (Court 11),"Fri, Nov 14 2025",10:45 PM,Fall
A-15,27,A-07,26,A-11,StarCenter Multisport - Farmers Branch (Court 12),"Fri, Nov 14 2025",10:45 PM,Fall
A-15,19,A-07,20,A-11,StarCenter Multisport - Farmers Branch (Court 12),"Fri, Nov 14 2025",10:45 PM,Fall
A-13,L,A-08,W,A-17,StarCenter Multisport - Farmers Branch (Court 10),"Fri, Nov 21 2025",7:00 PM,Fall
A-13,L,A-08,W,A-17,StarCenter Multisport - Farmers Branch (Court 10),"Fri, Nov 21 2025",7:00 PM,Fall
A-11,25,A-09,21,A-16,StarCenter Multisport - Farmers Branch (Court 11),"Fri, Nov 21 2025",7:00 PM,Fall
A-11,17,A-09,25,A-16,StarCenter Multisport - Farmers Branch (Court 11),"Fri, Nov 21 2025",7:00 PM,Fall
A-15,0,A-02,25,A-18,StarCenter Multisport - Farmers Branch (Court 12),"Fri, Nov 21 2025",7:00 PM,Fall
A-15,15,A-02,25,A-18,StarCenter Multisport - Farmers Branch (Court 12),"Fri, Nov 21 2025",7:00 PM,Fall
A-17,W,A-13,L,A-08,StarCenter Multisport - Farmers Branch (Court 10),"Fri, Nov 21 2025",7:45 PM,Fall
A-17,W,A-13,L,A-08,StarCenter Multisport - Farmers Branch (Court 10),"Fri, Nov 21 2025",7:45 PM,Fall
A-16,L,A-11,W,A-09,StarCenter Multisport - Farmers Branch (Court 11),"Fri, Nov 21 2025",7:45 PM,Fall
A-16,L,A-11,W,A-09,StarCenter Multisport - Farmers Branch (Court 11),"Fri, Nov 21 2025",7:45 PM,Fall
A-18,23,A-15,25,A-02,StarCenter Multisport - Farmers Branch (Court 12),"Fri, Nov 21 2025",7:45 PM,Fall
A-18,25,A-15,19,A-02,StarCenter Multisport - Farmers Branch (Court 12),"Fri, Nov 21 2025",7:45 PM,Fall
A-17,23,A-08,25,A-13,StarCenter Multisport - Farmers Branch (Court 10),"Fri, Nov 21 2025",8:30 PM,Fall
A-17,23,A-08,21,A-13,StarCenter Multisport - Farmers Branch (Court 10),"Fri, Nov 21 2025",8:30 PM,Fall
A-16,W,A-09,L,A-11,StarCenter Multisport - Farmers Branch (Court 11),"Fri, Nov 21 2025",8:30 PM,Fall
A-16,W,A-09,L,A-11,StarCenter Multisport - Farmers Branch (Court 11),"Fri, Nov 21 2025",8:30 PM,Fall
A-18,25,A-02,17,A-15,StarCenter Multisport - Farmers Branch (Court 12),"Fri, Nov 21 2025",8:30 PM,Fall
A-18,25,A-02,17,A-15,StarCenter Multisport - Farmers Branch (Court 12),"Fri, Nov 21 2025",8:30 PM,Fall
A-06,7,A-01,25,A-14,StarCenter Multisport - Farmers Branch (Court 10),"Fri, Nov 21 2025",9:15 PM,Fall
A-06,21,A-01,25,A-14,StarCenter Multisport - Farmers Branch (Court 10),"Fri, Nov 21 2025",9:15 PM,Fall
A-04,25,A-03,0,A-07,StarCenter Multisport - Farmers Branch (Court 11),"Fri, Nov 21 2025",9:15 PM,Fall
A-04,25,A-03,0,A-07,StarCenter Multisport - Farmers Branch (Court 11),"Fri, Nov 21 2025",9:15 PM,Fall
A-10,0,A-05,0,A-12,StarCenter Multisport - Farmers Branch (Court 12),"Fri, Nov 21 2025",9:15 PM,Fall
A-10,0,A-05,0,A-12,StarCenter Multisport - Farmers Branch (Court 12),"Fri, Nov 21 2025",9:15 PM,Fall
A-14,25,A-06,19,A-01,StarCenter Multisport - Farmers Branch (Court 10),"Fri, Nov 21 2025",10:00 PM,Fall
A-14,17,A-06,19,A-01,StarCenter Multisport - Farmers Branch (Court 10),"Fri, Nov 21 2025",10:00 PM,Fall
A-07,0,A-04,25,A-03,StarCenter Multisport - Farmers Branch (Court 11),"Fri, Nov 21 2025",10:00 PM,Fall
A-07,0,A-04,25,A-03,StarCenter Multisport - Farmers Branch (Court 11),"Fri, Nov 21 2025",10:00 PM,Fall
A-12,0,A-10,0,A-05,StarCenter Multisport - Farmers Branch (Court 12),"Fri, Nov 21 2025",10:00 PM,Fall
A-12,0,A-10,0,A-05,StarCenter Multisport - Farmers Branch (Court 12),"Fri, Nov 21 2025",10:00 PM,Fall
A-14,18,A-01,25,A-06,StarCenter Multisport - Farmers Branch (Court 10),"Fri, Nov 21 2025",10:45 PM,Fall
A-14,16,A-01,25,A-06,StarCenter Multisport - Farmers Branch (Court 10),"Fri, Nov 21 2025",10:45 PM,Fall
A-07,0,A-03,0,A-04,StarCenter Multisport - Farmers Branch (Court 11),"Fri, Nov 21 2025",10:45 PM,Fall
A-07,0,A-03,0,A-04,StarCenter Multisport - Farmers Branch (Court 11),"Fri, Nov 21 2025",10:45 PM,Fall
A-12,0,A-05,0,A-10,StarCenter Multisport - Farmers Branch (Court 12),"Fri, Nov 21 2025",10:45 PM,Fall
A-12,0,A-05,0,A-10,StarCenter Multisport - Farmers Branch (Court 12),"Fri, Nov 21 2025",10:45 PM,Fall
C-10 Duck Around and Find Out,21,C-01 Hitty Kitties,25,C-13,StarCenter Multisport (Court 4),"Fri, Aug 22 2025",7:00 PM,Fall
C-10 Duck Around and Find Out,16,C-01 Hitty Kitties,17,C-13,StarCenter Multisport (Court 4),"Fri, Aug 22 2025",7:00 PM,Fall
C-05 Bumpin Bunnies,25,C-02 Glory H Gorillas,13,C-14,StarCenter Multisport (Court 5),"Fri, Aug 22 2025",7:00 PM,Fall
C-05 Bumpin Bunnies,25,C-02 Glory H Gorillas,21,C-14,StarCenter Multisport (Court 5),"Fri, Aug 22 2025",7:00 PM,Fall
C-07 Otter Chaos,22,C-03 Balls to the Narwhals,25,C-09,StarCenter Multisport (Court 6),"Fri, Aug 22 2025",7:00 PM,Fall
C-07 Otter Chaos,18,C-03 Balls to the Narwhals,12,C-09,StarCenter Multisport (Court 6),"Fri, Aug 22 2025",7:00 PM,Fall
C-13 Doggy Style,25,C-10 Duck Around and Find Out,23,C-01,StarCenter Multisport (Court 4),"Fri, Aug 22 2025",7:45 PM,Fall
C-13 Doggy Style,18,C-10 Duck Around and Find Out,15,C-01,StarCenter Multisport (Court 4),"Fri, Aug 22 2025",7:45 PM,Fall
C-14 Hot Cheetahs,25,C-05 Bumpin Bunnies,20,C-02,StarCenter Multisport (Court 5),"Fri, Aug 22 2025",7:45 PM,Fall
C-14 Hot Cheetahs,19,C-05 Bumpin Bunnies,18,C-02,StarCenter Multisport (Court 5),"Fri, Aug 22 2025",7:45 PM,Fall
C-09 Strikalotls,17,C-07 Otter Chaos,25,C-03,StarCenter Multisport (Court 6),"Fri, Aug 22 2025",7:45 PM,Fall
C-09 Strikalotls,24,C-07 Otter Chaos,24,C-03,StarCenter Multisport (Court 6),"Fri, Aug 22 2025",7:45 PM,Fall
C-13 Doggy Style,22,C-01 Hitty Kitties,25,C-10,StarCenter Multisport (Court 4),"Fri, Aug 22 2025",8:30 PM,Fall
C-13 Doggy Style,17,C-01 Hitty Kitties,21,C-10,StarCenter Multisport (Court 4),"Fri, Aug 22 2025",8:30 PM,Fall
C-14 Hot Cheetahs,25,C-02 Glory H Gorillas,13,C-05,StarCenter Multisport (Court 5),"Fri, Aug 22 2025",8:30 PM,Fall
C-14 Hot Cheetahs,16,C-02 Glory H Gorillas,25,C-05,StarCenter Multisport (Court 5),"Fri, Aug 22 2025",8:30 PM,Fall
C-09 Strikalotls,17,C-03 Balls to the Narwhals,25,C-07,StarCenter Multisport (Court 6),"Fri, Aug 22 2025",8:30 PM,Fall
C-09 Strikalotls,15,C-03 Balls to the Narwhals,19,C-07,StarCenter Multisport (Court 6),"Fri, Aug 22 2025",8:30 PM,Fall
C-08 The Quack Pack,25,C-04 Panda-Monium,11,C-16,StarCenter Multisport (Court 4),"Fri, Aug 22 2025",9:15 PM,Fall
C-08 The Quack Pack,25,C-04 Panda-Monium,18,C-16,StarCenter Multisport (Court 4),"Fri, Aug 22 2025",9:15 PM,Fall
C-12 Blocktopusses,25,C-06 The GOATs,16,C-18,StarCenter Multisport (Court 5),"Fri, Aug 22 2025",9:15 PM,Fall
C-12 Blocktopusses,25,C-06 The GOATs,12,C-18,StarCenter Multisport (Court 5),"Fri, Aug 22 2025",9:15 PM,Fall
"C-15 Dig, Dig, Goose",14,C-11 Las Vulturistas,25,C-17,StarCenter Multisport (Court 6),"Fri, Aug 22 2025",9:15 PM,Fall
"C-15 Dig, Dig, Goose",18,C-11 Las Vulturistas,21,C-17,StarCenter Multisport (Court 6),"Fri, Aug 22 2025",9:15 PM,Fall
C-16 No Fox Given,17,C-08 The Quack Pack,25,C-04,StarCenter Multisport (Court 4),"Fri, Aug 22 2025",10:00 PM,Fall
C-16 No Fox Given,11,C-08 The Quack Pack,25,C-04,StarCenter Multisport (Court 4),"Fri, Aug 22 2025",10:00 PM,Fall
C-18 Digletts,21,C-12 Blocktopusses,25,C-06,StarCenter Multisport (Court 5),"Fri, Aug 22 2025",10:00 PM,Fall
C-18 Digletts,18,C-12 Blocktopusses,23,C-06,StarCenter Multisport (Court 5),"Fri, Aug 22 2025",10:00 PM,Fall
C-17 Fowl Play,25,"C-15 Dig, Dig, Goose",11,C-11,StarCenter Multisport (Court 6),"Fri, Aug 22 2025",10:00 PM,Fall
C-17 Fowl Play,20,"C-15 Dig, Dig, Goose",25,C-11,StarCenter Multisport (Court 6),"Fri, Aug 22 2025",10:00 PM,Fall
C-16 No Fox Given,25,C-04 Panda-Monium,23,C-08,StarCenter Multisport (Court 4),"Fri, Aug 22 2025",10:45 PM,Fall
C-16 No Fox Given,16,C-04 Panda-Monium,16,C-08,StarCenter Multisport (Court 4),"Fri, Aug 22 2025",10:45 PM,Fall
C-18 Digletts,25,C-06 The GOATs,20,C-12,StarCenter Multisport (Court 5),"Fri, Aug 22 2025",10:45 PM,Fall
C-18 Digletts,25,C-06 The GOATs,20,C-12,StarCenter Multisport (Court 5),"Fri, Aug 22 2025",10:45 PM,Fall
C-17 Fowl Play,25,C-11 Las Vulturistas,13,C-15,StarCenter Multisport (Court 6),"Fri, Aug 22 2025",10:45 PM,Fall
C-17 Fowl Play,25,C-11 Las Vulturistas,22,C-15,StarCenter Multisport (Court 6),"Fri, Aug 22 2025",10:45 PM,Fall
C-11 Las Vulturistas,25,C-02 Glory H Gorillas,21,C-16,StarCenter Multisport (Court 4),"Fri, Sep 5 2025",7:00 PM,Fall
C-11 Las Vulturistas,15,C-02 Glory H Gorillas,24,C-16,StarCenter Multisport (Court 4),"Fri, Sep 5 2025",7:00 PM,Fall
C-09 Strikalotls,25,C-04 Panda-Monium,19,C-17,StarCenter Multisport (Court 5),"Fri, Sep 5 2025",7:00 PM,Fall
C-09 Strikalotls,18,C-04 Panda-Monium,25,C-17,StarCenter Multisport (Court 5),"Fri, Sep 5 2025",7:00 PM,Fall
C-14 Hot Cheetahs,24,C-08 The Quack Pack,26,C-15,StarCenter Multisport (Court 6),"Fri, Sep 5 2025",7:00 PM,Fall
C-14 Hot Cheetahs,12,C-08 The Quack Pack,24,C-15,StarCenter Multisport (Court 6),"Fri, Sep 5 2025",7:00 PM,Fall
C-16 No Fox Given,23,C-11 Las Vulturistas,25,C-02,StarCenter Multisport (Court 4),"Fri, Sep 5 2025",7:45 PM,Fall
C-16 No Fox Given,12,C-11 Las Vulturistas,11,C-02,StarCenter Multisport (Court 4),"Fri, Sep 5 2025",7:45 PM,Fall
C-17 Fowl Play,25,C-09 Strikalotls,18,C-04,StarCenter Multisport (Court 5),"Fri, Sep 5 2025",7:45 PM,Fall
C-17 Fowl Play,20,C-09 Strikalotls,22,C-04,StarCenter Multisport (Court 5),"Fri, Sep 5 2025",7:45 PM,Fall
"C-15 Dig, Dig, Goose",26,C-14 Hot Cheetahs,27,C-08,StarCenter Multisport (Court 6),"Fri, Sep 5 2025",7:45 PM,Fall
"C-15 Dig, Dig, Goose",15,C-14 Hot Cheetahs,14,C-08,StarCenter Multisport (Court 6),"Fri, Sep 5 2025",7:45 PM,Fall
C-16 No Fox Given,19,C-02 Glory H Gorillas,25,C-11,StarCenter Multisport (Court 4),"Fri, Sep 5 2025",8:30 PM,Fall
C-16 No Fox Given,15,C-02 Glory H Gorillas,16,C-11,StarCenter Multisport (Court 4),"Fri, Sep 5 2025",8:30 PM,Fall
C-17 Fowl Play,26,C-04 Panda-Monium,24,C-09,StarCenter Multisport (Court 5),"Fri, Sep 5 2025",8:30 PM,Fall
C-17 Fowl Play,21,C-04 Panda-Monium,16,C-09,StarCenter Multisport (Court 5),"Fri, Sep 5 2025",8:30 PM,Fall
"C-15 Dig, Dig, Goose",25,C-08 The Quack Pack,23,C-14,StarCenter Multisport (Court 6),"Fri, Sep 5 2025",8:30 PM,Fall
"C-15 Dig, Dig, Goose",13,C-08 The Quack Pack,18,C-14,StarCenter Multisport (Court 6),"Fri, Sep 5 2025",8:30 PM,Fall
C-03 Balls to the Narwhals,25,C-01 Hitty Kitties,15,C-12,StarCenter Multisport (Court 4),"Fri, Sep 5 2025",9:15 PM,Fall
C-03 Balls to the Narwhals,25,C-01 Hitty Kitties,15,C-12,StarCenter Multisport (Court 4),"Fri, Sep 5 2025",9:15 PM,Fall
C-10 Duck Around and Find Out,21,C-05 Bumpin Bunnies,25,C-18,StarCenter Multisport (Court 5),"Fri, Sep 5 2025",9:15 PM,Fall
C-10 Duck Around and Find Out,14,C-05 Bumpin Bunnies,20,C-18,StarCenter Multisport (Court 5),"Fri, Sep 5 2025",9:15 PM,Fall
C-07 Otter Chaos,25,C-06 The GOATs,16,C-13,StarCenter Multisport (Court 6),"Fri, Sep 5 2025",9:15 PM,Fall
C-07 Otter Chaos,21,C-06 The GOATs,19,C-13,StarCenter Multisport (Court 6),"Fri, Sep 5 2025",9:15 PM,Fall
C-12 Blocktopusses,19,C-03 Balls to the Narwhals,25,C-01,StarCenter Multisport (Court 4),"Fri, Sep 5 2025",10:00 PM,Fall
C-12 Blocktopusses,22,C-03 Balls to the Narwhals,10,C-01,StarCenter Multisport (Court 4),"Fri, Sep 5 2025",10:00 PM,Fall
C-18 Digletts,25,C-10 Duck Around and Find Out,19,C-05,StarCenter Multisport (Court 5),"Fri, Sep 5 2025",10:00 PM,Fall
C-18 Digletts,20,C-10 Duck Around and Find Out,15,C-05,StarCenter Multisport (Court 5),"Fri, Sep 5 2025",10:00 PM,Fall
C-13 Doggy Style,18,C-07 Otter Chaos,25,C-06,StarCenter Multisport (Court 6),"Fri, Sep 5 2025",10:00 PM,Fall
C-13 Doggy Style,20,C-07 Otter Chaos,22,C-06,StarCenter Multisport (Court 6),"Fri, Sep 5 2025",10:00 PM,Fall
C-12 Blocktopusses,25,C-01 Hitty Kitties,17,C-03,StarCenter Multisport (Court 4),"Fri, Sep 5 2025",10:45 PM,Fall
C-12 Blocktopusses,25,C-01 Hitty Kitties,14,C-03,StarCenter Multisport (Court 4),"Fri, Sep 5 2025",10:45 PM,Fall
C-18 Digletts,25,C-05 Bumpin Bunnies,16,C-10,StarCenter Multisport (Court 5),"Fri, Sep 5 2025",10:45 PM,Fall
C-18 Digletts,25,C-05 Bumpin Bunnies,18,C-10,StarCenter Multisport (Court 5),"Fri, Sep 5 2025",10:45 PM,Fall
C-13 Doggy Style,15,C-06 The GOATs,25,C-07,StarCenter Multisport (Court 6),"Fri, Sep 5 2025",10:45 PM,Fall
C-13 Doggy Style,25,C-06 The GOATs,19,C-07,StarCenter Multisport (Court 6),"Fri, Sep 5 2025",10:45 PM,Fall
C-16 No Fox Given,19,C-01 Hitty Kitties,25,C-18,StarCenter Multisport (Court 4),"Fri, Sep 12 2025",7:00 PM,Fall
C-16 No Fox Given,14,C-01 Hitty Kitties,21,C-18,StarCenter Multisport (Court 4),"Fri, Sep 12 2025",7:00 PM,Fall
C-04 Panda-Monium,25,C-03 Balls to the Narwhals,11,C-06,StarCenter Multisport (Court 5),"Fri, Sep 12 2025",7:00 PM,Fall
C-04 Panda-Monium,21,C-03 Balls to the Narwhals,25,C-06,StarCenter Multisport (Court 5),"Fri, Sep 12 2025",7:00 PM,Fall
C-08 The Quack Pack,25,C-05 Bumpin Bunnies,19,C-13,StarCenter Multisport (Court 6),"Fri, Sep 12 2025",7:00 PM,Fall
C-08 The Quack Pack,17,C-05 Bumpin Bunnies,14,C-13,StarCenter Multisport (Court 6),"Fri, Sep 12 2025",7:00 PM,Fall
C-18 Digletts,23,C-16 No Fox Given,25,C-01,StarCenter Multisport (Court 4),"Fri, Sep 12 2025",7:45 PM,Fall
C-18 Digletts,12,C-16 No Fox Given,25,C-01,StarCenter Multisport (Court 4),"Fri, Sep 12 2025",7:45 PM,Fall
C-06 The GOATs,14,C-04 Panda-Monium,25,C-03,StarCenter Multisport (Court 5),"Fri, Sep 12 2025",7:45 PM,Fall
C-06 The GOATs,25,C-04 Panda-Monium,22,C-03,StarCenter Multisport (Court 5),"Fri, Sep 12 2025",7:45 PM,Fall
C-13 Doggy Style,26,C-08 The Quack Pack,27,C-05,StarCenter Multisport (Court 6),"Fri, Sep 12 2025",7:45 PM,Fall
C-13 Doggy Style,12,C-08 The Quack Pack,11,C-05,StarCenter Multisport (Court 6),"Fri, Sep 12 2025",7:45 PM,Fall
C-18 Digletts,25,C-01 Hitty Kitties,23,C-16,StarCenter Multisport (Court 4),"Fri, Sep 12 2025",8:30 PM,Fall
C-18 Digletts,18,C-01 Hitty Kitties,24,C-16,StarCenter Multisport (Court 4),"Fri, Sep 12 2025",8:30 PM,Fall
C-06 The GOATs,25,C-03 Balls to the Narwhals,22,C-04,StarCenter Multisport (Court 5),"Fri, Sep 12 2025",8:30 PM,Fall
C-06 The GOATs,18,C-03 Balls to the Narwhals,24,C-04,StarCenter Multisport (Court 5),"Fri, Sep 12 2025",8:30 PM,Fall
C-13 Doggy Style,25,C-05 Bumpin Bunnies,13,C-08,StarCenter Multisport (Court 6),"Fri, Sep 12 2025",8:30 PM,Fall
C-13 Doggy Style,22,C-05 Bumpin Bunnies,25,C-08,StarCenter Multisport (Court 6),"Fri, Sep 12 2025",8:30 PM,Fall
C-14 Hot Cheetahs,17,C-07 Otter Chaos,25,C-17,StarCenter Multisport (Court 4),"Fri, Sep 12 2025",9:15 PM,Fall
C-14 Hot Cheetahs,20,C-07 Otter Chaos,23,C-17,StarCenter Multisport (Court 4),"Fri, Sep 12 2025",9:15 PM,Fall
C-10 Duck Around and Find Out,24,C-02 Glory H Gorillas,26,C-15,StarCenter Multisport (Court 5),"Fri, Sep 12 2025",9:15 PM,Fall
C-10 Duck Around and Find Out,11,C-02 Glory H Gorillas,20,C-15,StarCenter Multisport (Court 5),"Fri, Sep 12 2025",9:15 PM,Fall
C-11 Las Vulturistas,25,C-09 Strikalotls,18,C-12,StarCenter Multisport (Court 6),"Fri, Sep 12 2025",9:15 PM,Fall
C-11 Las Vulturistas,22,C-09 Strikalotls,17,C-12,StarCenter Multisport (Court 6),"Fri, Sep 12 2025",9:15 PM,Fall
C-17 Fowl Play,16,C-14 Hot Cheetahs,25,C-07,StarCenter Multisport (Court 4),"Fri, Sep 12 2025",10:00 PM,Fall
C-17 Fowl Play,25,C-14 Hot Cheetahs,20,C-07,StarCenter Multisport (Court 4),"Fri, Sep 12 2025",10:00 PM,Fall
"C-15 Dig, Dig, Goose",21,C-10 Duck Around and Find Out,25,C-02,StarCenter Multisport (Court 5),"Fri, Sep 12 2025",10:00 PM,Fall
"C-15 Dig, Dig, Goose",16,C-10 Duck Around and Find Out,24,C-02,StarCenter Multisport (Court 5),"Fri, Sep 12 2025",10:00 PM,Fall
C-12 Blocktopusses,25,C-11 Las Vulturistas,20,C-09,StarCenter Multisport (Court 6),"Fri, Sep 12 2025",10:00 PM,Fall
C-12 Blocktopusses,17,C-11 Las Vulturistas,13,C-09,StarCenter Multisport (Court 6),"Fri, Sep 12 2025",10:00 PM,Fall
C-17 Fowl Play,25,C-07 Otter Chaos,20,C-14,StarCenter Multisport (Court 4),"Fri, Sep 12 2025",10:45 PM,Fall
C-17 Fowl Play,17,C-07 Otter Chaos,25,C-14,StarCenter Multisport (Court 4),"Fri, Sep 12 2025",10:45 PM,Fall
"C-15 Dig, Dig, Goose",16,C-02 Glory H Gorillas,25,C-10,StarCenter Multisport (Court 5),"Fri, Sep 12 2025",10:45 PM,Fall
"C-15 Dig, Dig, Goose",17,C-02 Glory H Gorillas,25,C-10,StarCenter Multisport (Court 5),"Fri, Sep 12 2025",10:45 PM,Fall
C-12 Blocktopusses,25,C-09 Strikalotls,12,C-11,StarCenter Multisport (Court 6),"Fri, Sep 12 2025",10:45 PM,Fall
C-12 Blocktopusses,20,C-09 Strikalotls,25,C-11,StarCenter Multisport (Court 6),"Fri, Sep 12 2025",10:45 PM,Fall
"C-15 Dig, Dig, Goose",19,C-12 Blocktopusses,25,C-16,StarCenter Multisport (Court 4),"Fri, Sep 19 2025",7:00 PM,Fall
"C-15 Dig, Dig, Goose",13,C-12 Blocktopusses,25,C-16,StarCenter Multisport (Court 4),"Fri, Sep 19 2025",7:00 PM,Fall
C-08 The Quack Pack,25,C-07 Otter Chaos,22,C-18,StarCenter Multisport (Court 5),"Fri, Sep 19 2025",7:00 PM,Fall
C-08 The Quack Pack,15,C-07 Otter Chaos,14,C-18,StarCenter Multisport (Court 5),"Fri, Sep 19 2025",7:00 PM,Fall
C-06 The GOATs,19,C-01 Hitty Kitties,25,C-11,StarCenter Multisport (Court 6),"Fri, Sep 19 2025",7:00 PM,Fall
C-06 The GOATs,23,C-01 Hitty Kitties,20,C-11,StarCenter Multisport (Court 6),"Fri, Sep 19 2025",7:00 PM,Fall
C-16 No Fox Given,22,"C-15 Dig, Dig, Goose",25,C-12,StarCenter Multisport (Court 4),"Fri, Sep 19 2025",7:45 PM,Fall
C-16 No Fox Given,18,"C-15 Dig, Dig, Goose",16,C-12,StarCenter Multisport (Court 4),"Fri, Sep 19 2025",7:45 PM,Fall
C-18 Digletts,19,C-08 The Quack Pack,25,C-07,StarCenter Multisport (Court 5),"Fri, Sep 19 2025",7:45 PM,Fall
C-18 Digletts,22,C-08 The Quack Pack,23,C-07,StarCenter Multisport (Court 5),"Fri, Sep 19 2025",7:45 PM,Fall
C-11 Las Vulturistas,25,C-06 The GOATs,21,C-01,StarCenter Multisport (Court 6),"Fri, Sep 19 2025",7:45 PM,Fall
C-11 Las Vulturistas,20,C-06 The GOATs,12,C-01,StarCenter Multisport (Court 6),"Fri, Sep 19 2025",7:45 PM,Fall
C-16 No Fox Given,15,C-12 Blocktopusses,25,C-15,StarCenter Multisport (Court 4),"Fri, Sep 19 2025",8:30 PM,Fall
C-16 No Fox Given,18,C-12 Blocktopusses,24,C-15,StarCenter Multisport (Court 4),"Fri, Sep 19 2025",8:30 PM,Fall
C-18 Digletts,25,C-07 Otter Chaos,15,C-08,StarCenter Multisport (Court 5),"Fri, Sep 19 2025",8:30 PM,Fall
C-18 Digletts,25,C-07 Otter Chaos,23,C-08,StarCenter Multisport (Court 5),"Fri, Sep 19 2025",8:30 PM,Fall
C-11 Las Vulturistas,25,C-01 Hitty Kitties,23,C-06,StarCenter Multisport (Court 6),"Fri, Sep 19 2025",8:30 PM,Fall
C-11 Las Vulturistas,15,C-01 Hitty Kitties,13,C-06,StarCenter Multisport (Court 6),"Fri, Sep 19 2025",8:30 PM,Fall
C-05 Bumpin Bunnies,20,C-03 Balls to the Narwhals,25,C-17,StarCenter Multisport (Court 4),"Fri, Sep 19 2025",9:15 PM,Fall
C-05 Bumpin Bunnies,21,C-03 Balls to the Narwhals,11,C-17,StarCenter Multisport (Court 4),"Fri, Sep 19 2025",9:15 PM,Fall
C-09 Strikalotls,20,C-02 Glory H Gorillas,25,C-13,StarCenter Multisport (Court 5),"Fri, Sep 19 2025",9:15 PM,Fall
C-09 Strikalotls,25,C-02 Glory H Gorillas,16,C-13,StarCenter Multisport (Court 5),"Fri, Sep 19 2025",9:15 PM,Fall
C-10 Duck Around and Find Out,22,C-04 Panda-Monium,25,C-14,StarCenter Multisport (Court 6),"Fri, Sep 19 2025",9:15 PM,Fall
C-10 Duck Around and Find Out,19,C-04 Panda-Monium,25,C-14,StarCenter Multisport (Court 6),"Fri, Sep 19 2025",9:15 PM,Fall
C-17 Fowl Play,17,C-05 Bumpin Bunnies,25,C-03,StarCenter Multisport (Court 4),"Fri, Sep 19 2025",10:00 PM,Fall
C-17 Fowl Play,15,C-05 Bumpin Bunnies,25,C-03,StarCenter Multisport (Court 4),"Fri, Sep 19 2025",10:00 PM,Fall
C-13 Doggy Style,25,C-09 Strikalotls,23,C-02,StarCenter Multisport (Court 5),"Fri, Sep 19 2025",10:00 PM,Fall
C-13 Doggy Style,23,C-09 Strikalotls,14,C-02,StarCenter Multisport (Court 5),"Fri, Sep 19 2025",10:00 PM,Fall
C-14 Hot Cheetahs,25,C-10 Duck Around and Find Out,17,C-04,StarCenter Multisport (Court 6),"Fri, Sep 19 2025",10:00 PM,Fall
C-14 Hot Cheetahs,25,C-10 Duck Around and Find Out,17,C-04,StarCenter Multisport (Court 6),"Fri, Sep 19 2025",10:00 PM,Fall
C-17 Fowl Play,23,C-03 Balls to the Narwhals,25,C-05,StarCenter Multisport (Court 4),"Fri, Sep 19 2025",10:45 PM,Fall
C-17 Fowl Play,19,C-03 Balls to the Narwhals,18,C-05,StarCenter Multisport (Court 4),"Fri, Sep 19 2025",10:45 PM,Fall
C-13 Doggy Style,25,C-02 Glory H Gorillas,27,C-09,StarCenter Multisport (Court 5),"Fri, Sep 19 2025",10:45 PM,Fall
C-13 Doggy Style,18,C-02 Glory H Gorillas,13,C-09,StarCenter Multisport (Court 5),"Fri, Sep 19 2025",10:45 PM,Fall
C-14 Hot Cheetahs,26,C-04 Panda-Monium,24,C-10,StarCenter Multisport (Court 6),"Fri, Sep 19 2025",10:45 PM,Fall
C-14 Hot Cheetahs,23,C-04 Panda-Monium,18,C-10,StarCenter Multisport (Court 6),"Fri, Sep 19 2025",10:45 PM,Fall
C-12 Blocktopusses,25,C-02 Glory H Gorillas,15,C-17,StarCenter Multisport (Court 4),"Fri, Sep 26 2025",7:00 PM,Fall
C-12 Blocktopusses,23,C-02 Glory H Gorillas,13,C-17,StarCenter Multisport (Court 4),"Fri, Sep 26 2025",7:00 PM,Fall
C-08 The Quack Pack,25,C-06 The GOATs,20,C-10,StarCenter Multisport (Court 5),"Fri, Sep 26 2025",7:00 PM,Fall
C-08 The Quack Pack,25,C-06 The GOATs,10,C-10,StarCenter Multisport (Court 5),"Fri, Sep 26 2025",7:00 PM,Fall
C-13 Doggy Style,25,C-03 Balls to the Narwhals,20,C-18,StarCenter Multisport (Court 6),"Fri, Sep 26 2025",7:00 PM,Fall
C-13 Doggy Style,24,C-03 Balls to the Narwhals,14,C-18,StarCenter Multisport (Court 6),"Fri, Sep 26 2025",7:00 PM,Fall
C-17 Fowl Play,19,C-12 Blocktopusses,25,C-02,StarCenter Multisport (Court 4),"Fri, Sep 26 2025",7:45 PM,Fall
C-17 Fowl Play,25,C-12 Blocktopusses,21,C-02,StarCenter Multisport (Court 4),"Fri, Sep 26 2025",7:45 PM,Fall
C-10 Duck Around and Find Out,16,C-08 The Quack Pack,25,C-06,StarCenter Multisport (Court 5),"Fri, Sep 26 2025",7:45 PM,Fall
C-10 Duck Around and Find Out,8,C-08 The Quack Pack,25,C-06,StarCenter Multisport (Court 5),"Fri, Sep 26 2025",7:45 PM,Fall
C-18 Digletts,19,C-13 Doggy Style,25,C-03,StarCenter Multisport (Court 6),"Fri, Sep 26 2025",7:45 PM,Fall
C-18 Digletts,25,C-13 Doggy Style,8,C-03,StarCenter Multisport (Court 6),"Fri, Sep 26 2025",7:45 PM,Fall
C-17 Fowl Play,14,C-02 Glory H Gorillas,25,C-12,StarCenter Multisport (Court 4),"Fri, Sep 26 2025",8:30 PM,Fall
C-17 Fowl Play,25,C-02 Glory H Gorillas,14,C-12,StarCenter Multisport (Court 4),"Fri, Sep 26 2025",8:30 PM,Fall
C-10 Duck Around and Find Out,20,C-06 The GOATs,25,C-08,StarCenter Multisport (Court 5),"Fri, Sep 26 2025",8:30 PM,Fall
C-10 Duck Around and Find Out,14,C-06 The GOATs,25,C-08,StarCenter Multisport (Court 5),"Fri, Sep 26 2025",8:30 PM,Fall
C-18 Digletts,25,C-03 Balls to the Narwhals,15,C-13,StarCenter Multisport (Court 6),"Fri, Sep 26 2025",8:30 PM,Fall
C-18 Digletts,20,C-03 Balls to the Narwhals,24,C-13,StarCenter Multisport (Court 6),"Fri, Sep 26 2025",8:30 PM,Fall
C-14 Hot Cheetahs,24,C-09 Strikalotls,26,C-16,StarCenter Multisport (Court 4),"Fri, Sep 26 2025",9:15 PM,Fall
C-14 Hot Cheetahs,22,C-09 Strikalotls,9,C-16,StarCenter Multisport (Court 4),"Fri, Sep 26 2025",9:15 PM,Fall
C-05 Bumpin Bunnies,21,C-04 Panda-Monium,25,C-11,StarCenter Multisport (Court 5),"Fri, Sep 26 2025",9:15 PM,Fall
C-05 Bumpin Bunnies,20,C-04 Panda-Monium,25,C-11,StarCenter Multisport (Court 5),"Fri, Sep 26 2025",9:15 PM,Fall
C-07 Otter Chaos,25,C-01 Hitty Kitties,13,C-15,StarCenter Multisport (Court 6),"Fri, Sep 26 2025",9:15 PM,Fall
C-07 Otter Chaos,25,C-01 Hitty Kitties,21,C-15,StarCenter Multisport (Court 6),"Fri, Sep 26 2025",9:15 PM,Fall
C-16 No Fox Given,12,C-14 Hot Cheetahs,25,C-09,StarCenter Multisport (Court 4),"Fri, Sep 26 2025",10:00 PM,Fall
C-16 No Fox Given,25,C-14 Hot Cheetahs,19,C-09,StarCenter Multisport (Court 4),"Fri, Sep 26 2025",10:00 PM,Fall
C-11 Las Vulturistas,23,C-05 Bumpin Bunnies,25,C-04,StarCenter Multisport (Court 5),"Fri, Sep 26 2025",10:00 PM,Fall
C-11 Las Vulturistas,16,C-05 Bumpin Bunnies,21,C-04,StarCenter Multisport (Court 5),"Fri, Sep 26 2025",10:00 PM,Fall
"C-15 Dig, Dig, Goose",21,C-07 Otter Chaos,25,C-01,StarCenter Multisport (Court 6),"Fri, Sep 26 2025",10:00 PM,Fall
"C-15 Dig, Dig, Goose",11,C-07 Otter Chaos,25,C-01,StarCenter Multisport (Court 6),"Fri, Sep 26 2025",10:00 PM,Fall
C-16 No Fox Given,25,C-09 Strikalotls,23,C-14,StarCenter Multisport (Court 4),"Fri, Sep 26 2025",10:45 PM,Fall
C-16 No Fox Given,23,C-09 Strikalotls,21,C-14,StarCenter Multisport (Court 4),"Fri, Sep 26 2025",10:45 PM,Fall
C-11 Las Vulturistas,17,C-04 Panda-Monium,25,C-05,StarCenter Multisport (Court 5),"Fri, Sep 26 2025",10:45 PM,Fall
C-11 Las Vulturistas,16,C-04 Panda-Monium,25,C-05,StarCenter Multisport (Court 5),"Fri, Sep 26 2025",10:45 PM,Fall
"C-15 Dig, Dig, Goose",22,C-01 Hitty Kitties,25,C-07,StarCenter Multisport (Court 6),"Fri, Sep 26 2025",10:45 PM,Fall
"C-15 Dig, Dig, Goose",16,C-01 Hitty Kitties,25,C-07,StarCenter Multisport (Court 6),"Fri, Sep 26 2025",10:45 PM,Fall
C-14 Hot Cheetahs,25,C-11 Las Vulturistas,18,C-18,StarCenter Multisport (Court 4),"Fri, Oct 10 2025",7:00 PM,Fall
C-14 Hot Cheetahs,21,C-11 Las Vulturistas,25,C-18,StarCenter Multisport (Court 4),"Fri, Oct 10 2025",7:00 PM,Fall
C-05 Bumpin Bunnies,25,C-01 Hitty Kitties,23,C-09,StarCenter Multisport (Court 5),"Fri, Oct 10 2025",7:00 PM,Fall
C-05 Bumpin Bunnies,19,C-01 Hitty Kitties,14,C-09,StarCenter Multisport (Court 5),"Fri, Oct 10 2025",7:00 PM,Fall
C-10 Duck Around and Find Out,8,C-07 Otter Chaos,25,C-12,StarCenter Multisport (Court 6),"Fri, Oct 10 2025",7:00 PM,Fall
C-10 Duck Around and Find Out,25,C-07 Otter Chaos,22,C-12,StarCenter Multisport (Court 6),"Fri, Oct 10 2025",7:00 PM,Fall
C-18 Digletts,17,C-14 Hot Cheetahs,25,C-11,StarCenter Multisport (Court 4),"Fri, Oct 10 2025",7:45 PM,Fall
C-18 Digletts,18,C-14 Hot Cheetahs,25,C-11,StarCenter Multisport (Court 4),"Fri, Oct 10 2025",7:45 PM,Fall
C-09 Strikalotls,13,C-05 Bumpin Bunnies,25,C-01,StarCenter Multisport (Court 5),"Fri, Oct 10 2025",7:45 PM,Fall
C-09 Strikalotls,17,C-05 Bumpin Bunnies,25,C-01,StarCenter Multisport (Court 5),"Fri, Oct 10 2025",7:45 PM,Fall
C-12 Blocktopusses,25,C-10 Duck Around and Find Out,17,C-07,StarCenter Multisport (Court 6),"Fri, Oct 10 2025",7:45 PM,Fall
C-12 Blocktopusses,25,C-10 Duck Around and Find Out,22,C-07,StarCenter Multisport (Court 6),"Fri, Oct 10 2025",7:45 PM,Fall
C-18 Digletts,18,C-11 Las Vulturistas,25,C-14,StarCenter Multisport (Court 4),"Fri, Oct 10 2025",8:30 PM,Fall
C-18 Digletts,9,C-11 Las Vulturistas,20,C-14,StarCenter Multisport (Court 4),"Fri, Oct 10 2025",8:30 PM,Fall
C-09 Strikalotls,20,C-01 Hitty Kitties,25,C-05,StarCenter Multisport (Court 5),"Fri, Oct 10 2025",8:30 PM,Fall
C-09 Strikalotls,16,C-01 Hitty Kitties,25,C-05,StarCenter Multisport (Court 5),"Fri, Oct 10 2025",8:30 PM,Fall
C-12 Blocktopusses,23,C-07 Otter Chaos,25,C-10,StarCenter Multisport (Court 6),"Fri, Oct 10 2025",8:30 PM,Fall
C-12 Blocktopusses,18,C-07 Otter Chaos,17,C-10,StarCenter Multisport (Court 6),"Fri, Oct 10 2025",8:30 PM,Fall
C-03 Balls to the Narwhals,22,C-02 Glory H Gorillas,25,C-08,StarCenter Multisport (Court 4),"Fri, Oct 10 2025",9:15 PM,Fall
C-03 Balls to the Narwhals,13,C-02 Glory H Gorillas,25,C-08,StarCenter Multisport (Court 4),"Fri, Oct 10 2025",9:15 PM,Fall
C-16 No Fox Given,24,C-06 The GOATs,26,C-17,StarCenter Multisport (Court 5),"Fri, Oct 10 2025",9:15 PM,Fall
C-16 No Fox Given,18,C-06 The GOATs,11,C-17,StarCenter Multisport (Court 5),"Fri, Oct 10 2025",9:15 PM,Fall
C-13 Doggy Style,15,C-04 Panda-Monium,25,C-15,StarCenter Multisport (Court 6),"Fri, Oct 10 2025",9:15 PM,Fall
C-13 Doggy Style,24,C-04 Panda-Monium,24,C-15,StarCenter Multisport (Court 6),"Fri, Oct 10 2025",9:15 PM,Fall
C-08 The Quack Pack,25,C-03 Balls to the Narwhals,9,C-02,StarCenter Multisport (Court 4),"Fri, Oct 10 2025",10:00 PM,Fall
C-08 The Quack Pack,25,C-03 Balls to the Narwhals,11,C-02,StarCenter Multisport (Court 4),"Fri, Oct 10 2025",10:00 PM,Fall
C-17 Fowl Play,25,C-16 No Fox Given,23,C-06,StarCenter Multisport (Court 5),"Fri, Oct 10 2025",10:00 PM,Fall
C-17 Fowl Play,25,C-16 No Fox Given,16,C-06,StarCenter Multisport (Court 5),"Fri, Oct 10 2025",10:00 PM,Fall
"C-15 Dig, Dig, Goose",22,C-13 Doggy Style,25,C-04,StarCenter Multisport (Court 6),"Fri, Oct 10 2025",10:00 PM,Fall
"C-15 Dig, Dig, Goose",21,C-13 Doggy Style,12,C-04,StarCenter Multisport (Court 6),"Fri, Oct 10 2025",10:00 PM,Fall
C-08 The Quack Pack,25,C-02 Glory H Gorillas,18,C-03,StarCenter Multisport (Court 4),"Fri, Oct 10 2025",10:45 PM,Fall
C-08 The Quack Pack,25,C-02 Glory H Gorillas,17,C-03,StarCenter Multisport (Court 4),"Fri, Oct 10 2025",10:45 PM,Fall
C-17 Fowl Play,25,C-06 The GOATs,15,C-16,StarCenter Multisport (Court 5),"Fri, Oct 10 2025",10:45 PM,Fall
C-17 Fowl Play,18,C-06 The GOATs,21,C-16,StarCenter Multisport (Court 5),"Fri, Oct 10 2025",10:45 PM,Fall
"C-15 Dig, Dig, Goose",23,C-04 Panda-Monium,25,C-13,StarCenter Multisport (Court 6),"Fri, Oct 10 2025",10:45 PM,Fall
"C-15 Dig, Dig, Goose",20,C-04 Panda-Monium,23,C-13,StarCenter Multisport (Court 6),"Fri, Oct 10 2025",10:45 PM,Fall
C-10 Duck Around and Find Out,17,C-03 Balls to the Narwhals,25,C-11,StarCenter Multisport (Court 4),"Fri, Oct 17 2025",7:00 PM,Fall
C-10 Duck Around and Find Out,22,C-03 Balls to the Narwhals,25,C-11,StarCenter Multisport (Court 4),"Fri, Oct 17 2025",7:00 PM,Fall
C-13 Doggy Style,27,C-12 Blocktopusses,25,C-14,StarCenter Multisport (Court 5),"Fri, Oct 17 2025",7:00 PM,Fall
C-13 Doggy Style,12,C-12 Blocktopusses,14,C-14,StarCenter Multisport (Court 5),"Fri, Oct 17 2025",7:00 PM,Fall
C-09 Strikalotls,15,C-06 The GOATs,25,C-15,StarCenter Multisport (Court 6),"Fri, Oct 17 2025",7:00 PM,Fall
C-09 Strikalotls,25,C-06 The GOATs,17,C-15,StarCenter Multisport (Court 6),"Fri, Oct 17 2025",7:00 PM,Fall
C-11 Las Vulturistas,25,C-10 Duck Around and Find Out,22,C-03,StarCenter Multisport (Court 4),"Fri, Oct 17 2025",7:45 PM,Fall
C-11 Las Vulturistas,21,C-10 Duck Around and Find Out,15,C-03,StarCenter Multisport (Court 4),"Fri, Oct 17 2025",7:45 PM,Fall
C-14 Hot Cheetahs,25,C-13 Doggy Style,14,C-12,StarCenter Multisport (Court 5),"Fri, Oct 17 2025",7:45 PM,Fall
C-14 Hot Cheetahs,10,C-13 Doggy Style,25,C-12,StarCenter Multisport (Court 5),"Fri, Oct 17 2025",7:45 PM,Fall
"C-15 Dig, Dig, Goose",25,C-09 Strikalotls,20,C-06,StarCenter Multisport (Court 6),"Fri, Oct 17 2025",7:45 PM,Fall
"C-15 Dig, Dig, Goose",17,C-09 Strikalotls,25,C-06,StarCenter Multisport (Court 6),"Fri, Oct 17 2025",7:45 PM,Fall
C-11 Las Vulturistas,23,C-03 Balls to the Narwhals,25,C-10,StarCenter Multisport (Court 4),"Fri, Oct 17 2025",8:30 PM,Fall
C-11 Las Vulturistas,25,C-03 Balls to the Narwhals,17,C-10,StarCenter Multisport (Court 4),"Fri, Oct 17 2025",8:30 PM,Fall
C-14 Hot Cheetahs,25,C-12 Blocktopusses,14,C-13,StarCenter Multisport (Court 5),"Fri, Oct 17 2025",8:30 PM,Fall
C-14 Hot Cheetahs,24,C-12 Blocktopusses,26,C-13,StarCenter Multisport (Court 5),"Fri, Oct 17 2025",8:30 PM,Fall
"C-15 Dig, Dig, Goose",17,C-06 The GOATs,25,C-09,StarCenter Multisport (Court 6),"Fri, Oct 17 2025",8:30 PM,Fall
"C-15 Dig, Dig, Goose",20,C-06 The GOATs,16,C-09,StarCenter Multisport (Court 6),"Fri, Oct 17 2025",8:30 PM,Fall
C-08 The Quack Pack,25,C-01 Hitty Kitties,16,C-17,StarCenter Multisport (Court 4),"Fri, Oct 17 2025",9:15 PM,Fall
C-08 The Quack Pack,23,C-01 Hitty Kitties,20,C-17,StarCenter Multisport (Court 4),"Fri, Oct 17 2025",9:15 PM,Fall
C-07 Otter Chaos,14,C-05 Bumpin Bunnies,25,C-16,StarCenter Multisport (Court 5),"Fri, Oct 17 2025",9:15 PM,Fall
C-07 Otter Chaos,24,C-05 Bumpin Bunnies,23,C-16,StarCenter Multisport (Court 5),"Fri, Oct 17 2025",9:15 PM,Fall
C-04 Panda-Monium,25,C-02 Glory H Gorillas,18,C-18,StarCenter Multisport (Court 6),"Fri, Oct 17 2025",9:15 PM,Fall
C-04 Panda-Monium,20,C-02 Glory H Gorillas,18,C-18,StarCenter Multisport (Court 6),"Fri, Oct 17 2025",9:15 PM,Fall
C-17 Fowl Play,17,C-08 The Quack Pack,25,C-01,StarCenter Multisport (Court 4),"Fri, Oct 17 2025",10:00 PM,Fall
C-17 Fowl Play,18,C-08 The Quack Pack,25,C-01,StarCenter Multisport (Court 4),"Fri, Oct 17 2025",10:00 PM,Fall
C-16 No Fox Given,25,C-07 Otter Chaos,27,C-05,StarCenter Multisport (Court 5),"Fri, Oct 17 2025",10:00 PM,Fall
C-16 No Fox Given,14,C-07 Otter Chaos,16,C-05,StarCenter Multisport (Court 5),"Fri, Oct 17 2025",10:00 PM,Fall
C-18 Digletts,25,C-04 Panda-Monium,11,C-02,StarCenter Multisport (Court 6),"Fri, Oct 17 2025",10:00 PM,Fall
C-18 Digletts,18,C-04 Panda-Monium,21,C-02,StarCenter Multisport (Court 6),"Fri, Oct 17 2025",10:00 PM,Fall
C-17 Fowl Play,22,C-01 Hitty Kitties,25,C-08,StarCenter Multisport (Court 4),"Fri, Oct 17 2025",10:45 PM,Fall
C-17 Fowl Play,20,C-01 Hitty Kitties,21,C-08,StarCenter Multisport (Court 4),"Fri, Oct 17 2025",10:45 PM,Fall
C-16 No Fox Given,17,C-05 Bumpin Bunnies,25,C-07,StarCenter Multisport (Court 5),"Fri, Oct 17 2025",10:45 PM,Fall
C-16 No Fox Given,7,C-05 Bumpin Bunnies,15,C-07,StarCenter Multisport (Court 5),"Fri, Oct 17 2025",10:45 PM,Fall
C-18 Digletts,25,C-02 Glory H Gorillas,20,C-04,StarCenter Multisport (Court 6),"Fri, Oct 17 2025",10:45 PM,Fall
C-18 Digletts,20,C-02 Glory H Gorillas,22,C-04,StarCenter Multisport (Court 6),"Fri, Oct 17 2025",10:45 PM,Fall
C-04 Panda-Monium,25,C-01 Hitty Kitties,21,C-12,StarCenter Multisport (Court 4),"Fri, Oct 24 2025",7:00 PM,Fall
C-04 Panda-Monium,20,C-01 Hitty Kitties,25,C-12,StarCenter Multisport (Court 4),"Fri, Oct 24 2025",7:00 PM,Fall
C-05 Bumpin Bunnies,25,C-03 Balls to the Narwhals,8,C-15,StarCenter Multisport (Court 5),"Fri, Oct 24 2025",7:00 PM,Fall
C-05 Bumpin Bunnies,25,C-03 Balls to the Narwhals,23,C-15,StarCenter Multisport (Court 5),"Fri, Oct 24 2025",7:00 PM,Fall
C-17 Fowl Play,25,C-09 Strikalotls,20,C-18,StarCenter Multisport (Court 6),"Fri, Oct 24 2025",7:00 PM,Fall
C-17 Fowl Play,16,C-09 Strikalotls,17,C-18,StarCenter Multisport (Court 6),"Fri, Oct 24 2025",7:00 PM,Fall
C-12 Blocktopusses,25,C-04 Panda-Monium,19,C-01,StarCenter Multisport (Court 4),"Fri, Oct 24 2025",7:45 PM,Fall
C-12 Blocktopusses,18,C-04 Panda-Monium,25,C-01,StarCenter Multisport (Court 4),"Fri, Oct 24 2025",7:45 PM,Fall
"C-15 Dig, Dig, Goose",15,C-05 Bumpin Bunnies,25,C-03,StarCenter Multisport (Court 5),"Fri, Oct 24 2025",7:45 PM,Fall
"C-15 Dig, Dig, Goose",15,C-05 Bumpin Bunnies,25,C-03,StarCenter Multisport (Court 5),"Fri, Oct 24 2025",7:45 PM,Fall
C-18 Digletts,26,C-17 Fowl Play,24,C-09,StarCenter Multisport (Court 6),"Fri, Oct 24 2025",7:45 PM,Fall
C-18 Digletts,23,C-17 Fowl Play,16,C-09,StarCenter Multisport (Court 6),"Fri, Oct 24 2025",7:45 PM,Fall
C-12 Blocktopusses,24,C-01 Hitty Kitties,26,C-04,StarCenter Multisport (Court 4),"Fri, Oct 24 2025",8:30 PM,Fall
C-12 Blocktopusses,15,C-01 Hitty Kitties,23,C-04,StarCenter Multisport (Court 4),"Fri, Oct 24 2025",8:30 PM,Fall
"C-15 Dig, Dig, Goose",27,C-03 Balls to the Narwhals,26,C-05,StarCenter Multisport (Court 5),"Fri, Oct 24 2025",8:30 PM,Fall
"C-15 Dig, Dig, Goose",7,C-03 Balls to the Narwhals,23,C-05,StarCenter Multisport (Court 5),"Fri, Oct 24 2025",8:30 PM,Fall
C-18 Digletts,25,C-09 Strikalotls,18,C-17,StarCenter Multisport (Court 6),"Fri, Oct 24 2025",8:30 PM,Fall
C-18 Digletts,17,C-09 Strikalotls,23,C-17,StarCenter Multisport (Court 6),"Fri, Oct 24 2025",8:30 PM,Fall
C-06 The GOATs,18,C-02 Glory H Gorillas,25,C-14,StarCenter Multisport (Court 4),"Fri, Oct 24 2025",9:15 PM,Fall
C-06 The GOATs,25,C-02 Glory H Gorillas,25,C-14,StarCenter Multisport (Court 4),"Fri, Oct 24 2025",9:15 PM,Fall
C-08 The Quack Pack,25,C-07 Otter Chaos,19,C-11,StarCenter Multisport (Court 5),"Fri, Oct 24 2025",9:15 PM,Fall
C-08 The Quack Pack,25,C-07 Otter Chaos,11,C-11,StarCenter Multisport (Court 5),"Fri, Oct 24 2025",9:15 PM,Fall
C-13 Doggy Style,25,C-10 Duck Around and Find Out,12,C-16,StarCenter Multisport (Court 6),"Fri, Oct 24 2025",9:15 PM,Fall
C-13 Doggy Style,25,C-10 Duck Around and Find Out,16,C-16,StarCenter Multisport (Court 6),"Fri, Oct 24 2025",9:15 PM,Fall
C-14 Hot Cheetahs,20,C-06 The GOATs,25,C-02,StarCenter Multisport (Court 4),"Fri, Oct 24 2025",10:00 PM,Fall
C-14 Hot Cheetahs,17,C-06 The GOATs,25,C-02,StarCenter Multisport (Court 4),"Fri, Oct 24 2025",10:00 PM,Fall
C-11 Las Vulturistas,20,C-08 The Quack Pack,25,C-07,StarCenter Multisport (Court 5),"Fri, Oct 24 2025",10:00 PM,Fall
C-11 Las Vulturistas,16,C-08 The Quack Pack,25,C-07,StarCenter Multisport (Court 5),"Fri, Oct 24 2025",10:00 PM,Fall
C-16 No Fox Given,16,C-13 Doggy Style,25,C-10,StarCenter Multisport (Court 6),"Fri, Oct 24 2025",10:00 PM,Fall
C-16 No Fox Given,15,C-13 Doggy Style,25,C-10,StarCenter Multisport (Court 6),"Fri, Oct 24 2025",10:00 PM,Fall
C-14 Hot Cheetahs,25,C-02 Glory H Gorillas,17,C-06,StarCenter Multisport (Court 4),"Fri, Oct 24 2025",10:45 PM,Fall
C-14 Hot Cheetahs,25,C-02 Glory H Gorillas,14,C-06,StarCenter Multisport (Court 4),"Fri, Oct 24 2025",10:45 PM,Fall
C-11 Las Vulturistas,16,C-07 Otter Chaos,25,C-08,StarCenter Multisport (Court 5),"Fri, Oct 24 2025",10:45 PM,Fall
C-11 Las Vulturistas,25,C-07 Otter Chaos,21,C-08,StarCenter Multisport (Court 5),"Fri, Oct 24 2025",10:45 PM,Fall
C-16 No Fox Given,25,C-10 Duck Around and Find Out,17,C-13,StarCenter Multisport (Court 6),"Fri, Oct 24 2025",10:45 PM,Fall
C-16 No Fox Given,17,C-10 Duck Around and Find Out,25,C-13,StarCenter Multisport (Court 6),"Fri, Oct 24 2025",10:45 PM,Fall
C-02 Glory H Gorillas,25,C-01 Hitty Kitties,21,C-07,StarCenter Multisport (Court 4),"Fri, Nov 7 2025",7:00 PM,Fall
C-02 Glory H Gorillas,25,C-01 Hitty Kitties,15,C-07,StarCenter Multisport (Court 4),"Fri, Nov 7 2025",7:00 PM,Fall
C-14 Hot Cheetahs,25,C-03 Balls to the Narwhals,22,C-16,StarCenter Multisport (Court 5),"Fri, Nov 7 2025",7:00 PM,Fall
C-14 Hot Cheetahs,25,C-03 Balls to the Narwhals,16,C-16,StarCenter Multisport (Court 5),"Fri, Nov 7 2025",7:00 PM,Fall
C-11 Las Vulturistas,19,C-04 Panda-Monium,25,C-13,StarCenter Multisport (Court 6),"Fri, Nov 7 2025",7:00 PM,Fall
C-11 Las Vulturistas,18,C-04 Panda-Monium,20,C-13,StarCenter Multisport (Court 6),"Fri, Nov 7 2025",7:00 PM,Fall
C-07 Otter Chaos,25,C-02 Glory H Gorillas,23,C-01,StarCenter Multisport (Court 4),"Fri, Nov 7 2025",7:45 PM,Fall
C-07 Otter Chaos,17,C-02 Glory H Gorillas,19,C-01,StarCenter Multisport (Court 4),"Fri, Nov 7 2025",7:45 PM,Fall
C-16 No Fox Given,25,C-14 Hot Cheetahs,19,C-03,StarCenter Multisport (Court 5),"Fri, Nov 7 2025",7:45 PM,Fall
C-16 No Fox Given,13,C-14 Hot Cheetahs,22,C-03,StarCenter Multisport (Court 5),"Fri, Nov 7 2025",7:45 PM,Fall
C-13 Doggy Style,23,C-11 Las Vulturistas,25,C-04,StarCenter Multisport (Court 6),"Fri, Nov 7 2025",7:45 PM,Fall
C-13 Doggy Style,25,C-11 Las Vulturistas,13,C-04,StarCenter Multisport (Court 6),"Fri, Nov 7 2025",7:45 PM,Fall
C-07 Otter Chaos,25,C-01 Hitty Kitties,12,C-02,StarCenter Multisport (Court 4),"Fri, Nov 7 2025",8:30 PM,Fall
C-07 Otter Chaos,25,C-01 Hitty Kitties,16,C-02,StarCenter Multisport (Court 4),"Fri, Nov 7 2025",8:30 PM,Fall
C-16 No Fox Given,24,C-03 Balls to the Narwhals,26,C-14,StarCenter Multisport (Court 5),"Fri, Nov 7 2025",8:30 PM,Fall
C-16 No Fox Given,19,C-03 Balls to the Narwhals,18,C-14,StarCenter Multisport (Court 5),"Fri, Nov 7 2025",8:30 PM,Fall
C-13 Doggy Style,24,C-04 Panda-Monium,26,C-11,StarCenter Multisport (Court 6),"Fri, Nov 7 2025",8:30 PM,Fall
C-13 Doggy Style,15,C-04 Panda-Monium,14,C-11,StarCenter Multisport (Court 6),"Fri, Nov 7 2025",8:30 PM,Fall
C-09 Strikalotls,13,C-08 The Quack Pack,25,C-10,StarCenter Multisport (Court 4),"Fri, Nov 7 2025",9:15 PM,Fall
C-09 Strikalotls,20,C-08 The Quack Pack,21,C-10,StarCenter Multisport (Court 4),"Fri, Nov 7 2025",9:15 PM,Fall
C-06 The GOATs,20,C-05 Bumpin Bunnies,25,C-12,StarCenter Multisport (Court 5),"Fri, Nov 7 2025",9:15 PM,Fall
C-06 The GOATs,15,C-05 Bumpin Bunnies,21,C-12,StarCenter Multisport (Court 5),"Fri, Nov 7 2025",9:15 PM,Fall
C-17 Fowl Play,25,"C-15 Dig, Dig, Goose",15,C-18,StarCenter Multisport (Court 6),"Fri, Nov 7 2025",9:15 PM,Fall
C-17 Fowl Play,19,"C-15 Dig, Dig, Goose",22,C-18,StarCenter Multisport (Court 6),"Fri, Nov 7 2025",9:15 PM,Fall
C-10 Duck Around and Find Out,23,C-09 Strikalotls,25,C-08,StarCenter Multisport (Court 4),"Fri, Nov 7 2025",10:00 PM,Fall
C-10 Duck Around and Find Out,22,C-09 Strikalotls,21,C-08,StarCenter Multisport (Court 4),"Fri, Nov 7 2025",10:00 PM,Fall
C-12 Blocktopusses,25,C-06 The GOATs,18,C-05,StarCenter Multisport (Court 5),"Fri, Nov 7 2025",10:00 PM,Fall
C-12 Blocktopusses,25,C-06 The GOATs,20,C-05,StarCenter Multisport (Court 5),"Fri, Nov 7 2025",10:00 PM,Fall
C-18 Digletts,25,C-17 Fowl Play,15,C-15,StarCenter Multisport (Court 6),"Fri, Nov 7 2025",10:00 PM,Fall
C-18 Digletts,25,C-17 Fowl Play,19,C-15,StarCenter Multisport (Court 6),"Fri, Nov 7 2025",10:00 PM,Fall
C-10 Duck Around and Find Out,21,C-08 The Quack Pack,25,C-09,StarCenter Multisport (Court 4),"Fri, Nov 7 2025",10:45 PM,Fall
C-10 Duck Around and Find Out,25,C-08 The Quack Pack,22,C-09,StarCenter Multisport (Court 4),"Fri, Nov 7 2025",10:45 PM,Fall
C-12 Blocktopusses,25,C-05 Bumpin Bunnies,18,C-06,StarCenter Multisport (Court 5),"Fri, Nov 7 2025",10:45 PM,Fall
C-12 Blocktopusses,8,C-05 Bumpin Bunnies,25,C-06,StarCenter Multisport (Court 5),"Fri, Nov 7 2025",10:45 PM,Fall
C-18 Digletts,25,"C-15 Dig, Dig, Goose",16,C-17,StarCenter Multisport (Court 6),"Fri, Nov 7 2025",10:45 PM,Fall
C-18 Digletts,25,"C-15 Dig, Dig, Goose",20,C-17,StarCenter Multisport (Court 6),"Fri, Nov 7 2025",10:45 PM,Fall
C-10 Duck Around and Find Out,23,C-01 Hitty Kitties,25,C-17,StarCenter Multisport (Court 4),"Fri, Nov 14 2025",7:00 PM,Fall
C-10 Duck Around and Find Out,15,C-01 Hitty Kitties,25,C-17,StarCenter Multisport (Court 4),"Fri, Nov 14 2025",7:00 PM,Fall
C-08 The Quack Pack,27,C-04 Panda-Monium,25,C-12,StarCenter Multisport (Court 5),"Fri, Nov 14 2025",7:00 PM,Fall
C-08 The Quack Pack,17,C-04 Panda-Monium,14,C-12,StarCenter Multisport (Court 5),"Fri, Nov 14 2025",7:00 PM,Fall
C-06 The GOATs,22,C-02 Glory H Gorillas,25,C-09,StarCenter Multisport (Court 6),"Fri, Nov 14 2025",7:00 PM,Fall
C-06 The GOATs,23,C-02 Glory H Gorillas,19,C-09,StarCenter Multisport (Court 6),"Fri, Nov 14 2025",7:00 PM,Fall
C-17 Fowl Play,17,C-10 Duck Around and Find Out,25,C-01,StarCenter Multisport (Court 4),"Fri, Nov 14 2025",7:45 PM,Fall
C-17 Fowl Play,25,C-10 Duck Around and Find Out,18,C-01,StarCenter Multisport (Court 4),"Fri, Nov 14 2025",7:45 PM,Fall
C-12 Blocktopusses,15,C-08 The Quack Pack,25,C-04,StarCenter Multisport (Court 5),"Fri, Nov 14 2025",7:45 PM,Fall
C-12 Blocktopusses,24,C-08 The Quack Pack,24,C-04,StarCenter Multisport (Court 5),"Fri, Nov 14 2025",7:45 PM,Fall
C-09 Strikalotls,25,C-06 The GOATs,16,C-02,StarCenter Multisport (Court 6),"Fri, Nov 14 2025",7:45 PM,Fall
C-09 Strikalotls,25,C-06 The GOATs,18,C-02,StarCenter Multisport (Court 6),"Fri, Nov 14 2025",7:45 PM,Fall
C-17 Fowl Play,20,C-01 Hitty Kitties,25,C-10,StarCenter Multisport (Court 4),"Fri, Nov 14 2025",8:30 PM,Fall
C-17 Fowl Play,18,C-01 Hitty Kitties,25,C-10,StarCenter Multisport (Court 4),"Fri, Nov 14 2025",8:30 PM,Fall
C-12 Blocktopusses,26,C-04 Panda-Monium,24,C-08,StarCenter Multisport (Court 5),"Fri, Nov 14 2025",8:30 PM,Fall
C-12 Blocktopusses,25,C-04 Panda-Monium,13,C-08,StarCenter Multisport (Court 5),"Fri, Nov 14 2025",8:30 PM,Fall
C-09 Strikalotls,27,C-02 Glory H Gorillas,26,C-06,StarCenter Multisport (Court 6),"Fri, Nov 14 2025",8:30 PM,Fall
C-09 Strikalotls,17,C-02 Glory H Gorillas,15,C-06,StarCenter Multisport (Court 6),"Fri, Nov 14 2025",8:30 PM,Fall
C-14 Hot Cheetahs,25,C-03 Balls to the Narwhals,16,C-18,StarCenter Multisport (Court 4),"Fri, Nov 14 2025",9:15 PM,Fall
C-14 Hot Cheetahs,25,C-03 Balls to the Narwhals,13,C-18,StarCenter Multisport (Court 4),"Fri, Nov 14 2025",9:15 PM,Fall
C-13 Doggy Style,17,C-05 Bumpin Bunnies,25,C-16,StarCenter Multisport (Court 5),"Fri, Nov 14 2025",9:15 PM,Fall
C-13 Doggy Style,15,C-05 Bumpin Bunnies,19,C-16,StarCenter Multisport (Court 5),"Fri, Nov 14 2025",9:15 PM,Fall
C-11 Las Vulturistas,23,C-07 Otter Chaos,25,C-15,StarCenter Multisport (Court 6),"Fri, Nov 14 2025",9:15 PM,Fall
C-11 Las Vulturistas,15,C-07 Otter Chaos,25,C-15,StarCenter Multisport (Court 6),"Fri, Nov 14 2025",9:15 PM,Fall
C-18 Digletts,25,C-14 Hot Cheetahs,22,C-03,StarCenter Multisport (Court 4),"Fri, Nov 14 2025",10:00 PM,Fall
C-18 Digletts,17,C-14 Hot Cheetahs,22,C-03,StarCenter Multisport (Court 4),"Fri, Nov 14 2025",10:00 PM,Fall
C-16 No Fox Given,22,C-13 Doggy Style,25,C-05,StarCenter Multisport (Court 5),"Fri, Nov 14 2025",10:00 PM,Fall
C-16 No Fox Given,16,C-13 Doggy Style,25,C-05,StarCenter Multisport (Court 5),"Fri, Nov 14 2025",10:00 PM,Fall
"C-15 Dig, Dig, Goose",26,C-11 Las Vulturistas,24,C-07,StarCenter Multisport (Court 6),"Fri, Nov 14 2025",10:00 PM,Fall
"C-15 Dig, Dig, Goose",16,C-11 Las Vulturistas,17,C-07,StarCenter Multisport (Court 6),"Fri, Nov 14 2025",10:00 PM,Fall
C-18 Digletts,25,C-03 Balls to the Narwhals,14,C-14,StarCenter Multisport (Court 4),"Fri, Nov 14 2025",10:45 PM,Fall
C-18 Digletts,25,C-03 Balls to the Narwhals,15,C-14,StarCenter Multisport (Court 4),"Fri, Nov 14 2025",10:45 PM,Fall
C-16 No Fox Given,10,C-05 Bumpin Bunnies,25,C-13,StarCenter Multisport (Court 5),"Fri, Nov 14 2025",10:45 PM,Fall
C-16 No Fox Given,13,C-05 Bumpin Bunnies,17,C-13,StarCenter Multisport (Court 5),"Fri, Nov 14 2025",10:45 PM,Fall
"C-15 Dig, Dig, Goose",26,C-07 Otter Chaos,24,C-11,StarCenter Multisport (Court 6),"Fri, Nov 14 2025",10:45 PM,Fall
"C-15 Dig, Dig, Goose",11,C-07 Otter Chaos,25,C-11,StarCenter Multisport (Court 6),"Fri, Nov 14 2025",10:45 PM,Fall
C-13 Doggy Style,16,C-08 The Quack Pack,25,C-17,StarCenter Multisport (Court 4),"Fri, Nov 21 2025",7:00 PM,Fall
C-13 Doggy Style,18,C-08 The Quack Pack,25,C-17,StarCenter Multisport (Court 4),"Fri, Nov 21 2025",7:00 PM,Fall
C-11 Las Vulturistas,25,C-09 Strikalotls,9,C-16,StarCenter Multisport (Court 5),"Fri, Nov 21 2025",7:00 PM,Fall
C-11 Las Vulturistas,13,C-09 Strikalotls,22,C-16,StarCenter Multisport (Court 5),"Fri, Nov 21 2025",7:00 PM,Fall
"C-15 Dig, Dig, Goose",11,C-02 Glory H Gorillas,25,C-18,StarCenter Multisport (Court 6),"Fri, Nov 21 2025",7:00 PM,Fall
"C-15 Dig, Dig, Goose",19,C-02 Glory H Gorillas,25,C-18,StarCenter Multisport (Court 6),"Fri, Nov 21 2025",7:00 PM,Fall
C-17 Fowl Play,14,C-13 Doggy Style,25,C-08,StarCenter Multisport (Court 4),"Fri, Nov 21 2025",7:45 PM,Fall
C-17 Fowl Play,25,C-13 Doggy Style,14,C-08,StarCenter Multisport (Court 4),"Fri, Nov 21 2025",7:45 PM,Fall
C-16 No Fox Given,18,C-11 Las Vulturistas,25,C-09,StarCenter Multisport (Court 5),"Fri, Nov 21 2025",7:45 PM,Fall
C-16 No Fox Given,20,C-11 Las Vulturistas,22,C-09,StarCenter Multisport (Court 5),"Fri, Nov 21 2025",7:45 PM,Fall
C-18 Digletts,25,"C-15 Dig, Dig, Goose",6,C-02,StarCenter Multisport (Court 6),"Fri, Nov 21 2025",7:45 PM,Fall
C-18 Digletts,25,"C-15 Dig, Dig, Goose",11,C-02,StarCenter Multisport (Court 6),"Fri, Nov 21 2025",7:45 PM,Fall
C-17 Fowl Play,13,C-08 The Quack Pack,25,C-13,StarCenter Multisport (Court 4),"Fri, Nov 21 2025",8:30 PM,Fall
C-17 Fowl Play,15,C-08 The Quack Pack,25,C-13,StarCenter Multisport (Court 4),"Fri, Nov 21 2025",8:30 PM,Fall
C-16 No Fox Given,25,C-09 Strikalotls,23,C-11,StarCenter Multisport (Court 5),"Fri, Nov 21 2025",8:30 PM,Fall
C-16 No Fox Given,11,C-09 Strikalotls,25,C-11,StarCenter Multisport (Court 5),"Fri, Nov 21 2025",8:30 PM,Fall
C-18 Digletts,26,C-02 Glory H Gorillas,24,C-15,StarCenter Multisport (Court 6),"Fri, Nov 21 2025",8:30 PM,Fall
C-18 Digletts,25,C-02 Glory H Gorillas,20,C-15,StarCenter Multisport (Court 6),"Fri, Nov 21 2025",8:30 PM,Fall
C-06 The GOATs,20,C-01 Hitty Kitties,25,C-14,StarCenter Multisport (Court 4),"Fri, Nov 21 2025",9:15 PM,Fall
C-06 The GOATs,25,C-01 Hitty Kitties,18,C-14,StarCenter Multisport (Court 4),"Fri, Nov 21 2025",9:15 PM,Fall
C-04 Panda-Monium,25,C-03 Balls to the Narwhals,23,C-07,StarCenter Multisport (Court 5),"Fri, Nov 21 2025",9:15 PM,Fall
C-04 Panda-Monium,15,C-03 Balls to the Narwhals,22,C-07,StarCenter Multisport (Court 5),"Fri, Nov 21 2025",9:15 PM,Fall
C-10 Duck Around and Find Out,16,C-05 Bumpin Bunnies,25,C-12,StarCenter Multisport (Court 6),"Fri, Nov 21 2025",9:15 PM,Fall
C-10 Duck Around and Find Out,12,C-05 Bumpin Bunnies,25,C-12,StarCenter Multisport (Court 6),"Fri, Nov 21 2025",9:15 PM,Fall
C-14 Hot Cheetahs,25,C-06 The GOATs,17,C-01,StarCenter Multisport (Court 4),"Fri, Nov 21 2025",10:00 PM,Fall
C-14 Hot Cheetahs,25,C-06 The GOATs,13,C-01,StarCenter Multisport (Court 4),"Fri, Nov 21 2025",10:00 PM,Fall
C-07 Otter Chaos,25,C-04 Panda-Monium,16,C-03,StarCenter Multisport (Court 5),"Fri, Nov 21 2025",10:00 PM,Fall
C-07 Otter Chaos,25,C-04 Panda-Monium,19,C-03,StarCenter Multisport (Court 5),"Fri, Nov 21 2025",10:00 PM,Fall
C-12 Blocktopusses,25,C-10 Duck Around and Find Out,12,C-05,StarCenter Multisport (Court 6),"Fri, Nov 21 2025",10:00 PM,Fall
C-12 Blocktopusses,25,C-10 Duck Around and Find Out,18,C-05,StarCenter Multisport (Court 6),"Fri, Nov 21 2025",10:00 PM,Fall
C-14 Hot Cheetahs,25,C-01 Hitty Kitties,18,C-06,StarCenter Multisport (Court 4),"Fri, Nov 21 2025",10:45 PM,Fall
C-14 Hot Cheetahs,25,C-01 Hitty Kitties,22,C-06,StarCenter Multisport (Court 4),"Fri, Nov 21 2025",10:45 PM,Fall
C-07 Otter Chaos,25,C-03 Balls to the Narwhals,13,C-04,StarCenter Multisport (Court 5),"Fri, Nov 21 2025",10:45 PM,Fall
C-07 Otter Chaos,25,C-03 Balls to the Narwhals,10,C-04,StarCenter Multisport (Court 5),"Fri, Nov 21 2025",10:45 PM,Fall
C-12 Blocktopusses,25,C-05 Bumpin Bunnies,18,C-10,StarCenter Multisport (Court 6),"Fri, Nov 21 2025",10:45 PM,Fall
C-12 Blocktopusses,20,C-05 Bumpin Bunnies,25,C-10,StarCenter Multisport (Court 6),"Fri, Nov 21 2025",10:45 PM,Fall
E-05-Nintendo 69,24,E-04-Super Smash Hoes,26,E-06,StarCenter Multisport - Farmers Branch (Court 9),"Fri, Aug 22 2025",7:00 PM,Fall
E-05-Nintendo 69,19,E-04-Super Smash Hoes,18,E-06,StarCenter Multisport - Farmers Branch (Court 9),"Fri, Aug 22 2025",7:00 PM,Fall
E-06-Call of Booty: Block Ops,25,E-05-Nintendo 69,16,E-04,StarCenter Multisport - Farmers Branch (Court 9),"Fri, Aug 22 2025",7:45 PM,Fall
E-06-Call of Booty: Block Ops,19,E-05-Nintendo 69,22,E-04,StarCenter Multisport - Farmers Branch (Court 9),"Fri, Aug 22 2025",7:45 PM,Fall
E-06-Call of Booty: Block Ops,21,E-04-Super Smash Hoes,25,E-05,StarCenter Multisport - Farmers Branch (Court 9),"Fri, Aug 22 2025",8:30 PM,Fall
E-06-Call of Booty: Block Ops,22,E-04-Super Smash Hoes,25,E-05,StarCenter Multisport - Farmers Branch (Court 9),"Fri, Aug 22 2025",8:30 PM,Fall
E-08-Street Walkers,25,E-07-Ms. Pac Man,16,E-09,StarCenter Multisport - Farmers Branch (Court 8),"Fri, Aug 22 2025",9:15 PM,Fall
E-08-Street Walkers,22,E-07-Ms. Pac Man,20,E-09,StarCenter Multisport - Farmers Branch (Court 8),"Fri, Aug 22 2025",9:15 PM,Fall
E-02-Mortal Cumbat,20,E-01-Assassins Cream,25,E-03,StarCenter Multisport - Farmers Branch (Court 9),"Fri, Aug 22 2025",9:15 PM,Fall
E-02-Mortal Cumbat,16,E-01-Assassins Cream,25,E-03,StarCenter Multisport - Farmers Branch (Court 9),"Fri, Aug 22 2025",9:15 PM,Fall
E-09-Sonic The Edgedhogs,18,E-08-Street Walkers,25,E-07,StarCenter Multisport - Farmers Branch (Court 8),"Fri, Aug 22 2025",10:00 PM,Fall
E-09-Sonic The Edgedhogs,25,E-08-Street Walkers,18,E-07,StarCenter Multisport - Farmers Branch (Court 8),"Fri, Aug 22 2025",10:00 PM,Fall
E-03-Donkey Schlong,20,E-02-Mortal Cumbat,25,E-01,StarCenter Multisport - Farmers Branch (Court 9),"Fri, Aug 22 2025",10:00 PM,Fall
E-03-Donkey Schlong,23,E-02-Mortal Cumbat,25,E-01,StarCenter Multisport - Farmers Branch (Court 9),"Fri, Aug 22 2025",10:00 PM,Fall
E-09-Sonic The Edgedhogs,25,E-07-Ms. Pac Man,18,E-08,StarCenter Multisport - Farmers Branch (Court 8),"Fri, Aug 22 2025",10:45 PM,Fall
E-09-Sonic The Edgedhogs,23,E-07-Ms. Pac Man,20,E-08,StarCenter Multisport - Farmers Branch (Court 8),"Fri, Aug 22 2025",10:45 PM,Fall
E-03-Donkey Schlong,26,E-01-Assassins Cream,24,E-02,StarCenter Multisport - Farmers Branch (Court 9),"Fri, Aug 22 2025",10:45 PM,Fall
E-03-Donkey Schlong,19,E-01-Assassins Cream,25,E-02,StarCenter Multisport - Farmers Branch (Court 9),"Fri, Aug 22 2025",10:45 PM,Fall
E-04-Super Smash Hoes,19,E-01-Assassins Cream,25,E-07,StarCenter Multisport - Farmers Branch (Court 14),"Fri, Sep 5 2025",7:00 PM,Fall
E-04-Super Smash Hoes,16,E-01-Assassins Cream,25,E-07,StarCenter Multisport - Farmers Branch (Court 14),"Fri, Sep 5 2025",7:00 PM,Fall
E-06-Call of Booty: Block Ops,25,E-03-Donkey Schlong,20,E-09,StarCenter Multisport - Farmers Branch (Court 15),"Fri, Sep 5 2025",7:00 PM,Fall
E-06-Call of Booty: Block Ops,21,E-03-Donkey Schlong,25,E-09,StarCenter Multisport - Farmers Branch (Court 15),"Fri, Sep 5 2025",7:00 PM,Fall
E-07-Ms. Pac Man,19,E-04-Super Smash Hoes,25,E-01,StarCenter Multisport - Farmers Branch (Court 14),"Fri, Sep 5 2025",7:45 PM,Fall
E-07-Ms. Pac Man,25,E-04-Super Smash Hoes,22,E-01,StarCenter Multisport - Farmers Branch (Court 14),"Fri, Sep 5 2025",7:45 PM,Fall
E-09-Sonic The Edgedhogs,25,E-06-Call of Booty: Block Ops,22,E-03,StarCenter Multisport - Farmers Branch (Court 15),"Fri, Sep 5 2025",7:45 PM,Fall
E-09-Sonic The Edgedhogs,24,E-06-Call of Booty: Block Ops,17,E-03,StarCenter Multisport - Farmers Branch (Court 15),"Fri, Sep 5 2025",7:45 PM,Fall
E-07-Ms. Pac Man,24,E-01-Assassins Cream,26,E-04,StarCenter Multisport - Farmers Branch (Court 14),"Fri, Sep 5 2025",8:30 PM,Fall
E-07-Ms. Pac Man,19,E-01-Assassins Cream,21,E-04,StarCenter Multisport - Farmers Branch (Court 14),"Fri, Sep 5 2025",8:30 PM,Fall
E-09-Sonic The Edgedhogs,25,E-03-Donkey Schlong,23,E-06,StarCenter Multisport - Farmers Branch (Court 15),"Fri, Sep 5 2025",8:30 PM,Fall
E-09-Sonic The Edgedhogs,21,E-03-Donkey Schlong,17,E-06,StarCenter Multisport - Farmers Branch (Court 15),"Fri, Sep 5 2025",8:30 PM,Fall
E-05-Nintendo 69,19,E-02-Mortal Cumbat,25,E-08,StarCenter Multisport - Farmers Branch (Court 15),"Fri, Sep 5 2025",9:15 PM,Fall
E-05-Nintendo 69,17,E-02-Mortal Cumbat,25,E-08,StarCenter Multisport - Farmers Branch (Court 15),"Fri, Sep 5 2025",9:15 PM,Fall
E-08-Street Walkers,25,E-05-Nintendo 69,20,E-02,StarCenter Multisport - Farmers Branch (Court 15),"Fri, Sep 5 2025",10:00 PM,Fall
E-08-Street Walkers,17,E-05-Nintendo 69,18,E-02,StarCenter Multisport - Farmers Branch (Court 15),"Fri, Sep 5 2025",10:00 PM,Fall
E-08-Street Walkers,21,E-02-Mortal Cumbat,25,E-05,StarCenter Multisport - Farmers Branch (Court 15),"Fri, Sep 5 2025",10:45 PM,Fall
E-08-Street Walkers,25,E-02-Mortal Cumbat,19,E-05,StarCenter Multisport - Farmers Branch (Court 15),"Fri, Sep 5 2025",10:45 PM,Fall
E-06-Call of Booty: Block Ops,18,E-02-Mortal Cumbat,25,E-07,StarCenter Multisport - Farmers Branch (Court 15),"Fri, Sep 12 2025",7:00 PM,Fall
E-06-Call of Booty: Block Ops,20,E-02-Mortal Cumbat,25,E-07,StarCenter Multisport - Farmers Branch (Court 15),"Fri, Sep 12 2025",7:00 PM,Fall
E-07-Ms. Pac Man,22,E-06-Call of Booty: Block Ops,25,E-02,StarCenter Multisport - Farmers Branch (Court 15),"Fri, Sep 12 2025",7:45 PM,Fall
E-07-Ms. Pac Man,22,E-06-Call of Booty: Block Ops,24,E-02,StarCenter Multisport - Farmers Branch (Court 15),"Fri, Sep 12 2025",7:45 PM,Fall
E-07-Ms. Pac Man,22,E-02-Mortal Cumbat,25,E-06,StarCenter Multisport - Farmers Branch (Court 15),"Fri, Sep 12 2025",8:30 PM,Fall
E-07-Ms. Pac Man,20,E-02-Mortal Cumbat,25,E-06,StarCenter Multisport - Farmers Branch (Court 15),"Fri, Sep 12 2025",8:30 PM,Fall
E-04-Super Smash Hoes,25,E-03-Donkey Schlong,22,E-08,StarCenter Multisport - Farmers Branch (Court 14),"Fri, Sep 12 2025",9:15 PM,Fall
E-04-Super Smash Hoes,17,E-03-Donkey Schlong,23,E-08,StarCenter Multisport - Farmers Branch (Court 14),"Fri, Sep 12 2025",9:15 PM,Fall
E-05-Nintendo 69,25,E-01-Assassins Cream,23,E-09,StarCenter Multisport - Farmers Branch (Court 15),"Fri, Sep 12 2025",9:15 PM,Fall
E-05-Nintendo 69,19,E-01-Assassins Cream,25,E-09,StarCenter Multisport - Farmers Branch (Court 15),"Fri, Sep 12 2025",9:15 PM,Fall
E-08-Street Walkers,25,E-04-Super Smash Hoes,18,E-03,StarCenter Multisport - Farmers Branch (Court 14),"Fri, Sep 12 2025",10:00 PM,Fall
E-08-Street Walkers,17,E-04-Super Smash Hoes,22,E-03,StarCenter Multisport - Farmers Branch (Court 14),"Fri, Sep 12 2025",10:00 PM,Fall
E-09-Sonic The Edgedhogs,25,E-05-Nintendo 69,22,E-01,StarCenter Multisport - Farmers Branch (Court 15),"Fri, Sep 12 2025",10:00 PM,Fall
E-09-Sonic The Edgedhogs,25,E-05-Nintendo 69,15,E-01,StarCenter Multisport - Farmers Branch (Court 15),"Fri, Sep 12 2025",10:00 PM,Fall
E-08-Street Walkers,17,E-03-Donkey Schlong,25,E-04,StarCenter Multisport - Farmers Branch (Court 14),"Fri, Sep 12 2025",10:45 PM,Fall
E-08-Street Walkers,21,E-03-Donkey Schlong,25,E-04,StarCenter Multisport - Farmers Branch (Court 14),"Fri, Sep 12 2025",10:45 PM,Fall
E-09-Sonic The Edgedhogs,25,E-01-Assassins Cream,19,E-05,StarCenter Multisport - Farmers Branch (Court 15),"Fri, Sep 12 2025",10:45 PM,Fall
E-09-Sonic The Edgedhogs,25,E-01-Assassins Cream,21,E-05,StarCenter Multisport - Farmers Branch (Court 15),"Fri, Sep 12 2025",10:45 PM,Fall
E-06-Call of Booty: Block Ops,16,E-01-Assassins Cream,25,E-08,StarCenter Multisport - Farmers Branch (Court 14),"Fri, Sep 19 2025",7:00 PM,Fall
E-06-Call of Booty: Block Ops,15,E-01-Assassins Cream,25,E-08,StarCenter Multisport - Farmers Branch (Court 14),"Fri, Sep 19 2025",7:00 PM,Fall
E-04-Super Smash Hoes,15,E-02-Mortal Cumbat,25,E-09,StarCenter Multisport - Farmers Branch (Court 15),"Fri, Sep 19 2025",7:00 PM,Fall
E-04-Super Smash Hoes,22,E-02-Mortal Cumbat,21,E-09,StarCenter Multisport - Farmers Branch (Court 15),"Fri, Sep 19 2025",7:00 PM,Fall
E-08-Street Walkers,20,E-06-Call of Booty: Block Ops,25,E-01,StarCenter Multisport - Farmers Branch (Court 14),"Fri, Sep 19 2025",7:45 PM,Fall
E-08-Street Walkers,26,E-06-Call of Booty: Block Ops,24,E-01,StarCenter Multisport - Farmers Branch (Court 14),"Fri, Sep 19 2025",7:45 PM,Fall
E-09-Sonic The Edgedhogs,23,E-04-Super Smash Hoes,25,E-02,StarCenter Multisport - Farmers Branch (Court 15),"Fri, Sep 19 2025",7:45 PM,Fall
E-09-Sonic The Edgedhogs,25,E-04-Super Smash Hoes,21,E-02,StarCenter Multisport - Farmers Branch (Court 15),"Fri, Sep 19 2025",7:45 PM,Fall
E-08-Street Walkers,22,E-01-Assassins Cream,25,E-06,StarCenter Multisport - Farmers Branch (Court 14),"Fri, Sep 19 2025",8:30 PM,Fall
E-08-Street Walkers,22,E-01-Assassins Cream,25,E-06,StarCenter Multisport - Farmers Branch (Court 14),"Fri, Sep 19 2025",8:30 PM,Fall
E-09-Sonic The Edgedhogs,25,E-02-Mortal Cumbat,27,E-04,StarCenter Multisport - Farmers Branch (Court 15),"Fri, Sep 19 2025",8:30 PM,Fall
E-09-Sonic The Edgedhogs,18,E-02-Mortal Cumbat,24,E-04,StarCenter Multisport - Farmers Branch (Court 15),"Fri, Sep 19 2025",8:30 PM,Fall
E-05-Nintendo 69,19,E-03-Donkey Schlong,25,E-07,StarCenter Multisport - Farmers Branch (Court 15),"Fri, Sep 19 2025",9:15 PM,Fall
E-05-Nintendo 69,17,E-03-Donkey Schlong,19,E-07,StarCenter Multisport - Farmers Branch (Court 15),"Fri, Sep 19 2025",9:15 PM,Fall
E-07-Ms. Pac Man,20,E-05-Nintendo 69,25,E-03,StarCenter Multisport - Farmers Branch (Court 15),"Fri, Sep 19 2025",10:00 PM,Fall
E-07-Ms. Pac Man,25,E-05-Nintendo 69,15,E-03,StarCenter Multisport - Farmers Branch (Court 15),"Fri, Sep 19 2025",10:00 PM,Fall
E-07-Ms. Pac Man,25,E-03-Donkey Schlong,27,E-05,StarCenter Multisport - Farmers Branch (Court 15),"Fri, Sep 19 2025",10:45 PM,Fall
E-07-Ms. Pac Man,19,E-03-Donkey Schlong,15,E-05,StarCenter Multisport - Farmers Branch (Court 15),"Fri, Sep 19 2025",10:45 PM,Fall
E-08-Street Walkers,25,E-07-Ms. Pac Man,21,E-09,StarCenter Multisport - Farmers Branch (Court 15),"Fri, Sep 26 2025",7:00 PM,Fall
E-08-Street Walkers,20,E-07-Ms. Pac Man,23,E-09,StarCenter Multisport - Farmers Branch (Court 15),"Fri, Sep 26 2025",7:00 PM,Fall
E-09-Sonic The Edgedhogs,25,E-08-Street Walkers,13,E-07,StarCenter Multisport - Farmers Branch (Court 15),"Fri, Sep 26 2025",7:45 PM,Fall
E-09-Sonic The Edgedhogs,25,E-08-Street Walkers,17,E-07,StarCenter Multisport - Farmers Branch (Court 15),"Fri, Sep 26 2025",7:45 PM,Fall
E-09-Sonic The Edgedhogs,25,E-07-Ms. Pac Man,16,E-08,StarCenter Multisport - Farmers Branch (Court 15),"Fri, Sep 26 2025",8:30 PM,Fall
E-09-Sonic The Edgedhogs,25,E-07-Ms. Pac Man,19,E-08,StarCenter Multisport - Farmers Branch (Court 15),"Fri, Sep 26 2025",8:30 PM,Fall
E-02-Mortal Cumbat,26,E-01-Assassins Cream,27,E-03,StarCenter Multisport - Farmers Branch (Court 14),"Fri, Sep 26 2025",9:15 PM,Fall
E-02-Mortal Cumbat,15,E-01-Assassins Cream,23,E-03,StarCenter Multisport - Farmers Branch (Court 14),"Fri, Sep 26 2025",9:15 PM,Fall
E-05-Nintendo 69,25,E-04-Super Smash Hoes,19,E-06,StarCenter Multisport - Farmers Branch (Court 15),"Fri, Sep 26 2025",9:15 PM,Fall
E-05-Nintendo 69,25,E-04-Super Smash Hoes,22,E-06,StarCenter Multisport - Farmers Branch (Court 15),"Fri, Sep 26 2025",9:15 PM,Fall
E-03-Donkey Schlong,25,E-02-Mortal Cumbat,14,E-01,StarCenter Multisport - Farmers Branch (Court 14),"Fri, Sep 26 2025",10:00 PM,Fall
E-03-Donkey Schlong,27,E-02-Mortal Cumbat,29,E-01,StarCenter Multisport - Farmers Branch (Court 14),"Fri, Sep 26 2025",10:00 PM,Fall
E-06-Call of Booty: Block Ops,25,E-05-Nintendo 69,21,E-04,StarCenter Multisport - Farmers Branch (Court 15),"Fri, Sep 26 2025",10:00 PM,Fall
E-06-Call of Booty: Block Ops,22,E-05-Nintendo 69,23,E-04,StarCenter Multisport - Farmers Branch (Court 15),"Fri, Sep 26 2025",10:00 PM,Fall
E-03-Donkey Schlong,27,E-01-Assassins Cream,26,E-02,StarCenter Multisport - Farmers Branch (Court 14),"Fri, Sep 26 2025",10:45 PM,Fall
E-03-Donkey Schlong,18,E-01-Assassins Cream,22,E-02,StarCenter Multisport - Farmers Branch (Court 14),"Fri, Sep 26 2025",10:45 PM,Fall
E-06-Call of Booty: Block Ops,25,E-04-Super Smash Hoes,21,E-05,StarCenter Multisport - Farmers Branch (Court 15),"Fri, Sep 26 2025",10:45 PM,Fall
E-06-Call of Booty: Block Ops,25,E-04-Super Smash Hoes,20,E-05,StarCenter Multisport - Farmers Branch (Court 15),"Fri, Sep 26 2025",10:45 PM,Fall
E-05-Nintendo 69,25,E-02-Mortal Cumbat,17,E-08,StarCenter Multisport - Farmers Branch (Court 14),"Fri, Oct 10 2025",7:00 PM,Fall
E-05-Nintendo 69,25,E-02-Mortal Cumbat,23,E-08,StarCenter Multisport - Farmers Branch (Court 14),"Fri, Oct 10 2025",7:00 PM,Fall
E-04-Super Smash Hoes,14,E-01-Assassins Cream,25,E-07,StarCenter Multisport - Farmers Branch (Court 15),"Fri, Oct 10 2025",7:00 PM,Fall
E-04-Super Smash Hoes,25,E-01-Assassins Cream,16,E-07,StarCenter Multisport - Farmers Branch (Court 15),"Fri, Oct 10 2025",7:00 PM,Fall
E-08-Street Walkers,19,E-05-Nintendo 69,25,E-02,StarCenter Multisport - Farmers Branch (Court 14),"Fri, Oct 10 2025",7:45 PM,Fall
E-08-Street Walkers,19,E-05-Nintendo 69,25,E-02,StarCenter Multisport - Farmers Branch (Court 14),"Fri, Oct 10 2025",7:45 PM,Fall
E-07-Ms. Pac Man,25,E-04-Super Smash Hoes,13,E-01,StarCenter Multisport - Farmers Branch (Court 15),"Fri, Oct 10 2025",7:45 PM,Fall
E-07-Ms. Pac Man,20,E-04-Super Smash Hoes,25,E-01,StarCenter Multisport - Farmers Branch (Court 15),"Fri, Oct 10 2025",7:45 PM,Fall
E-08-Street Walkers,16,E-02-Mortal Cumbat,25,E-05,StarCenter Multisport - Farmers Branch (Court 14),"Fri, Oct 10 2025",8:30 PM,Fall
E-08-Street Walkers,25,E-02-Mortal Cumbat,17,E-05,StarCenter Multisport - Farmers Branch (Court 14),"Fri, Oct 10 2025",8:30 PM,Fall
E-07-Ms. Pac Man,20,E-01-Assassins Cream,25,E-04,StarCenter Multisport - Farmers Branch (Court 15),"Fri, Oct 10 2025",8:30 PM,Fall
E-07-Ms. Pac Man,25,E-01-Assassins Cream,23,E-04,StarCenter Multisport - Farmers Branch (Court 15),"Fri, Oct 10 2025",8:30 PM,Fall
E-06-Call of Booty: Block Ops,0,E-03-Donkey Schlong,0,E-09,StarCenter Multisport - Farmers Branch (Court 15),"Fri, Oct 10 2025",9:15 PM,Fall
E-06-Call of Booty: Block Ops,0,E-03-Donkey Schlong,0,E-09,StarCenter Multisport - Farmers Branch (Court 15),"Fri, Oct 10 2025",9:15 PM,Fall
E-09-Sonic The Edgedhogs,25,E-06-Call of Booty: Block Ops,0,E-03,StarCenter Multisport - Farmers Branch (Court 15),"Fri, Oct 10 2025",10:00 PM,Fall
E-09-Sonic The Edgedhogs,25,E-06-Call of Booty: Block Ops,0,E-03,StarCenter Multisport - Farmers Branch (Court 15),"Fri, Oct 10 2025",10:00 PM,Fall
E-09-Sonic The Edgedhogs,25,E-03-Donkey Schlong,0,E-06,StarCenter Multisport - Farmers Branch (Court 15),"Fri, Oct 10 2025",10:45 PM,Fall
E-09-Sonic The Edgedhogs,25,E-03-Donkey Schlong,0,E-06,StarCenter Multisport - Farmers Branch (Court 15),"Fri, Oct 10 2025",10:45 PM,Fall
E-04-Super Smash Hoes,21,E-03-Donkey Schlong,25,E-08,StarCenter Multisport - Farmers Branch (Court 15),"Fri, Oct 17 2025",7:00 PM,Fall
E-04-Super Smash Hoes,20,E-03-Donkey Schlong,11,E-08,StarCenter Multisport - Farmers Branch (Court 15),"Fri, Oct 17 2025",7:00 PM,Fall
E-08-Street Walkers,25,E-04-Super Smash Hoes,21,E-03,StarCenter Multisport - Farmers Branch (Court 15),"Fri, Oct 17 2025",7:45 PM,Fall
E-08-Street Walkers,15,E-04-Super Smash Hoes,24,E-03,StarCenter Multisport - Farmers Branch (Court 15),"Fri, Oct 17 2025",7:45 PM,Fall
E-08-Street Walkers,25,E-03-Donkey Schlong,16,E-04,StarCenter Multisport - Farmers Branch (Court 15),"Fri, Oct 17 2025",8:30 PM,Fall
E-08-Street Walkers,19,E-03-Donkey Schlong,25,E-04,StarCenter Multisport - Farmers Branch (Court 15),"Fri, Oct 17 2025",8:30 PM,Fall
E-05-Nintendo 69,18,E-01-Assassins Cream,25,E-09,StarCenter Multisport - Farmers Branch (Court 14),"Fri, Oct 17 2025",9:15 PM,Fall
E-05-Nintendo 69,25,E-01-Assassins Cream,22,E-09,StarCenter Multisport - Farmers Branch (Court 14),"Fri, Oct 17 2025",9:15 PM,Fall
E-06-Call of Booty: Block Ops,25,E-02-Mortal Cumbat,23,E-07,StarCenter Multisport - Farmers Branch (Court 15),"Fri, Oct 17 2025",9:15 PM,Fall
E-06-Call of Booty: Block Ops,19,E-02-Mortal Cumbat,25,E-07,StarCenter Multisport - Farmers Branch (Court 15),"Fri, Oct 17 2025",9:15 PM,Fall
E-09-Sonic The Edgedhogs,19,E-05-Nintendo 69,25,E-01,StarCenter Multisport - Farmers Branch (Court 14),"Fri, Oct 17 2025",10:00 PM,Fall
E-09-Sonic The Edgedhogs,24,E-05-Nintendo 69,26,E-01,StarCenter Multisport - Farmers Branch (Court 14),"Fri, Oct 17 2025",10:00 PM,Fall
E-07-Ms. Pac Man,23,E-06-Call of Booty: Block Ops,25,E-02,StarCenter Multisport - Farmers Branch (Court 15),"Fri, Oct 17 2025",10:00 PM,Fall
E-07-Ms. Pac Man,25,E-06-Call of Booty: Block Ops,20,E-02,StarCenter Multisport - Farmers Branch (Court 15),"Fri, Oct 17 2025",10:00 PM,Fall
E-09-Sonic The Edgedhogs,25,E-01-Assassins Cream,18,E-05,StarCenter Multisport - Farmers Branch (Court 14),"Fri, Oct 17 2025",10:45 PM,Fall
E-09-Sonic The Edgedhogs,19,E-01-Assassins Cream,25,E-05,StarCenter Multisport - Farmers Branch (Court 14),"Fri, Oct 17 2025",10:45 PM,Fall
E-07-Ms. Pac Man,22,E-02-Mortal Cumbat,25,E-06,StarCenter Multisport - Farmers Branch (Court 15),"Fri, Oct 17 2025",10:45 PM,Fall
E-07-Ms. Pac Man,22,E-02-Mortal Cumbat,23,E-06,StarCenter Multisport - Farmers Branch (Court 15),"Fri, Oct 17 2025",10:45 PM,Fall
E-05-Nintendo 69,19,E-03-Donkey Schlong,25,E-07,StarCenter Multisport - Farmers Branch (Court 14),"Fri, Oct 24 2025",7:00 PM,Fall
E-05-Nintendo 69,17,E-03-Donkey Schlong,20,E-07,StarCenter Multisport - Farmers Branch (Court 14),"Fri, Oct 24 2025",7:00 PM,Fall
E-06-Call of Booty: Block Ops,25,E-01-Assassins Cream,23,E-08,StarCenter Multisport - Farmers Branch (Court 15),"Fri, Oct 24 2025",7:00 PM,Fall
E-06-Call of Booty: Block Ops,25,E-01-Assassins Cream,21,E-08,StarCenter Multisport - Farmers Branch (Court 15),"Fri, Oct 24 2025",7:00 PM,Fall
E-07-Ms. Pac Man,25,E-05-Nintendo 69,18,E-03,StarCenter Multisport - Farmers Branch (Court 14),"Fri, Oct 24 2025",7:45 PM,Fall
E-07-Ms. Pac Man,22,E-05-Nintendo 69,23,E-03,StarCenter Multisport - Farmers Branch (Court 14),"Fri, Oct 24 2025",7:45 PM,Fall
E-08-Street Walkers,21,E-06-Call of Booty: Block Ops,25,E-01,StarCenter Multisport - Farmers Branch (Court 15),"Fri, Oct 24 2025",7:45 PM,Fall
E-08-Street Walkers,15,E-06-Call of Booty: Block Ops,25,E-01,StarCenter Multisport - Farmers Branch (Court 15),"Fri, Oct 24 2025",7:45 PM,Fall
E-07-Ms. Pac Man,25,E-03-Donkey Schlong,20,E-05,StarCenter Multisport - Farmers Branch (Court 14),"Fri, Oct 24 2025",8:30 PM,Fall
E-07-Ms. Pac Man,22,E-03-Donkey Schlong,25,E-05,StarCenter Multisport - Farmers Branch (Court 14),"Fri, Oct 24 2025",8:30 PM,Fall
E-08-Street Walkers,25,E-01-Assassins Cream,17,E-06,StarCenter Multisport - Farmers Branch (Court 15),"Fri, Oct 24 2025",8:30 PM,Fall
E-08-Street Walkers,25,E-01-Assassins Cream,20,E-06,StarCenter Multisport - Farmers Branch (Court 15),"Fri, Oct 24 2025",8:30 PM,Fall
E-04-Super Smash Hoes,25,E-02-Mortal Cumbat,15,E-09,StarCenter Multisport - Farmers Branch (Court 15),"Fri, Oct 24 2025",9:15 PM,Fall
E-04-Super Smash Hoes,22,E-02-Mortal Cumbat,21,E-09,StarCenter Multisport - Farmers Branch (Court 15),"Fri, Oct 24 2025",9:15 PM,Fall
E-09-Sonic The Edgedhogs,25,E-04-Super Smash Hoes,14,E-02,StarCenter Multisport - Farmers Branch (Court 15),"Fri, Oct 24 2025",10:00 PM,Fall
E-09-Sonic The Edgedhogs,25,E-04-Super Smash Hoes,20,E-02,StarCenter Multisport - Farmers Branch (Court 15),"Fri, Oct 24 2025",10:00 PM,Fall
E-09-Sonic The Edgedhogs,25,E-02-Mortal Cumbat,17,E-04,StarCenter Multisport - Farmers Branch (Court 15),"Fri, Oct 24 2025",10:45 PM,Fall
E-09-Sonic The Edgedhogs,25,E-02-Mortal Cumbat,19,E-04,StarCenter Multisport - Farmers Branch (Court 15),"Fri, Oct 24 2025",10:45 PM,Fall
E-02-Mortal Cumbat,15,E-01-Assassins Cream,25,E-03,StarCenter Multisport - Farmers Branch (Court 15),"Fri, Nov 7 2025",7:00 PM,Fall
E-02-Mortal Cumbat,20,E-01-Assassins Cream,25,E-03,StarCenter Multisport - Farmers Branch (Court 15),"Fri, Nov 7 2025",7:00 PM,Fall
E-03-Donkey Schlong,25,E-02-Mortal Cumbat,21,E-01,StarCenter Multisport - Farmers Branch (Court 15),"Fri, Nov 7 2025",7:45 PM,Fall
E-03-Donkey Schlong,25,E-02-Mortal Cumbat,22,E-01,StarCenter Multisport - Farmers Branch (Court 15),"Fri, Nov 7 2025",7:45 PM,Fall
E-03-Donkey Schlong,25,E-01-Assassins Cream,18,E-02,StarCenter Multisport - Farmers Branch (Court 15),"Fri, Nov 7 2025",8:30 PM,Fall
E-03-Donkey Schlong,17,E-01-Assassins Cream,25,E-02,StarCenter Multisport - Farmers Branch (Court 15),"Fri, Nov 7 2025",8:30 PM,Fall
E-05-Nintendo 69,25,E-04-Super Smash Hoes,23,E-06,StarCenter Multisport - Farmers Branch (Court 14),"Fri, Nov 7 2025",9:15 PM,Fall
E-05-Nintendo 69,22,E-04-Super Smash Hoes,21,E-06,StarCenter Multisport - Farmers Branch (Court 14),"Fri, Nov 7 2025",9:15 PM,Fall
E-08-Street Walkers,25,E-07-Ms. Pac Man,27,E-09,StarCenter Multisport - Farmers Branch (Court 15),"Fri, Nov 7 2025",9:15 PM,Fall
E-08-Street Walkers,22,E-07-Ms. Pac Man,18,E-09,StarCenter Multisport - Farmers Branch (Court 15),"Fri, Nov 7 2025",9:15 PM,Fall
E-06-Call of Booty: Block Ops,23,E-05-Nintendo 69,25,E-04,StarCenter Multisport - Farmers Branch (Court 14),"Fri, Nov 7 2025",10:00 PM,Fall
E-06-Call of Booty: Block Ops,19,E-05-Nintendo 69,17,E-04,StarCenter Multisport - Farmers Branch (Court 14),"Fri, Nov 7 2025",10:00 PM,Fall
E-09-Sonic The Edgedhogs,20,E-08-Street Walkers,25,E-07,StarCenter Multisport - Farmers Branch (Court 15),"Fri, Nov 7 2025",10:00 PM,Fall
E-09-Sonic The Edgedhogs,25,E-08-Street Walkers,13,E-07,StarCenter Multisport - Farmers Branch (Court 15),"Fri, Nov 7 2025",10:00 PM,Fall
E-06-Call of Booty: Block Ops,25,E-04-Super Smash Hoes,11,E-05,StarCenter Multisport - Farmers Branch (Court 14),"Fri, Nov 7 2025",10:45 PM,Fall
E-06-Call of Booty: Block Ops,25,E-04-Super Smash Hoes,18,E-05,StarCenter Multisport - Farmers Branch (Court 14),"Fri, Nov 7 2025",10:45 PM,Fall
E-09-Sonic The Edgedhogs,25,E-07-Ms. Pac Man,17,E-08,StarCenter Multisport - Farmers Branch (Court 15),"Fri, Nov 7 2025",10:45 PM,Fall
E-09-Sonic The Edgedhogs,25,E-07-Ms. Pac Man,22,E-08,StarCenter Multisport - Farmers Branch (Court 15),"Fri, Nov 7 2025",10:45 PM,Fall
E-06-Call of Booty: Block Ops,25,E-03-Donkey Schlong,22,E-09,StarCenter Multisport - Farmers Branch (Court 14),"Fri, Nov 14 2025",7:00 PM,Fall
E-06-Call of Booty: Block Ops,20,E-03-Donkey Schlong,23,E-09,StarCenter Multisport - Farmers Branch (Court 14),"Fri, Nov 14 2025",7:00 PM,Fall
E-05-Nintendo 69,0,E-02-Mortal Cumbat,25,E-08,StarCenter Multisport - Farmers Branch (Court 15),"Fri, Nov 14 2025",7:00 PM,Fall
E-05-Nintendo 69,0,E-02-Mortal Cumbat,25,E-08,StarCenter Multisport - Farmers Branch (Court 15),"Fri, Nov 14 2025",7:00 PM,Fall
E-09-Sonic The Edgedhogs,0,E-06-Call of Booty: Block Ops,25,E-03,StarCenter Multisport - Farmers Branch (Court 14),"Fri, Nov 14 2025",7:45 PM,Fall
E-09-Sonic The Edgedhogs,0,E-06-Call of Booty: Block Ops,25,E-03,StarCenter Multisport - Farmers Branch (Court 14),"Fri, Nov 14 2025",7:45 PM,Fall
E-08-Street Walkers,25,E-05-Nintendo 69,0,E-02,StarCenter Multisport - Farmers Branch (Court 15),"Fri, Nov 14 2025",7:45 PM,Fall
E-08-Street Walkers,25,E-05-Nintendo 69,0,E-02,StarCenter Multisport - Farmers Branch (Court 15),"Fri, Nov 14 2025",7:45 PM,Fall
E-09-Sonic The Edgedhogs,0,E-03-Donkey Schlong,25,E-06,StarCenter Multisport - Farmers Branch (Court 14),"Fri, Nov 14 2025",8:30 PM,Fall
E-09-Sonic The Edgedhogs,0,E-03-Donkey Schlong,25,E-06,StarCenter Multisport - Farmers Branch (Court 14),"Fri, Nov 14 2025",8:30 PM,Fall
E-08-Street Walkers,24,E-02-Mortal Cumbat,26,E-05,StarCenter Multisport - Farmers Branch (Court 15),"Fri, Nov 14 2025",8:30 PM,Fall
E-08-Street Walkers,21,E-02-Mortal Cumbat,19,E-05,StarCenter Multisport - Farmers Branch (Court 15),"Fri, Nov 14 2025",8:30 PM,Fall
E-04-Super Smash Hoes,25,E-01-Assassins Cream,0,E-07,StarCenter Multisport - Farmers Branch (Court 15),"Fri, Nov 14 2025",9:15 PM,Fall
E-04-Super Smash Hoes,25,E-01-Assassins Cream,0,E-07,StarCenter Multisport - Farmers Branch (Court 15),"Fri, Nov 14 2025",9:15 PM,Fall
E-07-Ms. Pac Man,17,E-04-Super Smash Hoes,25,E-01,StarCenter Multisport - Farmers Branch (Court 15),"Fri, Nov 14 2025",10:00 PM,Fall
E-07-Ms. Pac Man,25,E-04-Super Smash Hoes,19,E-01,StarCenter Multisport - Farmers Branch (Court 15),"Fri, Nov 14 2025",10:00 PM,Fall
E-07-Ms. Pac Man,25,E-01-Assassins Cream,0,E-04,StarCenter Multisport - Farmers Branch (Court 15),"Fri, Nov 14 2025",10:45 PM,Fall
E-07-Ms. Pac Man,25,E-01-Assassins Cream,0,E-04,StarCenter Multisport - Farmers Branch (Court 15),"Fri, Nov 14 2025",10:45 PM,Fall
E-05-Nintendo 69,L,E-01-Assassins Cream,W,E-09,StarCenter Multisport - Farmers Branch (Court 15),"Fri, Nov 21 2025",7:00 PM,Fall
E-05-Nintendo 69,L,E-01-Assassins Cream,W,E-09,StarCenter Multisport - Farmers Branch (Court 15),"Fri, Nov 21 2025",7:00 PM,Fall
E-09-Sonic The Edgedhogs,0,E-05-Nintendo 69,0,E-01,StarCenter Multisport - Farmers Branch (Court 15),"Fri, Nov 21 2025",7:45 PM,Fall
E-09-Sonic The Edgedhogs,0,E-05-Nintendo 69,0,E-01,StarCenter Multisport - Farmers Branch (Court 15),"Fri, Nov 21 2025",7:45 PM,Fall
E-09-Sonic The Edgedhogs,L,E-01-Assassins Cream,W,E-05,StarCenter Multisport - Farmers Branch (Court 15),"Fri, Nov 21 2025",8:30 PM,Fall
E-09-Sonic The Edgedhogs,L,E-01-Assassins Cream,W,E-05,StarCenter Multisport - Farmers Branch (Court 15),"Fri, Nov 21 2025",8:30 PM,Fall
E-06-Call of Booty: Block Ops,0,E-02-Mortal Cumbat,0,E-07,StarCenter Multisport - Farmers Branch (Court 14),"Fri, Nov 21 2025",9:15 PM,Fall
E-06-Call of Booty: Block Ops,0,E-02-Mortal Cumbat,0,E-07,StarCenter Multisport - Farmers Branch (Court 14),"Fri, Nov 21 2025",9:15 PM,Fall
E-04-Super Smash Hoes,W,E-03-Donkey Schlong,L,E-08,StarCenter Multisport - Farmers Branch (Court 15),"Fri, Nov 21 2025",9:15 PM,Fall
E-04-Super Smash Hoes,W,E-03-Donkey Schlong,L,E-08,StarCenter Multisport - Farmers Branch (Court 15),"Fri, Nov 21 2025",9:15 PM,Fall
E-07-Ms. Pac Man,0,E-06-Call of Booty: Block Ops,0,E-02,StarCenter Multisport - Farmers Branch (Court 14),"Fri, Nov 21 2025",10:00 PM,Fall
E-07-Ms. Pac Man,0,E-06-Call of Booty: Block Ops,0,E-02,StarCenter Multisport - Farmers Branch (Court 14),"Fri, Nov 21 2025",10:00 PM,Fall
E-08-Street Walkers,24,E-04-Super Smash Hoes,26,E-03,StarCenter Multisport - Farmers Branch (Court 15),"Fri, Nov 21 2025",10:00 PM,Fall
E-08-Street Walkers,22,E-04-Super Smash Hoes,25,E-03,StarCenter Multisport - Farmers Branch (Court 15),"Fri, Nov 21 2025",10:00 PM,Fall
E-07-Ms. Pac Man,0,E-02-Mortal Cumbat,0,E-06,StarCenter Multisport - Farmers Branch (Court 14),"Fri, Nov 21 2025",10:45 PM,Fall
E-07-Ms. Pac Man,0,E-02-Mortal Cumbat,0,E-06,StarCenter Multisport - Farmers Branch (Court 14),"Fri, Nov 21 2025",10:45 PM,Fall
E-08-Street Walkers,W,E-03-Donkey Schlong,L,E-04,StarCenter Multisport - Farmers Branch (Court 15),"Fri, Nov 21 2025",10:45 PM,Fall
E-08-Street Walkers,W,E-03-Donkey Schlong,L,E-04,StarCenter Multisport - Farmers Branch (Court 15),"Fri, Nov 21 2025",10:45 PM,Fall
I-08 Fudge Force,26,I-01 Sugar Spikers,24,I-12,StarCenter Multisport - Farmers Branch (Court 2),"Fri, Aug 22 2025",7:00 PM,Fall
I-08 Fudge Force,25,I-01 Sugar Spikers,13,I-12,StarCenter Multisport - Farmers Branch (Court 2),"Fri, Aug 22 2025",7:00 PM,Fall
I-04 Pelon PelonetAss,25,I-02 Spike Tarts,17,I-09,StarCenter Multisport - Farmers Branch (Court 3),"Fri, Aug 22 2025",7:00 PM,Fall
I-04 Pelon PelonetAss,25,I-02 Spike Tarts,20,I-09,StarCenter Multisport - Farmers Branch (Court 3),"Fri, Aug 22 2025",7:00 PM,Fall
I-12 Gummy Humpers,15,I-08 Fudge Force,25,I-01,StarCenter Multisport - Farmers Branch (Court 2),"Fri, Aug 22 2025",7:45 PM,Fall
I-12 Gummy Humpers,10,I-08 Fudge Force,25,I-01,StarCenter Multisport - Farmers Branch (Court 2),"Fri, Aug 22 2025",7:45 PM,Fall
I-09 Sour Pass Kids,15,I-04 Pelon PelonetAss,25,I-02,StarCenter Multisport - Farmers Branch (Court 3),"Fri, Aug 22 2025",7:45 PM,Fall
I-09 Sour Pass Kids,22,I-04 Pelon PelonetAss,20,I-02,StarCenter Multisport - Farmers Branch (Court 3),"Fri, Aug 22 2025",7:45 PM,Fall
I-12 Gummy Humpers,15,I-01 Sugar Spikers,25,I-08,StarCenter Multisport - Farmers Branch (Court 2),"Fri, Aug 22 2025",8:30 PM,Fall
I-12 Gummy Humpers,17,I-01 Sugar Spikers,25,I-08,StarCenter Multisport - Farmers Branch (Court 2),"Fri, Aug 22 2025",8:30 PM,Fall
I-09 Sour Pass Kids,25,I-02 Spike Tarts,20,I-04,StarCenter Multisport - Farmers Branch (Court 3),"Fri, Aug 22 2025",8:30 PM,Fall
I-09 Sour Pass Kids,25,I-02 Spike Tarts,18,I-04,StarCenter Multisport - Farmers Branch (Court 3),"Fri, Aug 22 2025",8:30 PM,Fall
I-07 Sour Patch Aces,25,I-03 Volleypops,15,I-11,StarCenter Multisport - Farmers Branch (Court 2),"Fri, Aug 22 2025",9:15 PM,Fall
I-07 Sour Patch Aces,25,I-03 Volleypops,22,I-11,StarCenter Multisport - Farmers Branch (Court 2),"Fri, Aug 22 2025",9:15 PM,Fall
I-06 Candy Crushers,4,I-05 Sugar Rush,25,I-10,StarCenter Multisport - Farmers Branch (Court 3),"Fri, Aug 22 2025",9:15 PM,Fall
I-06 Candy Crushers,10,I-05 Sugar Rush,25,I-10,StarCenter Multisport - Farmers Branch (Court 3),"Fri, Aug 22 2025",9:15 PM,Fall
I-11 Gummy Bear Spikers,25,I-07 Sour Patch Aces,22,I-03,StarCenter Multisport - Farmers Branch (Court 2),"Fri, Aug 22 2025",10:00 PM,Fall
I-11 Gummy Bear Spikers,14,I-07 Sour Patch Aces,25,I-03,StarCenter Multisport - Farmers Branch (Court 2),"Fri, Aug 22 2025",10:00 PM,Fall
I-10 Volley Ranchers,9,I-06 Candy Crushers,25,I-05,StarCenter Multisport - Farmers Branch (Court 3),"Fri, Aug 22 2025",10:00 PM,Fall
I-10 Volley Ranchers,20,I-06 Candy Crushers,25,I-05,StarCenter Multisport - Farmers Branch (Court 3),"Fri, Aug 22 2025",10:00 PM,Fall
I-11 Gummy Bear Spikers,19,I-03 Volleypops,25,I-07,StarCenter Multisport - Farmers Branch (Court 2),"Fri, Aug 22 2025",10:45 PM,Fall
I-11 Gummy Bear Spikers,16,I-03 Volleypops,24,I-07,StarCenter Multisport - Farmers Branch (Court 2),"Fri, Aug 22 2025",10:45 PM,Fall
I-10 Volley Ranchers,10,I-05 Sugar Rush,25,I-06,StarCenter Multisport - Farmers Branch (Court 3),"Fri, Aug 22 2025",10:45 PM,Fall
I-10 Volley Ranchers,21,I-05 Sugar Rush,25,I-06,StarCenter Multisport - Farmers Branch (Court 3),"Fri, Aug 22 2025",10:45 PM,Fall
I-03 Volleypops,25,I-02 Spike Tarts,15,I-05,StarCenter Multisport - Farmers Branch (Court 2),"Fri, Sep 5 2025",7:00 PM,Fall
I-03 Volleypops,25,I-02 Spike Tarts,18,I-05,StarCenter Multisport - Farmers Branch (Court 2),"Fri, Sep 5 2025",7:00 PM,Fall
I-10 Volley Ranchers,19,I-08 Fudge Force,25,I-11,StarCenter Multisport - Farmers Branch (Court 3),"Fri, Sep 5 2025",7:00 PM,Fall
I-10 Volley Ranchers,12,I-08 Fudge Force,24,I-11,StarCenter Multisport - Farmers Branch (Court 3),"Fri, Sep 5 2025",7:00 PM,Fall
I-05 Sugar Rush,25,I-03 Volleypops,22,I-02,StarCenter Multisport - Farmers Branch (Court 2),"Fri, Sep 5 2025",7:45 PM,Fall
I-05 Sugar Rush,15,I-03 Volleypops,17,I-02,StarCenter Multisport - Farmers Branch (Court 2),"Fri, Sep 5 2025",7:45 PM,Fall
I-11 Gummy Bear Spikers,25,I-10 Volley Ranchers,21,I-08,StarCenter Multisport - Farmers Branch (Court 3),"Fri, Sep 5 2025",7:45 PM,Fall
I-11 Gummy Bear Spikers,18,I-10 Volley Ranchers,18,I-08,StarCenter Multisport - Farmers Branch (Court 3),"Fri, Sep 5 2025",7:45 PM,Fall
I-05 Sugar Rush,25,I-02 Spike Tarts,15,I-03,StarCenter Multisport - Farmers Branch (Court 2),"Fri, Sep 5 2025",8:30 PM,Fall
I-05 Sugar Rush,25,I-02 Spike Tarts,9,I-03,StarCenter Multisport - Farmers Branch (Court 2),"Fri, Sep 5 2025",8:30 PM,Fall
I-11 Gummy Bear Spikers,17,I-08 Fudge Force,25,I-10,StarCenter Multisport - Farmers Branch (Court 3),"Fri, Sep 5 2025",8:30 PM,Fall
I-11 Gummy Bear Spikers,21,I-08 Fudge Force,18,I-10,StarCenter Multisport - Farmers Branch (Court 3),"Fri, Sep 5 2025",8:30 PM,Fall
I-04 Pelon PelonetAss,15,I-01 Sugar Spikers,25,I-06,StarCenter Multisport - Farmers Branch (Court 2),"Fri, Sep 5 2025",9:15 PM,Fall
I-04 Pelon PelonetAss,15,I-01 Sugar Spikers,25,I-06,StarCenter Multisport - Farmers Branch (Court 2),"Fri, Sep 5 2025",9:15 PM,Fall
I-09 Sour Pass Kids,25,I-07 Sour Patch Aces,23,I-12,StarCenter Multisport - Farmers Branch (Court 3),"Fri, Sep 5 2025",9:15 PM,Fall
I-09 Sour Pass Kids,19,I-07 Sour Patch Aces,16,I-12,StarCenter Multisport - Farmers Branch (Court 3),"Fri, Sep 5 2025",9:15 PM,Fall
I-06 Candy Crushers,20,I-04 Pelon PelonetAss,25,I-01,StarCenter Multisport - Farmers Branch (Court 2),"Fri, Sep 5 2025",10:00 PM,Fall
I-06 Candy Crushers,22,I-04 Pelon PelonetAss,23,I-01,StarCenter Multisport - Farmers Branch (Court 2),"Fri, Sep 5 2025",10:00 PM,Fall
I-12 Gummy Humpers,25,I-09 Sour Pass Kids,22,I-07,StarCenter Multisport - Farmers Branch (Court 3),"Fri, Sep 5 2025",10:00 PM,Fall
I-12 Gummy Humpers,11,I-09 Sour Pass Kids,23,I-07,StarCenter Multisport - Farmers Branch (Court 3),"Fri, Sep 5 2025",10:00 PM,Fall
I-06 Candy Crushers,25,I-01 Sugar Spikers,15,I-04,StarCenter Multisport - Farmers Branch (Court 2),"Fri, Sep 5 2025",10:45 PM,Fall
I-06 Candy Crushers,25,I-01 Sugar Spikers,20,I-04,StarCenter Multisport - Farmers Branch (Court 2),"Fri, Sep 5 2025",10:45 PM,Fall
I-12 Gummy Humpers,23,I-07 Sour Patch Aces,25,I-09,StarCenter Multisport - Farmers Branch (Court 3),"Fri, Sep 5 2025",10:45 PM,Fall
I-12 Gummy Humpers,25,I-07 Sour Patch Aces,21,I-09,StarCenter Multisport - Farmers Branch (Court 3),"Fri, Sep 5 2025",10:45 PM,Fall
I-09 Sour Pass Kids,20,I-01 Sugar Spikers,25,I-11,StarCenter Multisport - Farmers Branch (Court 2),"Fri, Sep 12 2025",7:00 PM,Fall
I-09 Sour Pass Kids,24,I-01 Sugar Spikers,16,I-11,StarCenter Multisport - Farmers Branch (Court 2),"Fri, Sep 12 2025",7:00 PM,Fall
I-06 Candy Crushers,25,I-05 Sugar Rush,27,I-12,StarCenter Multisport - Farmers Branch (Court 3),"Fri, Sep 12 2025",7:00 PM,Fall
I-06 Candy Crushers,16,I-05 Sugar Rush,16,I-12,StarCenter Multisport - Farmers Branch (Court 3),"Fri, Sep 12 2025",7:00 PM,Fall
I-11 Gummy Bear Spikers,12,I-09 Sour Pass Kids,25,I-01,StarCenter Multisport - Farmers Branch (Court 2),"Fri, Sep 12 2025",7:45 PM,Fall
I-11 Gummy Bear Spikers,16,I-09 Sour Pass Kids,23,I-01,StarCenter Multisport - Farmers Branch (Court 2),"Fri, Sep 12 2025",7:45 PM,Fall
I-12 Gummy Humpers,24,I-06 Candy Crushers,26,I-05,StarCenter Multisport - Farmers Branch (Court 3),"Fri, Sep 12 2025",7:45 PM,Fall
I-12 Gummy Humpers,19,I-06 Candy Crushers,13,I-05,StarCenter Multisport - Farmers Branch (Court 3),"Fri, Sep 12 2025",7:45 PM,Fall
I-11 Gummy Bear Spikers,24,I-01 Sugar Spikers,26,I-09,StarCenter Multisport - Farmers Branch (Court 2),"Fri, Sep 12 2025",8:30 PM,Fall
I-11 Gummy Bear Spikers,13,I-01 Sugar Spikers,25,I-09,StarCenter Multisport - Farmers Branch (Court 2),"Fri, Sep 12 2025",8:30 PM,Fall
I-12 Gummy Humpers,12,I-05 Sugar Rush,25,I-06,StarCenter Multisport - Farmers Branch (Court 3),"Fri, Sep 12 2025",8:30 PM,Fall
I-12 Gummy Humpers,22,I-05 Sugar Rush,25,I-06,StarCenter Multisport - Farmers Branch (Court 3),"Fri, Sep 12 2025",8:30 PM,Fall
I-07 Sour Patch Aces,22,I-02 Spike Tarts,25,I-10,StarCenter Multisport - Farmers Branch (Court 2),"Fri, Sep 12 2025",9:15 PM,Fall
I-07 Sour Patch Aces,25,I-02 Spike Tarts,13,I-10,StarCenter Multisport - Farmers Branch (Court 2),"Fri, Sep 12 2025",9:15 PM,Fall
I-04 Pelon PelonetAss,25,I-03 Volleypops,23,I-08,StarCenter Multisport - Farmers Branch (Court 3),"Fri, Sep 12 2025",9:15 PM,Fall
I-04 Pelon PelonetAss,23,I-03 Volleypops,10,I-08,StarCenter Multisport - Farmers Branch (Court 3),"Fri, Sep 12 2025",9:15 PM,Fall
I-10 Volley Ranchers,23,I-07 Sour Patch Aces,25,I-02,StarCenter Multisport - Farmers Branch (Court 2),"Fri, Sep 12 2025",10:00 PM,Fall
I-10 Volley Ranchers,25,I-07 Sour Patch Aces,10,I-02,StarCenter Multisport - Farmers Branch (Court 2),"Fri, Sep 12 2025",10:00 PM,Fall
I-08 Fudge Force,23,I-04 Pelon PelonetAss,25,I-03,StarCenter Multisport - Farmers Branch (Court 3),"Fri, Sep 12 2025",10:00 PM,Fall
I-08 Fudge Force,17,I-04 Pelon PelonetAss,23,I-03,StarCenter Multisport - Farmers Branch (Court 3),"Fri, Sep 12 2025",10:00 PM,Fall
I-10 Volley Ranchers,25,I-02 Spike Tarts,22,I-07,StarCenter Multisport - Farmers Branch (Court 2),"Fri, Sep 12 2025",10:45 PM,Fall
I-10 Volley Ranchers,23,I-02 Spike Tarts,22,I-07,StarCenter Multisport - Farmers Branch (Court 2),"Fri, Sep 12 2025",10:45 PM,Fall
I-08 Fudge Force,25,I-03 Volleypops,23,I-04,StarCenter Multisport - Farmers Branch (Court 3),"Fri, Sep 12 2025",10:45 PM,Fall
I-08 Fudge Force,24,I-03 Volleypops,17,I-04,StarCenter Multisport - Farmers Branch (Court 3),"Fri, Sep 12 2025",10:45 PM,Fall
I-05 Sugar Rush,25,I-01 Sugar Spikers,18,I-07,StarCenter Multisport - Farmers Branch (Court 2),"Fri, Sep 19 2025",7:00 PM,Fall
I-05 Sugar Rush,25,I-01 Sugar Spikers,20,I-07,StarCenter Multisport - Farmers Branch (Court 2),"Fri, Sep 19 2025",7:00 PM,Fall
I-09 Sour Pass Kids,23,I-03 Volleypops,23,I-10,StarCenter Multisport - Farmers Branch (Court 3),"Fri, Sep 19 2025",7:00 PM,Fall
I-09 Sour Pass Kids,25,I-03 Volleypops,21,I-10,StarCenter Multisport - Farmers Branch (Court 3),"Fri, Sep 19 2025",7:00 PM,Fall
I-07 Sour Patch Aces,18,I-05 Sugar Rush,25,I-01,StarCenter Multisport - Farmers Branch (Court 2),"Fri, Sep 19 2025",7:45 PM,Fall
I-07 Sour Patch Aces,9,I-05 Sugar Rush,25,I-01,StarCenter Multisport - Farmers Branch (Court 2),"Fri, Sep 19 2025",7:45 PM,Fall
I-10 Volley Ranchers,14,I-09 Sour Pass Kids,25,I-03,StarCenter Multisport - Farmers Branch (Court 3),"Fri, Sep 19 2025",7:45 PM,Fall
I-10 Volley Ranchers,15,I-09 Sour Pass Kids,25,I-03,StarCenter Multisport - Farmers Branch (Court 3),"Fri, Sep 19 2025",7:45 PM,Fall
I-07 Sour Patch Aces,16,I-01 Sugar Spikers,25,I-05,StarCenter Multisport - Farmers Branch (Court 2),"Fri, Sep 19 2025",8:30 PM,Fall
I-07 Sour Patch Aces,25,I-01 Sugar Spikers,22,I-05,StarCenter Multisport - Farmers Branch (Court 2),"Fri, Sep 19 2025",8:30 PM,Fall
I-10 Volley Ranchers,8,I-03 Volleypops,25,I-09,StarCenter Multisport - Farmers Branch (Court 3),"Fri, Sep 19 2025",8:30 PM,Fall
I-10 Volley Ranchers,20,I-03 Volleypops,25,I-09,StarCenter Multisport - Farmers Branch (Court 3),"Fri, Sep 19 2025",8:30 PM,Fall
I-06 Candy Crushers,25,I-02 Spike Tarts,22,I-08,StarCenter Multisport - Farmers Branch (Court 2),"Fri, Sep 19 2025",9:15 PM,Fall
I-06 Candy Crushers,25,I-02 Spike Tarts,7,I-08,StarCenter Multisport - Farmers Branch (Court 2),"Fri, Sep 19 2025",9:15 PM,Fall
I-11 Gummy Bear Spikers,17,I-04 Pelon PelonetAss,25,I-12,StarCenter Multisport - Farmers Branch (Court 3),"Fri, Sep 19 2025",9:15 PM,Fall
I-11 Gummy Bear Spikers,13,I-04 Pelon PelonetAss,25,I-12,StarCenter Multisport - Farmers Branch (Court 3),"Fri, Sep 19 2025",9:15 PM,Fall
I-08 Fudge Force,25,I-06 Candy Crushers,21,I-02,StarCenter Multisport - Farmers Branch (Court 2),"Fri, Sep 19 2025",10:00 PM,Fall
I-08 Fudge Force,25,I-06 Candy Crushers,21,I-02,StarCenter Multisport - Farmers Branch (Court 2),"Fri, Sep 19 2025",10:00 PM,Fall
I-12 Gummy Humpers,25,I-11 Gummy Bear Spikers,20,I-04,StarCenter Multisport - Farmers Branch (Court 3),"Fri, Sep 19 2025",10:00 PM,Fall
I-12 Gummy Humpers,23,I-11 Gummy Bear Spikers,25,I-04,StarCenter Multisport - Farmers Branch (Court 3),"Fri, Sep 19 2025",10:00 PM,Fall
I-08 Fudge Force,25,I-02 Spike Tarts,11,I-06,StarCenter Multisport - Farmers Branch (Court 2),"Fri, Sep 19 2025",10:45 PM,Fall
I-08 Fudge Force,25,I-02 Spike Tarts,11,I-06,StarCenter Multisport - Farmers Branch (Court 2),"Fri, Sep 19 2025",10:45 PM,Fall
I-12 Gummy Humpers,19,I-04 Pelon PelonetAss,25,I-11,StarCenter Multisport - Farmers Branch (Court 3),"Fri, Sep 19 2025",10:45 PM,Fall
I-12 Gummy Humpers,18,I-04 Pelon PelonetAss,25,I-11,StarCenter Multisport - Farmers Branch (Court 3),"Fri, Sep 19 2025",10:45 PM,Fall
I-06 Candy Crushers,25,I-03 Volleypops,19,I-12,StarCenter Multisport - Farmers Branch (Court 2),"Fri, Sep 26 2025",7:00 PM,Fall
I-06 Candy Crushers,25,I-03 Volleypops,14,I-12,StarCenter Multisport - Farmers Branch (Court 2),"Fri, Sep 26 2025",7:00 PM,Fall
I-05 Sugar Rush,27,I-04 Pelon PelonetAss,25,I-10,StarCenter Multisport - Farmers Branch (Court 3),"Fri, Sep 26 2025",7:00 PM,Fall
I-05 Sugar Rush,25,I-04 Pelon PelonetAss,8,I-10,StarCenter Multisport - Farmers Branch (Court 3),"Fri, Sep 26 2025",7:00 PM,Fall
I-12 Gummy Humpers,27,I-06 Candy Crushers,26,I-03,StarCenter Multisport - Farmers Branch (Court 2),"Fri, Sep 26 2025",7:45 PM,Fall
I-12 Gummy Humpers,15,I-06 Candy Crushers,25,I-03,StarCenter Multisport - Farmers Branch (Court 2),"Fri, Sep 26 2025",7:45 PM,Fall
I-10 Volley Ranchers,21,I-05 Sugar Rush,25,I-04,StarCenter Multisport - Farmers Branch (Court 3),"Fri, Sep 26 2025",7:45 PM,Fall
I-10 Volley Ranchers,20,I-05 Sugar Rush,25,I-04,StarCenter Multisport - Farmers Branch (Court 3),"Fri, Sep 26 2025",7:45 PM,Fall
I-12 Gummy Humpers,25,I-03 Volleypops,15,I-06,StarCenter Multisport - Farmers Branch (Court 2),"Fri, Sep 26 2025",8:30 PM,Fall
I-12 Gummy Humpers,15,I-03 Volleypops,25,I-06,StarCenter Multisport - Farmers Branch (Court 2),"Fri, Sep 26 2025",8:30 PM,Fall
I-10 Volley Ranchers,22,I-04 Pelon PelonetAss,25,I-05,StarCenter Multisport - Farmers Branch (Court 3),"Fri, Sep 26 2025",8:30 PM,Fall
I-10 Volley Ranchers,13,I-04 Pelon PelonetAss,25,I-05,StarCenter Multisport - Farmers Branch (Court 3),"Fri, Sep 26 2025",8:30 PM,Fall
I-02 Spike Tarts,14,I-01 Sugar Spikers,25,I-11,StarCenter Multisport - Farmers Branch (Court 2),"Fri, Sep 26 2025",9:15 PM,Fall
I-02 Spike Tarts,11,I-01 Sugar Spikers,25,I-11,StarCenter Multisport - Farmers Branch (Court 2),"Fri, Sep 26 2025",9:15 PM,Fall
I-08 Fudge Force,25,I-07 Sour Patch Aces,15,I-09,StarCenter Multisport - Farmers Branch (Court 3),"Fri, Sep 26 2025",9:15 PM,Fall
I-08 Fudge Force,25,I-07 Sour Patch Aces,14,I-09,StarCenter Multisport - Farmers Branch (Court 3),"Fri, Sep 26 2025",9:15 PM,Fall
I-11 Gummy Bear Spikers,22,I-02 Spike Tarts,25,I-01,StarCenter Multisport - Farmers Branch (Court 2),"Fri, Sep 26 2025",10:00 PM,Fall
I-11 Gummy Bear Spikers,25,I-02 Spike Tarts,15,I-01,StarCenter Multisport - Farmers Branch (Court 2),"Fri, Sep 26 2025",10:00 PM,Fall
I-09 Sour Pass Kids,11,I-08 Fudge Force,25,I-07,StarCenter Multisport - Farmers Branch (Court 3),"Fri, Sep 26 2025",10:00 PM,Fall
I-09 Sour Pass Kids,17,I-08 Fudge Force,25,I-07,StarCenter Multisport - Farmers Branch (Court 3),"Fri, Sep 26 2025",10:00 PM,Fall
I-11 Gummy Bear Spikers,21,I-01 Sugar Spikers,25,I-02,StarCenter Multisport - Farmers Branch (Court 2),"Fri, Sep 26 2025",10:45 PM,Fall
I-11 Gummy Bear Spikers,22,I-01 Sugar Spikers,22,I-02,StarCenter Multisport - Farmers Branch (Court 2),"Fri, Sep 26 2025",10:45 PM,Fall
I-09 Sour Pass Kids,25,I-07 Sour Patch Aces,12,I-08,StarCenter Multisport - Farmers Branch (Court 3),"Fri, Sep 26 2025",10:45 PM,Fall
I-09 Sour Pass Kids,25,I-07 Sour Patch Aces,20,I-08,StarCenter Multisport - Farmers Branch (Court 3),"Fri, Sep 26 2025",10:45 PM,Fall
I-04 Pelon PelonetAss,19,I-03 Volleypops,25,I-07,StarCenter Multisport - Farmers Branch (Court 2),"Fri, Oct 10 2025",7:00 PM,Fall
I-04 Pelon PelonetAss,19,I-03 Volleypops,13,I-07,StarCenter Multisport - Farmers Branch (Court 2),"Fri, Oct 10 2025",7:00 PM,Fall
I-08 Fudge Force,25,I-06 Candy Crushers,10,I-11,StarCenter Multisport - Farmers Branch (Court 3),"Fri, Oct 10 2025",7:00 PM,Fall
I-08 Fudge Force,25,I-06 Candy Crushers,14,I-11,StarCenter Multisport - Farmers Branch (Court 3),"Fri, Oct 10 2025",7:00 PM,Fall
I-07 Sour Patch Aces,26,I-04 Pelon PelonetAss,24,I-03,StarCenter Multisport - Farmers Branch (Court 2),"Fri, Oct 10 2025",7:45 PM,Fall
I-07 Sour Patch Aces,16,I-04 Pelon PelonetAss,25,I-03,StarCenter Multisport - Farmers Branch (Court 2),"Fri, Oct 10 2025",7:45 PM,Fall
I-11 Gummy Bear Spikers,18,I-08 Fudge Force,25,I-06,StarCenter Multisport - Farmers Branch (Court 3),"Fri, Oct 10 2025",7:45 PM,Fall
I-11 Gummy Bear Spikers,9,I-08 Fudge Force,25,I-06,StarCenter Multisport - Farmers Branch (Court 3),"Fri, Oct 10 2025",7:45 PM,Fall
I-07 Sour Patch Aces,26,I-03 Volleypops,27,I-04,StarCenter Multisport - Farmers Branch (Court 2),"Fri, Oct 10 2025",8:30 PM,Fall
I-07 Sour Patch Aces,15,I-03 Volleypops,24,I-04,StarCenter Multisport - Farmers Branch (Court 2),"Fri, Oct 10 2025",8:30 PM,Fall
I-11 Gummy Bear Spikers,25,I-06 Candy Crushers,16,I-08,StarCenter Multisport - Farmers Branch (Court 3),"Fri, Oct 10 2025",8:30 PM,Fall
I-11 Gummy Bear Spikers,25,I-06 Candy Crushers,18,I-08,StarCenter Multisport - Farmers Branch (Court 3),"Fri, Oct 10 2025",8:30 PM,Fall
I-10 Volley Ranchers,17,I-01 Sugar Spikers,25,I-12,StarCenter Multisport - Farmers Branch (Court 2),"Fri, Oct 10 2025",9:15 PM,Fall
I-10 Volley Ranchers,19,I-01 Sugar Spikers,25,I-12,StarCenter Multisport - Farmers Branch (Court 2),"Fri, Oct 10 2025",9:15 PM,Fall
I-05 Sugar Rush,23,I-02 Spike Tarts,25,I-09,StarCenter Multisport - Farmers Branch (Court 3),"Fri, Oct 10 2025",9:15 PM,Fall
I-05 Sugar Rush,25,I-02 Spike Tarts,16,I-09,StarCenter Multisport - Farmers Branch (Court 3),"Fri, Oct 10 2025",9:15 PM,Fall
I-12 Gummy Humpers,25,I-10 Volley Ranchers,14,I-01,StarCenter Multisport - Farmers Branch (Court 2),"Fri, Oct 10 2025",10:00 PM,Fall
I-12 Gummy Humpers,25,I-10 Volley Ranchers,19,I-01,StarCenter Multisport - Farmers Branch (Court 2),"Fri, Oct 10 2025",10:00 PM,Fall
I-09 Sour Pass Kids,19,I-05 Sugar Rush,25,I-02,StarCenter Multisport - Farmers Branch (Court 3),"Fri, Oct 10 2025",10:00 PM,Fall
I-09 Sour Pass Kids,16,I-05 Sugar Rush,25,I-02,StarCenter Multisport - Farmers Branch (Court 3),"Fri, Oct 10 2025",10:00 PM,Fall
I-12 Gummy Humpers,21,I-01 Sugar Spikers,25,I-10,StarCenter Multisport - Farmers Branch (Court 2),"Fri, Oct 10 2025",10:45 PM,Fall
I-12 Gummy Humpers,15,I-01 Sugar Spikers,25,I-10,StarCenter Multisport - Farmers Branch (Court 2),"Fri, Oct 10 2025",10:45 PM,Fall
I-09 Sour Pass Kids,25,I-02 Spike Tarts,8,I-05,StarCenter Multisport - Farmers Branch (Court 3),"Fri, Oct 10 2025",10:45 PM,Fall
I-09 Sour Pass Kids,25,I-02 Spike Tarts,14,I-05,StarCenter Multisport - Farmers Branch (Court 3),"Fri, Oct 10 2025",10:45 PM,Fall
I-07 Sour Patch Aces,25,I-02 Spike Tarts,15,I-12,StarCenter Multisport - Farmers Branch (Court 2),"Fri, Oct 17 2025",7:00 PM,Fall
I-07 Sour Patch Aces,16,I-02 Spike Tarts,25,I-12,StarCenter Multisport - Farmers Branch (Court 2),"Fri, Oct 17 2025",7:00 PM,Fall
I-10 Volley Ranchers,21,I-04 Pelon PelonetAss,25,I-11,StarCenter Multisport - Farmers Branch (Court 3),"Fri, Oct 17 2025",7:00 PM,Fall
I-10 Volley Ranchers,24,I-04 Pelon PelonetAss,24,I-11,StarCenter Multisport - Farmers Branch (Court 3),"Fri, Oct 17 2025",7:00 PM,Fall
I-12 Gummy Humpers,26,I-07 Sour Patch Aces,24,I-02,StarCenter Multisport - Farmers Branch (Court 2),"Fri, Oct 17 2025",7:45 PM,Fall
I-12 Gummy Humpers,25,I-07 Sour Patch Aces,14,I-02,StarCenter Multisport - Farmers Branch (Court 2),"Fri, Oct 17 2025",7:45 PM,Fall
I-11 Gummy Bear Spikers,25,I-10 Volley Ranchers,21,I-04,StarCenter Multisport - Farmers Branch (Court 3),"Fri, Oct 17 2025",7:45 PM,Fall
I-11 Gummy Bear Spikers,25,I-10 Volley Ranchers,11,I-04,StarCenter Multisport - Farmers Branch (Court 3),"Fri, Oct 17 2025",7:45 PM,Fall
I-12 Gummy Humpers,17,I-02 Spike Tarts,25,I-07,StarCenter Multisport - Farmers Branch (Court 2),"Fri, Oct 17 2025",8:30 PM,Fall
I-12 Gummy Humpers,25,I-02 Spike Tarts,12,I-07,StarCenter Multisport - Farmers Branch (Court 2),"Fri, Oct 17 2025",8:30 PM,Fall
I-11 Gummy Bear Spikers,25,I-04 Pelon PelonetAss,18,I-10,StarCenter Multisport - Farmers Branch (Court 3),"Fri, Oct 17 2025",8:30 PM,Fall
I-11 Gummy Bear Spikers,21,I-04 Pelon PelonetAss,22,I-10,StarCenter Multisport - Farmers Branch (Court 3),"Fri, Oct 17 2025",8:30 PM,Fall
I-05 Sugar Rush,23,I-01 Sugar Spikers,25,I-08,StarCenter Multisport - Farmers Branch (Court 2),"Fri, Oct 17 2025",9:15 PM,Fall
I-05 Sugar Rush,16,I-01 Sugar Spikers,25,I-08,StarCenter Multisport - Farmers Branch (Court 2),"Fri, Oct 17 2025",9:15 PM,Fall
I-06 Candy Crushers,20,I-03 Volleypops,25,I-09,StarCenter Multisport - Farmers Branch (Court 3),"Fri, Oct 17 2025",9:15 PM,Fall
I-06 Candy Crushers,20,I-03 Volleypops,23,I-09,StarCenter Multisport - Farmers Branch (Court 3),"Fri, Oct 17 2025",9:15 PM,Fall
I-08 Fudge Force,25,I-05 Sugar Rush,23,I-01,StarCenter Multisport - Farmers Branch (Court 2),"Fri, Oct 17 2025",10:00 PM,Fall
I-08 Fudge Force,23,I-05 Sugar Rush,25,I-01,StarCenter Multisport - Farmers Branch (Court 2),"Fri, Oct 17 2025",10:00 PM,Fall
I-09 Sour Pass Kids,25,I-06 Candy Crushers,23,I-03,StarCenter Multisport - Farmers Branch (Court 3),"Fri, Oct 17 2025",10:00 PM,Fall
I-09 Sour Pass Kids,19,I-06 Candy Crushers,13,I-03,StarCenter Multisport - Farmers Branch (Court 3),"Fri, Oct 17 2025",10:00 PM,Fall
I-08 Fudge Force,25,I-01 Sugar Spikers,19,I-05,StarCenter Multisport - Farmers Branch (Court 2),"Fri, Oct 17 2025",10:45 PM,Fall
I-08 Fudge Force,25,I-01 Sugar Spikers,18,I-05,StarCenter Multisport - Farmers Branch (Court 2),"Fri, Oct 17 2025",10:45 PM,Fall
I-09 Sour Pass Kids,25,I-03 Volleypops,22,I-06,StarCenter Multisport - Farmers Branch (Court 3),"Fri, Oct 17 2025",10:45 PM,Fall
I-09 Sour Pass Kids,23,I-03 Volleypops,21,I-06,StarCenter Multisport - Farmers Branch (Court 3),"Fri, Oct 17 2025",10:45 PM,Fall
I-06 Candy Crushers,22,I-01 Sugar Spikers,25,I-07,StarCenter Multisport - Farmers Branch (Court 2),"Fri, Oct 24 2025",7:00 PM,Fall
I-06 Candy Crushers,16,I-01 Sugar Spikers,25,I-07,StarCenter Multisport - Farmers Branch (Court 2),"Fri, Oct 24 2025",7:00 PM,Fall
I-04 Pelon PelonetAss,25,I-02 Spike Tarts,12,I-08,StarCenter Multisport - Farmers Branch (Court 3),"Fri, Oct 24 2025",7:00 PM,Fall
I-04 Pelon PelonetAss,25,I-02 Spike Tarts,10,I-08,StarCenter Multisport - Farmers Branch (Court 3),"Fri, Oct 24 2025",7:00 PM,Fall
I-07 Sour Patch Aces,9,I-06 Candy Crushers,25,I-01,StarCenter Multisport - Farmers Branch (Court 2),"Fri, Oct 24 2025",7:45 PM,Fall
I-07 Sour Patch Aces,19,I-06 Candy Crushers,25,I-01,StarCenter Multisport - Farmers Branch (Court 2),"Fri, Oct 24 2025",7:45 PM,Fall
I-08 Fudge Force,25,I-04 Pelon PelonetAss,20,I-02,StarCenter Multisport - Farmers Branch (Court 3),"Fri, Oct 24 2025",7:45 PM,Fall
I-08 Fudge Force,22,I-04 Pelon PelonetAss,18,I-02,StarCenter Multisport - Farmers Branch (Court 3),"Fri, Oct 24 2025",7:45 PM,Fall
I-07 Sour Patch Aces,16,I-01 Sugar Spikers,25,I-06,StarCenter Multisport - Farmers Branch (Court 2),"Fri, Oct 24 2025",8:30 PM,Fall
I-07 Sour Patch Aces,13,I-01 Sugar Spikers,25,I-06,StarCenter Multisport - Farmers Branch (Court 2),"Fri, Oct 24 2025",8:30 PM,Fall
I-08 Fudge Force,25,I-02 Spike Tarts,12,I-04,StarCenter Multisport - Farmers Branch (Court 3),"Fri, Oct 24 2025",8:30 PM,Fall
I-08 Fudge Force,25,I-02 Spike Tarts,11,I-04,StarCenter Multisport - Farmers Branch (Court 3),"Fri, Oct 24 2025",8:30 PM,Fall
I-05 Sugar Rush,25,I-03 Volleypops,22,I-11,StarCenter Multisport - Farmers Branch (Court 2),"Fri, Oct 24 2025",9:15 PM,Fall
I-05 Sugar Rush,23,I-03 Volleypops,22,I-11,StarCenter Multisport - Farmers Branch (Court 2),"Fri, Oct 24 2025",9:15 PM,Fall
I-10 Volley Ranchers,12,I-09 Sour Pass Kids,25,I-12,StarCenter Multisport - Farmers Branch (Court 3),"Fri, Oct 24 2025",9:15 PM,Fall
I-10 Volley Ranchers,12,I-09 Sour Pass Kids,25,I-12,StarCenter Multisport - Farmers Branch (Court 3),"Fri, Oct 24 2025",9:15 PM,Fall
I-11 Gummy Bear Spikers,11,I-05 Sugar Rush,25,I-03,StarCenter Multisport - Farmers Branch (Court 2),"Fri, Oct 24 2025",10:00 PM,Fall
I-11 Gummy Bear Spikers,20,I-05 Sugar Rush,25,I-03,StarCenter Multisport - Farmers Branch (Court 2),"Fri, Oct 24 2025",10:00 PM,Fall
I-12 Gummy Humpers,25,I-10 Volley Ranchers,18,I-09,StarCenter Multisport - Farmers Branch (Court 3),"Fri, Oct 24 2025",10:00 PM,Fall
I-12 Gummy Humpers,24,I-10 Volley Ranchers,17,I-09,StarCenter Multisport - Farmers Branch (Court 3),"Fri, Oct 24 2025",10:00 PM,Fall
I-11 Gummy Bear Spikers,20,I-03 Volleypops,25,I-05,StarCenter Multisport - Farmers Branch (Court 2),"Fri, Oct 24 2025",10:45 PM,Fall
I-11 Gummy Bear Spikers,12,I-03 Volleypops,25,I-05,StarCenter Multisport - Farmers Branch (Court 2),"Fri, Oct 24 2025",10:45 PM,Fall
I-12 Gummy Humpers,16,I-09 Sour Pass Kids,25,I-10,StarCenter Multisport - Farmers Branch (Court 3),"Fri, Oct 24 2025",10:45 PM,Fall
I-12 Gummy Humpers,15,I-09 Sour Pass Kids,21,I-10,StarCenter Multisport - Farmers Branch (Court 3),"Fri, Oct 24 2025",10:45 PM,Fall
I-02 Spike Tarts,25,I-01 Sugar Spikers,21,I-03,StarCenter Multisport - Farmers Branch (Court 2),"Fri, Nov 7 2025",7:00 PM,Fall
I-02 Spike Tarts,14,I-01 Sugar Spikers,25,I-03,StarCenter Multisport - Farmers Branch (Court 2),"Fri, Nov 7 2025",7:00 PM,Fall
I-09 Sour Pass Kids,25,I-06 Candy Crushers,9,I-11,StarCenter Multisport - Farmers Branch (Court 3),"Fri, Nov 7 2025",7:00 PM,Fall
I-09 Sour Pass Kids,28,I-06 Candy Crushers,26,I-11,StarCenter Multisport - Farmers Branch (Court 3),"Fri, Nov 7 2025",7:00 PM,Fall
I-03 Volleypops,25,I-02 Spike Tarts,14,I-01,StarCenter Multisport - Farmers Branch (Court 2),"Fri, Nov 7 2025",7:45 PM,Fall
I-03 Volleypops,25,I-02 Spike Tarts,18,I-01,StarCenter Multisport - Farmers Branch (Court 2),"Fri, Nov 7 2025",7:45 PM,Fall
I-11 Gummy Bear Spikers,11,I-09 Sour Pass Kids,25,I-06,StarCenter Multisport - Farmers Branch (Court 3),"Fri, Nov 7 2025",7:45 PM,Fall
I-11 Gummy Bear Spikers,14,I-09 Sour Pass Kids,25,I-06,StarCenter Multisport - Farmers Branch (Court 3),"Fri, Nov 7 2025",7:45 PM,Fall
I-03 Volleypops,24,I-01 Sugar Spikers,26,I-02,StarCenter Multisport - Farmers Branch (Court 2),"Fri, Nov 7 2025",8:30 PM,Fall
I-03 Volleypops,17,I-01 Sugar Spikers,25,I-02,StarCenter Multisport - Farmers Branch (Court 2),"Fri, Nov 7 2025",8:30 PM,Fall
I-11 Gummy Bear Spikers,23,I-06 Candy Crushers,25,I-09,StarCenter Multisport - Farmers Branch (Court 3),"Fri, Nov 7 2025",8:30 PM,Fall
I-11 Gummy Bear Spikers,25,I-06 Candy Crushers,22,I-09,StarCenter Multisport - Farmers Branch (Court 3),"Fri, Nov 7 2025",8:30 PM,Fall
I-05 Sugar Rush,17,I-04 Pelon PelonetAss,25,I-12,StarCenter Multisport - Farmers Branch (Court 2),"Fri, Nov 7 2025",9:15 PM,Fall
I-05 Sugar Rush,15,I-04 Pelon PelonetAss,25,I-12,StarCenter Multisport - Farmers Branch (Court 2),"Fri, Nov 7 2025",9:15 PM,Fall
I-08 Fudge Force,25,I-07 Sour Patch Aces,17,I-10,StarCenter Multisport - Farmers Branch (Court 3),"Fri, Nov 7 2025",9:15 PM,Fall
I-08 Fudge Force,25,I-07 Sour Patch Aces,11,I-10,StarCenter Multisport - Farmers Branch (Court 3),"Fri, Nov 7 2025",9:15 PM,Fall
I-12 Gummy Humpers,23,I-05 Sugar Rush,25,I-04,StarCenter Multisport - Farmers Branch (Court 2),"Fri, Nov 7 2025",10:00 PM,Fall
I-12 Gummy Humpers,20,I-05 Sugar Rush,25,I-04,StarCenter Multisport - Farmers Branch (Court 2),"Fri, Nov 7 2025",10:00 PM,Fall
I-10 Volley Ranchers,18,I-08 Fudge Force,25,I-07,StarCenter Multisport - Farmers Branch (Court 3),"Fri, Nov 7 2025",10:00 PM,Fall
I-10 Volley Ranchers,17,I-08 Fudge Force,25,I-07,StarCenter Multisport - Farmers Branch (Court 3),"Fri, Nov 7 2025",10:00 PM,Fall
I-12 Gummy Humpers,15,I-04 Pelon PelonetAss,25,I-05,StarCenter Multisport - Farmers Branch (Court 2),"Fri, Nov 7 2025",10:45 PM,Fall
I-12 Gummy Humpers,21,I-04 Pelon PelonetAss,25,I-05,StarCenter Multisport - Farmers Branch (Court 2),"Fri, Nov 7 2025",10:45 PM,Fall
I-10 Volley Ranchers,25,I-07 Sour Patch Aces,23,I-08,StarCenter Multisport - Farmers Branch (Court 3),"Fri, Nov 7 2025",10:45 PM,Fall
I-10 Volley Ranchers,25,I-07 Sour Patch Aces,22,I-08,StarCenter Multisport - Farmers Branch (Court 3),"Fri, Nov 7 2025",10:45 PM,Fall
I-08 Fudge Force,17,I-03 Volleypops,25,I-12,StarCenter Multisport - Farmers Branch (Court 2),"Fri, Nov 14 2025",7:00 PM,Fall
I-08 Fudge Force,20,I-03 Volleypops,17,I-12,StarCenter Multisport - Farmers Branch (Court 2),"Fri, Nov 14 2025",7:00 PM,Fall
I-07 Sour Patch Aces,22,I-05 Sugar Rush,25,I-11,StarCenter Multisport - Farmers Branch (Court 3),"Fri, Nov 14 2025",7:00 PM,Fall
I-07 Sour Patch Aces,14,I-05 Sugar Rush,25,I-11,StarCenter Multisport - Farmers Branch (Court 3),"Fri, Nov 14 2025",7:00 PM,Fall
I-12 Gummy Humpers,20,I-08 Fudge Force,25,I-03,StarCenter Multisport - Farmers Branch (Court 2),"Fri, Nov 14 2025",7:45 PM,Fall
I-12 Gummy Humpers,17,I-08 Fudge Force,22,I-03,StarCenter Multisport - Farmers Branch (Court 2),"Fri, Nov 14 2025",7:45 PM,Fall
I-11 Gummy Bear Spikers,25,I-07 Sour Patch Aces,16,I-05,StarCenter Multisport - Farmers Branch (Court 3),"Fri, Nov 14 2025",7:45 PM,Fall
I-11 Gummy Bear Spikers,21,I-07 Sour Patch Aces,25,I-05,StarCenter Multisport - Farmers Branch (Court 3),"Fri, Nov 14 2025",7:45 PM,Fall
I-12 Gummy Humpers,25,I-03 Volleypops,15,I-08,StarCenter Multisport - Farmers Branch (Court 2),"Fri, Nov 14 2025",8:30 PM,Fall
I-12 Gummy Humpers,16,I-03 Volleypops,22,I-08,StarCenter Multisport - Farmers Branch (Court 2),"Fri, Nov 14 2025",8:30 PM,Fall
I-11 Gummy Bear Spikers,22,I-05 Sugar Rush,25,I-07,StarCenter Multisport - Farmers Branch (Court 3),"Fri, Nov 14 2025",8:30 PM,Fall
I-11 Gummy Bear Spikers,19,I-05 Sugar Rush,25,I-07,StarCenter Multisport - Farmers Branch (Court 3),"Fri, Nov 14 2025",8:30 PM,Fall
I-04 Pelon PelonetAss,23,I-01 Sugar Spikers,25,I-09,StarCenter Multisport - Farmers Branch (Court 2),"Fri, Nov 14 2025",9:15 PM,Fall
I-04 Pelon PelonetAss,25,I-01 Sugar Spikers,20,I-09,StarCenter Multisport - Farmers Branch (Court 2),"Fri, Nov 14 2025",9:15 PM,Fall
I-06 Candy Crushers,25,I-02 Spike Tarts,12,I-10,StarCenter Multisport - Farmers Branch (Court 3),"Fri, Nov 14 2025",9:15 PM,Fall
I-06 Candy Crushers,25,I-02 Spike Tarts,13,I-10,StarCenter Multisport - Farmers Branch (Court 3),"Fri, Nov 14 2025",9:15 PM,Fall
I-09 Sour Pass Kids,25,I-04 Pelon PelonetAss,15,I-01,StarCenter Multisport - Farmers Branch (Court 2),"Fri, Nov 14 2025",10:00 PM,Fall
I-09 Sour Pass Kids,12,I-04 Pelon PelonetAss,11,I-01,StarCenter Multisport - Farmers Branch (Court 2),"Fri, Nov 14 2025",10:00 PM,Fall
I-10 Volley Ranchers,13,I-06 Candy Crushers,25,I-02,StarCenter Multisport - Farmers Branch (Court 3),"Fri, Nov 14 2025",10:00 PM,Fall
I-10 Volley Ranchers,25,I-06 Candy Crushers,21,I-02,StarCenter Multisport - Farmers Branch (Court 3),"Fri, Nov 14 2025",10:00 PM,Fall
I-09 Sour Pass Kids,24,I-01 Sugar Spikers,26,I-04,StarCenter Multisport - Farmers Branch (Court 2),"Fri, Nov 14 2025",10:45 PM,Fall
I-09 Sour Pass Kids,19,I-01 Sugar Spikers,23,I-04,StarCenter Multisport - Farmers Branch (Court 2),"Fri, Nov 14 2025",10:45 PM,Fall
I-10 Volley Ranchers,25,I-02 Spike Tarts,20,I-06,StarCenter Multisport - Farmers Branch (Court 3),"Fri, Nov 14 2025",10:45 PM,Fall
I-10 Volley Ranchers,13,I-02 Spike Tarts,25,I-06,StarCenter Multisport - Farmers Branch (Court 3),"Fri, Nov 14 2025",10:45 PM,Fall
I-03 Volleypops,15,I-01 Sugar Spikers,25,I-10,StarCenter Multisport - Farmers Branch (Court 2),"Fri, Nov 21 2025",7:00 PM,Fall
I-03 Volleypops,25,I-01 Sugar Spikers,14,I-10,StarCenter Multisport - Farmers Branch (Court 2),"Fri, Nov 21 2025",7:00 PM,Fall
I-08 Fudge Force,26,I-05 Sugar Rush,24,I-09,StarCenter Multisport - Farmers Branch (Court 3),"Fri, Nov 21 2025",7:00 PM,Fall
I-08 Fudge Force,25,I-05 Sugar Rush,11,I-09,StarCenter Multisport - Farmers Branch (Court 3),"Fri, Nov 21 2025",7:00 PM,Fall
I-10 Volley Ranchers,19,I-03 Volleypops,25,I-01,StarCenter Multisport - Farmers Branch (Court 2),"Fri, Nov 21 2025",7:45 PM,Fall
I-10 Volley Ranchers,19,I-03 Volleypops,25,I-01,StarCenter Multisport - Farmers Branch (Court 2),"Fri, Nov 21 2025",7:45 PM,Fall
I-09 Sour Pass Kids,22,I-08 Fudge Force,25,I-05,StarCenter Multisport - Farmers Branch (Court 3),"Fri, Nov 21 2025",7:45 PM,Fall
I-09 Sour Pass Kids,25,I-08 Fudge Force,14,I-05,StarCenter Multisport - Farmers Branch (Court 3),"Fri, Nov 21 2025",7:45 PM,Fall
I-10 Volley Ranchers,25,I-01 Sugar Spikers,20,I-03,StarCenter Multisport - Farmers Branch (Court 2),"Fri, Nov 21 2025",8:30 PM,Fall
I-10 Volley Ranchers,23,I-01 Sugar Spikers,25,I-03,StarCenter Multisport - Farmers Branch (Court 2),"Fri, Nov 21 2025",8:30 PM,Fall
I-09 Sour Pass Kids,25,I-05 Sugar Rush,19,I-08,StarCenter Multisport - Farmers Branch (Court 3),"Fri, Nov 21 2025",8:30 PM,Fall
I-09 Sour Pass Kids,25,I-05 Sugar Rush,21,I-08,StarCenter Multisport - Farmers Branch (Court 3),"Fri, Nov 21 2025",8:30 PM,Fall
I-11 Gummy Bear Spikers,22,I-02 Spike Tarts,25,I-12,StarCenter Multisport - Farmers Branch (Court 2),"Fri, Nov 21 2025",9:15 PM,Fall
I-11 Gummy Bear Spikers,22,I-02 Spike Tarts,21,I-12,StarCenter Multisport - Farmers Branch (Court 2),"Fri, Nov 21 2025",9:15 PM,Fall
I-06 Candy Crushers,21,I-04 Pelon PelonetAss,25,I-07,StarCenter Multisport - Farmers Branch (Court 3),"Fri, Nov 21 2025",9:15 PM,Fall
I-06 Candy Crushers,18,I-04 Pelon PelonetAss,25,I-07,StarCenter Multisport - Farmers Branch (Court 3),"Fri, Nov 21 2025",9:15 PM,Fall
I-12 Gummy Humpers,12,I-11 Gummy Bear Spikers,25,I-02,StarCenter Multisport - Farmers Branch (Court 2),"Fri, Nov 21 2025",10:00 PM,Fall
I-12 Gummy Humpers,27,I-11 Gummy Bear Spikers,25,I-02,StarCenter Multisport - Farmers Branch (Court 2),"Fri, Nov 21 2025",10:00 PM,Fall
I-07 Sour Patch Aces,25,I-06 Candy Crushers,22,I-04,StarCenter Multisport - Farmers Branch (Court 3),"Fri, Nov 21 2025",10:00 PM,Fall
I-07 Sour Patch Aces,19,I-06 Candy Crushers,25,I-04,StarCenter Multisport - Farmers Branch (Court 3),"Fri, Nov 21 2025",10:00 PM,Fall
I-12 Gummy Humpers,25,I-02 Spike Tarts,17,I-11,StarCenter Multisport - Farmers Branch (Court 2),"Fri, Nov 21 2025",10:45 PM,Fall
I-12 Gummy Humpers,23,I-02 Spike Tarts,20,I-11,StarCenter Multisport - Farmers Branch (Court 2),"Fri, Nov 21 2025",10:45 PM,Fall
I-07 Sour Patch Aces,24,I-04 Pelon PelonetAss,26,I-06,StarCenter Multisport - Farmers Branch (Court 3),"Fri, Nov 21 2025",10:45 PM,Fall
I-07 Sour Patch Aces,25,I-04 Pelon PelonetAss,16,I-06,StarCenter Multisport - Farmers Branch (Court 3),"Fri, Nov 21 2025",10:45 PM,Fall
P-05 Jaw Breakers,25,P-04 The SnM’s,11,P-06,StarCenter Multisport - Farmers Branch (Court 7),"Fri, Aug 22 2025",7:00 PM,Fall
P-05 Jaw Breakers,25,P-04 The SnM’s,14,P-06,StarCenter Multisport - Farmers Branch (Court 7),"Fri, Aug 22 2025",7:00 PM,Fall
P-02 Spikes and Ike’s,25,P-01 Pop rocks cock blocks,16,P-03,StarCenter Multisport - Farmers Branch (Court 8),"Fri, Aug 22 2025",7:00 PM,Fall
P-02 Spikes and Ike’s,13,P-01 Pop rocks cock blocks,25,P-03,StarCenter Multisport - Farmers Branch (Court 8),"Fri, Aug 22 2025",7:00 PM,Fall
P-06 Hot Ta-Mamas!,23,P-05 Jaw Breakers,25,P-04,StarCenter Multisport - Farmers Branch (Court 7),"Fri, Aug 22 2025",7:45 PM,Fall
P-06 Hot Ta-Mamas!,23,P-05 Jaw Breakers,17,P-04,StarCenter Multisport - Farmers Branch (Court 7),"Fri, Aug 22 2025",7:45 PM,Fall
P-03 Blows Pop,25,P-02 Spikes and Ike’s,14,P-01,StarCenter Multisport - Farmers Branch (Court 8),"Fri, Aug 22 2025",7:45 PM,Fall
P-03 Blows Pop,25,P-02 Spikes and Ike’s,12,P-01,StarCenter Multisport - Farmers Branch (Court 8),"Fri, Aug 22 2025",7:45 PM,Fall
P-06 Hot Ta-Mamas!,25,P-04 The SnM’s,19,P-05,StarCenter Multisport - Farmers Branch (Court 7),"Fri, Aug 22 2025",8:30 PM,Fall
P-06 Hot Ta-Mamas!,19,P-04 The SnM’s,21,P-05,StarCenter Multisport - Farmers Branch (Court 7),"Fri, Aug 22 2025",8:30 PM,Fall
P-03 Blows Pop,18,P-01 Pop rocks cock blocks,25,P-02,StarCenter Multisport - Farmers Branch (Court 8),"Fri, Aug 22 2025",8:30 PM,Fall
P-03 Blows Pop,15,P-01 Pop rocks cock blocks,19,P-02,StarCenter Multisport - Farmers Branch (Court 8),"Fri, Aug 22 2025",8:30 PM,Fall
P-08 Nutty Buddies,25,P-07 Reese’s Pieces (of ass),23,P-09,StarCenter Multisport - Farmers Branch (Court 7),"Fri, Aug 22 2025",9:15 PM,Fall
P-08 Nutty Buddies,15,P-07 Reese’s Pieces (of ass),17,P-09,StarCenter Multisport - Farmers Branch (Court 7),"Fri, Aug 22 2025",9:15 PM,Fall
P-09 Taste My Rainbow,25,P-08 Nutty Buddies,20,P-07,StarCenter Multisport - Farmers Branch (Court 7),"Fri, Aug 22 2025",10:00 PM,Fall
P-09 Taste My Rainbow,23,P-08 Nutty Buddies,20,P-07,StarCenter Multisport - Farmers Branch (Court 7),"Fri, Aug 22 2025",10:00 PM,Fall
P-09 Taste My Rainbow,25,P-07 Reese’s Pieces (of ass),19,P-08,StarCenter Multisport - Farmers Branch (Court 7),"Fri, Aug 22 2025",10:45 PM,Fall
P-09 Taste My Rainbow,22,P-07 Reese’s Pieces (of ass),17,P-08,StarCenter Multisport - Farmers Branch (Court 7),"Fri, Aug 22 2025",10:45 PM,Fall
P-04 The SnM’s,19,P-01 Pop rocks cock blocks,25,P-07,StarCenter Multisport - Farmers Branch (Court 13),"Fri, Sep 5 2025",7:00 PM,Fall
P-04 The SnM’s,21,P-01 Pop rocks cock blocks,25,P-07,StarCenter Multisport - Farmers Branch (Court 13),"Fri, Sep 5 2025",7:00 PM,Fall
P-07 Reese’s Pieces (of ass),26,P-04 The SnM’s,24,P-01,StarCenter Multisport - Farmers Branch (Court 13),"Fri, Sep 5 2025",7:45 PM,Fall
P-07 Reese’s Pieces (of ass),20,P-04 The SnM’s,16,P-01,StarCenter Multisport - Farmers Branch (Court 13),"Fri, Sep 5 2025",7:45 PM,Fall
P-07 Reese’s Pieces (of ass),19,P-01 Pop rocks cock blocks,25,P-04,StarCenter Multisport - Farmers Branch (Court 13),"Fri, Sep 5 2025",8:30 PM,Fall
P-07 Reese’s Pieces (of ass),20,P-01 Pop rocks cock blocks,22,P-04,StarCenter Multisport - Farmers Branch (Court 13),"Fri, Sep 5 2025",8:30 PM,Fall
P-06 Hot Ta-Mamas!,18,P-03 Blows Pop,25,P-09,StarCenter Multisport - Farmers Branch (Court 13),"Fri, Sep 5 2025",9:15 PM,Fall
P-06 Hot Ta-Mamas!,10,P-03 Blows Pop,25,P-09,StarCenter Multisport - Farmers Branch (Court 13),"Fri, Sep 5 2025",9:15 PM,Fall
P-05 Jaw Breakers,25,P-02 Spikes and Ike’s,23,P-08,StarCenter Multisport - Farmers Branch (Court 14),"Fri, Sep 5 2025",9:15 PM,Fall
P-05 Jaw Breakers,12,P-02 Spikes and Ike’s,21,P-08,StarCenter Multisport - Farmers Branch (Court 14),"Fri, Sep 5 2025",9:15 PM,Fall
P-09 Taste My Rainbow,25,P-06 Hot Ta-Mamas!,20,P-03,StarCenter Multisport - Farmers Branch (Court 13),"Fri, Sep 5 2025",10:00 PM,Fall
P-09 Taste My Rainbow,25,P-06 Hot Ta-Mamas!,15,P-03,StarCenter Multisport - Farmers Branch (Court 13),"Fri, Sep 5 2025",10:00 PM,Fall
P-08 Nutty Buddies,25,P-05 Jaw Breakers,19,P-02,StarCenter Multisport - Farmers Branch (Court 14),"Fri, Sep 5 2025",10:00 PM,Fall
P-08 Nutty Buddies,21,P-05 Jaw Breakers,19,P-02,StarCenter Multisport - Farmers Branch (Court 14),"Fri, Sep 5 2025",10:00 PM,Fall
P-09 Taste My Rainbow,18,P-03 Blows Pop,25,P-06,StarCenter Multisport - Farmers Branch (Court 13),"Fri, Sep 5 2025",10:45 PM,Fall
P-09 Taste My Rainbow,22,P-03 Blows Pop,25,P-06,StarCenter Multisport - Farmers Branch (Court 13),"Fri, Sep 5 2025",10:45 PM,Fall
P-08 Nutty Buddies,21,P-02 Spikes and Ike’s,25,P-05,StarCenter Multisport - Farmers Branch (Court 14),"Fri, Sep 5 2025",10:45 PM,Fall
P-08 Nutty Buddies,25,P-02 Spikes and Ike’s,22,P-05,StarCenter Multisport - Farmers Branch (Court 14),"Fri, Sep 5 2025",10:45 PM,Fall
P-05 Jaw Breakers,13,P-01 Pop rocks cock blocks,25,P-09,StarCenter Multisport - Farmers Branch (Court 13),"Fri, Sep 12 2025",7:00 PM,Fall
P-05 Jaw Breakers,19,P-01 Pop rocks cock blocks,24,P-09,StarCenter Multisport - Farmers Branch (Court 13),"Fri, Sep 12 2025",7:00 PM,Fall
P-06 Hot Ta-Mamas!,25,P-02 Spikes and Ike’s,17,P-07,StarCenter Multisport - Farmers Branch (Court 14),"Fri, Sep 12 2025",7:00 PM,Fall
P-06 Hot Ta-Mamas!,21,P-02 Spikes and Ike’s,25,P-07,StarCenter Multisport - Farmers Branch (Court 14),"Fri, Sep 12 2025",7:00 PM,Fall
P-09 Taste My Rainbow,25,P-05 Jaw Breakers,18,P-01,StarCenter Multisport - Farmers Branch (Court 13),"Fri, Sep 12 2025",7:45 PM,Fall
P-09 Taste My Rainbow,25,P-05 Jaw Breakers,12,P-01,StarCenter Multisport - Farmers Branch (Court 13),"Fri, Sep 12 2025",7:45 PM,Fall
P-07 Reese’s Pieces (of ass),25,P-06 Hot Ta-Mamas!,22,P-02,StarCenter Multisport - Farmers Branch (Court 14),"Fri, Sep 12 2025",7:45 PM,Fall
P-07 Reese’s Pieces (of ass),16,P-06 Hot Ta-Mamas!,19,P-02,StarCenter Multisport - Farmers Branch (Court 14),"Fri, Sep 12 2025",7:45 PM,Fall
P-09 Taste My Rainbow,22,P-01 Pop rocks cock blocks,25,P-05,StarCenter Multisport - Farmers Branch (Court 13),"Fri, Sep 12 2025",8:30 PM,Fall
P-09 Taste My Rainbow,23,P-01 Pop rocks cock blocks,21,P-05,StarCenter Multisport - Farmers Branch (Court 13),"Fri, Sep 12 2025",8:30 PM,Fall
P-07 Reese’s Pieces (of ass),25,P-02 Spikes and Ike’s,15,P-06,StarCenter Multisport - Farmers Branch (Court 14),"Fri, Sep 12 2025",8:30 PM,Fall
P-07 Reese’s Pieces (of ass),20,P-02 Spikes and Ike’s,22,P-06,StarCenter Multisport - Farmers Branch (Court 14),"Fri, Sep 12 2025",8:30 PM,Fall
P-04 The SnM’s,26,P-03 Blows Pop,24,P-08,StarCenter Multisport - Farmers Branch (Court 13),"Fri, Sep 12 2025",9:15 PM,Fall
P-04 The SnM’s,12,P-03 Blows Pop,13,P-08,StarCenter Multisport - Farmers Branch (Court 13),"Fri, Sep 12 2025",9:15 PM,Fall
P-08 Nutty Buddies,25,P-04 The SnM’s,13,P-03,StarCenter Multisport - Farmers Branch (Court 13),"Fri, Sep 12 2025",10:00 PM,Fall
P-08 Nutty Buddies,24,P-04 The SnM’s,23,P-03,StarCenter Multisport - Farmers Branch (Court 13),"Fri, Sep 12 2025",10:00 PM,Fall
P-08 Nutty Buddies,25,P-03 Blows Pop,16,P-04,StarCenter Multisport - Farmers Branch (Court 13),"Fri, Sep 12 2025",10:45 PM,Fall
P-08 Nutty Buddies,18,P-03 Blows Pop,25,P-04,StarCenter Multisport - Farmers Branch (Court 13),"Fri, Sep 12 2025",10:45 PM,Fall
P-05 Jaw Breakers,25,P-03 Blows Pop,17,P-07,StarCenter Multisport - Farmers Branch (Court 13),"Fri, Sep 19 2025",7:00 PM,Fall
P-05 Jaw Breakers,25,P-03 Blows Pop,14,P-07,StarCenter Multisport - Farmers Branch (Court 13),"Fri, Sep 19 2025",7:00 PM,Fall
P-07 Reese’s Pieces (of ass),18,P-05 Jaw Breakers,25,P-03,StarCenter Multisport - Farmers Branch (Court 13),"Fri, Sep 19 2025",7:45 PM,Fall
P-07 Reese’s Pieces (of ass),19,P-05 Jaw Breakers,25,P-03,StarCenter Multisport - Farmers Branch (Court 13),"Fri, Sep 19 2025",7:45 PM,Fall
P-07 Reese’s Pieces (of ass),25,P-03 Blows Pop,23,P-05,StarCenter Multisport - Farmers Branch (Court 13),"Fri, Sep 19 2025",8:30 PM,Fall
P-07 Reese’s Pieces (of ass),13,P-03 Blows Pop,24,P-05,StarCenter Multisport - Farmers Branch (Court 13),"Fri, Sep 19 2025",8:30 PM,Fall
P-06 Hot Ta-Mamas!,14,P-01 Pop rocks cock blocks,25,P-08,StarCenter Multisport - Farmers Branch (Court 13),"Fri, Sep 19 2025",9:15 PM,Fall
P-06 Hot Ta-Mamas!,21,P-01 Pop rocks cock blocks,25,P-08,StarCenter Multisport - Farmers Branch (Court 13),"Fri, Sep 19 2025",9:15 PM,Fall
P-04 The SnM’s,13,P-02 Spikes and Ike’s,25,P-09,StarCenter Multisport - Farmers Branch (Court 14),"Fri, Sep 19 2025",9:15 PM,Fall
P-04 The SnM’s,19,P-02 Spikes and Ike’s,24,P-09,StarCenter Multisport - Farmers Branch (Court 14),"Fri, Sep 19 2025",9:15 PM,Fall
P-08 Nutty Buddies,25,P-06 Hot Ta-Mamas!,22,P-01,StarCenter Multisport - Farmers Branch (Court 13),"Fri, Sep 19 2025",10:00 PM,Fall
P-08 Nutty Buddies,19,P-06 Hot Ta-Mamas!,25,P-01,StarCenter Multisport - Farmers Branch (Court 13),"Fri, Sep 19 2025",10:00 PM,Fall
P-09 Taste My Rainbow,25,P-04 The SnM’s,20,P-02,StarCenter Multisport - Farmers Branch (Court 14),"Fri, Sep 19 2025",10:00 PM,Fall
P-09 Taste My Rainbow,25,P-04 The SnM’s,19,P-02,StarCenter Multisport - Farmers Branch (Court 14),"Fri, Sep 19 2025",10:00 PM,Fall
P-08 Nutty Buddies,18,P-01 Pop rocks cock blocks,25,P-06,StarCenter Multisport - Farmers Branch (Court 13),"Fri, Sep 19 2025",10:45 PM,Fall
P-08 Nutty Buddies,16,P-01 Pop rocks cock blocks,25,P-06,StarCenter Multisport - Farmers Branch (Court 13),"Fri, Sep 19 2025",10:45 PM,Fall
P-09 Taste My Rainbow,25,P-02 Spikes and Ike’s,10,P-04,StarCenter Multisport - Farmers Branch (Court 14),"Fri, Sep 19 2025",10:45 PM,Fall
P-09 Taste My Rainbow,18,P-02 Spikes and Ike’s,25,P-04,StarCenter Multisport - Farmers Branch (Court 14),"Fri, Sep 19 2025",10:45 PM,Fall
P-08 Nutty Buddies,25,P-07 Reese’s Pieces (of ass),15,P-09,StarCenter Multisport - Farmers Branch (Court 13),"Fri, Sep 26 2025",7:00 PM,Fall
P-08 Nutty Buddies,25,P-07 Reese’s Pieces (of ass),21,P-09,StarCenter Multisport - Farmers Branch (Court 13),"Fri, Sep 26 2025",7:00 PM,Fall
P-05 Jaw Breakers,26,P-04 The SnM’s,24,P-06,StarCenter Multisport - Farmers Branch (Court 14),"Fri, Sep 26 2025",7:00 PM,Fall
P-05 Jaw Breakers,25,P-04 The SnM’s,16,P-06,StarCenter Multisport - Farmers Branch (Court 14),"Fri, Sep 26 2025",7:00 PM,Fall
P-09 Taste My Rainbow,25,P-08 Nutty Buddies,23,P-07,StarCenter Multisport - Farmers Branch (Court 13),"Fri, Sep 26 2025",7:45 PM,Fall
P-09 Taste My Rainbow,25,P-08 Nutty Buddies,22,P-07,StarCenter Multisport - Farmers Branch (Court 13),"Fri, Sep 26 2025",7:45 PM,Fall
P-06 Hot Ta-Mamas!,9,P-05 Jaw Breakers,25,P-04,StarCenter Multisport - Farmers Branch (Court 14),"Fri, Sep 26 2025",7:45 PM,Fall
P-06 Hot Ta-Mamas!,16,P-05 Jaw Breakers,25,P-04,StarCenter Multisport - Farmers Branch (Court 14),"Fri, Sep 26 2025",7:45 PM,Fall
P-09 Taste My Rainbow,23,P-07 Reese’s Pieces (of ass),25,P-08,StarCenter Multisport - Farmers Branch (Court 13),"Fri, Sep 26 2025",8:30 PM,Fall
P-09 Taste My Rainbow,25,P-07 Reese’s Pieces (of ass),14,P-08,StarCenter Multisport - Farmers Branch (Court 13),"Fri, Sep 26 2025",8:30 PM,Fall
P-06 Hot Ta-Mamas!,10,P-04 The SnM’s,25,P-05,StarCenter Multisport - Farmers Branch (Court 14),"Fri, Sep 26 2025",8:30 PM,Fall
P-06 Hot Ta-Mamas!,20,P-04 The SnM’s,24,P-05,StarCenter Multisport - Farmers Branch (Court 14),"Fri, Sep 26 2025",8:30 PM,Fall
P-02 Spikes and Ike’s,25,P-01 Pop rocks cock blocks,23,P-03,StarCenter Multisport - Farmers Branch (Court 13),"Fri, Sep 26 2025",9:15 PM,Fall
P-02 Spikes and Ike’s,13,P-01 Pop rocks cock blocks,18,P-03,StarCenter Multisport - Farmers Branch (Court 13),"Fri, Sep 26 2025",9:15 PM,Fall
P-03 Blows Pop,25,P-02 Spikes and Ike’s,14,P-01,StarCenter Multisport - Farmers Branch (Court 13),"Fri, Sep 26 2025",10:00 PM,Fall
P-03 Blows Pop,25,P-02 Spikes and Ike’s,23,P-01,StarCenter Multisport - Farmers Branch (Court 13),"Fri, Sep 26 2025",10:00 PM,Fall
P-03 Blows Pop,23,P-01 Pop rocks cock blocks,25,P-02,StarCenter Multisport - Farmers Branch (Court 13),"Fri, Sep 26 2025",10:45 PM,Fall
P-03 Blows Pop,25,P-01 Pop rocks cock blocks,22,P-02,StarCenter Multisport - Farmers Branch (Court 13),"Fri, Sep 26 2025",10:45 PM,Fall
P-06 Hot Ta-Mamas!,18,P-03 Blows Pop,25,P-09,StarCenter Multisport - Farmers Branch (Court 13),"Fri, Oct 10 2025",7:00 PM,Fall
P-06 Hot Ta-Mamas!,10,P-03 Blows Pop,25,P-09,StarCenter Multisport - Farmers Branch (Court 13),"Fri, Oct 10 2025",7:00 PM,Fall
P-09 Taste My Rainbow,25,P-06 Hot Ta-Mamas!,17,P-03,StarCenter Multisport - Farmers Branch (Court 13),"Fri, Oct 10 2025",7:45 PM,Fall
P-09 Taste My Rainbow,25,P-06 Hot Ta-Mamas!,12,P-03,StarCenter Multisport - Farmers Branch (Court 13),"Fri, Oct 10 2025",7:45 PM,Fall
P-09 Taste My Rainbow,25,P-03 Blows Pop,23,P-06,StarCenter Multisport - Farmers Branch (Court 13),"Fri, Oct 10 2025",8:30 PM,Fall
P-09 Taste My Rainbow,25,P-03 Blows Pop,23,P-06,StarCenter Multisport - Farmers Branch (Court 13),"Fri, Oct 10 2025",8:30 PM,Fall
P-05 Jaw Breakers,18,P-02 Spikes and Ike’s,25,P-08,StarCenter Multisport - Farmers Branch (Court 13),"Fri, Oct 10 2025",9:15 PM,Fall
P-05 Jaw Breakers,15,P-02 Spikes and Ike’s,25,P-08,StarCenter Multisport - Farmers Branch (Court 13),"Fri, Oct 10 2025",9:15 PM,Fall
P-04 The SnM’s,18,P-01 Pop rocks cock blocks,25,P-07,StarCenter Multisport - Farmers Branch (Court 14),"Fri, Oct 10 2025",9:15 PM,Fall
P-04 The SnM’s,19,P-01 Pop rocks cock blocks,25,P-07,StarCenter Multisport - Farmers Branch (Court 14),"Fri, Oct 10 2025",9:15 PM,Fall
P-08 Nutty Buddies,17,P-05 Jaw Breakers,25,P-02,StarCenter Multisport - Farmers Branch (Court 13),"Fri, Oct 10 2025",10:00 PM,Fall
P-08 Nutty Buddies,28,P-05 Jaw Breakers,28,P-02,StarCenter Multisport - Farmers Branch (Court 13),"Fri, Oct 10 2025",10:00 PM,Fall
P-07 Reese’s Pieces (of ass),17,P-04 The SnM’s,25,P-01,StarCenter Multisport - Farmers Branch (Court 14),"Fri, Oct 10 2025",10:00 PM,Fall
P-07 Reese’s Pieces (of ass),22,P-04 The SnM’s,25,P-01,StarCenter Multisport - Farmers Branch (Court 14),"Fri, Oct 10 2025",10:00 PM,Fall
P-08 Nutty Buddies,18,P-02 Spikes and Ike’s,25,P-05,StarCenter Multisport - Farmers Branch (Court 13),"Fri, Oct 10 2025",10:45 PM,Fall
P-08 Nutty Buddies,14,P-02 Spikes and Ike’s,25,P-05,StarCenter Multisport - Farmers Branch (Court 13),"Fri, Oct 10 2025",10:45 PM,Fall
P-07 Reese’s Pieces (of ass),21,P-01 Pop rocks cock blocks,25,P-04,StarCenter Multisport - Farmers Branch (Court 14),"Fri, Oct 10 2025",10:45 PM,Fall
P-07 Reese’s Pieces (of ass),19,P-01 Pop rocks cock blocks,23,P-04,StarCenter Multisport - Farmers Branch (Court 14),"Fri, Oct 10 2025",10:45 PM,Fall
P-04 The SnM’s,23,P-03 Blows Pop,25,P-08,StarCenter Multisport - Farmers Branch (Court 13),"Fri, Oct 17 2025",7:00 PM,Fall
P-04 The SnM’s,14,P-03 Blows Pop,19,P-08,StarCenter Multisport - Farmers Branch (Court 13),"Fri, Oct 17 2025",7:00 PM,Fall
P-05 Jaw Breakers,11,P-01 Pop rocks cock blocks,25,P-09,StarCenter Multisport - Farmers Branch (Court 14),"Fri, Oct 17 2025",7:00 PM,Fall
P-05 Jaw Breakers,24,P-01 Pop rocks cock blocks,26,P-09,StarCenter Multisport - Farmers Branch (Court 14),"Fri, Oct 17 2025",7:00 PM,Fall
P-08 Nutty Buddies,25,P-04 The SnM’s,14,P-03,StarCenter Multisport - Farmers Branch (Court 13),"Fri, Oct 17 2025",7:45 PM,Fall
P-08 Nutty Buddies,25,P-04 The SnM’s,21,P-03,StarCenter Multisport - Farmers Branch (Court 13),"Fri, Oct 17 2025",7:45 PM,Fall
P-09 Taste My Rainbow,25,P-05 Jaw Breakers,20,P-01,StarCenter Multisport - Farmers Branch (Court 14),"Fri, Oct 17 2025",7:45 PM,Fall
P-09 Taste My Rainbow,25,P-05 Jaw Breakers,16,P-01,StarCenter Multisport - Farmers Branch (Court 14),"Fri, Oct 17 2025",7:45 PM,Fall
P-08 Nutty Buddies,20,P-03 Blows Pop,25,P-04,StarCenter Multisport - Farmers Branch (Court 13),"Fri, Oct 17 2025",8:30 PM,Fall
P-08 Nutty Buddies,25,P-03 Blows Pop,21,P-04,StarCenter Multisport - Farmers Branch (Court 13),"Fri, Oct 17 2025",8:30 PM,Fall
P-09 Taste My Rainbow,25,P-01 Pop rocks cock blocks,22,P-05,StarCenter Multisport - Farmers Branch (Court 14),"Fri, Oct 17 2025",8:30 PM,Fall
P-09 Taste My Rainbow,28,P-01 Pop rocks cock blocks,28,P-05,StarCenter Multisport - Farmers Branch (Court 14),"Fri, Oct 17 2025",8:30 PM,Fall
P-06 Hot Ta-Mamas!,10,P-02 Spikes and Ike’s,25,P-07,StarCenter Multisport - Farmers Branch (Court 13),"Fri, Oct 17 2025",9:15 PM,Fall
P-06 Hot Ta-Mamas!,14,P-02 Spikes and Ike’s,25,P-07,StarCenter Multisport - Farmers Branch (Court 13),"Fri, Oct 17 2025",9:15 PM,Fall
P-07 Reese’s Pieces (of ass),25,P-06 Hot Ta-Mamas!,18,P-02,StarCenter Multisport - Farmers Branch (Court 13),"Fri, Oct 17 2025",10:00 PM,Fall
P-07 Reese’s Pieces (of ass),22,P-06 Hot Ta-Mamas!,23,P-02,StarCenter Multisport - Farmers Branch (Court 13),"Fri, Oct 17 2025",10:00 PM,Fall
P-07 Reese’s Pieces (of ass),25,P-02 Spikes and Ike’s,23,P-06,StarCenter Multisport - Farmers Branch (Court 13),"Fri, Oct 17 2025",10:45 PM,Fall
P-07 Reese’s Pieces (of ass),22,P-02 Spikes and Ike’s,15,P-06,StarCenter Multisport - Farmers Branch (Court 13),"Fri, Oct 17 2025",10:45 PM,Fall
P-06 Hot Ta-Mamas!,11,P-01 Pop rocks cock blocks,25,P-08,StarCenter Multisport - Farmers Branch (Court 13),"Fri, Oct 24 2025",7:00 PM,Fall
P-06 Hot Ta-Mamas!,21,P-01 Pop rocks cock blocks,25,P-08,StarCenter Multisport - Farmers Branch (Court 13),"Fri, Oct 24 2025",7:00 PM,Fall
P-08 Nutty Buddies,25,P-06 Hot Ta-Mamas!,23,P-01,StarCenter Multisport - Farmers Branch (Court 13),"Fri, Oct 24 2025",7:45 PM,Fall
P-08 Nutty Buddies,24,P-06 Hot Ta-Mamas!,22,P-01,StarCenter Multisport - Farmers Branch (Court 13),"Fri, Oct 24 2025",7:45 PM,Fall
P-08 Nutty Buddies,27,P-01 Pop rocks cock blocks,25,P-06,StarCenter Multisport - Farmers Branch (Court 13),"Fri, Oct 24 2025",8:30 PM,Fall
P-08 Nutty Buddies,21,P-01 Pop rocks cock blocks,24,P-06,StarCenter Multisport - Farmers Branch (Court 13),"Fri, Oct 24 2025",8:30 PM,Fall
P-04 The SnM’s,22,P-02 Spikes and Ike’s,25,P-09,StarCenter Multisport - Farmers Branch (Court 13),"Fri, Oct 24 2025",9:15 PM,Fall
P-04 The SnM’s,22,P-02 Spikes and Ike’s,18,P-09,StarCenter Multisport - Farmers Branch (Court 13),"Fri, Oct 24 2025",9:15 PM,Fall
P-05 Jaw Breakers,25,P-03 Blows Pop,15,P-07,StarCenter Multisport - Farmers Branch (Court 14),"Fri, Oct 24 2025",9:15 PM,Fall
P-05 Jaw Breakers,18,P-03 Blows Pop,21,P-07,StarCenter Multisport - Farmers Branch (Court 14),"Fri, Oct 24 2025",9:15 PM,Fall
P-09 Taste My Rainbow,13,P-04 The SnM’s,25,P-02,StarCenter Multisport - Farmers Branch (Court 13),"Fri, Oct 24 2025",10:00 PM,Fall
P-09 Taste My Rainbow,25,P-04 The SnM’s,16,P-02,StarCenter Multisport - Farmers Branch (Court 13),"Fri, Oct 24 2025",10:00 PM,Fall
P-07 Reese’s Pieces (of ass),18,P-05 Jaw Breakers,25,P-03,StarCenter Multisport - Farmers Branch (Court 14),"Fri, Oct 24 2025",10:00 PM,Fall
P-07 Reese’s Pieces (of ass),23,P-05 Jaw Breakers,25,P-03,StarCenter Multisport - Farmers Branch (Court 14),"Fri, Oct 24 2025",10:00 PM,Fall
P-09 Taste My Rainbow,25,P-02 Spikes and Ike’s,21,P-04,StarCenter Multisport - Farmers Branch (Court 13),"Fri, Oct 24 2025",10:45 PM,Fall
P-09 Taste My Rainbow,21,P-02 Spikes and Ike’s,25,P-04,StarCenter Multisport - Farmers Branch (Court 13),"Fri, Oct 24 2025",10:45 PM,Fall
P-07 Reese’s Pieces (of ass),25,P-03 Blows Pop,18,P-05,StarCenter Multisport - Farmers Branch (Court 14),"Fri, Oct 24 2025",10:45 PM,Fall
P-07 Reese’s Pieces (of ass),14,P-03 Blows Pop,20,P-05,StarCenter Multisport - Farmers Branch (Court 14),"Fri, Oct 24 2025",10:45 PM,Fall
P-02 Spikes and Ike’s,16,P-01 Pop rocks cock blocks,25,P-03,StarCenter Multisport - Farmers Branch (Court 13),"Fri, Nov 7 2025",7:00 PM,Fall
P-02 Spikes and Ike’s,13,P-01 Pop rocks cock blocks,25,P-03,StarCenter Multisport - Farmers Branch (Court 13),"Fri, Nov 7 2025",7:00 PM,Fall
P-08 Nutty Buddies,24,P-07 Reese’s Pieces (of ass),26,P-09,StarCenter Multisport - Farmers Branch (Court 14),"Fri, Nov 7 2025",7:00 PM,Fall
P-08 Nutty Buddies,16,P-07 Reese’s Pieces (of ass),22,P-09,StarCenter Multisport - Farmers Branch (Court 14),"Fri, Nov 7 2025",7:00 PM,Fall
P-03 Blows Pop,25,P-02 Spikes and Ike’s,18,P-01,StarCenter Multisport - Farmers Branch (Court 13),"Fri, Nov 7 2025",7:45 PM,Fall
P-03 Blows Pop,25,P-02 Spikes and Ike’s,22,P-01,StarCenter Multisport - Farmers Branch (Court 13),"Fri, Nov 7 2025",7:45 PM,Fall
P-09 Taste My Rainbow,25,P-08 Nutty Buddies,22,P-07,StarCenter Multisport - Farmers Branch (Court 14),"Fri, Nov 7 2025",7:45 PM,Fall
P-09 Taste My Rainbow,17,P-08 Nutty Buddies,25,P-07,StarCenter Multisport - Farmers Branch (Court 14),"Fri, Nov 7 2025",7:45 PM,Fall
P-03 Blows Pop,17,P-01 Pop rocks cock blocks,25,P-02,StarCenter Multisport - Farmers Branch (Court 13),"Fri, Nov 7 2025",8:30 PM,Fall
P-03 Blows Pop,24,P-01 Pop rocks cock blocks,22,P-02,StarCenter Multisport - Farmers Branch (Court 13),"Fri, Nov 7 2025",8:30 PM,Fall
P-09 Taste My Rainbow,25,P-07 Reese’s Pieces (of ass),20,P-08,StarCenter Multisport - Farmers Branch (Court 14),"Fri, Nov 7 2025",8:30 PM,Fall
P-09 Taste My Rainbow,19,P-07 Reese’s Pieces (of ass),25,P-08,StarCenter Multisport - Farmers Branch (Court 14),"Fri, Nov 7 2025",8:30 PM,Fall
P-05 Jaw Breakers,25,P-04 The SnM’s,14,P-06,StarCenter Multisport - Farmers Branch (Court 13),"Fri, Nov 7 2025",9:15 PM,Fall
P-05 Jaw Breakers,25,P-04 The SnM’s,9,P-06,StarCenter Multisport - Farmers Branch (Court 13),"Fri, Nov 7 2025",9:15 PM,Fall
P-06 Hot Ta-Mamas!,15,P-05 Jaw Breakers,25,P-04,StarCenter Multisport - Farmers Branch (Court 13),"Fri, Nov 7 2025",10:00 PM,Fall
P-06 Hot Ta-Mamas!,11,P-05 Jaw Breakers,25,P-04,StarCenter Multisport - Farmers Branch (Court 13),"Fri, Nov 7 2025",10:00 PM,Fall
P-06 Hot Ta-Mamas!,16,P-04 The SnM’s,25,P-05,StarCenter Multisport - Farmers Branch (Court 13),"Fri, Nov 7 2025",10:45 PM,Fall
P-06 Hot Ta-Mamas!,20,P-04 The SnM’s,20,P-05,StarCenter Multisport - Farmers Branch (Court 13),"Fri, Nov 7 2025",10:45 PM,Fall
P-05 Jaw Breakers,25,P-02 Spikes and Ike’s,12,P-08,StarCenter Multisport - Farmers Branch (Court 13),"Fri, Nov 14 2025",7:00 PM,Fall
P-05 Jaw Breakers,25,P-02 Spikes and Ike’s,21,P-08,StarCenter Multisport - Farmers Branch (Court 13),"Fri, Nov 14 2025",7:00 PM,Fall
P-08 Nutty Buddies,20,P-05 Jaw Breakers,25,P-02,StarCenter Multisport - Farmers Branch (Court 13),"Fri, Nov 14 2025",7:45 PM,Fall
P-08 Nutty Buddies,23,P-05 Jaw Breakers,23,P-02,StarCenter Multisport - Farmers Branch (Court 13),"Fri, Nov 14 2025",7:45 PM,Fall
P-08 Nutty Buddies,20,P-02 Spikes and Ike’s,25,P-05,StarCenter Multisport - Farmers Branch (Court 13),"Fri, Nov 14 2025",8:30 PM,Fall
P-08 Nutty Buddies,25,P-02 Spikes and Ike’s,20,P-05,StarCenter Multisport - Farmers Branch (Court 13),"Fri, Nov 14 2025",8:30 PM,Fall
P-04 The SnM’s,22,P-01 Pop rocks cock blocks,25,P-07,StarCenter Multisport - Farmers Branch (Court 13),"Fri, Nov 14 2025",9:15 PM,Fall
P-04 The SnM’s,20,P-01 Pop rocks cock blocks,25,P-07,StarCenter Multisport - Farmers Branch (Court 13),"Fri, Nov 14 2025",9:15 PM,Fall
P-06 Hot Ta-Mamas!,15,P-03 Blows Pop,25,P-09,StarCenter Multisport - Farmers Branch (Court 14),"Fri, Nov 14 2025",9:15 PM,Fall
P-06 Hot Ta-Mamas!,21,P-03 Blows Pop,25,P-09,StarCenter Multisport - Farmers Branch (Court 14),"Fri, Nov 14 2025",9:15 PM,Fall
P-07 Reese’s Pieces (of ass),25,P-04 The SnM’s,20,P-01,StarCenter Multisport - Farmers Branch (Court 13),"Fri, Nov 14 2025",10:00 PM,Fall
P-07 Reese’s Pieces (of ass),21,P-04 The SnM’s,25,P-01,StarCenter Multisport - Farmers Branch (Court 13),"Fri, Nov 14 2025",10:00 PM,Fall
P-09 Taste My Rainbow,25,P-06 Hot Ta-Mamas!,18,P-03,StarCenter Multisport - Farmers Branch (Court 14),"Fri, Nov 14 2025",10:00 PM,Fall
P-09 Taste My Rainbow,24,P-06 Hot Ta-Mamas!,26,P-03,StarCenter Multisport - Farmers Branch (Court 14),"Fri, Nov 14 2025",10:00 PM,Fall
P-07 Reese’s Pieces (of ass),17,P-01 Pop rocks cock blocks,25,P-04,StarCenter Multisport - Farmers Branch (Court 13),"Fri, Nov 14 2025",10:45 PM,Fall
P-07 Reese’s Pieces (of ass),21,P-01 Pop rocks cock blocks,22,P-04,StarCenter Multisport - Farmers Branch (Court 13),"Fri, Nov 14 2025",10:45 PM,Fall
P-09 Taste My Rainbow,18,P-03 Blows Pop,25,P-06,StarCenter Multisport - Farmers Branch (Court 14),"Fri, Nov 14 2025",10:45 PM,Fall
P-09 Taste My Rainbow,24,P-03 Blows Pop,20,P-06,StarCenter Multisport - Farmers Branch (Court 14),"Fri, Nov 14 2025",10:45 PM,Fall
P-06 Hot Ta-Mamas!,0,P-02 Spikes and Ike’s,0,P-07,StarCenter Multisport - Farmers Branch (Court 13),"Fri, Nov 21 2025",7:00 PM,Fall
P-06 Hot Ta-Mamas!,0,P-02 Spikes and Ike’s,0,P-07,StarCenter Multisport - Farmers Branch (Court 13),"Fri, Nov 21 2025",7:00 PM,Fall
P-04 The SnM’s,20,P-03 Blows Pop,25,P-08,StarCenter Multisport - Farmers Branch (Court 14),"Fri, Nov 21 2025",7:00 PM,Fall
P-04 The SnM’s,10,P-03 Blows Pop,25,P-08,StarCenter Multisport - Farmers Branch (Court 14),"Fri, Nov 21 2025",7:00 PM,Fall
P-07 Reese’s Pieces (of ass),0,P-06 Hot Ta-Mamas!,0,P-02,StarCenter Multisport - Farmers Branch (Court 13),"Fri, Nov 21 2025",7:45 PM,Fall
P-07 Reese’s Pieces (of ass),0,P-06 Hot Ta-Mamas!,0,P-02,StarCenter Multisport - Farmers Branch (Court 13),"Fri, Nov 21 2025",7:45 PM,Fall
P-08 Nutty Buddies,25,P-04 The SnM’s,17,P-03,StarCenter Multisport - Farmers Branch (Court 14),"Fri, Nov 21 2025",7:45 PM,Fall
P-08 Nutty Buddies,18,P-04 The SnM’s,25,P-03,StarCenter Multisport - Farmers Branch (Court 14),"Fri, Nov 21 2025",7:45 PM,Fall
P-07 Reese’s Pieces (of ass),0,P-02 Spikes and Ike’s,0,P-06,StarCenter Multisport - Farmers Branch (Court 13),"Fri, Nov 21 2025",8:30 PM,Fall
P-07 Reese’s Pieces (of ass),0,P-02 Spikes and Ike’s,0,P-06,StarCenter Multisport - Farmers Branch (Court 13),"Fri, Nov 21 2025",8:30 PM,Fall
P-08 Nutty Buddies,25,P-03 Blows Pop,27,P-04,StarCenter Multisport - Farmers Branch (Court 14),"Fri, Nov 21 2025",8:30 PM,Fall
P-08 Nutty Buddies,17,P-03 Blows Pop,23,P-04,StarCenter Multisport - Farmers Branch (Court 14),"Fri, Nov 21 2025",8:30 PM,Fall
P-05 Jaw Breakers,21,P-01 Pop rocks cock blocks,25,P-09,StarCenter Multisport - Farmers Branch (Court 13),"Fri, Nov 21 2025",9:15 PM,Fall
P-05 Jaw Breakers,24,P-01 Pop rocks cock blocks,19,P-09,StarCenter Multisport - Farmers Branch (Court 13),"Fri, Nov 21 2025",9:15 PM,Fall
P-09 Taste My Rainbow,10,P-05 Jaw Breakers,25,P-01,StarCenter Multisport - Farmers Branch (Court 13),"Fri, Nov 21 2025",10:00 PM,Fall
P-09 Taste My Rainbow,16,P-05 Jaw Breakers,25,P-01,StarCenter Multisport - Farmers Branch (Court 13),"Fri, Nov 21 2025",10:00 PM,Fall
P-09 Taste My Rainbow,22,P-01 Pop rocks cock blocks,25,P-05,StarCenter Multisport - Farmers Branch (Court 13),"Fri, Nov 21 2025",10:45 PM,Fall
P-09 Taste My Rainbow,21,P-01 Pop rocks cock blocks,25,P-05,StarCenter Multisport - Farmers Branch (Court 13),"Fri, Nov 21 2025",10:45 PM,Fall
R-03 Thunderballz,25,R-01 Hulk-Smash,16,R-06,StarCenter Multisport - Farmers Branch (Court 1),"Fri, Aug 22 2025",7:00 PM,Fall
R-03 Thunderballz,25,R-01 Hulk-Smash,12,R-06,StarCenter Multisport - Farmers Branch (Court 1),"Fri, Aug 22 2025",7:00 PM,Fall
R-06 Spike Men: Days of the Slay Past,25,R-03 Thunderballz,20,R-01,StarCenter Multisport - Farmers Branch (Court 1),"Fri, Aug 22 2025",7:45 PM,Fall
R-06 Spike Men: Days of the Slay Past,14,R-03 Thunderballz,19,R-01,StarCenter Multisport - Farmers Branch (Court 1),"Fri, Aug 22 2025",7:45 PM,Fall
R-06 Spike Men: Days of the Slay Past,25,R-01 Hulk-Smash,21,R-03,StarCenter Multisport - Farmers Branch (Court 1),"Fri, Aug 22 2025",8:30 PM,Fall
R-06 Spike Men: Days of the Slay Past,22,R-01 Hulk-Smash,18,R-03,StarCenter Multisport - Farmers Branch (Court 1),"Fri, Aug 22 2025",8:30 PM,Fall
R-04 Spiketastic Seven,19,R-02 Guardians of The Net,25,R-05,StarCenter Multisport - Farmers Branch (Court 1),"Fri, Aug 22 2025",9:15 PM,Fall
R-04 Spiketastic Seven,23,R-02 Guardians of The Net,25,R-05,StarCenter Multisport - Farmers Branch (Court 1),"Fri, Aug 22 2025",9:15 PM,Fall
R-05 The PowerPass Girls,25,R-04 Spiketastic Seven,15,R-02,StarCenter Multisport - Farmers Branch (Court 1),"Fri, Aug 22 2025",10:00 PM,Fall
R-05 The PowerPass Girls,25,R-04 Spiketastic Seven,22,R-02,StarCenter Multisport - Farmers Branch (Court 1),"Fri, Aug 22 2025",10:00 PM,Fall
R-05 The PowerPass Girls,15,R-02 Guardians of The Net,25,R-04,StarCenter Multisport - Farmers Branch (Court 1),"Fri, Aug 22 2025",10:45 PM,Fall
R-05 The PowerPass Girls,12,R-02 Guardians of The Net,25,R-04,StarCenter Multisport - Farmers Branch (Court 1),"Fri, Aug 22 2025",10:45 PM,Fall
R-04 Spiketastic Seven,25,R-01 Hulk-Smash,16,R-05,StarCenter Multisport - Farmers Branch (Court 1),"Fri, Sep 5 2025",7:00 PM,Fall
R-04 Spiketastic Seven,20,R-01 Hulk-Smash,22,R-05,StarCenter Multisport - Farmers Branch (Court 1),"Fri, Sep 5 2025",7:00 PM,Fall
R-05 The PowerPass Girls,25,R-04 Spiketastic Seven,22,R-01,StarCenter Multisport - Farmers Branch (Court 1),"Fri, Sep 5 2025",7:45 PM,Fall
R-05 The PowerPass Girls,7,R-04 Spiketastic Seven,23,R-01,StarCenter Multisport - Farmers Branch (Court 1),"Fri, Sep 5 2025",7:45 PM,Fall
R-05 The PowerPass Girls,19,R-01 Hulk-Smash,25,R-04,StarCenter Multisport - Farmers Branch (Court 1),"Fri, Sep 5 2025",8:30 PM,Fall
R-05 The PowerPass Girls,18,R-01 Hulk-Smash,25,R-04,StarCenter Multisport - Farmers Branch (Court 1),"Fri, Sep 5 2025",8:30 PM,Fall
R-03 Thunderballz,25,R-02 Guardians of The Net,14,R-06,StarCenter Multisport - Farmers Branch (Court 1),"Fri, Sep 5 2025",9:15 PM,Fall
R-03 Thunderballz,10,R-02 Guardians of The Net,25,R-06,StarCenter Multisport - Farmers Branch (Court 1),"Fri, Sep 5 2025",9:15 PM,Fall
R-06 Spike Men: Days of the Slay Past,19,R-03 Thunderballz,25,R-02,StarCenter Multisport - Farmers Branch (Court 1),"Fri, Sep 5 2025",10:00 PM,Fall
R-06 Spike Men: Days of the Slay Past,20,R-03 Thunderballz,25,R-02,StarCenter Multisport - Farmers Branch (Court 1),"Fri, Sep 5 2025",10:00 PM,Fall
R-06 Spike Men: Days of the Slay Past,26,R-02 Guardians of The Net,27,R-03,StarCenter Multisport - Farmers Branch (Court 1),"Fri, Sep 5 2025",10:45 PM,Fall
R-06 Spike Men: Days of the Slay Past,9,R-02 Guardians of The Net,21,R-03,StarCenter Multisport - Farmers Branch (Court 1),"Fri, Sep 5 2025",10:45 PM,Fall
R-05 The PowerPass Girls,12,R-02 Guardians of The Net,25,R-06,StarCenter Multisport - Farmers Branch (Court 1),"Fri, Sep 12 2025",7:00 PM,Fall
R-05 The PowerPass Girls,23,R-02 Guardians of The Net,25,R-06,StarCenter Multisport - Farmers Branch (Court 1),"Fri, Sep 12 2025",7:00 PM,Fall
R-06 Spike Men: Days of the Slay Past,25,R-05 The PowerPass Girls,22,R-02,StarCenter Multisport - Farmers Branch (Court 1),"Fri, Sep 12 2025",7:45 PM,Fall
R-06 Spike Men: Days of the Slay Past,17,R-05 The PowerPass Girls,25,R-02,StarCenter Multisport - Farmers Branch (Court 1),"Fri, Sep 12 2025",7:45 PM,Fall
R-06 Spike Men: Days of the Slay Past,25,R-02 Guardians of The Net,21,R-05,StarCenter Multisport - Farmers Branch (Court 1),"Fri, Sep 12 2025",8:30 PM,Fall
R-06 Spike Men: Days of the Slay Past,21,R-02 Guardians of The Net,23,R-05,StarCenter Multisport - Farmers Branch (Court 1),"Fri, Sep 12 2025",8:30 PM,Fall
R-03 Thunderballz,27,R-01 Hulk-Smash,25,R-04,StarCenter Multisport - Farmers Branch (Court 1),"Fri, Sep 12 2025",9:15 PM,Fall
R-03 Thunderballz,18,R-01 Hulk-Smash,12,R-04,StarCenter Multisport - Farmers Branch (Court 1),"Fri, Sep 12 2025",9:15 PM,Fall
R-04 Spiketastic Seven,25,R-03 Thunderballz,27,R-01,StarCenter Multisport - Farmers Branch (Court 1),"Fri, Sep 12 2025",10:00 PM,Fall
R-04 Spiketastic Seven,17,R-03 Thunderballz,23,R-01,StarCenter Multisport - Farmers Branch (Court 1),"Fri, Sep 12 2025",10:00 PM,Fall
R-04 Spiketastic Seven,16,R-01 Hulk-Smash,25,R-03,StarCenter Multisport - Farmers Branch (Court 1),"Fri, Sep 12 2025",10:45 PM,Fall
R-04 Spiketastic Seven,25,R-01 Hulk-Smash,12,R-03,StarCenter Multisport - Farmers Branch (Court 1),"Fri, Sep 12 2025",10:45 PM,Fall
R-04 Spiketastic Seven,18,R-02 Guardians of The Net,25,R-05,StarCenter Multisport - Farmers Branch (Court 1),"Fri, Sep 19 2025",7:00 PM,Fall
R-04 Spiketastic Seven,16,R-02 Guardians of The Net,25,R-05,StarCenter Multisport - Farmers Branch (Court 1),"Fri, Sep 19 2025",7:00 PM,Fall
R-05 The PowerPass Girls,25,R-04 Spiketastic Seven,19,R-02,StarCenter Multisport - Farmers Branch (Court 1),"Fri, Sep 19 2025",7:45 PM,Fall
R-05 The PowerPass Girls,25,R-04 Spiketastic Seven,22,R-02,StarCenter Multisport - Farmers Branch (Court 1),"Fri, Sep 19 2025",7:45 PM,Fall
R-05 The PowerPass Girls,20,R-02 Guardians of The Net,25,R-04,StarCenter Multisport - Farmers Branch (Court 1),"Fri, Sep 19 2025",8:30 PM,Fall
R-05 The PowerPass Girls,21,R-02 Guardians of The Net,25,R-04,StarCenter Multisport - Farmers Branch (Court 1),"Fri, Sep 19 2025",8:30 PM,Fall
R-03 Thunderballz,25,R-01 Hulk-Smash,14,R-06,StarCenter Multisport - Farmers Branch (Court 1),"Fri, Sep 19 2025",9:15 PM,Fall
R-03 Thunderballz,26,R-01 Hulk-Smash,24,R-06,StarCenter Multisport - Farmers Branch (Court 1),"Fri, Sep 19 2025",9:15 PM,Fall
R-06 Spike Men: Days of the Slay Past,16,R-03 Thunderballz,25,R-01,StarCenter Multisport - Farmers Branch (Court 1),"Fri, Sep 19 2025",10:00 PM,Fall
R-06 Spike Men: Days of the Slay Past,18,R-03 Thunderballz,18,R-01,StarCenter Multisport - Farmers Branch (Court 1),"Fri, Sep 19 2025",10:00 PM,Fall
R-06 Spike Men: Days of the Slay Past,25,R-01 Hulk-Smash,16,R-03,StarCenter Multisport - Farmers Branch (Court 1),"Fri, Sep 19 2025",10:45 PM,Fall
R-06 Spike Men: Days of the Slay Past,25,R-01 Hulk-Smash,17,R-03,StarCenter Multisport - Farmers Branch (Court 1),"Fri, Sep 19 2025",10:45 PM,Fall
R-03 Thunderballz,25,R-02 Guardians of The Net,20,R-04,StarCenter Multisport - Farmers Branch (Court 1),"Fri, Sep 26 2025",7:00 PM,Fall
R-03 Thunderballz,15,R-02 Guardians of The Net,22,R-04,StarCenter Multisport - Farmers Branch (Court 1),"Fri, Sep 26 2025",7:00 PM,Fall
R-04 Spiketastic Seven,15,R-03 Thunderballz,25,R-02,StarCenter Multisport - Farmers Branch (Court 1),"Fri, Sep 26 2025",7:45 PM,Fall
R-04 Spiketastic Seven,10,R-03 Thunderballz,25,R-02,StarCenter Multisport - Farmers Branch (Court 1),"Fri, Sep 26 2025",7:45 PM,Fall
R-04 Spiketastic Seven,18,R-02 Guardians of The Net,25,R-03,StarCenter Multisport - Farmers Branch (Court 1),"Fri, Sep 26 2025",8:30 PM,Fall
R-04 Spiketastic Seven,22,R-02 Guardians of The Net,25,R-03,StarCenter Multisport - Farmers Branch (Court 1),"Fri, Sep 26 2025",8:30 PM,Fall
R-05 The PowerPass Girls,23,R-01 Hulk-Smash,25,R-06,StarCenter Multisport - Farmers Branch (Court 1),"Fri, Sep 26 2025",9:15 PM,Fall
R-05 The PowerPass Girls,23,R-01 Hulk-Smash,25,R-06,StarCenter Multisport - Farmers Branch (Court 1),"Fri, Sep 26 2025",9:15 PM,Fall
R-06 Spike Men: Days of the Slay Past,26,R-05 The PowerPass Girls,24,R-01,StarCenter Multisport - Farmers Branch (Court 1),"Fri, Sep 26 2025",10:00 PM,Fall
R-06 Spike Men: Days of the Slay Past,22,R-05 The PowerPass Girls,25,R-01,StarCenter Multisport - Farmers Branch (Court 1),"Fri, Sep 26 2025",10:00 PM,Fall
R-06 Spike Men: Days of the Slay Past,25,R-01 Hulk-Smash,23,R-05,StarCenter Multisport - Farmers Branch (Court 1),"Fri, Sep 26 2025",10:45 PM,Fall
R-06 Spike Men: Days of the Slay Past,25,R-01 Hulk-Smash,19,R-05,StarCenter Multisport - Farmers Branch (Court 1),"Fri, Sep 26 2025",10:45 PM,Fall
R-03 Thunderballz,25,R-01 Hulk-Smash,21,R-04,StarCenter Multisport - Farmers Branch (Court 1),"Fri, Oct 10 2025",7:00 PM,Fall
R-03 Thunderballz,25,R-01 Hulk-Smash,20,R-04,StarCenter Multisport - Farmers Branch (Court 1),"Fri, Oct 10 2025",7:00 PM,Fall
R-04 Spiketastic Seven,18,R-03 Thunderballz,25,R-01,StarCenter Multisport - Farmers Branch (Court 1),"Fri, Oct 10 2025",7:45 PM,Fall
R-04 Spiketastic Seven,7,R-03 Thunderballz,25,R-01,StarCenter Multisport - Farmers Branch (Court 1),"Fri, Oct 10 2025",7:45 PM,Fall
R-04 Spiketastic Seven,20,R-01 Hulk-Smash,25,R-03,StarCenter Multisport - Farmers Branch (Court 1),"Fri, Oct 10 2025",8:30 PM,Fall
R-04 Spiketastic Seven,25,R-01 Hulk-Smash,23,R-03,StarCenter Multisport - Farmers Branch (Court 1),"Fri, Oct 10 2025",8:30 PM,Fall
R-05 The PowerPass Girls,25,R-02 Guardians of The Net,13,R-06,StarCenter Multisport - Farmers Branch (Court 1),"Fri, Oct 10 2025",9:15 PM,Fall
R-05 The PowerPass Girls,25,R-02 Guardians of The Net,21,R-06,StarCenter Multisport - Farmers Branch (Court 1),"Fri, Oct 10 2025",9:15 PM,Fall
R-06 Spike Men: Days of the Slay Past,22,R-05 The PowerPass Girls,25,R-02,StarCenter Multisport - Farmers Branch (Court 1),"Fri, Oct 10 2025",10:00 PM,Fall
R-06 Spike Men: Days of the Slay Past,25,R-05 The PowerPass Girls,22,R-02,StarCenter Multisport - Farmers Branch (Court 1),"Fri, Oct 10 2025",10:00 PM,Fall
R-06 Spike Men: Days of the Slay Past,19,R-02 Guardians of The Net,25,R-05,StarCenter Multisport - Farmers Branch (Court 1),"Fri, Oct 10 2025",10:45 PM,Fall
R-06 Spike Men: Days of the Slay Past,23,R-02 Guardians of The Net,25,R-05,StarCenter Multisport - Farmers Branch (Court 1),"Fri, Oct 10 2025",10:45 PM,Fall
R-03 Thunderballz,25,R-01 Hulk-Smash,20,R-06,StarCenter Multisport - Farmers Branch (Court 1),"Fri, Oct 17 2025",7:00 PM,Fall
R-03 Thunderballz,24,R-01 Hulk-Smash,26,R-06,StarCenter Multisport - Farmers Branch (Court 1),"Fri, Oct 17 2025",7:00 PM,Fall
R-06 Spike Men: Days of the Slay Past,21,R-03 Thunderballz,25,R-01,StarCenter Multisport - Farmers Branch (Court 1),"Fri, Oct 17 2025",7:45 PM,Fall
R-06 Spike Men: Days of the Slay Past,15,R-03 Thunderballz,25,R-01,StarCenter Multisport - Farmers Branch (Court 1),"Fri, Oct 17 2025",7:45 PM,Fall
R-06 Spike Men: Days of the Slay Past,25,R-01 Hulk-Smash,16,R-03,StarCenter Multisport - Farmers Branch (Court 1),"Fri, Oct 17 2025",8:30 PM,Fall
R-06 Spike Men: Days of the Slay Past,25,R-01 Hulk-Smash,21,R-03,StarCenter Multisport - Farmers Branch (Court 1),"Fri, Oct 17 2025",8:30 PM,Fall
R-04 Spiketastic Seven,18,R-02 Guardians of The Net,25,R-05,StarCenter Multisport - Farmers Branch (Court 1),"Fri, Oct 17 2025",9:15 PM,Fall
R-04 Spiketastic Seven,16,R-02 Guardians of The Net,25,R-05,StarCenter Multisport - Farmers Branch (Court 1),"Fri, Oct 17 2025",9:15 PM,Fall
R-05 The PowerPass Girls,18,R-04 Spiketastic Seven,25,R-02,StarCenter Multisport - Farmers Branch (Court 1),"Fri, Oct 17 2025",10:00 PM,Fall
R-05 The PowerPass Girls,21,R-04 Spiketastic Seven,25,R-02,StarCenter Multisport - Farmers Branch (Court 1),"Fri, Oct 17 2025",10:00 PM,Fall
R-05 The PowerPass Girls,18,R-02 Guardians of The Net,25,R-04,StarCenter Multisport - Farmers Branch (Court 1),"Fri, Oct 17 2025",10:45 PM,Fall
R-05 The PowerPass Girls,13,R-02 Guardians of The Net,25,R-04,StarCenter Multisport - Farmers Branch (Court 1),"Fri, Oct 17 2025",10:45 PM,Fall
R-05 The PowerPass Girls,18,R-01 Hulk-Smash,25,R-06,StarCenter Multisport - Farmers Branch (Court 1),"Fri, Oct 24 2025",7:00 PM,Fall
R-05 The PowerPass Girls,25,R-01 Hulk-Smash,17,R-06,StarCenter Multisport - Farmers Branch (Court 1),"Fri, Oct 24 2025",7:00 PM,Fall
R-06 Spike Men: Days of the Slay Past,25,R-05 The PowerPass Girls,17,R-01,StarCenter Multisport - Farmers Branch (Court 1),"Fri, Oct 24 2025",7:45 PM,Fall
R-06 Spike Men: Days of the Slay Past,15,R-05 The PowerPass Girls,25,R-01,StarCenter Multisport - Farmers Branch (Court 1),"Fri, Oct 24 2025",7:45 PM,Fall
R-06 Spike Men: Days of the Slay Past,25,R-01 Hulk-Smash,22,R-05,StarCenter Multisport - Farmers Branch (Court 1),"Fri, Oct 24 2025",8:30 PM,Fall
R-06 Spike Men: Days of the Slay Past,21,R-01 Hulk-Smash,25,R-05,StarCenter Multisport - Farmers Branch (Court 1),"Fri, Oct 24 2025",8:30 PM,Fall
R-03 Thunderballz,25,R-02 Guardians of The Net,22,R-04,StarCenter Multisport - Farmers Branch (Court 1),"Fri, Oct 24 2025",9:15 PM,Fall
R-03 Thunderballz,25,R-02 Guardians of The Net,21,R-04,StarCenter Multisport - Farmers Branch (Court 1),"Fri, Oct 24 2025",9:15 PM,Fall
R-04 Spiketastic Seven,20,R-03 Thunderballz,25,R-02,StarCenter Multisport - Farmers Branch (Court 1),"Fri, Oct 24 2025",10:00 PM,Fall
R-04 Spiketastic Seven,20,R-03 Thunderballz,25,R-02,StarCenter Multisport - Farmers Branch (Court 1),"Fri, Oct 24 2025",10:00 PM,Fall
R-04 Spiketastic Seven,12,R-02 Guardians of The Net,25,R-03,StarCenter Multisport - Farmers Branch (Court 1),"Fri, Oct 24 2025",10:45 PM,Fall
R-04 Spiketastic Seven,19,R-02 Guardians of The Net,25,R-03,StarCenter Multisport - Farmers Branch (Court 1),"Fri, Oct 24 2025",10:45 PM,Fall
R-03 Thunderballz,25,R-02 Guardians of The Net,19,R-06,StarCenter Multisport - Farmers Branch (Court 1),"Fri, Nov 7 2025",7:00 PM,Fall
R-03 Thunderballz,25,R-02 Guardians of The Net,14,R-06,StarCenter Multisport - Farmers Branch (Court 1),"Fri, Nov 7 2025",7:00 PM,Fall
R-06 Spike Men: Days of the Slay Past,8,R-03 Thunderballz,25,R-02,StarCenter Multisport - Farmers Branch (Court 1),"Fri, Nov 7 2025",7:45 PM,Fall
R-06 Spike Men: Days of the Slay Past,16,R-03 Thunderballz,25,R-02,StarCenter Multisport - Farmers Branch (Court 1),"Fri, Nov 7 2025",7:45 PM,Fall
R-06 Spike Men: Days of the Slay Past,25,R-02 Guardians of The Net,21,R-03,StarCenter Multisport - Farmers Branch (Court 1),"Fri, Nov 7 2025",8:30 PM,Fall
R-06 Spike Men: Days of the Slay Past,16,R-02 Guardians of The Net,25,R-03,StarCenter Multisport - Farmers Branch (Court 1),"Fri, Nov 7 2025",8:30 PM,Fall
R-04 Spiketastic Seven,21,R-01 Hulk-Smash,25,R-05,StarCenter Multisport - Farmers Branch (Court 1),"Fri, Nov 7 2025",9:15 PM,Fall
R-04 Spiketastic Seven,25,R-01 Hulk-Smash,22,R-05,StarCenter Multisport - Farmers Branch (Court 1),"Fri, Nov 7 2025",9:15 PM,Fall
R-05 The PowerPass Girls,23,R-04 Spiketastic Seven,25,R-01,StarCenter Multisport - Farmers Branch (Court 1),"Fri, Nov 7 2025",10:00 PM,Fall
R-05 The PowerPass Girls,25,R-04 Spiketastic Seven,19,R-01,StarCenter Multisport - Farmers Branch (Court 1),"Fri, Nov 7 2025",10:00 PM,Fall
R-05 The PowerPass Girls,25,R-01 Hulk-Smash,20,R-04,StarCenter Multisport - Farmers Branch (Court 1),"Fri, Nov 7 2025",10:45 PM,Fall
R-05 The PowerPass Girls,25,R-01 Hulk-Smash,11,R-04,StarCenter Multisport - Farmers Branch (Court 1),"Fri, Nov 7 2025",10:45 PM,Fall
R-04 Spiketastic Seven,26,R-02 Guardians of The Net,27,R-05,StarCenter Multisport - Farmers Branch (Court 1),"Fri, Nov 14 2025",7:00 PM,Fall
R-04 Spiketastic Seven,13,R-02 Guardians of The Net,25,R-05,StarCenter Multisport - Farmers Branch (Court 1),"Fri, Nov 14 2025",7:00 PM,Fall
R-05 The PowerPass Girls,25,R-04 Spiketastic Seven,18,R-02,StarCenter Multisport - Farmers Branch (Court 1),"Fri, Nov 14 2025",7:45 PM,Fall
R-05 The PowerPass Girls,25,R-04 Spiketastic Seven,15,R-02,StarCenter Multisport - Farmers Branch (Court 1),"Fri, Nov 14 2025",7:45 PM,Fall
R-05 The PowerPass Girls,26,R-02 Guardians of The Net,24,R-04,StarCenter Multisport - Farmers Branch (Court 1),"Fri, Nov 14 2025",8:30 PM,Fall
R-05 The PowerPass Girls,16,R-02 Guardians of The Net,25,R-04,StarCenter Multisport - Farmers Branch (Court 1),"Fri, Nov 14 2025",8:30 PM,Fall
R-03 Thunderballz,10,R-01 Hulk-Smash,25,R-06,StarCenter Multisport - Farmers Branch (Court 1),"Fri, Nov 14 2025",9:15 PM,Fall
R-03 Thunderballz,25,R-01 Hulk-Smash,20,R-06,StarCenter Multisport - Farmers Branch (Court 1),"Fri, Nov 14 2025",9:15 PM,Fall
R-06 Spike Men: Days of the Slay Past,23,R-03 Thunderballz,25,R-01,StarCenter Multisport - Farmers Branch (Court 1),"Fri, Nov 14 2025",10:00 PM,Fall
R-06 Spike Men: Days of the Slay Past,23,R-03 Thunderballz,25,R-01,StarCenter Multisport - Farmers Branch (Court 1),"Fri, Nov 14 2025",10:00 PM,Fall
R-06 Spike Men: Days of the Slay Past,21,R-01 Hulk-Smash,25,R-03,StarCenter Multisport - Farmers Branch (Court 1),"Fri, Nov 14 2025",10:45 PM,Fall
R-06 Spike Men: Days of the Slay Past,25,R-01 Hulk-Smash,20,R-03,StarCenter Multisport - Farmers Branch (Court 1),"Fri, Nov 14 2025",10:45 PM,Fall
R-04 Spiketastic Seven,25,R-01 Hulk-Smash,22,R-06,StarCenter Multisport - Farmers Branch (Court 1),"Fri, Nov 21 2025",7:00 PM,Fall
R-04 Spiketastic Seven,25,R-01 Hulk-Smash,22,R-06,StarCenter Multisport - Farmers Branch (Court 1),"Fri, Nov 21 2025",7:00 PM,Fall
R-06 Spike Men: Days of the Slay Past,26,R-04 Spiketastic Seven,24,R-01,StarCenter Multisport - Farmers Branch (Court 1),"Fri, Nov 21 2025",7:45 PM,Fall
R-06 Spike Men: Days of the Slay Past,24,R-04 Spiketastic Seven,18,R-01,StarCenter Multisport - Farmers Branch (Court 1),"Fri, Nov 21 2025",7:45 PM,Fall
R-06 Spike Men: Days of the Slay Past,25,R-01 Hulk-Smash,18,R-04,StarCenter Multisport - Farmers Branch (Court 1),"Fri, Nov 21 2025",8:30 PM,Fall
R-06 Spike Men: Days of the Slay Past,27,R-01 Hulk-Smash,25,R-04,StarCenter Multisport - Farmers Branch (Court 1),"Fri, Nov 21 2025",8:30 PM,Fall
R-03 Thunderballz,9,R-02 Guardians of The Net,25,R-05,StarCenter Multisport - Farmers Branch (Court 1),"Fri, Nov 21 2025",9:15 PM,Fall
R-03 Thunderballz,17,R-02 Guardians of The Net,25,R-05,StarCenter Multisport - Farmers Branch (Court 1),"Fri, Nov 21 2025",9:15 PM,Fall
R-05 The PowerPass Girls,18,R-03 Thunderballz,25,R-02,StarCenter Multisport - Farmers Branch (Court 1),"Fri, Nov 21 2025",10:00 PM,Fall
R-05 The PowerPass Girls,19,R-03 Thunderballz,25,R-02,StarCenter Multisport - Farmers Branch (Court 1),"Fri, Nov 21 2025",10:00 PM,Fall
R-05 The PowerPass Girls,20,R-02 Guardians of The Net,25,R-03,StarCenter Multisport - Farmers Branch (Court 1),"Fri, Nov 21 2025",10:45 PM,Fall
R-05 The PowerPass Girls,23,R-02 Guardians of The Net,25,R-03,StarCenter Multisport - Farmers Branch (Court 1),"Fri, Nov 21 2025",10:45 PM,Fall
S-10 - Bump-ty Dump-tys,24,S-01 - Duck Duck Ace,26,S-13,StarCenter Multisport - Farmers Branch (Court 7),"Fri, Aug 22 2025",7:00 PM,Fall
S-10 - Bump-ty Dump-tys,12,S-01 - Duck Duck Ace,13,S-13,StarCenter Multisport - Farmers Branch (Court 7),"Fri, Aug 22 2025",7:00 PM,Fall
S-05 - The Prince And The Passer,26,S-02 - Itsy Bitsy Spikers,24,S-14,StarCenter Multisport - Farmers Branch (Court 8),"Fri, Aug 22 2025",7:00 PM,Fall
S-05 - The Prince And The Passer,19,S-02 - Itsy Bitsy Spikers,10,S-14,StarCenter Multisport - Farmers Branch (Court 8),"Fri, Aug 22 2025",7:00 PM,Fall
S-07 - The Blockyardigans,25,S-03 - Not The Gumdrop Aces,17,S-09,StarCenter Multisport - Farmers Branch (Court 9),"Fri, Aug 22 2025",7:00 PM,Fall
S-07 - The Blockyardigans,25,S-03 - Not The Gumdrop Aces,14,S-09,StarCenter Multisport - Farmers Branch (Court 9),"Fri, Aug 22 2025",7:00 PM,Fall
S-13 - Block A Bye Baby,25,S-10 - Bump-ty Dump-tys,27,S-01,StarCenter Multisport - Farmers Branch (Court 7),"Fri, Aug 22 2025",7:45 PM,Fall
S-13 - Block A Bye Baby,13,S-10 - Bump-ty Dump-tys,10,S-01,StarCenter Multisport - Farmers Branch (Court 7),"Fri, Aug 22 2025",7:45 PM,Fall
S-14 - Slam I Am,17,S-05 - The Prince And The Passer,25,S-02,StarCenter Multisport - Farmers Branch (Court 8),"Fri, Aug 22 2025",7:45 PM,Fall
S-14 - Slam I Am,13,S-05 - The Prince And The Passer,18,S-02,StarCenter Multisport - Farmers Branch (Court 8),"Fri, Aug 22 2025",7:45 PM,Fall
S-09 - Bibbidi Boppity Boom!,22,S-07 - The Blockyardigans,25,S-03,StarCenter Multisport - Farmers Branch (Court 9),"Fri, Aug 22 2025",7:45 PM,Fall
S-09 - Bibbidi Boppity Boom!,15,S-07 - The Blockyardigans,16,S-03,StarCenter Multisport - Farmers Branch (Court 9),"Fri, Aug 22 2025",7:45 PM,Fall
S-13 - Block A Bye Baby,21,S-01 - Duck Duck Ace,25,S-10,StarCenter Multisport - Farmers Branch (Court 7),"Fri, Aug 22 2025",8:30 PM,Fall
S-13 - Block A Bye Baby,14,S-01 - Duck Duck Ace,11,S-10,StarCenter Multisport - Farmers Branch (Court 7),"Fri, Aug 22 2025",8:30 PM,Fall
S-14 - Slam I Am,25,S-02 - Itsy Bitsy Spikers,16,S-05,StarCenter Multisport - Farmers Branch (Court 8),"Fri, Aug 22 2025",8:30 PM,Fall
S-14 - Slam I Am,24,S-02 - Itsy Bitsy Spikers,22,S-05,StarCenter Multisport - Farmers Branch (Court 8),"Fri, Aug 22 2025",8:30 PM,Fall
S-09 - Bibbidi Boppity Boom!,25,S-03 - Not The Gumdrop Aces,17,S-07,StarCenter Multisport - Farmers Branch (Court 9),"Fri, Aug 22 2025",8:30 PM,Fall
S-09 - Bibbidi Boppity Boom!,25,S-03 - Not The Gumdrop Aces,14,S-07,StarCenter Multisport - Farmers Branch (Court 9),"Fri, Aug 22 2025",8:30 PM,Fall
S-08 - Goldi-Blocks,25,S-04 - Little Red Spikers,18,S-16,StarCenter Multisport - Farmers Branch (Court 7),"Fri, Aug 22 2025",9:15 PM,Fall
S-08 - Goldi-Blocks,25,S-04 - Little Red Spikers,11,S-16,StarCenter Multisport - Farmers Branch (Court 7),"Fri, Aug 22 2025",9:15 PM,Fall
S-12 - Dragon Tales And Hits,25,S-06 - Twinkerbells,17,S-18,StarCenter Multisport - Farmers Branch (Court 8),"Fri, Aug 22 2025",9:15 PM,Fall
S-12 - Dragon Tales And Hits,24,S-06 - Twinkerbells,14,S-18,StarCenter Multisport - Farmers Branch (Court 8),"Fri, Aug 22 2025",9:15 PM,Fall
S-15 - Green Eggs & Slam,20,S-11 - Bumpty Dumpty v1,25,S-17,StarCenter Multisport - Farmers Branch (Court 9),"Fri, Aug 22 2025",9:15 PM,Fall
S-15 - Green Eggs & Slam,23,S-11 - Bumpty Dumpty v1,12,S-17,StarCenter Multisport - Farmers Branch (Court 9),"Fri, Aug 22 2025",9:15 PM,Fall
S-16 - If You Give A Mouse A Set,13,S-08 - Goldi-Blocks,25,S-04,StarCenter Multisport - Farmers Branch (Court 7),"Fri, Aug 22 2025",10:00 PM,Fall
S-16 - If You Give A Mouse A Set,19,S-08 - Goldi-Blocks,25,S-04,StarCenter Multisport - Farmers Branch (Court 7),"Fri, Aug 22 2025",10:00 PM,Fall
S-18 - Six Blind Mice,25,S-12 - Dragon Tales And Hits,13,S-06,StarCenter Multisport - Farmers Branch (Court 8),"Fri, Aug 22 2025",10:00 PM,Fall
S-18 - Six Blind Mice,16,S-12 - Dragon Tales And Hits,25,S-06,StarCenter Multisport - Farmers Branch (Court 8),"Fri, Aug 22 2025",10:00 PM,Fall
S-17 - Horton Hits A Shoot,18,S-15 - Green Eggs & Slam,25,S-11,StarCenter Multisport - Farmers Branch (Court 9),"Fri, Aug 22 2025",10:00 PM,Fall
S-17 - Horton Hits A Shoot,14,S-15 - Green Eggs & Slam,18,S-11,StarCenter Multisport - Farmers Branch (Court 9),"Fri, Aug 22 2025",10:00 PM,Fall
S-16 - If You Give A Mouse A Set,25,S-04 - Little Red Spikers,15,S-08,StarCenter Multisport - Farmers Branch (Court 7),"Fri, Aug 22 2025",10:45 PM,Fall
S-16 - If You Give A Mouse A Set,25,S-04 - Little Red Spikers,22,S-08,StarCenter Multisport - Farmers Branch (Court 7),"Fri, Aug 22 2025",10:45 PM,Fall
S-18 - Six Blind Mice,25,S-06 - Twinkerbells,17,S-12,StarCenter Multisport - Farmers Branch (Court 8),"Fri, Aug 22 2025",10:45 PM,Fall
S-18 - Six Blind Mice,20,S-06 - Twinkerbells,20,S-12,StarCenter Multisport - Farmers Branch (Court 8),"Fri, Aug 22 2025",10:45 PM,Fall
S-17 - Horton Hits A Shoot,12,S-11 - Bumpty Dumpty v1,25,S-15,StarCenter Multisport - Farmers Branch (Court 9),"Fri, Aug 22 2025",10:45 PM,Fall
S-17 - Horton Hits A Shoot,17,S-11 - Bumpty Dumpty v1,25,S-15,StarCenter Multisport - Farmers Branch (Court 9),"Fri, Aug 22 2025",10:45 PM,Fall
S-11 - Bumpty Dumpty v1,14,S-02 - Itsy Bitsy Spikers,25,S-16,StarCenter Multisport - Farmers Branch (Court 7),"Fri, Sep 5 2025",7:00 PM,Fall
S-11 - Bumpty Dumpty v1,15,S-02 - Itsy Bitsy Spikers,22,S-16,StarCenter Multisport - Farmers Branch (Court 7),"Fri, Sep 5 2025",7:00 PM,Fall
S-09 - Bibbidi Boppity Boom!,21,S-04 - Little Red Spikers,25,S-17,StarCenter Multisport - Farmers Branch (Court 8),"Fri, Sep 5 2025",7:00 PM,Fall
S-09 - Bibbidi Boppity Boom!,22,S-04 - Little Red Spikers,19,S-17,StarCenter Multisport - Farmers Branch (Court 8),"Fri, Sep 5 2025",7:00 PM,Fall
S-14 - Slam I Am,23,S-08 - Goldi-Blocks,25,S-15,StarCenter Multisport - Farmers Branch (Court 9),"Fri, Sep 5 2025",7:00 PM,Fall
S-14 - Slam I Am,18,S-08 - Goldi-Blocks,25,S-15,StarCenter Multisport - Farmers Branch (Court 9),"Fri, Sep 5 2025",7:00 PM,Fall
S-16 - If You Give A Mouse A Set,25,S-11 - Bumpty Dumpty v1,22,S-02,StarCenter Multisport - Farmers Branch (Court 7),"Fri, Sep 5 2025",7:45 PM,Fall
S-16 - If You Give A Mouse A Set,14,S-11 - Bumpty Dumpty v1,22,S-02,StarCenter Multisport - Farmers Branch (Court 7),"Fri, Sep 5 2025",7:45 PM,Fall
S-17 - Horton Hits A Shoot,12,S-09 - Bibbidi Boppity Boom!,25,S-04,StarCenter Multisport - Farmers Branch (Court 8),"Fri, Sep 5 2025",7:45 PM,Fall
S-17 - Horton Hits A Shoot,17,S-09 - Bibbidi Boppity Boom!,25,S-04,StarCenter Multisport - Farmers Branch (Court 8),"Fri, Sep 5 2025",7:45 PM,Fall
S-15 - Green Eggs & Slam,25,S-14 - Slam I Am,17,S-08,StarCenter Multisport - Farmers Branch (Court 9),"Fri, Sep 5 2025",7:45 PM,Fall
S-15 - Green Eggs & Slam,17,S-14 - Slam I Am,18,S-08,StarCenter Multisport - Farmers Branch (Court 9),"Fri, Sep 5 2025",7:45 PM,Fall
S-16 - If You Give A Mouse A Set,27,S-02 - Itsy Bitsy Spikers,26,S-11,StarCenter Multisport - Farmers Branch (Court 7),"Fri, Sep 5 2025",8:30 PM,Fall
S-16 - If You Give A Mouse A Set,16,S-02 - Itsy Bitsy Spikers,10,S-11,StarCenter Multisport - Farmers Branch (Court 7),"Fri, Sep 5 2025",8:30 PM,Fall
S-17 - Horton Hits A Shoot,16,S-04 - Little Red Spikers,25,S-09,StarCenter Multisport - Farmers Branch (Court 8),"Fri, Sep 5 2025",8:30 PM,Fall
S-17 - Horton Hits A Shoot,17,S-04 - Little Red Spikers,19,S-09,StarCenter Multisport - Farmers Branch (Court 8),"Fri, Sep 5 2025",8:30 PM,Fall
S-15 - Green Eggs & Slam,25,S-08 - Goldi-Blocks,20,S-14,StarCenter Multisport - Farmers Branch (Court 9),"Fri, Sep 5 2025",8:30 PM,Fall
S-15 - Green Eggs & Slam,13,S-08 - Goldi-Blocks,16,S-14,StarCenter Multisport - Farmers Branch (Court 9),"Fri, Sep 5 2025",8:30 PM,Fall
S-03 - Not The Gumdrop Aces,25,S-01 - Duck Duck Ace,21,S-12,StarCenter Multisport - Farmers Branch (Court 7),"Fri, Sep 5 2025",9:15 PM,Fall
S-03 - Not The Gumdrop Aces,4,S-01 - Duck Duck Ace,17,S-12,StarCenter Multisport - Farmers Branch (Court 7),"Fri, Sep 5 2025",9:15 PM,Fall
S-10 - Bump-ty Dump-tys,17,S-05 - The Prince And The Passer,25,S-18,StarCenter Multisport - Farmers Branch (Court 8),"Fri, Sep 5 2025",9:15 PM,Fall
S-10 - Bump-ty Dump-tys,17,S-05 - The Prince And The Passer,18,S-18,StarCenter Multisport - Farmers Branch (Court 8),"Fri, Sep 5 2025",9:15 PM,Fall
S-07 - The Blockyardigans,25,S-06 - Twinkerbells,17,S-13,StarCenter Multisport - Farmers Branch (Court 9),"Fri, Sep 5 2025",9:15 PM,Fall
S-07 - The Blockyardigans,18,S-06 - Twinkerbells,13,S-13,StarCenter Multisport - Farmers Branch (Court 9),"Fri, Sep 5 2025",9:15 PM,Fall
S-12 - Dragon Tales And Hits,25,S-03 - Not The Gumdrop Aces,14,S-01,StarCenter Multisport - Farmers Branch (Court 7),"Fri, Sep 5 2025",10:00 PM,Fall
S-12 - Dragon Tales And Hits,23,S-03 - Not The Gumdrop Aces,16,S-01,StarCenter Multisport - Farmers Branch (Court 7),"Fri, Sep 5 2025",10:00 PM,Fall
S-18 - Six Blind Mice,15,S-10 - Bump-ty Dump-tys,25,S-05,StarCenter Multisport - Farmers Branch (Court 8),"Fri, Sep 5 2025",10:00 PM,Fall
S-18 - Six Blind Mice,21,S-10 - Bump-ty Dump-tys,24,S-05,StarCenter Multisport - Farmers Branch (Court 8),"Fri, Sep 5 2025",10:00 PM,Fall
S-13 - Block A Bye Baby,22,S-07 - The Blockyardigans,25,S-06,StarCenter Multisport - Farmers Branch (Court 9),"Fri, Sep 5 2025",10:00 PM,Fall
S-13 - Block A Bye Baby,25,S-07 - The Blockyardigans,13,S-06,StarCenter Multisport - Farmers Branch (Court 9),"Fri, Sep 5 2025",10:00 PM,Fall
S-12 - Dragon Tales And Hits,25,S-01 - Duck Duck Ace,22,S-03,StarCenter Multisport - Farmers Branch (Court 7),"Fri, Sep 5 2025",10:45 PM,Fall
S-12 - Dragon Tales And Hits,15,S-01 - Duck Duck Ace,11,S-03,StarCenter Multisport - Farmers Branch (Court 7),"Fri, Sep 5 2025",10:45 PM,Fall
S-18 - Six Blind Mice,23,S-05 - The Prince And The Passer,25,S-10,StarCenter Multisport - Farmers Branch (Court 8),"Fri, Sep 5 2025",10:45 PM,Fall
S-18 - Six Blind Mice,10,S-05 - The Prince And The Passer,25,S-10,StarCenter Multisport - Farmers Branch (Court 8),"Fri, Sep 5 2025",10:45 PM,Fall
S-13 - Block A Bye Baby,25,S-06 - Twinkerbells,9,S-07,StarCenter Multisport - Farmers Branch (Court 9),"Fri, Sep 5 2025",10:45 PM,Fall
S-13 - Block A Bye Baby,23,S-06 - Twinkerbells,25,S-07,StarCenter Multisport - Farmers Branch (Court 9),"Fri, Sep 5 2025",10:45 PM,Fall
S-16 - If You Give A Mouse A Set,9,S-01 - Duck Duck Ace,25,S-18,StarCenter Multisport - Farmers Branch (Court 7),"Fri, Sep 12 2025",7:00 PM,Fall
S-16 - If You Give A Mouse A Set,15,S-01 - Duck Duck Ace,25,S-18,StarCenter Multisport - Farmers Branch (Court 7),"Fri, Sep 12 2025",7:00 PM,Fall
S-04 - Little Red Spikers,25,S-03 - Not The Gumdrop Aces,23,S-06,StarCenter Multisport - Farmers Branch (Court 8),"Fri, Sep 12 2025",7:00 PM,Fall
S-04 - Little Red Spikers,23,S-03 - Not The Gumdrop Aces,17,S-06,StarCenter Multisport - Farmers Branch (Court 8),"Fri, Sep 12 2025",7:00 PM,Fall
S-08 - Goldi-Blocks,25,S-05 - The Prince And The Passer,23,S-13,StarCenter Multisport - Farmers Branch (Court 9),"Fri, Sep 12 2025",7:00 PM,Fall
S-08 - Goldi-Blocks,17,S-05 - The Prince And The Passer,18,S-13,StarCenter Multisport - Farmers Branch (Court 9),"Fri, Sep 12 2025",7:00 PM,Fall
S-18 - Six Blind Mice,14,S-16 - If You Give A Mouse A Set,25,S-01,StarCenter Multisport - Farmers Branch (Court 7),"Fri, Sep 12 2025",7:45 PM,Fall
S-18 - Six Blind Mice,25,S-16 - If You Give A Mouse A Set,16,S-01,StarCenter Multisport - Farmers Branch (Court 7),"Fri, Sep 12 2025",7:45 PM,Fall
S-06 - Twinkerbells,20,S-04 - Little Red Spikers,25,S-03,StarCenter Multisport - Farmers Branch (Court 8),"Fri, Sep 12 2025",7:45 PM,Fall
S-06 - Twinkerbells,16,S-04 - Little Red Spikers,23,S-03,StarCenter Multisport - Farmers Branch (Court 8),"Fri, Sep 12 2025",7:45 PM,Fall
S-13 - Block A Bye Baby,21,S-08 - Goldi-Blocks,25,S-05,StarCenter Multisport - Farmers Branch (Court 9),"Fri, Sep 12 2025",7:45 PM,Fall
S-13 - Block A Bye Baby,25,S-08 - Goldi-Blocks,13,S-05,StarCenter Multisport - Farmers Branch (Court 9),"Fri, Sep 12 2025",7:45 PM,Fall
S-18 - Six Blind Mice,11,S-01 - Duck Duck Ace,25,S-16,StarCenter Multisport - Farmers Branch (Court 7),"Fri, Sep 12 2025",8:30 PM,Fall
S-18 - Six Blind Mice,13,S-01 - Duck Duck Ace,25,S-16,StarCenter Multisport - Farmers Branch (Court 7),"Fri, Sep 12 2025",8:30 PM,Fall
S-06 - Twinkerbells,15,S-03 - Not The Gumdrop Aces,25,S-04,StarCenter Multisport - Farmers Branch (Court 8),"Fri, Sep 12 2025",8:30 PM,Fall
S-06 - Twinkerbells,25,S-03 - Not The Gumdrop Aces,26,S-04,StarCenter Multisport - Farmers Branch (Court 8),"Fri, Sep 12 2025",8:30 PM,Fall
S-13 - Block A Bye Baby,26,S-05 - The Prince And The Passer,24,S-08,StarCenter Multisport - Farmers Branch (Court 9),"Fri, Sep 12 2025",8:30 PM,Fall
S-13 - Block A Bye Baby,16,S-05 - The Prince And The Passer,25,S-08,StarCenter Multisport - Farmers Branch (Court 9),"Fri, Sep 12 2025",8:30 PM,Fall
S-14 - Slam I Am,0,S-07 - The Blockyardigans,25,S-17,StarCenter Multisport - Farmers Branch (Court 7),"Fri, Sep 12 2025",9:15 PM,Fall
S-14 - Slam I Am,0,S-07 - The Blockyardigans,25,S-17,StarCenter Multisport - Farmers Branch (Court 7),"Fri, Sep 12 2025",9:15 PM,Fall
S-10 - Bump-ty Dump-tys,24,S-02 - Itsy Bitsy Spikers,26,S-15,StarCenter Multisport - Farmers Branch (Court 8),"Fri, Sep 12 2025",9:15 PM,Fall
S-10 - Bump-ty Dump-tys,11,S-02 - Itsy Bitsy Spikers,19,S-15,StarCenter Multisport - Farmers Branch (Court 8),"Fri, Sep 12 2025",9:15 PM,Fall
S-11 - Bumpty Dumpty v1,25,S-09 - Bibbidi Boppity Boom!,16,S-12,StarCenter Multisport - Farmers Branch (Court 9),"Fri, Sep 12 2025",9:15 PM,Fall
S-11 - Bumpty Dumpty v1,23,S-09 - Bibbidi Boppity Boom!,20,S-12,StarCenter Multisport - Farmers Branch (Court 9),"Fri, Sep 12 2025",9:15 PM,Fall
S-17 - Horton Hits A Shoot,25,S-14 - Slam I Am,0,S-07,StarCenter Multisport - Farmers Branch (Court 7),"Fri, Sep 12 2025",10:00 PM,Fall
S-17 - Horton Hits A Shoot,25,S-14 - Slam I Am,0,S-07,StarCenter Multisport - Farmers Branch (Court 7),"Fri, Sep 12 2025",10:00 PM,Fall
S-15 - Green Eggs & Slam,22,S-10 - Bump-ty Dump-tys,25,S-02,StarCenter Multisport - Farmers Branch (Court 8),"Fri, Sep 12 2025",10:00 PM,Fall
S-15 - Green Eggs & Slam,14,S-10 - Bump-ty Dump-tys,12,S-02,StarCenter Multisport - Farmers Branch (Court 8),"Fri, Sep 12 2025",10:00 PM,Fall
S-12 - Dragon Tales And Hits,18,S-11 - Bumpty Dumpty v1,25,S-09,StarCenter Multisport - Farmers Branch (Court 9),"Fri, Sep 12 2025",10:00 PM,Fall
S-12 - Dragon Tales And Hits,21,S-11 - Bumpty Dumpty v1,25,S-09,StarCenter Multisport - Farmers Branch (Court 9),"Fri, Sep 12 2025",10:00 PM,Fall
S-17 - Horton Hits A Shoot,16,S-07 - The Blockyardigans,25,S-14,StarCenter Multisport - Farmers Branch (Court 7),"Fri, Sep 12 2025",10:45 PM,Fall
S-17 - Horton Hits A Shoot,20,S-07 - The Blockyardigans,22,S-14,StarCenter Multisport - Farmers Branch (Court 7),"Fri, Sep 12 2025",10:45 PM,Fall
S-15 - Green Eggs & Slam,20,S-02 - Itsy Bitsy Spikers,25,S-10,StarCenter Multisport - Farmers Branch (Court 8),"Fri, Sep 12 2025",10:45 PM,Fall
S-15 - Green Eggs & Slam,10,S-02 - Itsy Bitsy Spikers,25,S-10,StarCenter Multisport - Farmers Branch (Court 8),"Fri, Sep 12 2025",10:45 PM,Fall
S-12 - Dragon Tales And Hits,25,S-09 - Bibbidi Boppity Boom!,11,S-11,StarCenter Multisport - Farmers Branch (Court 9),"Fri, Sep 12 2025",10:45 PM,Fall
S-12 - Dragon Tales And Hits,22,S-09 - Bibbidi Boppity Boom!,24,S-11,StarCenter Multisport - Farmers Branch (Court 9),"Fri, Sep 12 2025",10:45 PM,Fall
S-15 - Green Eggs & Slam,13,S-12 - Dragon Tales And Hits,25,S-16,StarCenter Multisport - Farmers Branch (Court 7),"Fri, Sep 19 2025",7:00 PM,Fall
S-15 - Green Eggs & Slam,24,S-12 - Dragon Tales And Hits,20,S-16,StarCenter Multisport - Farmers Branch (Court 7),"Fri, Sep 19 2025",7:00 PM,Fall
S-08 - Goldi-Blocks,22,S-07 - The Blockyardigans,25,S-18,StarCenter Multisport - Farmers Branch (Court 8),"Fri, Sep 19 2025",7:00 PM,Fall
S-08 - Goldi-Blocks,21,S-07 - The Blockyardigans,25,S-18,StarCenter Multisport - Farmers Branch (Court 8),"Fri, Sep 19 2025",7:00 PM,Fall
S-06 - Twinkerbells,14,S-01 - Duck Duck Ace,25,S-11,StarCenter Multisport - Farmers Branch (Court 9),"Fri, Sep 19 2025",7:00 PM,Fall
S-06 - Twinkerbells,24,S-01 - Duck Duck Ace,21,S-11,StarCenter Multisport - Farmers Branch (Court 9),"Fri, Sep 19 2025",7:00 PM,Fall
S-16 - If You Give A Mouse A Set,25,S-15 - Green Eggs & Slam,23,S-12,StarCenter Multisport - Farmers Branch (Court 7),"Fri, Sep 19 2025",7:45 PM,Fall
S-16 - If You Give A Mouse A Set,23,S-15 - Green Eggs & Slam,10,S-12,StarCenter Multisport - Farmers Branch (Court 7),"Fri, Sep 19 2025",7:45 PM,Fall
S-18 - Six Blind Mice,25,S-08 - Goldi-Blocks,20,S-07,StarCenter Multisport - Farmers Branch (Court 8),"Fri, Sep 19 2025",7:45 PM,Fall
S-18 - Six Blind Mice,19,S-08 - Goldi-Blocks,25,S-07,StarCenter Multisport - Farmers Branch (Court 8),"Fri, Sep 19 2025",7:45 PM,Fall
S-11 - Bumpty Dumpty v1,25,S-06 - Twinkerbells,21,S-01,StarCenter Multisport - Farmers Branch (Court 9),"Fri, Sep 19 2025",7:45 PM,Fall
S-11 - Bumpty Dumpty v1,25,S-06 - Twinkerbells,12,S-01,StarCenter Multisport - Farmers Branch (Court 9),"Fri, Sep 19 2025",7:45 PM,Fall
S-16 - If You Give A Mouse A Set,25,S-12 - Dragon Tales And Hits,17,S-15,StarCenter Multisport - Farmers Branch (Court 7),"Fri, Sep 19 2025",8:30 PM,Fall
S-16 - If You Give A Mouse A Set,24,S-12 - Dragon Tales And Hits,18,S-15,StarCenter Multisport - Farmers Branch (Court 7),"Fri, Sep 19 2025",8:30 PM,Fall
S-18 - Six Blind Mice,25,S-07 - The Blockyardigans,22,S-08,StarCenter Multisport - Farmers Branch (Court 8),"Fri, Sep 19 2025",8:30 PM,Fall
S-18 - Six Blind Mice,23,S-07 - The Blockyardigans,9,S-08,StarCenter Multisport - Farmers Branch (Court 8),"Fri, Sep 19 2025",8:30 PM,Fall
S-11 - Bumpty Dumpty v1,16,S-01 - Duck Duck Ace,25,S-06,StarCenter Multisport - Farmers Branch (Court 9),"Fri, Sep 19 2025",8:30 PM,Fall
S-11 - Bumpty Dumpty v1,25,S-01 - Duck Duck Ace,16,S-06,StarCenter Multisport - Farmers Branch (Court 9),"Fri, Sep 19 2025",8:30 PM,Fall
S-05 - The Prince And The Passer,25,S-03 - Not The Gumdrop Aces,14,S-17,StarCenter Multisport - Farmers Branch (Court 7),"Fri, Sep 19 2025",9:15 PM,Fall
S-05 - The Prince And The Passer,20,S-03 - Not The Gumdrop Aces,21,S-17,StarCenter Multisport - Farmers Branch (Court 7),"Fri, Sep 19 2025",9:15 PM,Fall
S-09 - Bibbidi Boppity Boom!,20,S-02 - Itsy Bitsy Spikers,25,S-13,StarCenter Multisport - Farmers Branch (Court 8),"Fri, Sep 19 2025",9:15 PM,Fall
S-09 - Bibbidi Boppity Boom!,15,S-02 - Itsy Bitsy Spikers,14,S-13,StarCenter Multisport - Farmers Branch (Court 8),"Fri, Sep 19 2025",9:15 PM,Fall
S-10 - Bump-ty Dump-tys,21,S-04 - Little Red Spikers,25,S-14,StarCenter Multisport - Farmers Branch (Court 9),"Fri, Sep 19 2025",9:15 PM,Fall
S-10 - Bump-ty Dump-tys,15,S-04 - Little Red Spikers,18,S-14,StarCenter Multisport - Farmers Branch (Court 9),"Fri, Sep 19 2025",9:15 PM,Fall
S-17 - Horton Hits A Shoot,11,S-05 - The Prince And The Passer,25,S-03,StarCenter Multisport - Farmers Branch (Court 7),"Fri, Sep 19 2025",10:00 PM,Fall
S-17 - Horton Hits A Shoot,12,S-05 - The Prince And The Passer,25,S-03,StarCenter Multisport - Farmers Branch (Court 7),"Fri, Sep 19 2025",10:00 PM,Fall
S-13 - Block A Bye Baby,17,S-09 - Bibbidi Boppity Boom!,25,S-02,StarCenter Multisport - Farmers Branch (Court 8),"Fri, Sep 19 2025",10:00 PM,Fall
S-13 - Block A Bye Baby,15,S-09 - Bibbidi Boppity Boom!,25,S-02,StarCenter Multisport - Farmers Branch (Court 8),"Fri, Sep 19 2025",10:00 PM,Fall
S-14 - Slam I Am,21,S-10 - Bump-ty Dump-tys,25,S-04,StarCenter Multisport - Farmers Branch (Court 9),"Fri, Sep 19 2025",10:00 PM,Fall
S-14 - Slam I Am,20,S-10 - Bump-ty Dump-tys,22,S-04,StarCenter Multisport - Farmers Branch (Court 9),"Fri, Sep 19 2025",10:00 PM,Fall
S-17 - Horton Hits A Shoot,25,S-03 - Not The Gumdrop Aces,22,S-05,StarCenter Multisport - Farmers Branch (Court 7),"Fri, Sep 19 2025",10:45 PM,Fall
S-17 - Horton Hits A Shoot,15,S-03 - Not The Gumdrop Aces,18,S-05,StarCenter Multisport - Farmers Branch (Court 7),"Fri, Sep 19 2025",10:45 PM,Fall
S-13 - Block A Bye Baby,21,S-02 - Itsy Bitsy Spikers,25,S-09,StarCenter Multisport - Farmers Branch (Court 8),"Fri, Sep 19 2025",10:45 PM,Fall
S-13 - Block A Bye Baby,16,S-02 - Itsy Bitsy Spikers,16,S-09,StarCenter Multisport - Farmers Branch (Court 8),"Fri, Sep 19 2025",10:45 PM,Fall
S-14 - Slam I Am,25,S-04 - Little Red Spikers,23,S-10,StarCenter Multisport - Farmers Branch (Court 9),"Fri, Sep 19 2025",10:45 PM,Fall
S-14 - Slam I Am,25,S-04 - Little Red Spikers,18,S-10,StarCenter Multisport - Farmers Branch (Court 9),"Fri, Sep 19 2025",10:45 PM,Fall
S-12 - Dragon Tales And Hits,25,S-02 - Itsy Bitsy Spikers,19,S-17,StarCenter Multisport - Farmers Branch (Court 7),"Fri, Sep 26 2025",7:00 PM,Fall
S-12 - Dragon Tales And Hits,25,S-02 - Itsy Bitsy Spikers,16,S-17,StarCenter Multisport - Farmers Branch (Court 7),"Fri, Sep 26 2025",7:00 PM,Fall
S-08 - Goldi-Blocks,26,S-06 - Twinkerbells,24,S-10,StarCenter Multisport - Farmers Branch (Court 8),"Fri, Sep 26 2025",7:00 PM,Fall
S-08 - Goldi-Blocks,22,S-06 - Twinkerbells,19,S-10,StarCenter Multisport - Farmers Branch (Court 8),"Fri, Sep 26 2025",7:00 PM,Fall
S-13 - Block A Bye Baby,23,S-03 - Not The Gumdrop Aces,25,S-18,StarCenter Multisport - Farmers Branch (Court 9),"Fri, Sep 26 2025",7:00 PM,Fall
S-13 - Block A Bye Baby,15,S-03 - Not The Gumdrop Aces,25,S-18,StarCenter Multisport - Farmers Branch (Court 9),"Fri, Sep 26 2025",7:00 PM,Fall
S-17 - Horton Hits A Shoot,19,S-12 - Dragon Tales And Hits,25,S-02,StarCenter Multisport - Farmers Branch (Court 7),"Fri, Sep 26 2025",7:45 PM,Fall
S-17 - Horton Hits A Shoot,13,S-12 - Dragon Tales And Hits,25,S-02,StarCenter Multisport - Farmers Branch (Court 7),"Fri, Sep 26 2025",7:45 PM,Fall
S-10 - Bump-ty Dump-tys,17,S-08 - Goldi-Blocks,25,S-06,StarCenter Multisport - Farmers Branch (Court 8),"Fri, Sep 26 2025",7:45 PM,Fall
S-10 - Bump-ty Dump-tys,14,S-08 - Goldi-Blocks,25,S-06,StarCenter Multisport - Farmers Branch (Court 8),"Fri, Sep 26 2025",7:45 PM,Fall
S-18 - Six Blind Mice,25,S-13 - Block A Bye Baby,18,S-03,StarCenter Multisport - Farmers Branch (Court 9),"Fri, Sep 26 2025",7:45 PM,Fall
S-18 - Six Blind Mice,14,S-13 - Block A Bye Baby,17,S-03,StarCenter Multisport - Farmers Branch (Court 9),"Fri, Sep 26 2025",7:45 PM,Fall
S-17 - Horton Hits A Shoot,19,S-02 - Itsy Bitsy Spikers,25,S-12,StarCenter Multisport - Farmers Branch (Court 7),"Fri, Sep 26 2025",8:30 PM,Fall
S-17 - Horton Hits A Shoot,11,S-02 - Itsy Bitsy Spikers,25,S-12,StarCenter Multisport - Farmers Branch (Court 7),"Fri, Sep 26 2025",8:30 PM,Fall
S-10 - Bump-ty Dump-tys,25,S-06 - Twinkerbells,20,S-08,StarCenter Multisport - Farmers Branch (Court 8),"Fri, Sep 26 2025",8:30 PM,Fall
S-10 - Bump-ty Dump-tys,22,S-06 - Twinkerbells,19,S-08,StarCenter Multisport - Farmers Branch (Court 8),"Fri, Sep 26 2025",8:30 PM,Fall
S-18 - Six Blind Mice,21,S-03 - Not The Gumdrop Aces,25,S-13,StarCenter Multisport - Farmers Branch (Court 9),"Fri, Sep 26 2025",8:30 PM,Fall
S-18 - Six Blind Mice,19,S-03 - Not The Gumdrop Aces,25,S-13,StarCenter Multisport - Farmers Branch (Court 9),"Fri, Sep 26 2025",8:30 PM,Fall
S-14 - Slam I Am,18,S-09 - Bibbidi Boppity Boom!,25,S-16,StarCenter Multisport - Farmers Branch (Court 7),"Fri, Sep 26 2025",9:15 PM,Fall
S-14 - Slam I Am,11,S-09 - Bibbidi Boppity Boom!,13,S-16,StarCenter Multisport - Farmers Branch (Court 7),"Fri, Sep 26 2025",9:15 PM,Fall
S-05 - The Prince And The Passer,27,S-04 - Little Red Spikers,25,S-11,StarCenter Multisport - Farmers Branch (Court 8),"Fri, Sep 26 2025",9:15 PM,Fall
S-05 - The Prince And The Passer,16,S-04 - Little Red Spikers,14,S-11,StarCenter Multisport - Farmers Branch (Court 8),"Fri, Sep 26 2025",9:15 PM,Fall
S-07 - The Blockyardigans,17,S-01 - Duck Duck Ace,25,S-15,StarCenter Multisport - Farmers Branch (Court 9),"Fri, Sep 26 2025",9:15 PM,Fall
S-07 - The Blockyardigans,19,S-01 - Duck Duck Ace,16,S-15,StarCenter Multisport - Farmers Branch (Court 9),"Fri, Sep 26 2025",9:15 PM,Fall
S-16 - If You Give A Mouse A Set,14,S-14 - Slam I Am,25,S-09,StarCenter Multisport - Farmers Branch (Court 7),"Fri, Sep 26 2025",10:00 PM,Fall
S-16 - If You Give A Mouse A Set,18,S-14 - Slam I Am,25,S-09,StarCenter Multisport - Farmers Branch (Court 7),"Fri, Sep 26 2025",10:00 PM,Fall
S-11 - Bumpty Dumpty v1,25,S-05 - The Prince And The Passer,20,S-04,StarCenter Multisport - Farmers Branch (Court 8),"Fri, Sep 26 2025",10:00 PM,Fall
S-11 - Bumpty Dumpty v1,25,S-05 - The Prince And The Passer,8,S-04,StarCenter Multisport - Farmers Branch (Court 8),"Fri, Sep 26 2025",10:00 PM,Fall
S-15 - Green Eggs & Slam,14,S-07 - The Blockyardigans,25,S-01,StarCenter Multisport - Farmers Branch (Court 9),"Fri, Sep 26 2025",10:00 PM,Fall
S-15 - Green Eggs & Slam,24,S-07 - The Blockyardigans,24,S-01,StarCenter Multisport - Farmers Branch (Court 9),"Fri, Sep 26 2025",10:00 PM,Fall
S-16 - If You Give A Mouse A Set,9,S-09 - Bibbidi Boppity Boom!,25,S-14,StarCenter Multisport - Farmers Branch (Court 7),"Fri, Sep 26 2025",10:45 PM,Fall
S-16 - If You Give A Mouse A Set,25,S-09 - Bibbidi Boppity Boom!,23,S-14,StarCenter Multisport - Farmers Branch (Court 7),"Fri, Sep 26 2025",10:45 PM,Fall
S-11 - Bumpty Dumpty v1,23,S-04 - Little Red Spikers,25,S-05,StarCenter Multisport - Farmers Branch (Court 8),"Fri, Sep 26 2025",10:45 PM,Fall
S-11 - Bumpty Dumpty v1,25,S-04 - Little Red Spikers,13,S-05,StarCenter Multisport - Farmers Branch (Court 8),"Fri, Sep 26 2025",10:45 PM,Fall
S-15 - Green Eggs & Slam,23,S-01 - Duck Duck Ace,25,S-07,StarCenter Multisport - Farmers Branch (Court 9),"Fri, Sep 26 2025",10:45 PM,Fall
S-15 - Green Eggs & Slam,12,S-01 - Duck Duck Ace,13,S-07,StarCenter Multisport - Farmers Branch (Court 9),"Fri, Sep 26 2025",10:45 PM,Fall
S-14 - Slam I Am,18,S-11 - Bumpty Dumpty v1,25,S-18,StarCenter Multisport - Farmers Branch (Court 7),"Fri, Oct 10 2025",7:00 PM,Fall
S-14 - Slam I Am,18,S-11 - Bumpty Dumpty v1,25,S-18,StarCenter Multisport - Farmers Branch (Court 7),"Fri, Oct 10 2025",7:00 PM,Fall
S-05 - The Prince And The Passer,26,S-01 - Duck Duck Ace,27,S-09,StarCenter Multisport - Farmers Branch (Court 8),"Fri, Oct 10 2025",7:00 PM,Fall
S-05 - The Prince And The Passer,16,S-01 - Duck Duck Ace,14,S-09,StarCenter Multisport - Farmers Branch (Court 8),"Fri, Oct 10 2025",7:00 PM,Fall
S-10 - Bump-ty Dump-tys,25,S-07 - The Blockyardigans,18,S-12,StarCenter Multisport - Farmers Branch (Court 9),"Fri, Oct 10 2025",7:00 PM,Fall
S-10 - Bump-ty Dump-tys,24,S-07 - The Blockyardigans,26,S-12,StarCenter Multisport - Farmers Branch (Court 9),"Fri, Oct 10 2025",7:00 PM,Fall
S-18 - Six Blind Mice,0,S-14 - Slam I Am,25,S-11,StarCenter Multisport - Farmers Branch (Court 7),"Fri, Oct 10 2025",7:45 PM,Fall
S-18 - Six Blind Mice,0,S-14 - Slam I Am,25,S-11,StarCenter Multisport - Farmers Branch (Court 7),"Fri, Oct 10 2025",7:45 PM,Fall
S-09 - Bibbidi Boppity Boom!,17,S-05 - The Prince And The Passer,25,S-01,StarCenter Multisport - Farmers Branch (Court 8),"Fri, Oct 10 2025",7:45 PM,Fall
S-09 - Bibbidi Boppity Boom!,15,S-05 - The Prince And The Passer,11,S-01,StarCenter Multisport - Farmers Branch (Court 8),"Fri, Oct 10 2025",7:45 PM,Fall
S-12 - Dragon Tales And Hits,22,S-10 - Bump-ty Dump-tys,25,S-07,StarCenter Multisport - Farmers Branch (Court 9),"Fri, Oct 10 2025",7:45 PM,Fall
S-12 - Dragon Tales And Hits,25,S-10 - Bump-ty Dump-tys,16,S-07,StarCenter Multisport - Farmers Branch (Court 9),"Fri, Oct 10 2025",7:45 PM,Fall
S-18 - Six Blind Mice,0,S-11 - Bumpty Dumpty v1,25,S-14,StarCenter Multisport - Farmers Branch (Court 7),"Fri, Oct 10 2025",8:30 PM,Fall
S-18 - Six Blind Mice,0,S-11 - Bumpty Dumpty v1,25,S-14,StarCenter Multisport - Farmers Branch (Court 7),"Fri, Oct 10 2025",8:30 PM,Fall
S-09 - Bibbidi Boppity Boom!,25,S-01 - Duck Duck Ace,22,S-05,StarCenter Multisport - Farmers Branch (Court 8),"Fri, Oct 10 2025",8:30 PM,Fall
S-09 - Bibbidi Boppity Boom!,8,S-01 - Duck Duck Ace,17,S-05,StarCenter Multisport - Farmers Branch (Court 8),"Fri, Oct 10 2025",8:30 PM,Fall
S-12 - Dragon Tales And Hits,14,S-07 - The Blockyardigans,25,S-10,StarCenter Multisport - Farmers Branch (Court 9),"Fri, Oct 10 2025",8:30 PM,Fall
S-12 - Dragon Tales And Hits,21,S-07 - The Blockyardigans,25,S-10,StarCenter Multisport - Farmers Branch (Court 9),"Fri, Oct 10 2025",8:30 PM,Fall
S-03 - Not The Gumdrop Aces,8,S-02 - Itsy Bitsy Spikers,25,S-08,StarCenter Multisport - Farmers Branch (Court 7),"Fri, Oct 10 2025",9:15 PM,Fall
S-03 - Not The Gumdrop Aces,22,S-02 - Itsy Bitsy Spikers,22,S-08,StarCenter Multisport - Farmers Branch (Court 7),"Fri, Oct 10 2025",9:15 PM,Fall
S-16 - If You Give A Mouse A Set,25,S-06 - Twinkerbells,22,S-17,StarCenter Multisport - Farmers Branch (Court 8),"Fri, Oct 10 2025",9:15 PM,Fall
S-16 - If You Give A Mouse A Set,18,S-06 - Twinkerbells,20,S-17,StarCenter Multisport - Farmers Branch (Court 8),"Fri, Oct 10 2025",9:15 PM,Fall
S-13 - Block A Bye Baby,25,S-04 - Little Red Spikers,27,S-15,StarCenter Multisport - Farmers Branch (Court 9),"Fri, Oct 10 2025",9:15 PM,Fall
S-13 - Block A Bye Baby,17,S-04 - Little Red Spikers,18,S-15,StarCenter Multisport - Farmers Branch (Court 9),"Fri, Oct 10 2025",9:15 PM,Fall
S-08 - Goldi-Blocks,20,S-03 - Not The Gumdrop Aces,25,S-02,StarCenter Multisport - Farmers Branch (Court 7),"Fri, Oct 10 2025",10:00 PM,Fall
S-08 - Goldi-Blocks,16,S-03 - Not The Gumdrop Aces,23,S-02,StarCenter Multisport - Farmers Branch (Court 7),"Fri, Oct 10 2025",10:00 PM,Fall
S-17 - Horton Hits A Shoot,20,S-16 - If You Give A Mouse A Set,25,S-06,StarCenter Multisport - Farmers Branch (Court 8),"Fri, Oct 10 2025",10:00 PM,Fall
S-17 - Horton Hits A Shoot,12,S-16 - If You Give A Mouse A Set,25,S-06,StarCenter Multisport - Farmers Branch (Court 8),"Fri, Oct 10 2025",10:00 PM,Fall
S-15 - Green Eggs & Slam,14,S-13 - Block A Bye Baby,25,S-04,StarCenter Multisport - Farmers Branch (Court 9),"Fri, Oct 10 2025",10:00 PM,Fall
S-15 - Green Eggs & Slam,25,S-13 - Block A Bye Baby,17,S-04,StarCenter Multisport - Farmers Branch (Court 9),"Fri, Oct 10 2025",10:00 PM,Fall
S-08 - Goldi-Blocks,22,S-02 - Itsy Bitsy Spikers,25,S-03,StarCenter Multisport - Farmers Branch (Court 7),"Fri, Oct 10 2025",10:45 PM,Fall
S-08 - Goldi-Blocks,16,S-02 - Itsy Bitsy Spikers,19,S-03,StarCenter Multisport - Farmers Branch (Court 7),"Fri, Oct 10 2025",10:45 PM,Fall
S-17 - Horton Hits A Shoot,23,S-06 - Twinkerbells,25,S-16,StarCenter Multisport - Farmers Branch (Court 8),"Fri, Oct 10 2025",10:45 PM,Fall
S-17 - Horton Hits A Shoot,20,S-06 - Twinkerbells,18,S-16,StarCenter Multisport - Farmers Branch (Court 8),"Fri, Oct 10 2025",10:45 PM,Fall
S-15 - Green Eggs & Slam,25,S-04 - Little Red Spikers,18,S-13,StarCenter Multisport - Farmers Branch (Court 9),"Fri, Oct 10 2025",10:45 PM,Fall
S-15 - Green Eggs & Slam,25,S-04 - Little Red Spikers,23,S-13,StarCenter Multisport - Farmers Branch (Court 9),"Fri, Oct 10 2025",10:45 PM,Fall
S-10 - Bump-ty Dump-tys,25,S-03 - Not The Gumdrop Aces,17,S-11,StarCenter Multisport - Farmers Branch (Court 7),"Fri, Oct 17 2025",7:00 PM,Fall
S-10 - Bump-ty Dump-tys,16,S-03 - Not The Gumdrop Aces,25,S-11,StarCenter Multisport - Farmers Branch (Court 7),"Fri, Oct 17 2025",7:00 PM,Fall
S-13 - Block A Bye Baby,25,S-12 - Dragon Tales And Hits,17,S-14,StarCenter Multisport - Farmers Branch (Court 8),"Fri, Oct 17 2025",7:00 PM,Fall
S-13 - Block A Bye Baby,25,S-12 - Dragon Tales And Hits,18,S-14,StarCenter Multisport - Farmers Branch (Court 8),"Fri, Oct 17 2025",7:00 PM,Fall
S-09 - Bibbidi Boppity Boom!,25,S-06 - Twinkerbells,15,S-15,StarCenter Multisport - Farmers Branch (Court 9),"Fri, Oct 17 2025",7:00 PM,Fall
S-09 - Bibbidi Boppity Boom!,18,S-06 - Twinkerbells,18,S-15,StarCenter Multisport - Farmers Branch (Court 9),"Fri, Oct 17 2025",7:00 PM,Fall
S-11 - Bumpty Dumpty v1,25,S-10 - Bump-ty Dump-tys,18,S-03,StarCenter Multisport - Farmers Branch (Court 7),"Fri, Oct 17 2025",7:45 PM,Fall
S-11 - Bumpty Dumpty v1,23,S-10 - Bump-ty Dump-tys,20,S-03,StarCenter Multisport - Farmers Branch (Court 7),"Fri, Oct 17 2025",7:45 PM,Fall
S-14 - Slam I Am,13,S-13 - Block A Bye Baby,25,S-12,StarCenter Multisport - Farmers Branch (Court 8),"Fri, Oct 17 2025",7:45 PM,Fall
S-14 - Slam I Am,25,S-13 - Block A Bye Baby,22,S-12,StarCenter Multisport - Farmers Branch (Court 8),"Fri, Oct 17 2025",7:45 PM,Fall
S-15 - Green Eggs & Slam,21,S-09 - Bibbidi Boppity Boom!,25,S-06,StarCenter Multisport - Farmers Branch (Court 9),"Fri, Oct 17 2025",7:45 PM,Fall
S-15 - Green Eggs & Slam,13,S-09 - Bibbidi Boppity Boom!,15,S-06,StarCenter Multisport - Farmers Branch (Court 9),"Fri, Oct 17 2025",7:45 PM,Fall
S-11 - Bumpty Dumpty v1,25,S-03 - Not The Gumdrop Aces,17,S-10,StarCenter Multisport - Farmers Branch (Court 7),"Fri, Oct 17 2025",8:30 PM,Fall
S-11 - Bumpty Dumpty v1,25,S-03 - Not The Gumdrop Aces,20,S-10,StarCenter Multisport - Farmers Branch (Court 7),"Fri, Oct 17 2025",8:30 PM,Fall
S-14 - Slam I Am,21,S-12 - Dragon Tales And Hits,25,S-13,StarCenter Multisport - Farmers Branch (Court 8),"Fri, Oct 17 2025",8:30 PM,Fall
S-14 - Slam I Am,26,S-12 - Dragon Tales And Hits,24,S-13,StarCenter Multisport - Farmers Branch (Court 8),"Fri, Oct 17 2025",8:30 PM,Fall
S-15 - Green Eggs & Slam,19,S-06 - Twinkerbells,25,S-09,StarCenter Multisport - Farmers Branch (Court 9),"Fri, Oct 17 2025",8:30 PM,Fall
S-15 - Green Eggs & Slam,16,S-06 - Twinkerbells,14,S-09,StarCenter Multisport - Farmers Branch (Court 9),"Fri, Oct 17 2025",8:30 PM,Fall
S-08 - Goldi-Blocks,25,S-01 - Duck Duck Ace,27,S-17,StarCenter Multisport - Farmers Branch (Court 7),"Fri, Oct 17 2025",9:15 PM,Fall
S-08 - Goldi-Blocks,14,S-01 - Duck Duck Ace,14,S-17,StarCenter Multisport - Farmers Branch (Court 7),"Fri, Oct 17 2025",9:15 PM,Fall
S-07 - The Blockyardigans,25,S-05 - The Prince And The Passer,27,S-16,StarCenter Multisport - Farmers Branch (Court 8),"Fri, Oct 17 2025",9:15 PM,Fall
S-07 - The Blockyardigans,20,S-05 - The Prince And The Passer,16,S-16,StarCenter Multisport - Farmers Branch (Court 8),"Fri, Oct 17 2025",9:15 PM,Fall
S-04 - Little Red Spikers,23,S-02 - Itsy Bitsy Spikers,25,S-18,StarCenter Multisport - Farmers Branch (Court 9),"Fri, Oct 17 2025",9:15 PM,Fall
S-04 - Little Red Spikers,14,S-02 - Itsy Bitsy Spikers,24,S-18,StarCenter Multisport - Farmers Branch (Court 9),"Fri, Oct 17 2025",9:15 PM,Fall
S-17 - Horton Hits A Shoot,18,S-08 - Goldi-Blocks,25,S-01,StarCenter Multisport - Farmers Branch (Court 7),"Fri, Oct 17 2025",10:00 PM,Fall
S-17 - Horton Hits A Shoot,22,S-08 - Goldi-Blocks,19,S-01,StarCenter Multisport - Farmers Branch (Court 7),"Fri, Oct 17 2025",10:00 PM,Fall
S-16 - If You Give A Mouse A Set,21,S-07 - The Blockyardigans,25,S-05,StarCenter Multisport - Farmers Branch (Court 8),"Fri, Oct 17 2025",10:00 PM,Fall
S-16 - If You Give A Mouse A Set,22,S-07 - The Blockyardigans,21,S-05,StarCenter Multisport - Farmers Branch (Court 8),"Fri, Oct 17 2025",10:00 PM,Fall
S-18 - Six Blind Mice,0,S-04 - Little Red Spikers,25,S-02,StarCenter Multisport - Farmers Branch (Court 9),"Fri, Oct 17 2025",10:00 PM,Fall
S-18 - Six Blind Mice,0,S-04 - Little Red Spikers,25,S-02,StarCenter Multisport - Farmers Branch (Court 9),"Fri, Oct 17 2025",10:00 PM,Fall
S-17 - Horton Hits A Shoot,10,S-01 - Duck Duck Ace,25,S-08,StarCenter Multisport - Farmers Branch (Court 7),"Fri, Oct 17 2025",10:45 PM,Fall
S-17 - Horton Hits A Shoot,14,S-01 - Duck Duck Ace,21,S-08,StarCenter Multisport - Farmers Branch (Court 7),"Fri, Oct 17 2025",10:45 PM,Fall
S-16 - If You Give A Mouse A Set,25,S-05 - The Prince And The Passer,19,S-07,StarCenter Multisport - Farmers Branch (Court 8),"Fri, Oct 17 2025",10:45 PM,Fall
S-16 - If You Give A Mouse A Set,25,S-05 - The Prince And The Passer,14,S-07,StarCenter Multisport - Farmers Branch (Court 8),"Fri, Oct 17 2025",10:45 PM,Fall
S-18 - Six Blind Mice,0,S-02 - Itsy Bitsy Spikers,25,S-04,StarCenter Multisport - Farmers Branch (Court 9),"Fri, Oct 17 2025",10:45 PM,Fall
S-18 - Six Blind Mice,0,S-02 - Itsy Bitsy Spikers,25,S-04,StarCenter Multisport - Farmers Branch (Court 9),"Fri, Oct 17 2025",10:45 PM,Fall
S-04 - Little Red Spikers,20,S-01 - Duck Duck Ace,25,S-12,StarCenter Multisport - Farmers Branch (Court 7),"Fri, Oct 24 2025",7:00 PM,Fall
S-04 - Little Red Spikers,21,S-01 - Duck Duck Ace,10,S-12,StarCenter Multisport - Farmers Branch (Court 7),"Fri, Oct 24 2025",7:00 PM,Fall
S-05 - The Prince And The Passer,25,S-03 - Not The Gumdrop Aces,13,S-15,StarCenter Multisport - Farmers Branch (Court 8),"Fri, Oct 24 2025",7:00 PM,Fall
S-05 - The Prince And The Passer,25,S-03 - Not The Gumdrop Aces,13,S-15,StarCenter Multisport - Farmers Branch (Court 8),"Fri, Oct 24 2025",7:00 PM,Fall
S-17 - Horton Hits A Shoot,19,S-09 - Bibbidi Boppity Boom!,25,S-18,StarCenter Multisport - Farmers Branch (Court 9),"Fri, Oct 24 2025",7:00 PM,Fall
S-17 - Horton Hits A Shoot,10,S-09 - Bibbidi Boppity Boom!,22,S-18,StarCenter Multisport - Farmers Branch (Court 9),"Fri, Oct 24 2025",7:00 PM,Fall
S-12 - Dragon Tales And Hits,23,S-04 - Little Red Spikers,25,S-01,StarCenter Multisport - Farmers Branch (Court 7),"Fri, Oct 24 2025",7:45 PM,Fall
S-12 - Dragon Tales And Hits,17,S-04 - Little Red Spikers,14,S-01,StarCenter Multisport - Farmers Branch (Court 7),"Fri, Oct 24 2025",7:45 PM,Fall
S-15 - Green Eggs & Slam,7,S-05 - The Prince And The Passer,25,S-03,StarCenter Multisport - Farmers Branch (Court 8),"Fri, Oct 24 2025",7:45 PM,Fall
S-15 - Green Eggs & Slam,22,S-05 - The Prince And The Passer,25,S-03,StarCenter Multisport - Farmers Branch (Court 8),"Fri, Oct 24 2025",7:45 PM,Fall
S-18 - Six Blind Mice,21,S-17 - Horton Hits A Shoot,25,S-09,StarCenter Multisport - Farmers Branch (Court 9),"Fri, Oct 24 2025",7:45 PM,Fall
S-18 - Six Blind Mice,25,S-17 - Horton Hits A Shoot,14,S-09,StarCenter Multisport - Farmers Branch (Court 9),"Fri, Oct 24 2025",7:45 PM,Fall
S-12 - Dragon Tales And Hits,21,S-01 - Duck Duck Ace,25,S-04,StarCenter Multisport - Farmers Branch (Court 7),"Fri, Oct 24 2025",8:30 PM,Fall
S-12 - Dragon Tales And Hits,16,S-01 - Duck Duck Ace,14,S-04,StarCenter Multisport - Farmers Branch (Court 7),"Fri, Oct 24 2025",8:30 PM,Fall
S-15 - Green Eggs & Slam,27,S-03 - Not The Gumdrop Aces,25,S-05,StarCenter Multisport - Farmers Branch (Court 8),"Fri, Oct 24 2025",8:30 PM,Fall
S-15 - Green Eggs & Slam,25,S-03 - Not The Gumdrop Aces,16,S-05,StarCenter Multisport - Farmers Branch (Court 8),"Fri, Oct 24 2025",8:30 PM,Fall
S-18 - Six Blind Mice,12,S-09 - Bibbidi Boppity Boom!,25,S-17,StarCenter Multisport - Farmers Branch (Court 9),"Fri, Oct 24 2025",8:30 PM,Fall
S-18 - Six Blind Mice,17,S-09 - Bibbidi Boppity Boom!,25,S-17,StarCenter Multisport - Farmers Branch (Court 9),"Fri, Oct 24 2025",8:30 PM,Fall
S-06 - Twinkerbells,17,S-02 - Itsy Bitsy Spikers,25,S-14,StarCenter Multisport - Farmers Branch (Court 7),"Fri, Oct 24 2025",9:15 PM,Fall
S-06 - Twinkerbells,15,S-02 - Itsy Bitsy Spikers,25,S-14,StarCenter Multisport - Farmers Branch (Court 7),"Fri, Oct 24 2025",9:15 PM,Fall
S-08 - Goldi-Blocks,26,S-07 - The Blockyardigans,24,S-11,StarCenter Multisport - Farmers Branch (Court 8),"Fri, Oct 24 2025",9:15 PM,Fall
S-08 - Goldi-Blocks,21,S-07 - The Blockyardigans,15,S-11,StarCenter Multisport - Farmers Branch (Court 8),"Fri, Oct 24 2025",9:15 PM,Fall
S-13 - Block A Bye Baby,27,S-10 - Bump-ty Dump-tys,26,S-16,StarCenter Multisport - Farmers Branch (Court 9),"Fri, Oct 24 2025",9:15 PM,Fall
S-13 - Block A Bye Baby,19,S-10 - Bump-ty Dump-tys,19,S-16,StarCenter Multisport - Farmers Branch (Court 9),"Fri, Oct 24 2025",9:15 PM,Fall
S-14 - Slam I Am,25,S-06 - Twinkerbells,22,S-02,StarCenter Multisport - Farmers Branch (Court 7),"Fri, Oct 24 2025",10:00 PM,Fall
S-14 - Slam I Am,24,S-06 - Twinkerbells,19,S-02,StarCenter Multisport - Farmers Branch (Court 7),"Fri, Oct 24 2025",10:00 PM,Fall
S-11 - Bumpty Dumpty v1,25,S-08 - Goldi-Blocks,27,S-07,StarCenter Multisport - Farmers Branch (Court 8),"Fri, Oct 24 2025",10:00 PM,Fall
S-11 - Bumpty Dumpty v1,19,S-08 - Goldi-Blocks,20,S-07,StarCenter Multisport - Farmers Branch (Court 8),"Fri, Oct 24 2025",10:00 PM,Fall
S-16 - If You Give A Mouse A Set,26,S-13 - Block A Bye Baby,24,S-10,StarCenter Multisport - Farmers Branch (Court 9),"Fri, Oct 24 2025",10:00 PM,Fall
S-16 - If You Give A Mouse A Set,24,S-13 - Block A Bye Baby,23,S-10,StarCenter Multisport - Farmers Branch (Court 9),"Fri, Oct 24 2025",10:00 PM,Fall
S-14 - Slam I Am,25,S-02 - Itsy Bitsy Spikers,18,S-06,StarCenter Multisport - Farmers Branch (Court 7),"Fri, Oct 24 2025",10:45 PM,Fall
S-14 - Slam I Am,17,S-02 - Itsy Bitsy Spikers,19,S-06,StarCenter Multisport - Farmers Branch (Court 7),"Fri, Oct 24 2025",10:45 PM,Fall
S-11 - Bumpty Dumpty v1,25,S-07 - The Blockyardigans,12,S-08,StarCenter Multisport - Farmers Branch (Court 8),"Fri, Oct 24 2025",10:45 PM,Fall
S-11 - Bumpty Dumpty v1,25,S-07 - The Blockyardigans,19,S-08,StarCenter Multisport - Farmers Branch (Court 8),"Fri, Oct 24 2025",10:45 PM,Fall
S-16 - If You Give A Mouse A Set,22,S-10 - Bump-ty Dump-tys,25,S-13,StarCenter Multisport - Farmers Branch (Court 9),"Fri, Oct 24 2025",10:45 PM,Fall
S-16 - If You Give A Mouse A Set,24,S-10 - Bump-ty Dump-tys,21,S-13,StarCenter Multisport - Farmers Branch (Court 9),"Fri, Oct 24 2025",10:45 PM,Fall
S-02 - Itsy Bitsy Spikers,27,S-01 - Duck Duck Ace,25,S-07,StarCenter Multisport - Farmers Branch (Court 7),"Fri, Nov 7 2025",7:00 PM,Fall
S-02 - Itsy Bitsy Spikers,15,S-01 - Duck Duck Ace,12,S-07,StarCenter Multisport - Farmers Branch (Court 7),"Fri, Nov 7 2025",7:00 PM,Fall
S-14 - Slam I Am,25,S-03 - Not The Gumdrop Aces,17,S-16,StarCenter Multisport - Farmers Branch (Court 8),"Fri, Nov 7 2025",7:00 PM,Fall
S-14 - Slam I Am,25,S-03 - Not The Gumdrop Aces,22,S-16,StarCenter Multisport - Farmers Branch (Court 8),"Fri, Nov 7 2025",7:00 PM,Fall
S-11 - Bumpty Dumpty v1,25,S-04 - Little Red Spikers,23,S-13,StarCenter Multisport - Farmers Branch (Court 9),"Fri, Nov 7 2025",7:00 PM,Fall
S-11 - Bumpty Dumpty v1,15,S-04 - Little Red Spikers,25,S-13,StarCenter Multisport - Farmers Branch (Court 9),"Fri, Nov 7 2025",7:00 PM,Fall
S-07 - The Blockyardigans,19,S-02 - Itsy Bitsy Spikers,25,S-01,StarCenter Multisport - Farmers Branch (Court 7),"Fri, Nov 7 2025",7:45 PM,Fall
S-07 - The Blockyardigans,16,S-02 - Itsy Bitsy Spikers,25,S-01,StarCenter Multisport - Farmers Branch (Court 7),"Fri, Nov 7 2025",7:45 PM,Fall
S-16 - If You Give A Mouse A Set,25,S-14 - Slam I Am,15,S-03,StarCenter Multisport - Farmers Branch (Court 8),"Fri, Nov 7 2025",7:45 PM,Fall
S-16 - If You Give A Mouse A Set,20,S-14 - Slam I Am,24,S-03,StarCenter Multisport - Farmers Branch (Court 8),"Fri, Nov 7 2025",7:45 PM,Fall
S-13 - Block A Bye Baby,20,S-11 - Bumpty Dumpty v1,25,S-04,StarCenter Multisport - Farmers Branch (Court 9),"Fri, Nov 7 2025",7:45 PM,Fall
S-13 - Block A Bye Baby,18,S-11 - Bumpty Dumpty v1,25,S-04,StarCenter Multisport - Farmers Branch (Court 9),"Fri, Nov 7 2025",7:45 PM,Fall
S-07 - The Blockyardigans,25,S-01 - Duck Duck Ace,18,S-02,StarCenter Multisport - Farmers Branch (Court 7),"Fri, Nov 7 2025",8:30 PM,Fall
S-07 - The Blockyardigans,25,S-01 - Duck Duck Ace,17,S-02,StarCenter Multisport - Farmers Branch (Court 7),"Fri, Nov 7 2025",8:30 PM,Fall
S-16 - If You Give A Mouse A Set,25,S-03 - Not The Gumdrop Aces,21,S-14,StarCenter Multisport - Farmers Branch (Court 8),"Fri, Nov 7 2025",8:30 PM,Fall
S-16 - If You Give A Mouse A Set,19,S-03 - Not The Gumdrop Aces,12,S-14,StarCenter Multisport - Farmers Branch (Court 8),"Fri, Nov 7 2025",8:30 PM,Fall
S-13 - Block A Bye Baby,20,S-04 - Little Red Spikers,25,S-11,StarCenter Multisport - Farmers Branch (Court 9),"Fri, Nov 7 2025",8:30 PM,Fall
S-13 - Block A Bye Baby,18,S-04 - Little Red Spikers,25,S-11,StarCenter Multisport - Farmers Branch (Court 9),"Fri, Nov 7 2025",8:30 PM,Fall
S-09 - Bibbidi Boppity Boom!,25,S-08 - Goldi-Blocks,18,S-10,StarCenter Multisport - Farmers Branch (Court 7),"Fri, Nov 7 2025",9:15 PM,Fall
S-09 - Bibbidi Boppity Boom!,22,S-08 - Goldi-Blocks,24,S-10,StarCenter Multisport - Farmers Branch (Court 7),"Fri, Nov 7 2025",9:15 PM,Fall
S-06 - Twinkerbells,0,S-05 - The Prince And The Passer,25,S-12,StarCenter Multisport - Farmers Branch (Court 8),"Fri, Nov 7 2025",9:15 PM,Fall
S-06 - Twinkerbells,0,S-05 - The Prince And The Passer,25,S-12,StarCenter Multisport - Farmers Branch (Court 8),"Fri, Nov 7 2025",9:15 PM,Fall
S-17 - Horton Hits A Shoot,23,S-15 - Green Eggs & Slam,25,S-18,StarCenter Multisport - Farmers Branch (Court 9),"Fri, Nov 7 2025",9:15 PM,Fall
S-17 - Horton Hits A Shoot,20,S-15 - Green Eggs & Slam,25,S-18,StarCenter Multisport - Farmers Branch (Court 9),"Fri, Nov 7 2025",9:15 PM,Fall
S-10 - Bump-ty Dump-tys,25,S-09 - Bibbidi Boppity Boom!,17,S-08,StarCenter Multisport - Farmers Branch (Court 7),"Fri, Nov 7 2025",10:00 PM,Fall
S-10 - Bump-ty Dump-tys,17,S-09 - Bibbidi Boppity Boom!,19,S-08,StarCenter Multisport - Farmers Branch (Court 7),"Fri, Nov 7 2025",10:00 PM,Fall
S-12 - Dragon Tales And Hits,25,S-06 - Twinkerbells,0,S-05,StarCenter Multisport - Farmers Branch (Court 8),"Fri, Nov 7 2025",10:00 PM,Fall
S-12 - Dragon Tales And Hits,25,S-06 - Twinkerbells,0,S-05,StarCenter Multisport - Farmers Branch (Court 8),"Fri, Nov 7 2025",10:00 PM,Fall
S-18 - Six Blind Mice,0,S-17 - Horton Hits A Shoot,25,S-15,StarCenter Multisport - Farmers Branch (Court 9),"Fri, Nov 7 2025",10:00 PM,Fall
S-18 - Six Blind Mice,0,S-17 - Horton Hits A Shoot,25,S-15,StarCenter Multisport - Farmers Branch (Court 9),"Fri, Nov 7 2025",10:00 PM,Fall
S-10 - Bump-ty Dump-tys,25,S-08 - Goldi-Blocks,14,S-09,StarCenter Multisport - Farmers Branch (Court 7),"Fri, Nov 7 2025",10:45 PM,Fall
S-10 - Bump-ty Dump-tys,25,S-08 - Goldi-Blocks,23,S-09,StarCenter Multisport - Farmers Branch (Court 7),"Fri, Nov 7 2025",10:45 PM,Fall
S-12 - Dragon Tales And Hits,25,S-05 - The Prince And The Passer,19,S-06,StarCenter Multisport - Farmers Branch (Court 8),"Fri, Nov 7 2025",10:45 PM,Fall
S-12 - Dragon Tales And Hits,13,S-05 - The Prince And The Passer,25,S-06,StarCenter Multisport - Farmers Branch (Court 8),"Fri, Nov 7 2025",10:45 PM,Fall
S-18 - Six Blind Mice,0,S-15 - Green Eggs & Slam,25,S-17,StarCenter Multisport - Farmers Branch (Court 9),"Fri, Nov 7 2025",10:45 PM,Fall
S-18 - Six Blind Mice,0,S-15 - Green Eggs & Slam,25,S-17,StarCenter Multisport - Farmers Branch (Court 9),"Fri, Nov 7 2025",10:45 PM,Fall
S-10 - Bump-ty Dump-tys,25,S-01 - Duck Duck Ace,18,S-17,StarCenter Multisport - Farmers Branch (Court 7),"Fri, Nov 14 2025",7:00 PM,Fall
S-10 - Bump-ty Dump-tys,25,S-01 - Duck Duck Ace,15,S-17,StarCenter Multisport - Farmers Branch (Court 7),"Fri, Nov 14 2025",7:00 PM,Fall
S-08 - Goldi-Blocks,25,S-04 - Little Red Spikers,21,S-12,StarCenter Multisport - Farmers Branch (Court 8),"Fri, Nov 14 2025",7:00 PM,Fall
S-08 - Goldi-Blocks,23,S-04 - Little Red Spikers,25,S-12,StarCenter Multisport - Farmers Branch (Court 8),"Fri, Nov 14 2025",7:00 PM,Fall
S-06 - Twinkerbells,25,S-02 - Itsy Bitsy Spikers,21,S-09,StarCenter Multisport - Farmers Branch (Court 9),"Fri, Nov 14 2025",7:00 PM,Fall
S-06 - Twinkerbells,25,S-02 - Itsy Bitsy Spikers,19,S-09,StarCenter Multisport - Farmers Branch (Court 9),"Fri, Nov 14 2025",7:00 PM,Fall
S-17 - Horton Hits A Shoot,17,S-10 - Bump-ty Dump-tys,25,S-01,StarCenter Multisport - Farmers Branch (Court 7),"Fri, Nov 14 2025",7:45 PM,Fall
S-17 - Horton Hits A Shoot,15,S-10 - Bump-ty Dump-tys,24,S-01,StarCenter Multisport - Farmers Branch (Court 7),"Fri, Nov 14 2025",7:45 PM,Fall
S-12 - Dragon Tales And Hits,16,S-08 - Goldi-Blocks,25,S-04,StarCenter Multisport - Farmers Branch (Court 8),"Fri, Nov 14 2025",7:45 PM,Fall
S-12 - Dragon Tales And Hits,23,S-08 - Goldi-Blocks,25,S-04,StarCenter Multisport - Farmers Branch (Court 8),"Fri, Nov 14 2025",7:45 PM,Fall
S-09 - Bibbidi Boppity Boom!,25,S-06 - Twinkerbells,15,S-02,StarCenter Multisport - Farmers Branch (Court 9),"Fri, Nov 14 2025",7:45 PM,Fall
S-09 - Bibbidi Boppity Boom!,25,S-06 - Twinkerbells,12,S-02,StarCenter Multisport - Farmers Branch (Court 9),"Fri, Nov 14 2025",7:45 PM,Fall
S-17 - Horton Hits A Shoot,13,S-01 - Duck Duck Ace,25,S-10,StarCenter Multisport - Farmers Branch (Court 7),"Fri, Nov 14 2025",8:30 PM,Fall
S-17 - Horton Hits A Shoot,18,S-01 - Duck Duck Ace,25,S-10,StarCenter Multisport - Farmers Branch (Court 7),"Fri, Nov 14 2025",8:30 PM,Fall
S-12 - Dragon Tales And Hits,25,S-04 - Little Red Spikers,22,S-08,StarCenter Multisport - Farmers Branch (Court 8),"Fri, Nov 14 2025",8:30 PM,Fall
S-12 - Dragon Tales And Hits,25,S-04 - Little Red Spikers,18,S-08,StarCenter Multisport - Farmers Branch (Court 8),"Fri, Nov 14 2025",8:30 PM,Fall
S-09 - Bibbidi Boppity Boom!,25,S-02 - Itsy Bitsy Spikers,16,S-06,StarCenter Multisport - Farmers Branch (Court 9),"Fri, Nov 14 2025",8:30 PM,Fall
S-09 - Bibbidi Boppity Boom!,18,S-02 - Itsy Bitsy Spikers,24,S-06,StarCenter Multisport - Farmers Branch (Court 9),"Fri, Nov 14 2025",8:30 PM,Fall
S-14 - Slam I Am,25,S-03 - Not The Gumdrop Aces,23,S-18,StarCenter Multisport - Farmers Branch (Court 7),"Fri, Nov 14 2025",9:15 PM,Fall
S-14 - Slam I Am,23,S-03 - Not The Gumdrop Aces,22,S-18,StarCenter Multisport - Farmers Branch (Court 7),"Fri, Nov 14 2025",9:15 PM,Fall
S-13 - Block A Bye Baby,22,S-05 - The Prince And The Passer,25,S-16,StarCenter Multisport - Farmers Branch (Court 8),"Fri, Nov 14 2025",9:15 PM,Fall
S-13 - Block A Bye Baby,23,S-05 - The Prince And The Passer,21,S-16,StarCenter Multisport - Farmers Branch (Court 8),"Fri, Nov 14 2025",9:15 PM,Fall
S-11 - Bumpty Dumpty v1,20,S-07 - The Blockyardigans,25,S-15,StarCenter Multisport - Farmers Branch (Court 9),"Fri, Nov 14 2025",9:15 PM,Fall
S-11 - Bumpty Dumpty v1,19,S-07 - The Blockyardigans,25,S-15,StarCenter Multisport - Farmers Branch (Court 9),"Fri, Nov 14 2025",9:15 PM,Fall
S-18 - Six Blind Mice,0,S-14 - Slam I Am,25,S-03,StarCenter Multisport - Farmers Branch (Court 7),"Fri, Nov 14 2025",10:00 PM,Fall
S-18 - Six Blind Mice,0,S-14 - Slam I Am,25,S-03,StarCenter Multisport - Farmers Branch (Court 7),"Fri, Nov 14 2025",10:00 PM,Fall
S-16 - If You Give A Mouse A Set,22,S-13 - Block A Bye Baby,25,S-05,StarCenter Multisport - Farmers Branch (Court 8),"Fri, Nov 14 2025",10:00 PM,Fall
S-16 - If You Give A Mouse A Set,22,S-13 - Block A Bye Baby,25,S-05,StarCenter Multisport - Farmers Branch (Court 8),"Fri, Nov 14 2025",10:00 PM,Fall
S-15 - Green Eggs & Slam,16,S-11 - Bumpty Dumpty v1,25,S-07,StarCenter Multisport - Farmers Branch (Court 9),"Fri, Nov 14 2025",10:00 PM,Fall
S-15 - Green Eggs & Slam,14,S-11 - Bumpty Dumpty v1,18,S-07,StarCenter Multisport - Farmers Branch (Court 9),"Fri, Nov 14 2025",10:00 PM,Fall
S-18 - Six Blind Mice,0,S-03 - Not The Gumdrop Aces,25,S-14,StarCenter Multisport - Farmers Branch (Court 7),"Fri, Nov 14 2025",10:45 PM,Fall
S-18 - Six Blind Mice,0,S-03 - Not The Gumdrop Aces,25,S-14,StarCenter Multisport - Farmers Branch (Court 7),"Fri, Nov 14 2025",10:45 PM,Fall
S-16 - If You Give A Mouse A Set,25,S-05 - The Prince And The Passer,12,S-13,StarCenter Multisport - Farmers Branch (Court 8),"Fri, Nov 14 2025",10:45 PM,Fall
S-16 - If You Give A Mouse A Set,18,S-05 - The Prince And The Passer,25,S-13,StarCenter Multisport - Farmers Branch (Court 8),"Fri, Nov 14 2025",10:45 PM,Fall
S-15 - Green Eggs & Slam,15,S-07 - The Blockyardigans,25,S-11,StarCenter Multisport - Farmers Branch (Court 9),"Fri, Nov 14 2025",10:45 PM,Fall
S-15 - Green Eggs & Slam,20,S-07 - The Blockyardigans,25,S-11,StarCenter Multisport - Farmers Branch (Court 9),"Fri, Nov 14 2025",10:45 PM,Fall
S-13 - Block A Bye Baby,25,S-08 - Goldi-Blocks,17,S-17,StarCenter Multisport - Farmers Branch (Court 7),"Fri, Nov 21 2025",7:00 PM,Fall
S-13 - Block A Bye Baby,25,S-08 - Goldi-Blocks,22,S-17,StarCenter Multisport - Farmers Branch (Court 7),"Fri, Nov 21 2025",7:00 PM,Fall
S-11 - Bumpty Dumpty v1,25,S-09 - Bibbidi Boppity Boom!,14,S-16,StarCenter Multisport - Farmers Branch (Court 8),"Fri, Nov 21 2025",7:00 PM,Fall
S-11 - Bumpty Dumpty v1,22,S-09 - Bibbidi Boppity Boom!,17,S-16,StarCenter Multisport - Farmers Branch (Court 8),"Fri, Nov 21 2025",7:00 PM,Fall
S-15 - Green Eggs & Slam,23,S-02 - Itsy Bitsy Spikers,25,S-18,StarCenter Multisport - Farmers Branch (Court 9),"Fri, Nov 21 2025",7:00 PM,Fall
S-15 - Green Eggs & Slam,15,S-02 - Itsy Bitsy Spikers,22,S-18,StarCenter Multisport - Farmers Branch (Court 9),"Fri, Nov 21 2025",7:00 PM,Fall
S-17 - Horton Hits A Shoot,14,S-13 - Block A Bye Baby,25,S-08,StarCenter Multisport - Farmers Branch (Court 7),"Fri, Nov 21 2025",7:45 PM,Fall
S-17 - Horton Hits A Shoot,22,S-13 - Block A Bye Baby,20,S-08,StarCenter Multisport - Farmers Branch (Court 7),"Fri, Nov 21 2025",7:45 PM,Fall
S-16 - If You Give A Mouse A Set,16,S-11 - Bumpty Dumpty v1,25,S-09,StarCenter Multisport - Farmers Branch (Court 8),"Fri, Nov 21 2025",7:45 PM,Fall
S-16 - If You Give A Mouse A Set,21,S-11 - Bumpty Dumpty v1,16,S-09,StarCenter Multisport - Farmers Branch (Court 8),"Fri, Nov 21 2025",7:45 PM,Fall
S-18 - Six Blind Mice,L,S-15 - Green Eggs & Slam,W,S-02,StarCenter Multisport - Farmers Branch (Court 9),"Fri, Nov 21 2025",7:45 PM,Fall
S-18 - Six Blind Mice,L,S-15 - Green Eggs & Slam,W,S-02,StarCenter Multisport - Farmers Branch (Court 9),"Fri, Nov 21 2025",7:45 PM,Fall
S-17 - Horton Hits A Shoot,26,S-08 - Goldi-Blocks,27,S-13,StarCenter Multisport - Farmers Branch (Court 7),"Fri, Nov 21 2025",8:30 PM,Fall
S-17 - Horton Hits A Shoot,18,S-08 - Goldi-Blocks,24,S-13,StarCenter Multisport - Farmers Branch (Court 7),"Fri, Nov 21 2025",8:30 PM,Fall
S-16 - If You Give A Mouse A Set,20,S-09 - Bibbidi Boppity Boom!,25,S-11,StarCenter Multisport - Farmers Branch (Court 8),"Fri, Nov 21 2025",8:30 PM,Fall
S-16 - If You Give A Mouse A Set,22,S-09 - Bibbidi Boppity Boom!,12,S-11,StarCenter Multisport - Farmers Branch (Court 8),"Fri, Nov 21 2025",8:30 PM,Fall
S-18 - Six Blind Mice,L,S-02 - Itsy Bitsy Spikers,W,S-15,StarCenter Multisport - Farmers Branch (Court 9),"Fri, Nov 21 2025",8:30 PM,Fall
S-18 - Six Blind Mice,L,S-02 - Itsy Bitsy Spikers,W,S-15,StarCenter Multisport - Farmers Branch (Court 9),"Fri, Nov 21 2025",8:30 PM,Fall
S-06 - Twinkerbells,19,S-01 - Duck Duck Ace,25,S-14,StarCenter Multisport - Farmers Branch (Court 7),"Fri, Nov 21 2025",9:15 PM,Fall
S-06 - Twinkerbells,15,S-01 - Duck Duck Ace,19,S-14,StarCenter Multisport - Farmers Branch (Court 7),"Fri, Nov 21 2025",9:15 PM,Fall
S-04 - Little Red Spikers,25,S-03 - Not The Gumdrop Aces,18,S-07,StarCenter Multisport - Farmers Branch (Court 8),"Fri, Nov 21 2025",9:15 PM,Fall
S-04 - Little Red Spikers,25,S-03 - Not The Gumdrop Aces,14,S-07,StarCenter Multisport - Farmers Branch (Court 8),"Fri, Nov 21 2025",9:15 PM,Fall
S-10 - Bump-ty Dump-tys,25,S-05 - The Prince And The Passer,19,S-12,StarCenter Multisport - Farmers Branch (Court 9),"Fri, Nov 21 2025",9:15 PM,Fall
S-10 - Bump-ty Dump-tys,8,S-05 - The Prince And The Passer,25,S-12,StarCenter Multisport - Farmers Branch (Court 9),"Fri, Nov 21 2025",9:15 PM,Fall
S-14 - Slam I Am,25,S-06 - Twinkerbells,21,S-01,StarCenter Multisport - Farmers Branch (Court 7),"Fri, Nov 21 2025",10:00 PM,Fall
S-14 - Slam I Am,18,S-06 - Twinkerbells,11,S-01,StarCenter Multisport - Farmers Branch (Court 7),"Fri, Nov 21 2025",10:00 PM,Fall
S-07 - The Blockyardigans,25,S-04 - Little Red Spikers,18,S-03,StarCenter Multisport - Farmers Branch (Court 8),"Fri, Nov 21 2025",10:00 PM,Fall
S-07 - The Blockyardigans,14,S-04 - Little Red Spikers,17,S-03,StarCenter Multisport - Farmers Branch (Court 8),"Fri, Nov 21 2025",10:00 PM,Fall
S-12 - Dragon Tales And Hits,17,S-10 - Bump-ty Dump-tys,25,S-05,StarCenter Multisport - Farmers Branch (Court 9),"Fri, Nov 21 2025",10:00 PM,Fall
S-12 - Dragon Tales And Hits,16,S-10 - Bump-ty Dump-tys,25,S-05,StarCenter Multisport - Farmers Branch (Court 9),"Fri, Nov 21 2025",10:00 PM,Fall
S-14 - Slam I Am,25,S-01 - Duck Duck Ace,22,S-06,StarCenter Multisport - Farmers Branch (Court 7),"Fri, Nov 21 2025",10:45 PM,Fall
S-14 - Slam I Am,16,S-01 - Duck Duck Ace,14,S-06,StarCenter Multisport - Farmers Branch (Court 7),"Fri, Nov 21 2025",10:45 PM,Fall
S-07 - The Blockyardigans,26,S-03 - Not The Gumdrop Aces,24,S-04,StarCenter Multisport - Farmers Branch (Court 8),"Fri, Nov 21 2025",10:45 PM,Fall
S-07 - The Blockyardigans,18,S-03 - Not The Gumdrop Aces,16,S-04,StarCenter Multisport - Farmers Branch (Court 8),"Fri, Nov 21 2025",10:45 PM,Fall
S-12 - Dragon Tales And Hits,25,S-05 - The Prince And The Passer,19,S-10,StarCenter Multisport - Farmers Branch (Court 9),"Fri, Nov 21 2025",10:45 PM,Fall
S-12 - Dragon Tales And Hits,22,S-05 - The Prince And The Passer,24,S-10,StarCenter Multisport - Farmers Branch (Court 9),"Fri, Nov 21 2025",10:45 PM,Fall
