Team 1,Team 1 Score,Team 2,Team 2 Score,Ref Team,Location,Date,Time,Season
A-12 Mint Condition,23,A-11 Paint the Town Red,25,A-08,StarCenter Multisport - Farmers Branch (Court 11),"Fri, Jan 30 2026",7:00 PM,Spring
A-12 Mint Condition,16,A-11 Paint the Town Red,20,A-08,StarCenter Multisport - Farmers Branch (Court 11),"Fri, Jan 30 2026",7:00 PM,Spring
A-16 50 Shades of Slay,25,A-13 Blue Ball Control,23,A-10,StarCenter Multisport - Farmers Branch (Court 12),"Fri, Jan 30 2026",7:00 PM,Spring
A-16 50 Shades of Slay,16,A-13 Blue Ball Control,15,A-10,StarCenter Multisport - Farmers Branch (Court 12),"Fri, Jan 30 2026",7:00 PM,Spring
A-17 Brown Beaver Baddies,20,A-14 ROYGDig,25,A-04,StarCenter Multisport - Farmers Branch (Court 13),"Fri, Jan 30 2026",7:00 PM,Spring
A-17 Brown Beaver Baddies,18,A-14 ROYGDig,24,A-04,StarCenter Multisport - Farmers Branch (Court 13),"Fri, Jan 30 2026",7:00 PM,Spring
A-08 Crayon Crunchers,25,A-12 Mint Condition,15,A-11,StarCenter Multisport - Farmers Branch (Court 11),"Fri, Jan 30 2026",7:45 PM,Spring
A-08 Crayon Crunchers,25,A-12 Mint Condition,16,A-11,StarCenter Multisport - Farmers Branch (Court 11),"Fri, Jan 30 2026",7:45 PM,Spring
A-10,24,A-16 50 Shades of Slay,26,A-13,StarCenter Multisport - Farmers Branch (Court 12),"Fri, Jan 30 2026",7:45 PM,Spring
A-10,13,A-16 50 Shades of Slay,16,A-13,StarCenter Multisport - Farmers Branch (Court 12),"Fri, Jan 30 2026",7:45 PM,Spring
A-04,25,A-17 Brown Beaver Baddies,21,A-14,StarCenter Multisport - Farmers Branch (Court 13),"Fri, Jan 30 2026",7:45 PM,Spring
A-04,17,A-17 Brown Beaver Baddies,17,A-14,StarCenter Multisport - Farmers Branch (Court 13),"Fri, Jan 30 2026",7:45 PM,Spring
A-08 Crayon Crunchers,25,A-11 Paint the Town Red,11,A-12,StarCenter Multisport - Farmers Branch (Court 11),"Fri, Jan 30 2026",8:30 PM,Spring
A-08 Crayon Crunchers,25,A-11 Paint the Town Red,20,A-12,StarCenter Multisport - Farmers Branch (Court 11),"Fri, Jan 30 2026",8:30 PM,Spring
A-10,26,A-13 Blue Ball Control,24,A-16,StarCenter Multisport - Farmers Branch (Court 12),"Fri, Jan 30 2026",8:30 PM,Spring
A-10,15,A-13 Blue Ball Control,19,A-16,StarCenter Multisport - Farmers Branch (Court 12),"Fri, Jan 30 2026",8:30 PM,Spring
A-04,18,A-14 ROYGDig,25,A-17,StarCenter Multisport - Farmers Branch (Court 13),"Fri, Jan 30 2026",8:30 PM,Spring
A-04,24,A-14 ROYGDig,15,A-17,StarCenter Multisport - Farmers Branch (Court 13),"Fri, Jan 30 2026",8:30 PM,Spring
A-15 Spikadelic,20,A-07 Orange You Glad We Serve,25,A-03,StarCenter Multisport - Farmers Branch (Court 11),"Fri, Jan 30 2026",9:15 PM,Spring
A-15 Spikadelic,15,A-07 Orange You Glad We Serve,25,A-03,StarCenter Multisport - Farmers Branch (Court 11),"Fri, Jan 30 2026",9:15 PM,Spring
A-01 Hue’s Your Daddy,25,A-09 Serve the Rainbow,19,A-02,StarCenter Multisport - Farmers Branch (Court 12),"Fri, Jan 30 2026",9:15 PM,Spring
A-01 Hue’s Your Daddy,19,A-09 Serve the Rainbow,23,A-02,StarCenter Multisport - Farmers Branch (Court 12),"Fri, Jan 30 2026",9:15 PM,Spring
A-05 Send Nudes,21,A-18 Rosebuds,25,A-06,StarCenter Multisport - Farmers Branch (Court 13),"Fri, Jan 30 2026",9:15 PM,Spring
A-05 Send Nudes,21,A-18 Rosebuds,25,A-06,StarCenter Multisport - Farmers Branch (Court 13),"Fri, Jan 30 2026",9:15 PM,Spring
A-03 Chromatic Chaos,25,A-15 Spikadelic,23,A-07,StarCenter Multisport - Farmers Branch (Court 11),"Fri, Jan 30 2026",10:00 PM,Spring
A-03 Chromatic Chaos,19,A-15 Spikadelic,25,A-07,StarCenter Multisport - Farmers Branch (Court 11),"Fri, Jan 30 2026",10:00 PM,Spring
A-02 Fifty Shades of Gay,24,A-01 Hue’s Your Daddy,26,A-09,StarCenter Multisport - Farmers Branch (Court 12),"Fri, Jan 30 2026",10:00 PM,Spring
A-02 Fifty Shades of Gay,17,A-01 Hue’s Your Daddy,17,A-09,StarCenter Multisport - Farmers Branch (Court 12),"Fri, Jan 30 2026",10:00 PM,Spring
A-06 Red Bottoms,13,A-05 Send Nudes,25,A-18,StarCenter Multisport - Farmers Branch (Court 13),"Fri, Jan 30 2026",10:00 PM,Spring
A-06 Red Bottoms,22,A-05 Send Nudes,25,A-18,StarCenter Multisport - Farmers Branch (Court 13),"Fri, Jan 30 2026",10:00 PM,Spring
A-03 Chromatic Chaos,18,A-07 Orange You Glad We Serve,25,A-15,StarCenter Multisport - Farmers Branch (Court 11),"Fri, Jan 30 2026",10:45 PM,Spring
A-03 Chromatic Chaos,24,A-07 Orange You Glad We Serve,17,A-15,StarCenter Multisport - Farmers Branch (Court 11),"Fri, Jan 30 2026",10:45 PM,Spring
A-02 Fifty Shades of Gay,25,A-09 Serve the Rainbow,12,A-01,StarCenter Multisport - Farmers Branch (Court 12),"Fri, Jan 30 2026",10:45 PM,Spring
A-02 Fifty Shades of Gay,25,A-09 Serve the Rainbow,19,A-01,StarCenter Multisport - Farmers Branch (Court 12),"Fri, Jan 30 2026",10:45 PM,Spring
A-06 Red Bottoms,25,A-18 Rosebuds,20,A-05,StarCenter Multisport - Farmers Branch (Court 13),"Fri, Jan 30 2026",10:45 PM,Spring
A-06 Red Bottoms,22,A-18 Rosebuds,25,A-05,StarCenter Multisport - Farmers Branch (Court 13),"Fri, Jan 30 2026",10:45 PM,Spring
A-15 Spikadelic,25,A-08 Crayon Crunchers,15,A-05,StarCenter Multisport - Farmers Branch (Court 11),"Fri, Feb 6 2026",7:00 PM,Spring
A-15 Spikadelic,28,A-08 Crayon Crunchers,28,A-05,StarCenter Multisport - Farmers Branch (Court 11),"Fri, Feb 6 2026",7:00 PM,Spring
A-06 Red Bottoms,26,A-14 ROYGDig,24,A-11,StarCenter Multisport - Farmers Branch (Court 12),"Fri, Feb 6 2026",7:00 PM,Spring
A-06 Red Bottoms,22,A-14 ROYGDig,22,A-11,StarCenter Multisport - Farmers Branch (Court 12),"Fri, Feb 6 2026",7:00 PM,Spring
A-16 50 Shades of Slay,20,A-03 Chromatic Chaos,25,A-01,StarCenter Multisport - Farmers Branch (Court 13),"Fri, Feb 6 2026",7:00 PM,Spring
A-16 50 Shades of Slay,25,A-03 Chromatic Chaos,18,A-01,StarCenter Multisport - Farmers Branch (Court 13),"Fri, Feb 6 2026",7:00 PM,Spring
A-05 Send Nudes,17,A-15 Spikadelic,25,A-08,StarCenter Multisport - Farmers Branch (Court 11),"Fri, Feb 6 2026",7:45 PM,Spring
A-05 Send Nudes,21,A-15 Spikadelic,23,A-08,StarCenter Multisport - Farmers Branch (Court 11),"Fri, Feb 6 2026",7:45 PM,Spring
A-11 Paint the Town Red,26,A-06 Red Bottoms,24,A-14,StarCenter Multisport - Farmers Branch (Court 12),"Fri, Feb 6 2026",7:45 PM,Spring
A-11 Paint the Town Red,14,A-06 Red Bottoms,23,A-14,StarCenter Multisport - Farmers Branch (Court 12),"Fri, Feb 6 2026",7:45 PM,Spring
A-01 Hue’s Your Daddy,25,A-16 50 Shades of Slay,17,A-03,StarCenter Multisport - Farmers Branch (Court 13),"Fri, Feb 6 2026",7:45 PM,Spring
A-01 Hue’s Your Daddy,16,A-16 50 Shades of Slay,18,A-03,StarCenter Multisport - Farmers Branch (Court 13),"Fri, Feb 6 2026",7:45 PM,Spring
A-05 Send Nudes,25,A-08 Crayon Crunchers,16,A-15,StarCenter Multisport - Farmers Branch (Court 11),"Fri, Feb 6 2026",8:30 PM,Spring
A-05 Send Nudes,25,A-08 Crayon Crunchers,23,A-15,StarCenter Multisport - Farmers Branch (Court 11),"Fri, Feb 6 2026",8:30 PM,Spring
A-11 Paint the Town Red,25,A-14 ROYGDig,12,A-06,StarCenter Multisport - Farmers Branch (Court 12),"Fri, Feb 6 2026",8:30 PM,Spring
A-11 Paint the Town Red,25,A-14 ROYGDig,14,A-06,StarCenter Multisport - Farmers Branch (Court 12),"Fri, Feb 6 2026",8:30 PM,Spring
A-01 Hue’s Your Daddy,25,A-03 Chromatic Chaos,13,A-16,StarCenter Multisport - Farmers Branch (Court 13),"Fri, Feb 6 2026",8:30 PM,Spring
A-01 Hue’s Your Daddy,25,A-03 Chromatic Chaos,23,A-16,StarCenter Multisport - Farmers Branch (Court 13),"Fri, Feb 6 2026",8:30 PM,Spring
A-18 Rosebuds,22,A-13 Blue Ball Control,25,A-07,StarCenter Multisport - Farmers Branch (Court 11),"Fri, Feb 6 2026",9:15 PM,Spring
A-18 Rosebuds,24,A-13 Blue Ball Control,26,A-07,StarCenter Multisport - Farmers Branch (Court 11),"Fri, Feb 6 2026",9:15 PM,Spring
A-02 Fifty Shades of Gay,20,A-10,25,A-04,StarCenter Multisport - Farmers Branch (Court 12),"Fri, Feb 6 2026",9:15 PM,Spring
A-02 Fifty Shades of Gay,14,A-10,21,A-04,StarCenter Multisport - Farmers Branch (Court 12),"Fri, Feb 6 2026",9:15 PM,Spring
A-12 Mint Condition,21,A-09 Serve the Rainbow,25,A-17,StarCenter Multisport - Farmers Branch (Court 13),"Fri, Feb 6 2026",9:15 PM,Spring
A-12 Mint Condition,25,A-09 Serve the Rainbow,17,A-17,StarCenter Multisport - Farmers Branch (Court 13),"Fri, Feb 6 2026",9:15 PM,Spring
A-07 Orange You Glad We Serve,25,A-18 Rosebuds,22,A-13,StarCenter Multisport - Farmers Branch (Court 11),"Fri, Feb 6 2026",10:00 PM,Spring
A-07 Orange You Glad We Serve,10,A-18 Rosebuds,25,A-13,StarCenter Multisport - Farmers Branch (Court 11),"Fri, Feb 6 2026",10:00 PM,Spring
A-04,15,A-02 Fifty Shades of Gay,25,A-10,StarCenter Multisport - Farmers Branch (Court 12),"Fri, Feb 6 2026",10:00 PM,Spring
A-04,13,A-02 Fifty Shades of Gay,25,A-10,StarCenter Multisport - Farmers Branch (Court 12),"Fri, Feb 6 2026",10:00 PM,Spring
A-17 Brown Beaver Baddies,6,A-12 Mint Condition,25,A-09,StarCenter Multisport - Farmers Branch (Court 13),"Fri, Feb 6 2026",10:00 PM,Spring
A-17 Brown Beaver Baddies,18,A-12 Mint Condition,25,A-09,StarCenter Multisport - Farmers Branch (Court 13),"Fri, Feb 6 2026",10:00 PM,Spring
A-07 Orange You Glad We Serve,18,A-13 Blue Ball Control,25,A-18,StarCenter Multisport - Farmers Branch (Court 11),"Fri, Feb 6 2026",10:45 PM,Spring
A-07 Orange You Glad We Serve,24,A-13 Blue Ball Control,22,A-18,StarCenter Multisport - Farmers Branch (Court 11),"Fri, Feb 6 2026",10:45 PM,Spring
A-04,25,A-10,22,A-02,StarCenter Multisport - Farmers Branch (Court 12),"Fri, Feb 6 2026",10:45 PM,Spring
A-04,9,A-10,25,A-02,StarCenter Multisport - Farmers Branch (Court 12),"Fri, Feb 6 2026",10:45 PM,Spring
A-17 Brown Beaver Baddies,13,A-09 Serve the Rainbow,25,A-12,StarCenter Multisport - Farmers Branch (Court 13),"Fri, Feb 6 2026",10:45 PM,Spring
A-17 Brown Beaver Baddies,25,A-09 Serve the Rainbow,14,A-12,StarCenter Multisport - Farmers Branch (Court 13),"Fri, Feb 6 2026",10:45 PM,Spring
A-08 Crayon Crunchers,20,A-18 Rosebuds,25,A-14,StarCenter Multisport - Farmers Branch (Court 11),"Fri, Feb 20 2026",7:00 PM,Spring
A-08 Crayon Crunchers,13,A-18 Rosebuds,25,A-14,StarCenter Multisport - Farmers Branch (Court 11),"Fri, Feb 20 2026",7:00 PM,Spring
A-07 Orange You Glad We Serve,25,A-06 Red Bottoms,10,A-17,StarCenter Multisport - Farmers Branch (Court 12),"Fri, Feb 20 2026",7:00 PM,Spring
A-07 Orange You Glad We Serve,25,A-06 Red Bottoms,20,A-17,StarCenter Multisport - Farmers Branch (Court 12),"Fri, Feb 20 2026",7:00 PM,Spring
A-02 Fifty Shades of Gay,24,A-05 Send Nudes,26,A-03,StarCenter Multisport - Farmers Branch (Court 13),"Fri, Feb 20 2026",7:00 PM,Spring
A-02 Fifty Shades of Gay,17,A-05 Send Nudes,21,A-03,StarCenter Multisport - Farmers Branch (Court 13),"Fri, Feb 20 2026",7:00 PM,Spring
A-14 ROYGDig,16,A-08 Crayon Crunchers,25,A-18,StarCenter Multisport - Farmers Branch (Court 11),"Fri, Feb 20 2026",7:45 PM,Spring
A-14 ROYGDig,23,A-08 Crayon Crunchers,19,A-18,StarCenter Multisport - Farmers Branch (Court 11),"Fri, Feb 20 2026",7:45 PM,Spring
A-17 Brown Beaver Baddies,25,A-07 Orange You Glad We Serve,22,A-06,StarCenter Multisport - Farmers Branch (Court 12),"Fri, Feb 20 2026",7:45 PM,Spring
A-17 Brown Beaver Baddies,21,A-07 Orange You Glad We Serve,25,A-06,StarCenter Multisport - Farmers Branch (Court 12),"Fri, Feb 20 2026",7:45 PM,Spring
A-03 Chromatic Chaos,18,A-02 Fifty Shades of Gay,25,A-05,StarCenter Multisport - Farmers Branch (Court 13),"Fri, Feb 20 2026",7:45 PM,Spring
A-03 Chromatic Chaos,25,A-02 Fifty Shades of Gay,20,A-05,StarCenter Multisport - Farmers Branch (Court 13),"Fri, Feb 20 2026",7:45 PM,Spring
A-14 ROYGDig,23,A-18 Rosebuds,25,A-08,StarCenter Multisport - Farmers Branch (Court 11),"Fri, Feb 20 2026",8:30 PM,Spring
A-14 ROYGDig,21,A-18 Rosebuds,21,A-08,StarCenter Multisport - Farmers Branch (Court 11),"Fri, Feb 20 2026",8:30 PM,Spring
A-17 Brown Beaver Baddies,21,A-06 Red Bottoms,25,A-07,StarCenter Multisport - Farmers Branch (Court 12),"Fri, Feb 20 2026",8:30 PM,Spring
A-17 Brown Beaver Baddies,25,A-06 Red Bottoms,13,A-07,StarCenter Multisport - Farmers Branch (Court 12),"Fri, Feb 20 2026",8:30 PM,Spring
A-03 Chromatic Chaos,16,A-05 Send Nudes,25,A-02,StarCenter Multisport - Farmers Branch (Court 13),"Fri, Feb 20 2026",8:30 PM,Spring
A-03 Chromatic Chaos,17,A-05 Send Nudes,25,A-02,StarCenter Multisport - Farmers Branch (Court 13),"Fri, Feb 20 2026",8:30 PM,Spring
A-09 Serve the Rainbow,16,A-04,25,A-16,StarCenter Multisport - Farmers Branch (Court 11),"Fri, Feb 20 2026",9:15 PM,Spring
A-09 Serve the Rainbow,25,A-04,19,A-16,StarCenter Multisport - Farmers Branch (Court 11),"Fri, Feb 20 2026",9:15 PM,Spring
A-10,25,A-15 Spikadelic,16,A-11,StarCenter Multisport - Farmers Branch (Court 12),"Fri, Feb 20 2026",9:15 PM,Spring
A-10,22,A-15 Spikadelic,25,A-11,StarCenter Multisport - Farmers Branch (Court 12),"Fri, Feb 20 2026",9:15 PM,Spring
A-01 Hue’s Your Daddy,17,A-13 Blue Ball Control,25,A-12,StarCenter Multisport - Farmers Branch (Court 13),"Fri, Feb 20 2026",9:15 PM,Spring
A-01 Hue’s Your Daddy,23,A-13 Blue Ball Control,22,A-12,StarCenter Multisport - Farmers Branch (Court 13),"Fri, Feb 20 2026",9:15 PM,Spring
A-16 50 Shades of Slay,25,A-09 Serve the Rainbow,23,A-04,StarCenter Multisport - Farmers Branch (Court 11),"Fri, Feb 20 2026",10:00 PM,Spring
A-16 50 Shades of Slay,18,A-09 Serve the Rainbow,14,A-04,StarCenter Multisport - Farmers Branch (Court 11),"Fri, Feb 20 2026",10:00 PM,Spring
A-11 Paint the Town Red,12,A-10,25,A-15,StarCenter Multisport - Farmers Branch (Court 12),"Fri, Feb 20 2026",10:00 PM,Spring
A-11 Paint the Town Red,19,A-10,25,A-15,StarCenter Multisport - Farmers Branch (Court 12),"Fri, Feb 20 2026",10:00 PM,Spring
A-12 Mint Condition,20,A-01 Hue’s Your Daddy,25,A-13,StarCenter Multisport - Farmers Branch (Court 13),"Fri, Feb 20 2026",10:00 PM,Spring
A-12 Mint Condition,21,A-01 Hue’s Your Daddy,25,A-13,StarCenter Multisport - Farmers Branch (Court 13),"Fri, Feb 20 2026",10:00 PM,Spring
A-16 50 Shades of Slay,25,A-04,19,A-09,StarCenter Multisport - Farmers Branch (Court 11),"Fri, Feb 20 2026",10:45 PM,Spring
A-16 50 Shades of Slay,19,A-04,20,A-09,StarCenter Multisport - Farmers Branch (Court 11),"Fri, Feb 20 2026",10:45 PM,Spring
A-11 Paint the Town Red,25,A-15 Spikadelic,19,A-10,StarCenter Multisport - Farmers Branch (Court 12),"Fri, Feb 20 2026",10:45 PM,Spring
A-11 Paint the Town Red,19,A-15 Spikadelic,25,A-10,StarCenter Multisport - Farmers Branch (Court 12),"Fri, Feb 20 2026",10:45 PM,Spring
A-12 Mint Condition,25,A-13 Blue Ball Control,23,A-01,StarCenter Multisport - Farmers Branch (Court 13),"Fri, Feb 20 2026",10:45 PM,Spring
A-12 Mint Condition,16,A-13 Blue Ball Control,25,A-01,StarCenter Multisport - Farmers Branch (Court 13),"Fri, Feb 20 2026",10:45 PM,Spring
A-16 50 Shades of Slay,23,A-05 Send Nudes,25,A-17,StarCenter Multisport - Farmers Branch (Court 11),"Fri, Feb 27 2026",7:00 PM,Spring
A-16 50 Shades of Slay,15,A-05 Send Nudes,16,A-17,StarCenter Multisport - Farmers Branch (Court 11),"Fri, Feb 27 2026",7:00 PM,Spring
A-08 Crayon Crunchers,12,A-07 Orange You Glad We Serve,25,A-09,StarCenter Multisport - Farmers Branch (Court 12),"Fri, Feb 27 2026",7:00 PM,Spring
A-08 Crayon Crunchers,18,A-07 Orange You Glad We Serve,25,A-09,StarCenter Multisport - Farmers Branch (Court 12),"Fri, Feb 27 2026",7:00 PM,Spring
A-12 Mint Condition,17,A-10,25,A-14,StarCenter Multisport - Farmers Branch (Court 13),"Fri, Feb 27 2026",7:00 PM,Spring
A-12 Mint Condition,12,A-10,23,A-14,StarCenter Multisport - Farmers Branch (Court 13),"Fri, Feb 27 2026",7:00 PM,Spring
A-17 Brown Beaver Baddies,19,A-16 50 Shades of Slay,25,A-05,StarCenter Multisport - Farmers Branch (Court 11),"Fri, Feb 27 2026",7:45 PM,Spring
A-17 Brown Beaver Baddies,17,A-16 50 Shades of Slay,24,A-05,StarCenter Multisport - Farmers Branch (Court 11),"Fri, Feb 27 2026",7:45 PM,Spring
A-09 Serve the Rainbow,11,A-08 Crayon Crunchers,25,A-07,StarCenter Multisport - Farmers Branch (Court 12),"Fri, Feb 27 2026",7:45 PM,Spring
A-09 Serve the Rainbow,25,A-08 Crayon Crunchers,23,A-07,StarCenter Multisport - Farmers Branch (Court 12),"Fri, Feb 27 2026",7:45 PM,Spring
A-14 ROYGDig,25,A-12 Mint Condition,20,A-10,StarCenter Multisport - Farmers Branch (Court 13),"Fri, Feb 27 2026",7:45 PM,Spring
A-14 ROYGDig,25,A-12 Mint Condition,12,A-10,StarCenter Multisport - Farmers Branch (Court 13),"Fri, Feb 27 2026",7:45 PM,Spring
A-17 Brown Beaver Baddies,25,A-05 Send Nudes,16,A-16,StarCenter Multisport - Farmers Branch (Court 11),"Fri, Feb 27 2026",8:30 PM,Spring
A-17 Brown Beaver Baddies,22,A-05 Send Nudes,25,A-16,StarCenter Multisport - Farmers Branch (Court 11),"Fri, Feb 27 2026",8:30 PM,Spring
A-09 Serve the Rainbow,16,A-07 Orange You Glad We Serve,25,A-08,StarCenter Multisport - Farmers Branch (Court 12),"Fri, Feb 27 2026",8:30 PM,Spring
A-09 Serve the Rainbow,7,A-07 Orange You Glad We Serve,25,A-08,StarCenter Multisport - Farmers Branch (Court 12),"Fri, Feb 27 2026",8:30 PM,Spring
A-14 ROYGDig,25,A-10,19,A-12,StarCenter Multisport - Farmers Branch (Court 13),"Fri, Feb 27 2026",8:30 PM,Spring
A-14 ROYGDig,23,A-10,20,A-12,StarCenter Multisport - Farmers Branch (Court 13),"Fri, Feb 27 2026",8:30 PM,Spring
A-11 Paint the Town Red,18,A-01 Hue’s Your Daddy,25,A-18,StarCenter Multisport - Farmers Branch (Court 11),"Fri, Feb 27 2026",9:15 PM,Spring
A-11 Paint the Town Red,18,A-01 Hue’s Your Daddy,19,A-18,StarCenter Multisport - Farmers Branch (Court 11),"Fri, Feb 27 2026",9:15 PM,Spring
A-06 Red Bottoms,25,A-02 Fifty Shades of Gay,19,A-15,StarCenter Multisport - Farmers Branch (Court 12),"Fri, Feb 27 2026",9:15 PM,Spring
A-06 Red Bottoms,25,A-02 Fifty Shades of Gay,20,A-15,StarCenter Multisport - Farmers Branch (Court 12),"Fri, Feb 27 2026",9:15 PM,Spring
A-04,25,A-03 Chromatic Chaos,23,A-13,StarCenter Multisport - Farmers Branch (Court 13),"Fri, Feb 27 2026",9:15 PM,Spring
A-04,20,A-03 Chromatic Chaos,15,A-13,StarCenter Multisport - Farmers Branch (Court 13),"Fri, Feb 27 2026",9:15 PM,Spring
A-18 Rosebuds,20,A-11 Paint the Town Red,25,A-01,StarCenter Multisport - Farmers Branch (Court 11),"Fri, Feb 27 2026",10:00 PM,Spring
A-18 Rosebuds,19,A-11 Paint the Town Red,18,A-01,StarCenter Multisport - Farmers Branch (Court 11),"Fri, Feb 27 2026",10:00 PM,Spring
A-15 Spikadelic,25,A-06 Red Bottoms,18,A-02,StarCenter Multisport - Farmers Branch (Court 12),"Fri, Feb 27 2026",10:00 PM,Spring
A-15 Spikadelic,14,A-06 Red Bottoms,25,A-02,StarCenter Multisport - Farmers Branch (Court 12),"Fri, Feb 27 2026",10:00 PM,Spring
A-13 Blue Ball Control,25,A-04,13,A-03,StarCenter Multisport - Farmers Branch (Court 13),"Fri, Feb 27 2026",10:00 PM,Spring
A-13 Blue Ball Control,25,A-04,18,A-03,StarCenter Multisport - Farmers Branch (Court 13),"Fri, Feb 27 2026",10:00 PM,Spring
A-18 Rosebuds,25,A-01 Hue’s Your Daddy,22,A-11,StarCenter Multisport - Farmers Branch (Court 11),"Fri, Feb 27 2026",10:45 PM,Spring
A-18 Rosebuds,19,A-01 Hue’s Your Daddy,18,A-11,StarCenter Multisport - Farmers Branch (Court 11),"Fri, Feb 27 2026",10:45 PM,Spring
A-15 Spikadelic,25,A-02 Fifty Shades of Gay,16,A-06,StarCenter Multisport - Farmers Branch (Court 12),"Fri, Feb 27 2026",10:45 PM,Spring
A-15 Spikadelic,25,A-02 Fifty Shades of Gay,16,A-06,StarCenter Multisport - Farmers Branch (Court 12),"Fri, Feb 27 2026",10:45 PM,Spring
A-13 Blue Ball Control,25,A-03 Chromatic Chaos,15,A-04,StarCenter Multisport - Farmers Branch (Court 13),"Fri, Feb 27 2026",10:45 PM,Spring
A-13 Blue Ball Control,25,A-03 Chromatic Chaos,15,A-04,StarCenter Multisport - Farmers Branch (Court 13),"Fri, Feb 27 2026",10:45 PM,Spring
A-05 Send Nudes,25,A-01 Hue’s Your Daddy,16,A-10,StarCenter Multisport - Farmers Branch (Court 11),"Fri, Mar 6 2026",7:00 PM,Spring
A-05 Send Nudes,25,A-01 Hue’s Your Daddy,22,A-10,StarCenter Multisport - Farmers Branch (Court 11),"Fri, Mar 6 2026",7:00 PM,Spring
A-13 Blue Ball Control,20,A-02 Fifty Shades of Gay,25,A-14,StarCenter Multisport - Farmers Branch (Court 12),"Fri, Mar 6 2026",7:00 PM,Spring
A-13 Blue Ball Control,16,A-02 Fifty Shades of Gay,25,A-14,StarCenter Multisport - Farmers Branch (Court 12),"Fri, Mar 6 2026",7:00 PM,Spring
A-06 Red Bottoms,25,A-16 50 Shades of Slay,23,A-08,StarCenter Multisport - Farmers Branch (Court 13),"Fri, Mar 6 2026",7:00 PM,Spring
A-06 Red Bottoms,18,A-16 50 Shades of Slay,17,A-08,StarCenter Multisport - Farmers Branch (Court 13),"Fri, Mar 6 2026",7:00 PM,Spring
A-10,25,A-05 Send Nudes,17,A-01,StarCenter Multisport - Farmers Branch (Court 11),"Fri, Mar 6 2026",7:45 PM,Spring
A-10,18,A-05 Send Nudes,20,A-01,StarCenter Multisport - Farmers Branch (Court 11),"Fri, Mar 6 2026",7:45 PM,Spring
A-14 ROYGDig,25,A-13 Blue Ball Control,23,A-02,StarCenter Multisport - Farmers Branch (Court 12),"Fri, Mar 6 2026",7:45 PM,Spring
A-14 ROYGDig,15,A-13 Blue Ball Control,24,A-02,StarCenter Multisport - Farmers Branch (Court 12),"Fri, Mar 6 2026",7:45 PM,Spring
A-08 Crayon Crunchers,25,A-06 Red Bottoms,20,A-16,StarCenter Multisport - Farmers Branch (Court 13),"Fri, Mar 6 2026",7:45 PM,Spring
A-08 Crayon Crunchers,22,A-06 Red Bottoms,22,A-16,StarCenter Multisport - Farmers Branch (Court 13),"Fri, Mar 6 2026",7:45 PM,Spring
A-10,25,A-01 Hue’s Your Daddy,16,A-05,StarCenter Multisport - Farmers Branch (Court 11),"Fri, Mar 6 2026",8:30 PM,Spring
A-10,25,A-01 Hue’s Your Daddy,18,A-05,StarCenter Multisport - Farmers Branch (Court 11),"Fri, Mar 6 2026",8:30 PM,Spring
A-14 ROYGDig,26,A-02 Fifty Shades of Gay,24,A-13,StarCenter Multisport - Farmers Branch (Court 12),"Fri, Mar 6 2026",8:30 PM,Spring
A-14 ROYGDig,16,A-02 Fifty Shades of Gay,15,A-13,StarCenter Multisport - Farmers Branch (Court 12),"Fri, Mar 6 2026",8:30 PM,Spring
A-08 Crayon Crunchers,25,A-16 50 Shades of Slay,19,A-06,StarCenter Multisport - Farmers Branch (Court 13),"Fri, Mar 6 2026",8:30 PM,Spring
A-08 Crayon Crunchers,21,A-16 50 Shades of Slay,16,A-06,StarCenter Multisport - Farmers Branch (Court 13),"Fri, Mar 6 2026",8:30 PM,Spring
A-17 Brown Beaver Baddies,16,A-15 Spikadelic,25,A-18,StarCenter Multisport - Farmers Branch (Court 11),"Fri, Mar 6 2026",9:15 PM,Spring
A-17 Brown Beaver Baddies,5,A-15 Spikadelic,25,A-18,StarCenter Multisport - Farmers Branch (Court 11),"Fri, Mar 6 2026",9:15 PM,Spring
A-04,12,A-12 Mint Condition,25,A-07,StarCenter Multisport - Farmers Branch (Court 12),"Fri, Mar 6 2026",9:15 PM,Spring
A-04,21,A-12 Mint Condition,25,A-07,StarCenter Multisport - Farmers Branch (Court 12),"Fri, Mar 6 2026",9:15 PM,Spring
A-03 Chromatic Chaos,25,A-11 Paint the Town Red,23,A-09,StarCenter Multisport - Farmers Branch (Court 13),"Fri, Mar 6 2026",9:15 PM,Spring
A-03 Chromatic Chaos,19,A-11 Paint the Town Red,25,A-09,StarCenter Multisport - Farmers Branch (Court 13),"Fri, Mar 6 2026",9:15 PM,Spring
A-18 Rosebuds,25,A-17 Brown Beaver Baddies,21,A-15,StarCenter Multisport - Farmers Branch (Court 11),"Fri, Mar 6 2026",10:00 PM,Spring
A-18 Rosebuds,25,A-17 Brown Beaver Baddies,12,A-15,StarCenter Multisport - Farmers Branch (Court 11),"Fri, Mar 6 2026",10:00 PM,Spring
A-07 Orange You Glad We Serve,25,A-04,22,A-12,StarCenter Multisport - Farmers Branch (Court 12),"Fri, Mar 6 2026",10:00 PM,Spring
A-07 Orange You Glad We Serve,24,A-04,16,A-12,StarCenter Multisport - Farmers Branch (Court 12),"Fri, Mar 6 2026",10:00 PM,Spring
A-09 Serve the Rainbow,23,A-03 Chromatic Chaos,25,A-11,StarCenter Multisport - Farmers Branch (Court 13),"Fri, Mar 6 2026",10:00 PM,Spring
A-09 Serve the Rainbow,21,A-03 Chromatic Chaos,17,A-11,StarCenter Multisport - Farmers Branch (Court 13),"Fri, Mar 6 2026",10:00 PM,Spring
A-18 Rosebuds,27,A-15 Spikadelic,25,A-17,StarCenter Multisport - Farmers Branch (Court 11),"Fri, Mar 6 2026",10:45 PM,Spring
A-18 Rosebuds,11,A-15 Spikadelic,20,A-17,StarCenter Multisport - Farmers Branch (Court 11),"Fri, Mar 6 2026",10:45 PM,Spring
A-07 Orange You Glad We Serve,25,A-12 Mint Condition,15,A-04,StarCenter Multisport - Farmers Branch (Court 12),"Fri, Mar 6 2026",10:45 PM,Spring
A-07 Orange You Glad We Serve,25,A-12 Mint Condition,18,A-04,StarCenter Multisport - Farmers Branch (Court 12),"Fri, Mar 6 2026",10:45 PM,Spring
A-09 Serve the Rainbow,25,A-11 Paint the Town Red,22,A-03,StarCenter Multisport - Farmers Branch (Court 13),"Fri, Mar 6 2026",10:45 PM,Spring
A-09 Serve the Rainbow,23,A-11 Paint the Town Red,25,A-03,StarCenter Multisport - Farmers Branch (Court 13),"Fri, Mar 6 2026",10:45 PM,Spring
A-03 Chromatic Chaos,21,A-10,25,A-08,StarCenter Multisport - Farmers Branch (Court 11),"Fri, Mar 20 2026",7:00 PM,Spring
A-03 Chromatic Chaos,17,A-10,25,A-08,StarCenter Multisport - Farmers Branch (Court 11),"Fri, Mar 20 2026",7:00 PM,Spring
A-18 Rosebuds,20,A-16 50 Shades of Slay,25,A-12,StarCenter Multisport - Farmers Branch (Court 12),"Fri, Mar 20 2026",7:00 PM,Spring
A-18 Rosebuds,22,A-16 50 Shades of Slay,23,A-12,StarCenter Multisport - Farmers Branch (Court 12),"Fri, Mar 20 2026",7:00 PM,Spring
A-14 ROYGDig,25,A-07 Orange You Glad We Serve,21,A-05,StarCenter Multisport - Farmers Branch (Court 13),"Fri, Mar 20 2026",7:00 PM,Spring
A-14 ROYGDig,12,A-07 Orange You Glad We Serve,25,A-05,StarCenter Multisport - Farmers Branch (Court 13),"Fri, Mar 20 2026",7:00 PM,Spring
A-08 Crayon Crunchers,26,A-03 Chromatic Chaos,27,A-10,StarCenter Multisport - Farmers Branch (Court 11),"Fri, Mar 20 2026",7:45 PM,Spring
A-08 Crayon Crunchers,20,A-03 Chromatic Chaos,23,A-10,StarCenter Multisport - Farmers Branch (Court 11),"Fri, Mar 20 2026",7:45 PM,Spring
A-12 Mint Condition,22,A-18 Rosebuds,25,A-16,StarCenter Multisport - Farmers Branch (Court 12),"Fri, Mar 20 2026",7:45 PM,Spring
A-12 Mint Condition,14,A-18 Rosebuds,21,A-16,StarCenter Multisport - Farmers Branch (Court 12),"Fri, Mar 20 2026",7:45 PM,Spring
A-05 Send Nudes,21,A-14 ROYGDig,25,A-07,StarCenter Multisport - Farmers Branch (Court 13),"Fri, Mar 20 2026",7:45 PM,Spring
A-05 Send Nudes,25,A-14 ROYGDig,22,A-07,StarCenter Multisport - Farmers Branch (Court 13),"Fri, Mar 20 2026",7:45 PM,Spring
A-08 Crayon Crunchers,21,A-10,25,A-03,StarCenter Multisport - Farmers Branch (Court 11),"Fri, Mar 20 2026",8:30 PM,Spring
A-08 Crayon Crunchers,18,A-10,25,A-03,StarCenter Multisport - Farmers Branch (Court 11),"Fri, Mar 20 2026",8:30 PM,Spring
A-12 Mint Condition,23,A-16 50 Shades of Slay,25,A-18,StarCenter Multisport - Farmers Branch (Court 12),"Fri, Mar 20 2026",8:30 PM,Spring
A-12 Mint Condition,15,A-16 50 Shades of Slay,21,A-18,StarCenter Multisport - Farmers Branch (Court 12),"Fri, Mar 20 2026",8:30 PM,Spring
A-05 Send Nudes,25,A-07 Orange You Glad We Serve,20,A-14,StarCenter Multisport - Farmers Branch (Court 13),"Fri, Mar 20 2026",8:30 PM,Spring
A-05 Send Nudes,25,A-07 Orange You Glad We Serve,13,A-14,StarCenter Multisport - Farmers Branch (Court 13),"Fri, Mar 20 2026",8:30 PM,Spring
A-11 Paint the Town Red,23,A-02 Fifty Shades of Gay,25,A-17,StarCenter Multisport - Farmers Branch (Court 11),"Fri, Mar 20 2026",9:15 PM,Spring
A-11 Paint the Town Red,25,A-02 Fifty Shades of Gay,20,A-17,StarCenter Multisport - Farmers Branch (Court 11),"Fri, Mar 20 2026",9:15 PM,Spring
A-13 Blue Ball Control,25,A-09 Serve the Rainbow,13,A-15,StarCenter Multisport - Farmers Branch (Court 12),"Fri, Mar 20 2026",9:15 PM,Spring
A-13 Blue Ball Control,25,A-09 Serve the Rainbow,14,A-15,StarCenter Multisport - Farmers Branch (Court 12),"Fri, Mar 20 2026",9:15 PM,Spring
A-04,19,A-01 Hue’s Your Daddy,25,A-06,StarCenter Multisport - Farmers Branch (Court 13),"Fri, Mar 20 2026",9:15 PM,Spring
A-04,20,A-01 Hue’s Your Daddy,22,A-06,StarCenter Multisport - Farmers Branch (Court 13),"Fri, Mar 20 2026",9:15 PM,Spring
A-17 Brown Beaver Baddies,0,A-11 Paint the Town Red,25,A-02,StarCenter Multisport - Farmers Branch (Court 11),"Fri, Mar 20 2026",10:00 PM,Spring
A-17 Brown Beaver Baddies,0,A-11 Paint the Town Red,25,A-02,StarCenter Multisport - Farmers Branch (Court 11),"Fri, Mar 20 2026",10:00 PM,Spring
A-15 Spikadelic,25,A-13 Blue Ball Control,14,A-09,StarCenter Multisport - Farmers Branch (Court 12),"Fri, Mar 20 2026",10:00 PM,Spring
A-15 Spikadelic,12,A-13 Blue Ball Control,25,A-09,StarCenter Multisport - Farmers Branch (Court 12),"Fri, Mar 20 2026",10:00 PM,Spring
A-06 Red Bottoms,25,A-04,16,A-01,StarCenter Multisport - Farmers Branch (Court 13),"Fri, Mar 20 2026",10:00 PM,Spring
A-06 Red Bottoms,25,A-04,19,A-01,StarCenter Multisport - Farmers Branch (Court 13),"Fri, Mar 20 2026",10:00 PM,Spring
A-17 Brown Beaver Baddies,0,A-02 Fifty Shades of Gay,25,A-11,StarCenter Multisport - Farmers Branch (Court 11),"Fri, Mar 20 2026",10:45 PM,Spring
A-17 Brown Beaver Baddies,0,A-02 Fifty Shades of Gay,25,A-11,StarCenter Multisport - Farmers Branch (Court 11),"Fri, Mar 20 2026",10:45 PM,Spring
A-15 Spikadelic,25,A-09 Serve the Rainbow,15,A-13,StarCenter Multisport - Farmers Branch (Court 12),"Fri, Mar 20 2026",10:45 PM,Spring
A-15 Spikadelic,25,A-09 Serve the Rainbow,15,A-13,StarCenter Multisport - Farmers Branch (Court 12),"Fri, Mar 20 2026",10:45 PM,Spring
A-06 Red Bottoms,23,A-01 Hue’s Your Daddy,25,A-04,StarCenter Multisport - Farmers Branch (Court 13),"Fri, Mar 20 2026",10:45 PM,Spring
A-06 Red Bottoms,25,A-01 Hue’s Your Daddy,16,A-04,StarCenter Multisport - Farmers Branch (Court 13),"Fri, Mar 20 2026",10:45 PM,Spring
A-07 Orange You Glad We Serve,25,A-06 Red Bottoms,17,A-10,StarCenter Multisport - Farmers Branch (Court 11),"Fri, Mar 27 2026",7:00 PM,Spring
A-07 Orange You Glad We Serve,25,A-06 Red Bottoms,18,A-10,StarCenter Multisport - Farmers Branch (Court 11),"Fri, Mar 27 2026",7:00 PM,Spring
A-14 ROYGDig,15,A-09 Serve the Rainbow,25,A-03,StarCenter Multisport - Farmers Branch (Court 12),"Fri, Mar 27 2026",7:00 PM,Spring
A-14 ROYGDig,21,A-09 Serve the Rainbow,19,A-03,StarCenter Multisport - Farmers Branch (Court 12),"Fri, Mar 27 2026",7:00 PM,Spring
A-11 Paint the Town Red,13,A-05 Send Nudes,25,A-13,StarCenter Multisport - Farmers Branch (Court 13),"Fri, Mar 27 2026",7:00 PM,Spring
A-11 Paint the Town Red,21,A-05 Send Nudes,25,A-13,StarCenter Multisport - Farmers Branch (Court 13),"Fri, Mar 27 2026",7:00 PM,Spring
A-10,22,A-07 Orange You Glad We Serve,25,A-06,StarCenter Multisport - Farmers Branch (Court 11),"Fri, Mar 27 2026",7:45 PM,Spring
A-10,25,A-07 Orange You Glad We Serve,18,A-06,StarCenter Multisport - Farmers Branch (Court 11),"Fri, Mar 27 2026",7:45 PM,Spring
A-03 Chromatic Chaos,11,A-14 ROYGDig,25,A-09,StarCenter Multisport - Farmers Branch (Court 12),"Fri, Mar 27 2026",7:45 PM,Spring
A-03 Chromatic Chaos,11,A-14 ROYGDig,25,A-09,StarCenter Multisport - Farmers Branch (Court 12),"Fri, Mar 27 2026",7:45 PM,Spring
A-13 Blue Ball Control,18,A-11 Paint the Town Red,25,A-05,StarCenter Multisport - Farmers Branch (Court 13),"Fri, Mar 27 2026",7:45 PM,Spring
A-13 Blue Ball Control,20,A-11 Paint the Town Red,25,A-05,StarCenter Multisport - Farmers Branch (Court 13),"Fri, Mar 27 2026",7:45 PM,Spring
A-10,16,A-06 Red Bottoms,25,A-07,StarCenter Multisport - Farmers Branch (Court 11),"Fri, Mar 27 2026",8:30 PM,Spring
A-10,25,A-06 Red Bottoms,22,A-07,StarCenter Multisport - Farmers Branch (Court 11),"Fri, Mar 27 2026",8:30 PM,Spring
A-03 Chromatic Chaos,7,A-09 Serve the Rainbow,25,A-14,StarCenter Multisport - Farmers Branch (Court 12),"Fri, Mar 27 2026",8:30 PM,Spring
A-03 Chromatic Chaos,19,A-09 Serve the Rainbow,25,A-14,StarCenter Multisport - Farmers Branch (Court 12),"Fri, Mar 27 2026",8:30 PM,Spring
A-13 Blue Ball Control,25,A-05 Send Nudes,21,A-11,StarCenter Multisport - Farmers Branch (Court 13),"Fri, Mar 27 2026",8:30 PM,Spring
A-13 Blue Ball Control,25,A-05 Send Nudes,19,A-11,StarCenter Multisport - Farmers Branch (Court 13),"Fri, Mar 27 2026",8:30 PM,Spring
A-18 Rosebuds,25,A-17 Brown Beaver Baddies,19,A-01,StarCenter Multisport - Farmers Branch (Court 11),"Fri, Mar 27 2026",9:15 PM,Spring
A-18 Rosebuds,25,A-17 Brown Beaver Baddies,15,A-01,StarCenter Multisport - Farmers Branch (Court 11),"Fri, Mar 27 2026",9:15 PM,Spring
A-12 Mint Condition,25,A-08 Crayon Crunchers,19,A-02,StarCenter Multisport - Farmers Branch (Court 12),"Fri, Mar 27 2026",9:15 PM,Spring
A-12 Mint Condition,21,A-08 Crayon Crunchers,16,A-02,StarCenter Multisport - Farmers Branch (Court 12),"Fri, Mar 27 2026",9:15 PM,Spring
A-16 50 Shades of Slay,18,A-15 Spikadelic,25,A-04,StarCenter Multisport - Farmers Branch (Court 13),"Fri, Mar 27 2026",9:15 PM,Spring
A-16 50 Shades of Slay,22,A-15 Spikadelic,25,A-04,StarCenter Multisport - Farmers Branch (Court 13),"Fri, Mar 27 2026",9:15 PM,Spring
A-01 Hue’s Your Daddy,16,A-18 Rosebuds,25,A-17,StarCenter Multisport - Farmers Branch (Court 11),"Fri, Mar 27 2026",10:00 PM,Spring
A-01 Hue’s Your Daddy,20,A-18 Rosebuds,20,A-17,StarCenter Multisport - Farmers Branch (Court 11),"Fri, Mar 27 2026",10:00 PM,Spring
A-02 Fifty Shades of Gay,23,A-12 Mint Condition,25,A-08,StarCenter Multisport - Farmers Branch (Court 12),"Fri, Mar 27 2026",10:00 PM,Spring
A-02 Fifty Shades of Gay,21,A-12 Mint Condition,8,A-08,StarCenter Multisport - Farmers Branch (Court 12),"Fri, Mar 27 2026",10:00 PM,Spring
A-04,27,A-16 50 Shades of Slay,25,A-15,StarCenter Multisport - Farmers Branch (Court 13),"Fri, Mar 27 2026",10:00 PM,Spring
A-04,12,A-16 50 Shades of Slay,20,A-15,StarCenter Multisport - Farmers Branch (Court 13),"Fri, Mar 27 2026",10:00 PM,Spring
A-01 Hue’s Your Daddy,21,A-17 Brown Beaver Baddies,25,A-18,StarCenter Multisport - Farmers Branch (Court 11),"Fri, Mar 27 2026",10:45 PM,Spring
A-01 Hue’s Your Daddy,24,A-17 Brown Beaver Baddies,18,A-18,StarCenter Multisport - Farmers Branch (Court 11),"Fri, Mar 27 2026",10:45 PM,Spring
A-02 Fifty Shades of Gay,25,A-08 Crayon Crunchers,22,A-12,StarCenter Multisport - Farmers Branch (Court 12),"Fri, Mar 27 2026",10:45 PM,Spring
A-02 Fifty Shades of Gay,14,A-08 Crayon Crunchers,25,A-12,StarCenter Multisport - Farmers Branch (Court 12),"Fri, Mar 27 2026",10:45 PM,Spring
A-04,25,A-15 Spikadelic,14,A-16,StarCenter Multisport - Farmers Branch (Court 13),"Fri, Mar 27 2026",10:45 PM,Spring
A-04,21,A-15 Spikadelic,24,A-16,StarCenter Multisport - Farmers Branch (Court 13),"Fri, Mar 27 2026",10:45 PM,Spring
A-15 Spikadelic,25,A-12 Mint Condition,20,A-05,StarCenter Multisport - Farmers Branch (Court 11),"Fri, Apr 10 2026",7:00 PM,Spring
A-15 Spikadelic,23,A-12 Mint Condition,22,A-05,StarCenter Multisport - Farmers Branch (Court 11),"Fri, Apr 10 2026",7:00 PM,Spring
A-17 Brown Beaver Baddies,10,A-10,25,A-03,StarCenter Multisport - Farmers Branch (Court 12),"Fri, Apr 10 2026",7:00 PM,Spring
A-17 Brown Beaver Baddies,16,A-10,25,A-03,StarCenter Multisport - Farmers Branch (Court 12),"Fri, Apr 10 2026",7:00 PM,Spring
A-18 Rosebuds,26,A-14 ROYGDig,27,A-02,StarCenter Multisport - Farmers Branch (Court 13),"Fri, Apr 10 2026",7:00 PM,Spring
A-18 Rosebuds,15,A-14 ROYGDig,22,A-02,StarCenter Multisport - Farmers Branch (Court 13),"Fri, Apr 10 2026",7:00 PM,Spring
A-05 Send Nudes,23,A-15 Spikadelic,25,A-12,StarCenter Multisport - Farmers Branch (Court 11),"Fri, Apr 10 2026",7:45 PM,Spring
A-05 Send Nudes,18,A-15 Spikadelic,15,A-12,StarCenter Multisport - Farmers Branch (Court 11),"Fri, Apr 10 2026",7:45 PM,Spring
A-03 Chromatic Chaos,16,A-17 Brown Beaver Baddies,25,A-10,StarCenter Multisport - Farmers Branch (Court 12),"Fri, Apr 10 2026",7:45 PM,Spring
A-03 Chromatic Chaos,25,A-17 Brown Beaver Baddies,15,A-10,StarCenter Multisport - Farmers Branch (Court 12),"Fri, Apr 10 2026",7:45 PM,Spring
A-02 Fifty Shades of Gay,21,A-18 Rosebuds,25,A-14,StarCenter Multisport - Farmers Branch (Court 13),"Fri, Apr 10 2026",7:45 PM,Spring
A-02 Fifty Shades of Gay,17,A-18 Rosebuds,19,A-14,StarCenter Multisport - Farmers Branch (Court 13),"Fri, Apr 10 2026",7:45 PM,Spring
A-05 Send Nudes,25,A-12 Mint Condition,23,A-15,StarCenter Multisport - Farmers Branch (Court 11),"Fri, Apr 10 2026",8:30 PM,Spring
A-05 Send Nudes,19,A-12 Mint Condition,18,A-15,StarCenter Multisport - Farmers Branch (Court 11),"Fri, Apr 10 2026",8:30 PM,Spring
A-03 Chromatic Chaos,27,A-10,26,A-17,StarCenter Multisport - Farmers Branch (Court 12),"Fri, Apr 10 2026",8:30 PM,Spring
A-03 Chromatic Chaos,8,A-10,25,A-17,StarCenter Multisport - Farmers Branch (Court 12),"Fri, Apr 10 2026",8:30 PM,Spring
A-02 Fifty Shades of Gay,25,A-14 ROYGDig,16,A-18,StarCenter Multisport - Farmers Branch (Court 13),"Fri, Apr 10 2026",8:30 PM,Spring
A-02 Fifty Shades of Gay,15,A-14 ROYGDig,19,A-18,StarCenter Multisport - Farmers Branch (Court 13),"Fri, Apr 10 2026",8:30 PM,Spring
A-01 Hue’s Your Daddy,13,A-08 Crayon Crunchers,25,A-04,StarCenter Multisport - Farmers Branch (Court 11),"Fri, Apr 10 2026",9:15 PM,Spring
A-01 Hue’s Your Daddy,25,A-08 Crayon Crunchers,15,A-04,StarCenter Multisport - Farmers Branch (Court 11),"Fri, Apr 10 2026",9:15 PM,Spring
A-07 Orange You Glad We Serve,23,A-16 50 Shades of Slay,25,A-11,StarCenter Multisport - Farmers Branch (Court 12),"Fri, Apr 10 2026",9:15 PM,Spring
A-07 Orange You Glad We Serve,24,A-16 50 Shades of Slay,11,A-11,StarCenter Multisport - Farmers Branch (Court 12),"Fri, Apr 10 2026",9:15 PM,Spring
A-09 Serve the Rainbow,25,A-06 Red Bottoms,18,A-13,StarCenter Multisport - Farmers Branch (Court 13),"Fri, Apr 10 2026",9:15 PM,Spring
A-09 Serve the Rainbow,18,A-06 Red Bottoms,25,A-13,StarCenter Multisport - Farmers Branch (Court 13),"Fri, Apr 10 2026",9:15 PM,Spring
A-04,0,A-01 Hue’s Your Daddy,25,A-08,StarCenter Multisport - Farmers Branch (Court 11),"Fri, Apr 10 2026",10:00 PM,Spring
A-04,0,A-01 Hue’s Your Daddy,25,A-08,StarCenter Multisport - Farmers Branch (Court 11),"Fri, Apr 10 2026",10:00 PM,Spring
A-11 Paint the Town Red,19,A-07 Orange You Glad We Serve,25,A-16,StarCenter Multisport - Farmers Branch (Court 12),"Fri, Apr 10 2026",10:00 PM,Spring
A-11 Paint the Town Red,19,A-07 Orange You Glad We Serve,23,A-16,StarCenter Multisport - Farmers Branch (Court 12),"Fri, Apr 10 2026",10:00 PM,Spring
A-13 Blue Ball Control,22,A-09 Serve the Rainbow,25,A-06,StarCenter Multisport - Farmers Branch (Court 13),"Fri, Apr 10 2026",10:00 PM,Spring
A-13 Blue Ball Control,18,A-09 Serve the Rainbow,25,A-06,StarCenter Multisport - Farmers Branch (Court 13),"Fri, Apr 10 2026",10:00 PM,Spring
A-04,0,A-08 Crayon Crunchers,25,A-01,StarCenter Multisport - Farmers Branch (Court 11),"Fri, Apr 10 2026",10:45 PM,Spring
A-04,0,A-08 Crayon Crunchers,25,A-01,StarCenter Multisport - Farmers Branch (Court 11),"Fri, Apr 10 2026",10:45 PM,Spring
A-11 Paint the Town Red,25,A-16 50 Shades of Slay,19,A-07,StarCenter Multisport - Farmers Branch (Court 12),"Fri, Apr 10 2026",10:45 PM,Spring
A-11 Paint the Town Red,19,A-16 50 Shades of Slay,18,A-07,StarCenter Multisport - Farmers Branch (Court 12),"Fri, Apr 10 2026",10:45 PM,Spring
A-13 Blue Ball Control,23,A-06 Red Bottoms,25,A-09,StarCenter Multisport - Farmers Branch (Court 13),"Fri, Apr 10 2026",10:45 PM,Spring
A-13 Blue Ball Control,25,A-06 Red Bottoms,18,A-09,StarCenter Multisport - Farmers Branch (Court 13),"Fri, Apr 10 2026",10:45 PM,Spring
A-11 Paint the Town Red,25,A-06 Red Bottoms,22,A-13,StarCenter Multisport - North Lake (Court 11),"Fri, Apr 17 2026",7:00 PM,Spring
A-11 Paint the Town Red,25,A-06 Red Bottoms,15,A-13,StarCenter Multisport - North Lake (Court 11),"Fri, Apr 17 2026",7:00 PM,Spring
A-10,25,A-17 Brown Beaver Baddies,20,A-15,StarCenter Multisport - North Lake (Court 12),"Fri, Apr 17 2026",7:00 PM,Spring
A-10,25,A-17 Brown Beaver Baddies,10,A-15,StarCenter Multisport - North Lake (Court 12),"Fri, Apr 17 2026",7:00 PM,Spring
A-04,25,A-03 Chromatic Chaos,14,A-18,StarCenter Multisport - North Lake (Court 13),"Fri, Apr 17 2026",7:00 PM,Spring
A-04,23,A-03 Chromatic Chaos,21,A-18,StarCenter Multisport - North Lake (Court 13),"Fri, Apr 17 2026",7:00 PM,Spring
A-13 Blue Ball Control,17,A-11 Paint the Town Red,25,A-06,StarCenter Multisport - North Lake (Court 11),"Fri, Apr 17 2026",7:45 PM,Spring
A-13 Blue Ball Control,25,A-11 Paint the Town Red,20,A-06,StarCenter Multisport - North Lake (Court 11),"Fri, Apr 17 2026",7:45 PM,Spring
A-15 Spikadelic,13,A-10,25,A-17,StarCenter Multisport - North Lake (Court 12),"Fri, Apr 17 2026",7:45 PM,Spring
A-15 Spikadelic,13,A-10,25,A-17,StarCenter Multisport - North Lake (Court 12),"Fri, Apr 17 2026",7:45 PM,Spring
A-18 Rosebuds,25,A-04,22,A-03,StarCenter Multisport - North Lake (Court 13),"Fri, Apr 17 2026",7:45 PM,Spring
A-18 Rosebuds,20,A-04,19,A-03,StarCenter Multisport - North Lake (Court 13),"Fri, Apr 17 2026",7:45 PM,Spring
A-13 Blue Ball Control,25,A-06 Red Bottoms,14,A-11,StarCenter Multisport - North Lake (Court 11),"Fri, Apr 17 2026",8:30 PM,Spring
A-13 Blue Ball Control,27,A-06 Red Bottoms,27,A-11,StarCenter Multisport - North Lake (Court 11),"Fri, Apr 17 2026",8:30 PM,Spring
A-15 Spikadelic,25,A-17 Brown Beaver Baddies,16,A-10,StarCenter Multisport - North Lake (Court 12),"Fri, Apr 17 2026",8:30 PM,Spring
A-15 Spikadelic,25,A-17 Brown Beaver Baddies,18,A-10,StarCenter Multisport - North Lake (Court 12),"Fri, Apr 17 2026",8:30 PM,Spring
A-18 Rosebuds,25,A-03 Chromatic Chaos,23,A-04,StarCenter Multisport - North Lake (Court 13),"Fri, Apr 17 2026",8:30 PM,Spring
A-18 Rosebuds,25,A-03 Chromatic Chaos,18,A-04,StarCenter Multisport - North Lake (Court 13),"Fri, Apr 17 2026",8:30 PM,Spring
A-14 ROYGDig,25,A-12 Mint Condition,16,A-16,StarCenter Multisport - North Lake (Court 11),"Fri, Apr 17 2026",9:15 PM,Spring
A-14 ROYGDig,25,A-12 Mint Condition,14,A-16,StarCenter Multisport - North Lake (Court 11),"Fri, Apr 17 2026",9:15 PM,Spring
A-05 Send Nudes,25,A-02 Fifty Shades of Gay,18,A-09,StarCenter Multisport - North Lake (Court 12),"Fri, Apr 17 2026",9:15 PM,Spring
A-05 Send Nudes,12,A-02 Fifty Shades of Gay,18,A-09,StarCenter Multisport - North Lake (Court 12),"Fri, Apr 17 2026",9:15 PM,Spring
A-08 Crayon Crunchers,12,A-07 Orange You Glad We Serve,25,A-01,StarCenter Multisport - North Lake (Court 13),"Fri, Apr 17 2026",9:15 PM,Spring
A-08 Crayon Crunchers,10,A-07 Orange You Glad We Serve,25,A-01,StarCenter Multisport - North Lake (Court 13),"Fri, Apr 17 2026",9:15 PM,Spring
A-16 50 Shades of Slay,24,A-14 ROYGDig,26,A-12,StarCenter Multisport - North Lake (Court 11),"Fri, Apr 17 2026",10:00 PM,Spring
A-16 50 Shades of Slay,24,A-14 ROYGDig,20,A-12,StarCenter Multisport - North Lake (Court 11),"Fri, Apr 17 2026",10:00 PM,Spring
A-09 Serve the Rainbow,23,A-05 Send Nudes,25,A-02,StarCenter Multisport - North Lake (Court 12),"Fri, Apr 17 2026",10:00 PM,Spring
A-09 Serve the Rainbow,21,A-05 Send Nudes,18,A-02,StarCenter Multisport - North Lake (Court 12),"Fri, Apr 17 2026",10:00 PM,Spring
A-01 Hue’s Your Daddy,25,A-08 Crayon Crunchers,27,A-07,StarCenter Multisport - North Lake (Court 13),"Fri, Apr 17 2026",10:00 PM,Spring
A-01 Hue’s Your Daddy,15,A-08 Crayon Crunchers,16,A-07,StarCenter Multisport - North Lake (Court 13),"Fri, Apr 17 2026",10:00 PM,Spring
A-16 50 Shades of Slay,26,A-12 Mint Condition,24,A-14,StarCenter Multisport - North Lake (Court 11),"Fri, Apr 17 2026",10:45 PM,Spring
A-16 50 Shades of Slay,14,A-12 Mint Condition,13,A-14,StarCenter Multisport - North Lake (Court 11),"Fri, Apr 17 2026",10:45 PM,Spring
A-09 Serve the Rainbow,25,A-02 Fifty Shades of Gay,18,A-05,StarCenter Multisport - North Lake (Court 12),"Fri, Apr 17 2026",10:45 PM,Spring
A-09 Serve the Rainbow,19,A-02 Fifty Shades of Gay,20,A-05,StarCenter Multisport - North Lake (Court 12),"Fri, Apr 17 2026",10:45 PM,Spring
A-01 Hue’s Your Daddy,19,A-07 Orange You Glad We Serve,25,A-08,StarCenter Multisport - North Lake (Court 13),"Fri, Apr 17 2026",10:45 PM,Spring
A-01 Hue’s Your Daddy,18,A-07 Orange You Glad We Serve,24,A-08,StarCenter Multisport - North Lake (Court 13),"Fri, Apr 17 2026",10:45 PM,Spring
A-14 ROYGDig,21,A-11 Paint the Town Red,25,A-16,StarCenter Multisport - Farmers Branch (Court 11),"Fri, Apr 24 2026",7:00 PM,Spring
A-14 ROYGDig,25,A-11 Paint the Town Red,17,A-16,StarCenter Multisport - Farmers Branch (Court 11),"Fri, Apr 24 2026",7:00 PM,Spring
A-13 Blue Ball Control,20,A-08 Crayon Crunchers,25,A-15,StarCenter Multisport - Farmers Branch (Court 12),"Fri, Apr 24 2026",7:00 PM,Spring
A-13 Blue Ball Control,19,A-08 Crayon Crunchers,23,A-15,StarCenter Multisport - Farmers Branch (Court 12),"Fri, Apr 24 2026",7:00 PM,Spring
A-03 Chromatic Chaos,23,A-01 Hue’s Your Daddy,25,A-06,StarCenter Multisport - Farmers Branch (Court 13),"Fri, Apr 24 2026",7:00 PM,Spring
A-03 Chromatic Chaos,24,A-01 Hue’s Your Daddy,26,A-06,StarCenter Multisport - Farmers Branch (Court 13),"Fri, Apr 24 2026",7:00 PM,Spring
A-16 50 Shades of Slay,14,A-14 ROYGDig,25,A-11,StarCenter Multisport - Farmers Branch (Court 11),"Fri, Apr 24 2026",7:45 PM,Spring
A-16 50 Shades of Slay,21,A-14 ROYGDig,16,A-11,StarCenter Multisport - Farmers Branch (Court 11),"Fri, Apr 24 2026",7:45 PM,Spring
A-15 Spikadelic,17,A-13 Blue Ball Control,25,A-08,StarCenter Multisport - Farmers Branch (Court 12),"Fri, Apr 24 2026",7:45 PM,Spring
A-15 Spikadelic,16,A-13 Blue Ball Control,25,A-08,StarCenter Multisport - Farmers Branch (Court 12),"Fri, Apr 24 2026",7:45 PM,Spring
A-06 Red Bottoms,26,A-03 Chromatic Chaos,27,A-01,StarCenter Multisport - Farmers Branch (Court 13),"Fri, Apr 24 2026",7:45 PM,Spring
A-06 Red Bottoms,24,A-03 Chromatic Chaos,26,A-01,StarCenter Multisport - Farmers Branch (Court 13),"Fri, Apr 24 2026",7:45 PM,Spring
A-16 50 Shades of Slay,25,A-11 Paint the Town Red,20,A-14,StarCenter Multisport - Farmers Branch (Court 11),"Fri, Apr 24 2026",8:30 PM,Spring
A-16 50 Shades of Slay,18,A-11 Paint the Town Red,16,A-14,StarCenter Multisport - Farmers Branch (Court 11),"Fri, Apr 24 2026",8:30 PM,Spring
A-15 Spikadelic,25,A-08 Crayon Crunchers,13,A-13,StarCenter Multisport - Farmers Branch (Court 12),"Fri, Apr 24 2026",8:30 PM,Spring
A-15 Spikadelic,16,A-08 Crayon Crunchers,25,A-13,StarCenter Multisport - Farmers Branch (Court 12),"Fri, Apr 24 2026",8:30 PM,Spring
A-06 Red Bottoms,24,A-01 Hue’s Your Daddy,26,A-03,StarCenter Multisport - Farmers Branch (Court 13),"Fri, Apr 24 2026",8:30 PM,Spring
A-06 Red Bottoms,25,A-01 Hue’s Your Daddy,19,A-03,StarCenter Multisport - Farmers Branch (Court 13),"Fri, Apr 24 2026",8:30 PM,Spring
A-09 Serve the Rainbow,15,A-05 Send Nudes,25,A-18,StarCenter Multisport - Farmers Branch (Court 11),"Fri, Apr 24 2026",9:15 PM,Spring
A-09 Serve the Rainbow,25,A-05 Send Nudes,13,A-18,StarCenter Multisport - Farmers Branch (Court 11),"Fri, Apr 24 2026",9:15 PM,Spring
A-10,25,A-04,0,A-02,StarCenter Multisport - Farmers Branch (Court 12),"Fri, Apr 24 2026",9:15 PM,Spring
A-10,25,A-04,0,A-02,StarCenter Multisport - Farmers Branch (Court 12),"Fri, Apr 24 2026",9:15 PM,Spring
A-07 Orange You Glad We Serve,26,A-17 Brown Beaver Baddies,27,A-12,StarCenter Multisport - Farmers Branch (Court 13),"Fri, Apr 24 2026",9:15 PM,Spring
A-07 Orange You Glad We Serve,25,A-17 Brown Beaver Baddies,11,A-12,StarCenter Multisport - Farmers Branch (Court 13),"Fri, Apr 24 2026",9:15 PM,Spring
A-18 Rosebuds,16,A-09 Serve the Rainbow,25,A-05,StarCenter Multisport - Farmers Branch (Court 11),"Fri, Apr 24 2026",10:00 PM,Spring
A-18 Rosebuds,22,A-09 Serve the Rainbow,25,A-05,StarCenter Multisport - Farmers Branch (Court 11),"Fri, Apr 24 2026",10:00 PM,Spring
A-02 Fifty Shades of Gay,16,A-10,25,A-04,StarCenter Multisport - Farmers Branch (Court 12),"Fri, Apr 24 2026",10:00 PM,Spring
A-02 Fifty Shades of Gay,23,A-10,25,A-04,StarCenter Multisport - Farmers Branch (Court 12),"Fri, Apr 24 2026",10:00 PM,Spring
A-12 Mint Condition,21,A-07 Orange You Glad We Serve,25,A-17,StarCenter Multisport - Farmers Branch (Court 13),"Fri, Apr 24 2026",10:00 PM,Spring
A-12 Mint Condition,16,A-07 Orange You Glad We Serve,21,A-17,StarCenter Multisport - Farmers Branch (Court 13),"Fri, Apr 24 2026",10:00 PM,Spring
A-18 Rosebuds,17,A-05 Send Nudes,25,A-09,StarCenter Multisport - Farmers Branch (Court 11),"Fri, Apr 24 2026",10:45 PM,Spring
A-18 Rosebuds,17,A-05 Send Nudes,25,A-09,StarCenter Multisport - Farmers Branch (Court 11),"Fri, Apr 24 2026",10:45 PM,Spring
A-02 Fifty Shades of Gay,25,A-04,0,A-10,StarCenter Multisport - Farmers Branch (Court 12),"Fri, Apr 24 2026",10:45 PM,Spring
A-02 Fifty Shades of Gay,25,A-04,0,A-10,StarCenter Multisport - Farmers Branch (Court 12),"Fri, Apr 24 2026",10:45 PM,Spring
A-12 Mint Condition,25,A-17 Brown Beaver Baddies,18,A-07,StarCenter Multisport - Farmers Branch (Court 13),"Fri, Apr 24 2026",10:45 PM,Spring
A-12 Mint Condition,23,A-17 Brown Beaver Baddies,25,A-07,StarCenter Multisport - Farmers Branch (Court 13),"Fri, Apr 24 2026",10:45 PM,Spring
A-02 Fifty Shades of Gay,,A-16 50 Shades of Slay,,A-07,StarCenter Multisport - Farmers Branch (Court 11),"Fri, May 1 2026",7:00 PM,Spring
A-02 Fifty Shades of Gay,,A-16 50 Shades of Slay,,A-07,StarCenter Multisport - Farmers Branch (Court 11),"Fri, May 1 2026",7:00 PM,Spring
A-15 Spikadelic,,A-14 ROYGDig,,A-01,StarCenter Multisport - Farmers Branch (Court 12),"Fri, May 1 2026",7:00 PM,Spring
A-15 Spikadelic,,A-14 ROYGDig,,A-01,StarCenter Multisport - Farmers Branch (Court 12),"Fri, May 1 2026",7:00 PM,Spring
A-17 Brown Beaver Baddies,,A-13 Blue Ball Control,,A-08,StarCenter Multisport - Farmers Branch (Court 13),"Fri, May 1 2026",7:00 PM,Spring
A-17 Brown Beaver Baddies,,A-13 Blue Ball Control,,A-08,StarCenter Multisport - Farmers Branch (Court 13),"Fri, May 1 2026",7:00 PM,Spring
A-07 Orange You Glad We Serve,,A-02 Fifty Shades of Gay,,A-16,StarCenter Multisport - Farmers Branch (Court 11),"Fri, May 1 2026",7:45 PM,Spring
A-07 Orange You Glad We Serve,,A-02 Fifty Shades of Gay,,A-16,StarCenter Multisport - Farmers Branch (Court 11),"Fri, May 1 2026",7:45 PM,Spring
A-01 Hue’s Your Daddy,,A-15 Spikadelic,,A-14,StarCenter Multisport - Farmers Branch (Court 12),"Fri, May 1 2026",7:45 PM,Spring
A-01 Hue’s Your Daddy,,A-15 Spikadelic,,A-14,StarCenter Multisport - Farmers Branch (Court 12),"Fri, May 1 2026",7:45 PM,Spring
A-08 Crayon Crunchers,,A-17 Brown Beaver Baddies,,A-13,StarCenter Multisport - Farmers Branch (Court 13),"Fri, May 1 2026",7:45 PM,Spring
A-08 Crayon Crunchers,,A-17 Brown Beaver Baddies,,A-13,StarCenter Multisport - Farmers Branch (Court 13),"Fri, May 1 2026",7:45 PM,Spring
A-07 Orange You Glad We Serve,,A-16 50 Shades of Slay,,A-02,StarCenter Multisport - Farmers Branch (Court 11),"Fri, May 1 2026",8:30 PM,Spring
A-07 Orange You Glad We Serve,,A-16 50 Shades of Slay,,A-02,StarCenter Multisport - Farmers Branch (Court 11),"Fri, May 1 2026",8:30 PM,Spring
A-01 Hue’s Your Daddy,,A-14 ROYGDig,,A-15,StarCenter Multisport - Farmers Branch (Court 12),"Fri, May 1 2026",8:30 PM,Spring
A-01 Hue’s Your Daddy,,A-14 ROYGDig,,A-15,StarCenter Multisport - Farmers Branch (Court 12),"Fri, May 1 2026",8:30 PM,Spring
A-08 Crayon Crunchers,,A-13 Blue Ball Control,,A-17,StarCenter Multisport - Farmers Branch (Court 13),"Fri, May 1 2026",8:30 PM,Spring
A-08 Crayon Crunchers,,A-13 Blue Ball Control,,A-17,StarCenter Multisport - Farmers Branch (Court 13),"Fri, May 1 2026",8:30 PM,Spring
A-05 Send Nudes,,A-04,,A-11,StarCenter Multisport - Farmers Branch (Court 11),"Fri, May 1 2026",9:15 PM,Spring
A-05 Send Nudes,,A-04,,A-11,StarCenter Multisport - Farmers Branch (Court 11),"Fri, May 1 2026",9:15 PM,Spring
A-06 Red Bottoms,,A-03 Chromatic Chaos,,A-12,StarCenter Multisport - Farmers Branch (Court 12),"Fri, May 1 2026",9:15 PM,Spring
A-06 Red Bottoms,,A-03 Chromatic Chaos,,A-12,StarCenter Multisport - Farmers Branch (Court 12),"Fri, May 1 2026",9:15 PM,Spring
A-09 Serve the Rainbow,,A-18 Rosebuds,,A-10,StarCenter Multisport - Farmers Branch (Court 13),"Fri, May 1 2026",9:15 PM,Spring
A-09 Serve the Rainbow,,A-18 Rosebuds,,A-10,StarCenter Multisport - Farmers Branch (Court 13),"Fri, May 1 2026",9:15 PM,Spring
A-11 Paint the Town Red,,A-05 Send Nudes,,A-04,StarCenter Multisport - Farmers Branch (Court 11),"Fri, May 1 2026",10:00 PM,Spring
A-11 Paint the Town Red,,A-05 Send Nudes,,A-04,StarCenter Multisport - Farmers Branch (Court 11),"Fri, May 1 2026",10:00 PM,Spring
A-12 Mint Condition,,A-06 Red Bottoms,,A-03,StarCenter Multisport - Farmers Branch (Court 12),"Fri, May 1 2026",10:00 PM,Spring
A-12 Mint Condition,,A-06 Red Bottoms,,A-03,StarCenter Multisport - Farmers Branch (Court 12),"Fri, May 1 2026",10:00 PM,Spring
A-10,,A-09 Serve the Rainbow,,A-18,StarCenter Multisport - Farmers Branch (Court 13),"Fri, May 1 2026",10:00 PM,Spring
A-10,,A-09 Serve the Rainbow,,A-18,StarCenter Multisport - Farmers Branch (Court 13),"Fri, May 1 2026",10:00 PM,Spring
A-11 Paint the Town Red,,A-04,,A-05,StarCenter Multisport - Farmers Branch (Court 11),"Fri, May 1 2026",10:45 PM,Spring
A-11 Paint the Town Red,,A-04,,A-05,StarCenter Multisport - Farmers Branch (Court 11),"Fri, May 1 2026",10:45 PM,Spring
A-12 Mint Condition,,A-03 Chromatic Chaos,,A-06,StarCenter Multisport - Farmers Branch (Court 12),"Fri, May 1 2026",10:45 PM,Spring
A-12 Mint Condition,,A-03 Chromatic Chaos,,A-06,StarCenter Multisport - Farmers Branch (Court 12),"Fri, May 1 2026",10:45 PM,Spring
A-10,,A-18 Rosebuds,,A-09,StarCenter Multisport - Farmers Branch (Court 13),"Fri, May 1 2026",10:45 PM,Spring
A-10,,A-18 Rosebuds,,A-09,StarCenter Multisport - Farmers Branch (Court 13),"Fri, May 1 2026",10:45 PM,Spring
C-12 The Magic Spikebus,25,C-11 Trans Performers,22,C-08,StarCenter Multisport - Farmers Branch (Court 5),"Fri, Jan 30 2026",7:00 PM,Spring
C-12 The Magic Spikebus,12,C-11 Trans Performers,15,C-08,StarCenter Multisport - Farmers Branch (Court 5),"Fri, Jan 30 2026",7:00 PM,Spring
C-16 The IncrediBalls,25,C-13 Thunder Kills,22,C-10,StarCenter Multisport - Farmers Branch (Court 6),"Fri, Jan 30 2026",7:00 PM,Spring
C-16 The IncrediBalls,12,C-13 Thunder Kills,19,C-10,StarCenter Multisport - Farmers Branch (Court 6),"Fri, Jan 30 2026",7:00 PM,Spring
C-17 Scooby Do Me,17,C-14 Diva Slayers,25,C-04,StarCenter Multisport - Farmers Branch (Court 7),"Fri, Jan 30 2026",7:00 PM,Spring
C-17 Scooby Do Me,24,C-14 Diva Slayers,15,C-04,StarCenter Multisport - Farmers Branch (Court 7),"Fri, Jan 30 2026",7:00 PM,Spring
C-08 Blocker's Home for Unimaginative Hitters,23,C-12 The Magic Spikebus,25,C-11,StarCenter Multisport - Farmers Branch (Court 5),"Fri, Jan 30 2026",7:45 PM,Spring
C-08 Blocker's Home for Unimaginative Hitters,19,C-12 The Magic Spikebus,16,C-11,StarCenter Multisport - Farmers Branch (Court 5),"Fri, Jan 30 2026",7:45 PM,Spring
C-10 Courage the Cowardly Dig,20,C-16 The IncrediBalls,25,C-13,StarCenter Multisport - Farmers Branch (Court 6),"Fri, Jan 30 2026",7:45 PM,Spring
C-10 Courage the Cowardly Dig,17,C-16 The IncrediBalls,16,C-13,StarCenter Multisport - Farmers Branch (Court 6),"Fri, Jan 30 2026",7:45 PM,Spring
C-04 Peppa Dig,17,C-17 Scooby Do Me,25,C-14,StarCenter Multisport - Farmers Branch (Court 7),"Fri, Jan 30 2026",7:45 PM,Spring
C-04 Peppa Dig,15,C-17 Scooby Do Me,25,C-14,StarCenter Multisport - Farmers Branch (Court 7),"Fri, Jan 30 2026",7:45 PM,Spring
C-08 Blocker's Home for Unimaginative Hitters,24,C-11 Trans Performers,26,C-12,StarCenter Multisport - Farmers Branch (Court 5),"Fri, Jan 30 2026",8:30 PM,Spring
C-08 Blocker's Home for Unimaginative Hitters,15,C-11 Trans Performers,18,C-12,StarCenter Multisport - Farmers Branch (Court 5),"Fri, Jan 30 2026",8:30 PM,Spring
C-10 Courage the Cowardly Dig,25,C-13 Thunder Kills,23,C-16,StarCenter Multisport - Farmers Branch (Court 6),"Fri, Jan 30 2026",8:30 PM,Spring
C-10 Courage the Cowardly Dig,18,C-13 Thunder Kills,21,C-16,StarCenter Multisport - Farmers Branch (Court 6),"Fri, Jan 30 2026",8:30 PM,Spring
C-04 Peppa Dig,21,C-14 Diva Slayers,25,C-17,StarCenter Multisport - Farmers Branch (Court 7),"Fri, Jan 30 2026",8:30 PM,Spring
C-04 Peppa Dig,17,C-14 Diva Slayers,23,C-17,StarCenter Multisport - Farmers Branch (Court 7),"Fri, Jan 30 2026",8:30 PM,Spring
C-15 Powerpuff Passers,20,C-07 Sailor Spikers,25,C-03,StarCenter Multisport - Farmers Branch (Court 5),"Fri, Jan 30 2026",9:15 PM,Spring
C-15 Powerpuff Passers,13,C-07 Sailor Spikers,25,C-03,StarCenter Multisport - Farmers Branch (Court 5),"Fri, Jan 30 2026",9:15 PM,Spring
C-01 Avatar: Net Benders,11,C-09 The Netsons,25,C-02,StarCenter Multisport - Farmers Branch (Court 6),"Fri, Jan 30 2026",9:15 PM,Spring
C-01 Avatar: Net Benders,25,C-09 The Netsons,9,C-02,StarCenter Multisport - Farmers Branch (Court 6),"Fri, Jan 30 2026",9:15 PM,Spring
C-05 Dragon Ballz Deep,25,C-18 Straw Hat Striker,14,C-06,StarCenter Multisport - Farmers Branch (Court 7),"Fri, Jan 30 2026",9:15 PM,Spring
C-05 Dragon Ballz Deep,23,C-18 Straw Hat Striker,13,C-06,StarCenter Multisport - Farmers Branch (Court 7),"Fri, Jan 30 2026",9:15 PM,Spring
"C-03 Sugar, Spike and",25,C-15 Powerpuff Passers,16,C-07,StarCenter Multisport - Farmers Branch (Court 5),"Fri, Jan 30 2026",10:00 PM,Spring
"C-03 Sugar, Spike and",25,C-15 Powerpuff Passers,16,C-07,StarCenter Multisport - Farmers Branch (Court 5),"Fri, Jan 30 2026",10:00 PM,Spring
"C-02 Ed, Edd n Edging!",17,C-01 Avatar: Net Benders,25,C-09,StarCenter Multisport - Farmers Branch (Court 6),"Fri, Jan 30 2026",10:00 PM,Spring
"C-02 Ed, Edd n Edging!",17,C-01 Avatar: Net Benders,19,C-09,StarCenter Multisport - Farmers Branch (Court 6),"Fri, Jan 30 2026",10:00 PM,Spring
C-06 SpongeBall Spikepants,25,C-05 Dragon Ballz Deep,22,C-18,StarCenter Multisport - Farmers Branch (Court 7),"Fri, Jan 30 2026",10:00 PM,Spring
C-06 SpongeBall Spikepants,19,C-05 Dragon Ballz Deep,25,C-18,StarCenter Multisport - Farmers Branch (Court 7),"Fri, Jan 30 2026",10:00 PM,Spring
"C-03 Sugar, Spike and",25,C-07 Sailor Spikers,17,C-15,StarCenter Multisport - Farmers Branch (Court 5),"Fri, Jan 30 2026",10:45 PM,Spring
"C-03 Sugar, Spike and",25,C-07 Sailor Spikers,21,C-15,StarCenter Multisport - Farmers Branch (Court 5),"Fri, Jan 30 2026",10:45 PM,Spring
"C-02 Ed, Edd n Edging!",25,C-09 The Netsons,12,C-01,StarCenter Multisport - Farmers Branch (Court 6),"Fri, Jan 30 2026",10:45 PM,Spring
"C-02 Ed, Edd n Edging!",25,C-09 The Netsons,21,C-01,StarCenter Multisport - Farmers Branch (Court 6),"Fri, Jan 30 2026",10:45 PM,Spring
C-06 SpongeBall Spikepants,25,C-18 Straw Hat Striker,15,C-05,StarCenter Multisport - Farmers Branch (Court 7),"Fri, Jan 30 2026",10:45 PM,Spring
C-06 SpongeBall Spikepants,25,C-18 Straw Hat Striker,20,C-05,StarCenter Multisport - Farmers Branch (Court 7),"Fri, Jan 30 2026",10:45 PM,Spring
C-15 Powerpuff Passers,14,C-08 Blocker's Home for Unimaginative Hitters,25,C-05,StarCenter Multisport - Farmers Branch (Court 5),"Fri, Feb 6 2026",7:00 PM,Spring
C-15 Powerpuff Passers,15,C-08 Blocker's Home for Unimaginative Hitters,25,C-05,StarCenter Multisport - Farmers Branch (Court 5),"Fri, Feb 6 2026",7:00 PM,Spring
C-06 SpongeBall Spikepants,25,C-14 Diva Slayers,15,C-11,StarCenter Multisport - Farmers Branch (Court 6),"Fri, Feb 6 2026",7:00 PM,Spring
C-06 SpongeBall Spikepants,19,C-14 Diva Slayers,17,C-11,StarCenter Multisport - Farmers Branch (Court 6),"Fri, Feb 6 2026",7:00 PM,Spring
C-16 The IncrediBalls,21,"C-03 Sugar, Spike and",25,C-01,StarCenter Multisport - Farmers Branch (Court 7),"Fri, Feb 6 2026",7:00 PM,Spring
C-16 The IncrediBalls,25,"C-03 Sugar, Spike and",16,C-01,StarCenter Multisport - Farmers Branch (Court 7),"Fri, Feb 6 2026",7:00 PM,Spring
C-05 Dragon Ballz Deep,25,C-15 Powerpuff Passers,18,C-08,StarCenter Multisport - Farmers Branch (Court 5),"Fri, Feb 6 2026",7:45 PM,Spring
C-05 Dragon Ballz Deep,25,C-15 Powerpuff Passers,18,C-08,StarCenter Multisport - Farmers Branch (Court 5),"Fri, Feb 6 2026",7:45 PM,Spring
C-11 Trans Performers,17,C-06 SpongeBall Spikepants,25,C-14,StarCenter Multisport - Farmers Branch (Court 6),"Fri, Feb 6 2026",7:45 PM,Spring
C-11 Trans Performers,20,C-06 SpongeBall Spikepants,25,C-14,StarCenter Multisport - Farmers Branch (Court 6),"Fri, Feb 6 2026",7:45 PM,Spring
C-01 Avatar: Net Benders,25,C-16 The IncrediBalls,18,C-03,StarCenter Multisport - Farmers Branch (Court 7),"Fri, Feb 6 2026",7:45 PM,Spring
C-01 Avatar: Net Benders,18,C-16 The IncrediBalls,22,C-03,StarCenter Multisport - Farmers Branch (Court 7),"Fri, Feb 6 2026",7:45 PM,Spring
C-05 Dragon Ballz Deep,25,C-08 Blocker's Home for Unimaginative Hitters,18,C-15,StarCenter Multisport - Farmers Branch (Court 5),"Fri, Feb 6 2026",8:30 PM,Spring
C-05 Dragon Ballz Deep,25,C-08 Blocker's Home for Unimaginative Hitters,21,C-15,StarCenter Multisport - Farmers Branch (Court 5),"Fri, Feb 6 2026",8:30 PM,Spring
C-11 Trans Performers,26,C-14 Diva Slayers,24,C-06,StarCenter Multisport - Farmers Branch (Court 6),"Fri, Feb 6 2026",8:30 PM,Spring
C-11 Trans Performers,23,C-14 Diva Slayers,14,C-06,StarCenter Multisport - Farmers Branch (Court 6),"Fri, Feb 6 2026",8:30 PM,Spring
C-01 Avatar: Net Benders,25,"C-03 Sugar, Spike and",14,C-16,StarCenter Multisport - Farmers Branch (Court 7),"Fri, Feb 6 2026",8:30 PM,Spring
C-01 Avatar: Net Benders,24,"C-03 Sugar, Spike and",19,C-16,StarCenter Multisport - Farmers Branch (Court 7),"Fri, Feb 6 2026",8:30 PM,Spring
C-18 Straw Hat Striker,18,C-13 Thunder Kills,25,C-07,StarCenter Multisport - Farmers Branch (Court 5),"Fri, Feb 6 2026",9:15 PM,Spring
C-18 Straw Hat Striker,17,C-13 Thunder Kills,19,C-07,StarCenter Multisport - Farmers Branch (Court 5),"Fri, Feb 6 2026",9:15 PM,Spring
"C-02 Ed, Edd n Edging!",25,C-10 Courage the Cowardly Dig,23,C-04,StarCenter Multisport - Farmers Branch (Court 6),"Fri, Feb 6 2026",9:15 PM,Spring
"C-02 Ed, Edd n Edging!",14,C-10 Courage the Cowardly Dig,14,C-04,StarCenter Multisport - Farmers Branch (Court 6),"Fri, Feb 6 2026",9:15 PM,Spring
C-12 The Magic Spikebus,25,C-09 The Netsons,19,C-17,StarCenter Multisport - Farmers Branch (Court 7),"Fri, Feb 6 2026",9:15 PM,Spring
C-12 The Magic Spikebus,22,C-09 The Netsons,15,C-17,StarCenter Multisport - Farmers Branch (Court 7),"Fri, Feb 6 2026",9:15 PM,Spring
C-07 Sailor Spikers,25,C-18 Straw Hat Striker,21,C-13,StarCenter Multisport - Farmers Branch (Court 5),"Fri, Feb 6 2026",10:00 PM,Spring
C-07 Sailor Spikers,15,C-18 Straw Hat Striker,17,C-13,StarCenter Multisport - Farmers Branch (Court 5),"Fri, Feb 6 2026",10:00 PM,Spring
C-04 Peppa Dig,25,"C-02 Ed, Edd n Edging!",22,C-10,StarCenter Multisport - Farmers Branch (Court 6),"Fri, Feb 6 2026",10:00 PM,Spring
C-04 Peppa Dig,10,"C-02 Ed, Edd n Edging!",19,C-10,StarCenter Multisport - Farmers Branch (Court 6),"Fri, Feb 6 2026",10:00 PM,Spring
C-17 Scooby Do Me,25,C-12 The Magic Spikebus,15,C-09,StarCenter Multisport - Farmers Branch (Court 7),"Fri, Feb 6 2026",10:00 PM,Spring
C-17 Scooby Do Me,18,C-12 The Magic Spikebus,25,C-09,StarCenter Multisport - Farmers Branch (Court 7),"Fri, Feb 6 2026",10:00 PM,Spring
C-07 Sailor Spikers,24,C-13 Thunder Kills,26,C-18,StarCenter Multisport - Farmers Branch (Court 5),"Fri, Feb 6 2026",10:45 PM,Spring
C-07 Sailor Spikers,13,C-13 Thunder Kills,22,C-18,StarCenter Multisport - Farmers Branch (Court 5),"Fri, Feb 6 2026",10:45 PM,Spring
C-04 Peppa Dig,19,C-10 Courage the Cowardly Dig,25,C-02,StarCenter Multisport - Farmers Branch (Court 6),"Fri, Feb 6 2026",10:45 PM,Spring
C-04 Peppa Dig,19,C-10 Courage the Cowardly Dig,20,C-02,StarCenter Multisport - Farmers Branch (Court 6),"Fri, Feb 6 2026",10:45 PM,Spring
C-17 Scooby Do Me,25,C-09 The Netsons,17,C-12,StarCenter Multisport - Farmers Branch (Court 7),"Fri, Feb 6 2026",10:45 PM,Spring
C-17 Scooby Do Me,19,C-09 The Netsons,14,C-12,StarCenter Multisport - Farmers Branch (Court 7),"Fri, Feb 6 2026",10:45 PM,Spring
C-08 Blocker's Home for Unimaginative Hitters,23,C-18 Straw Hat Striker,25,C-14,StarCenter Multisport - Farmers Branch (Court 5),"Fri, Feb 20 2026",7:00 PM,Spring
C-08 Blocker's Home for Unimaginative Hitters,16,C-18 Straw Hat Striker,14,C-14,StarCenter Multisport - Farmers Branch (Court 5),"Fri, Feb 20 2026",7:00 PM,Spring
C-07 Sailor Spikers,23,C-06 SpongeBall Spikepants,25,C-17,StarCenter Multisport - Farmers Branch (Court 6),"Fri, Feb 20 2026",7:00 PM,Spring
C-07 Sailor Spikers,19,C-06 SpongeBall Spikepants,22,C-17,StarCenter Multisport - Farmers Branch (Court 6),"Fri, Feb 20 2026",7:00 PM,Spring
"C-02 Ed, Edd n Edging!",18,C-05 Dragon Ballz Deep,25,C-03,StarCenter Multisport - Farmers Branch (Court 7),"Fri, Feb 20 2026",7:00 PM,Spring
"C-02 Ed, Edd n Edging!",25,C-05 Dragon Ballz Deep,15,C-03,StarCenter Multisport - Farmers Branch (Court 7),"Fri, Feb 20 2026",7:00 PM,Spring
C-14 Diva Slayers,25,C-08 Blocker's Home for Unimaginative Hitters,15,C-18,StarCenter Multisport - Farmers Branch (Court 5),"Fri, Feb 20 2026",7:45 PM,Spring
C-14 Diva Slayers,25,C-08 Blocker's Home for Unimaginative Hitters,18,C-18,StarCenter Multisport - Farmers Branch (Court 5),"Fri, Feb 20 2026",7:45 PM,Spring
C-17 Scooby Do Me,20,C-07 Sailor Spikers,25,C-06,StarCenter Multisport - Farmers Branch (Court 6),"Fri, Feb 20 2026",7:45 PM,Spring
C-17 Scooby Do Me,17,C-07 Sailor Spikers,20,C-06,StarCenter Multisport - Farmers Branch (Court 6),"Fri, Feb 20 2026",7:45 PM,Spring
"C-03 Sugar, Spike and",25,"C-02 Ed, Edd n Edging!",20,C-05,StarCenter Multisport - Farmers Branch (Court 7),"Fri, Feb 20 2026",7:45 PM,Spring
"C-03 Sugar, Spike and",16,"C-02 Ed, Edd n Edging!",17,C-05,StarCenter Multisport - Farmers Branch (Court 7),"Fri, Feb 20 2026",7:45 PM,Spring
C-14 Diva Slayers,25,C-18 Straw Hat Striker,18,C-08,StarCenter Multisport - Farmers Branch (Court 5),"Fri, Feb 20 2026",8:30 PM,Spring
C-14 Diva Slayers,22,C-18 Straw Hat Striker,25,C-08,StarCenter Multisport - Farmers Branch (Court 5),"Fri, Feb 20 2026",8:30 PM,Spring
C-17 Scooby Do Me,19,C-06 SpongeBall Spikepants,25,C-07,StarCenter Multisport - Farmers Branch (Court 6),"Fri, Feb 20 2026",8:30 PM,Spring
C-17 Scooby Do Me,18,C-06 SpongeBall Spikepants,25,C-07,StarCenter Multisport - Farmers Branch (Court 6),"Fri, Feb 20 2026",8:30 PM,Spring
"C-03 Sugar, Spike and",16,C-05 Dragon Ballz Deep,25,C-02,StarCenter Multisport - Farmers Branch (Court 7),"Fri, Feb 20 2026",8:30 PM,Spring
"C-03 Sugar, Spike and",21,C-05 Dragon Ballz Deep,19,C-02,StarCenter Multisport - Farmers Branch (Court 7),"Fri, Feb 20 2026",8:30 PM,Spring
C-09 The Netsons,21,C-04 Peppa Dig,25,C-16,StarCenter Multisport - Farmers Branch (Court 5),"Fri, Feb 20 2026",9:15 PM,Spring
C-09 The Netsons,22,C-04 Peppa Dig,19,C-16,StarCenter Multisport - Farmers Branch (Court 5),"Fri, Feb 20 2026",9:15 PM,Spring
C-10 Courage the Cowardly Dig,25,C-15 Powerpuff Passers,23,C-11,StarCenter Multisport - Farmers Branch (Court 6),"Fri, Feb 20 2026",9:15 PM,Spring
C-10 Courage the Cowardly Dig,24,C-15 Powerpuff Passers,16,C-11,StarCenter Multisport - Farmers Branch (Court 6),"Fri, Feb 20 2026",9:15 PM,Spring
C-01 Avatar: Net Benders,25,C-13 Thunder Kills,27,C-12,StarCenter Multisport - Farmers Branch (Court 7),"Fri, Feb 20 2026",9:15 PM,Spring
C-01 Avatar: Net Benders,18,C-13 Thunder Kills,16,C-12,StarCenter Multisport - Farmers Branch (Court 7),"Fri, Feb 20 2026",9:15 PM,Spring
C-16 The IncrediBalls,18,C-09 The Netsons,25,C-04,StarCenter Multisport - Farmers Branch (Court 5),"Fri, Feb 20 2026",10:00 PM,Spring
C-16 The IncrediBalls,23,C-09 The Netsons,16,C-04,StarCenter Multisport - Farmers Branch (Court 5),"Fri, Feb 20 2026",10:00 PM,Spring
C-11 Trans Performers,23,C-10 Courage the Cowardly Dig,25,C-15,StarCenter Multisport - Farmers Branch (Court 6),"Fri, Feb 20 2026",10:00 PM,Spring
C-11 Trans Performers,18,C-10 Courage the Cowardly Dig,25,C-15,StarCenter Multisport - Farmers Branch (Court 6),"Fri, Feb 20 2026",10:00 PM,Spring
C-12 The Magic Spikebus,17,C-01 Avatar: Net Benders,25,C-13,StarCenter Multisport - Farmers Branch (Court 7),"Fri, Feb 20 2026",10:00 PM,Spring
C-12 The Magic Spikebus,20,C-01 Avatar: Net Benders,10,C-13,StarCenter Multisport - Farmers Branch (Court 7),"Fri, Feb 20 2026",10:00 PM,Spring
C-16 The IncrediBalls,25,C-04 Peppa Dig,23,C-09,StarCenter Multisport - Farmers Branch (Court 5),"Fri, Feb 20 2026",10:45 PM,Spring
C-16 The IncrediBalls,15,C-04 Peppa Dig,20,C-09,StarCenter Multisport - Farmers Branch (Court 5),"Fri, Feb 20 2026",10:45 PM,Spring
C-11 Trans Performers,25,C-15 Powerpuff Passers,12,C-10,StarCenter Multisport - Farmers Branch (Court 6),"Fri, Feb 20 2026",10:45 PM,Spring
C-11 Trans Performers,25,C-15 Powerpuff Passers,14,C-10,StarCenter Multisport - Farmers Branch (Court 6),"Fri, Feb 20 2026",10:45 PM,Spring
C-12 The Magic Spikebus,18,C-13 Thunder Kills,25,C-01,StarCenter Multisport - Farmers Branch (Court 7),"Fri, Feb 20 2026",10:45 PM,Spring
C-12 The Magic Spikebus,10,C-13 Thunder Kills,25,C-01,StarCenter Multisport - Farmers Branch (Court 7),"Fri, Feb 20 2026",10:45 PM,Spring
C-16 The IncrediBalls,25,C-05 Dragon Ballz Deep,17,C-17,StarCenter Multisport - Farmers Branch (Court 5),"Fri, Feb 27 2026",7:00 PM,Spring
C-16 The IncrediBalls,21,C-05 Dragon Ballz Deep,21,C-17,StarCenter Multisport - Farmers Branch (Court 5),"Fri, Feb 27 2026",7:00 PM,Spring
C-08 Blocker's Home for Unimaginative Hitters,25,C-07 Sailor Spikers,20,C-09,StarCenter Multisport - Farmers Branch (Court 6),"Fri, Feb 27 2026",7:00 PM,Spring
C-08 Blocker's Home for Unimaginative Hitters,18,C-07 Sailor Spikers,25,C-09,StarCenter Multisport - Farmers Branch (Court 6),"Fri, Feb 27 2026",7:00 PM,Spring
C-12 The Magic Spikebus,23,C-10 Courage the Cowardly Dig,25,C-14,StarCenter Multisport - Farmers Branch (Court 7),"Fri, Feb 27 2026",7:00 PM,Spring
C-12 The Magic Spikebus,20,C-10 Courage the Cowardly Dig,10,C-14,StarCenter Multisport - Farmers Branch (Court 7),"Fri, Feb 27 2026",7:00 PM,Spring
C-17 Scooby Do Me,22,C-16 The IncrediBalls,25,C-05,StarCenter Multisport - Farmers Branch (Court 5),"Fri, Feb 27 2026",7:45 PM,Spring
C-17 Scooby Do Me,14,C-16 The IncrediBalls,16,C-05,StarCenter Multisport - Farmers Branch (Court 5),"Fri, Feb 27 2026",7:45 PM,Spring
C-09 The Netsons,27,C-08 Blocker's Home for Unimaginative Hitters,26,C-07,StarCenter Multisport - Farmers Branch (Court 6),"Fri, Feb 27 2026",7:45 PM,Spring
C-09 The Netsons,12,C-08 Blocker's Home for Unimaginative Hitters,15,C-07,StarCenter Multisport - Farmers Branch (Court 6),"Fri, Feb 27 2026",7:45 PM,Spring
C-14 Diva Slayers,25,C-12 The Magic Spikebus,15,C-10,StarCenter Multisport - Farmers Branch (Court 7),"Fri, Feb 27 2026",7:45 PM,Spring
C-14 Diva Slayers,23,C-12 The Magic Spikebus,22,C-10,StarCenter Multisport - Farmers Branch (Court 7),"Fri, Feb 27 2026",7:45 PM,Spring
C-17 Scooby Do Me,18,C-05 Dragon Ballz Deep,25,C-16,StarCenter Multisport - Farmers Branch (Court 5),"Fri, Feb 27 2026",8:30 PM,Spring
C-17 Scooby Do Me,10,C-05 Dragon Ballz Deep,25,C-16,StarCenter Multisport - Farmers Branch (Court 5),"Fri, Feb 27 2026",8:30 PM,Spring
C-09 The Netsons,20,C-07 Sailor Spikers,25,C-08,StarCenter Multisport - Farmers Branch (Court 6),"Fri, Feb 27 2026",8:30 PM,Spring
C-09 The Netsons,13,C-07 Sailor Spikers,23,C-08,StarCenter Multisport - Farmers Branch (Court 6),"Fri, Feb 27 2026",8:30 PM,Spring
C-14 Diva Slayers,25,C-10 Courage the Cowardly Dig,17,C-12,StarCenter Multisport - Farmers Branch (Court 7),"Fri, Feb 27 2026",8:30 PM,Spring
C-14 Diva Slayers,20,C-10 Courage the Cowardly Dig,18,C-12,StarCenter Multisport - Farmers Branch (Court 7),"Fri, Feb 27 2026",8:30 PM,Spring
C-11 Trans Performers,25,C-01 Avatar: Net Benders,22,C-18,StarCenter Multisport - Farmers Branch (Court 5),"Fri, Feb 27 2026",9:15 PM,Spring
C-11 Trans Performers,19,C-01 Avatar: Net Benders,18,C-18,StarCenter Multisport - Farmers Branch (Court 5),"Fri, Feb 27 2026",9:15 PM,Spring
C-06 SpongeBall Spikepants,27,"C-02 Ed, Edd n Edging!",25,C-15,StarCenter Multisport - Farmers Branch (Court 6),"Fri, Feb 27 2026",9:15 PM,Spring
C-06 SpongeBall Spikepants,8,"C-02 Ed, Edd n Edging!",12,C-15,StarCenter Multisport - Farmers Branch (Court 6),"Fri, Feb 27 2026",9:15 PM,Spring
C-04 Peppa Dig,25,"C-03 Sugar, Spike and",14,C-13,StarCenter Multisport - Farmers Branch (Court 7),"Fri, Feb 27 2026",9:15 PM,Spring
C-04 Peppa Dig,17,"C-03 Sugar, Spike and",25,C-13,StarCenter Multisport - Farmers Branch (Court 7),"Fri, Feb 27 2026",9:15 PM,Spring
C-18 Straw Hat Striker,25,C-11 Trans Performers,23,C-01,StarCenter Multisport - Farmers Branch (Court 5),"Fri, Feb 27 2026",10:00 PM,Spring
C-18 Straw Hat Striker,22,C-11 Trans Performers,20,C-01,StarCenter Multisport - Farmers Branch (Court 5),"Fri, Feb 27 2026",10:00 PM,Spring
C-15 Powerpuff Passers,25,C-06 SpongeBall Spikepants,22,C-02,StarCenter Multisport - Farmers Branch (Court 6),"Fri, Feb 27 2026",10:00 PM,Spring
C-15 Powerpuff Passers,22,C-06 SpongeBall Spikepants,23,C-02,StarCenter Multisport - Farmers Branch (Court 6),"Fri, Feb 27 2026",10:00 PM,Spring
C-13 Thunder Kills,25,C-04 Peppa Dig,15,C-03,StarCenter Multisport - Farmers Branch (Court 7),"Fri, Feb 27 2026",10:00 PM,Spring
C-13 Thunder Kills,25,C-04 Peppa Dig,14,C-03,StarCenter Multisport - Farmers Branch (Court 7),"Fri, Feb 27 2026",10:00 PM,Spring
C-18 Straw Hat Striker,19,C-01 Avatar: Net Benders,25,C-11,StarCenter Multisport - Farmers Branch (Court 5),"Fri, Feb 27 2026",10:45 PM,Spring
C-18 Straw Hat Striker,24,C-01 Avatar: Net Benders,22,C-11,StarCenter Multisport - Farmers Branch (Court 5),"Fri, Feb 27 2026",10:45 PM,Spring
C-15 Powerpuff Passers,25,"C-02 Ed, Edd n Edging!",22,C-06,StarCenter Multisport - Farmers Branch (Court 6),"Fri, Feb 27 2026",10:45 PM,Spring
C-15 Powerpuff Passers,14,"C-02 Ed, Edd n Edging!",17,C-06,StarCenter Multisport - Farmers Branch (Court 6),"Fri, Feb 27 2026",10:45 PM,Spring
C-13 Thunder Kills,23,"C-03 Sugar, Spike and",25,C-04,StarCenter Multisport - Farmers Branch (Court 7),"Fri, Feb 27 2026",10:45 PM,Spring
C-13 Thunder Kills,24,"C-03 Sugar, Spike and",26,C-04,StarCenter Multisport - Farmers Branch (Court 7),"Fri, Feb 27 2026",10:45 PM,Spring
C-05 Dragon Ballz Deep,16,C-01 Avatar: Net Benders,25,C-10,StarCenter Multisport - Farmers Branch (Court 5),"Fri, Mar 6 2026",7:00 PM,Spring
C-05 Dragon Ballz Deep,20,C-01 Avatar: Net Benders,25,C-10,StarCenter Multisport - Farmers Branch (Court 5),"Fri, Mar 6 2026",7:00 PM,Spring
C-13 Thunder Kills,15,"C-02 Ed, Edd n Edging!",25,C-14,StarCenter Multisport - Farmers Branch (Court 6),"Fri, Mar 6 2026",7:00 PM,Spring
C-13 Thunder Kills,25,"C-02 Ed, Edd n Edging!",15,C-14,StarCenter Multisport - Farmers Branch (Court 6),"Fri, Mar 6 2026",7:00 PM,Spring
C-06 SpongeBall Spikepants,21,C-16 The IncrediBalls,25,C-08,StarCenter Multisport - Farmers Branch (Court 7),"Fri, Mar 6 2026",7:00 PM,Spring
C-06 SpongeBall Spikepants,20,C-16 The IncrediBalls,19,C-08,StarCenter Multisport - Farmers Branch (Court 7),"Fri, Mar 6 2026",7:00 PM,Spring
C-10 Courage the Cowardly Dig,25,C-05 Dragon Ballz Deep,22,C-01,StarCenter Multisport - Farmers Branch (Court 5),"Fri, Mar 6 2026",7:45 PM,Spring
C-10 Courage the Cowardly Dig,25,C-05 Dragon Ballz Deep,17,C-01,StarCenter Multisport - Farmers Branch (Court 5),"Fri, Mar 6 2026",7:45 PM,Spring
C-14 Diva Slayers,25,C-13 Thunder Kills,19,C-02,StarCenter Multisport - Farmers Branch (Court 6),"Fri, Mar 6 2026",7:45 PM,Spring
C-14 Diva Slayers,25,C-13 Thunder Kills,16,C-02,StarCenter Multisport - Farmers Branch (Court 6),"Fri, Mar 6 2026",7:45 PM,Spring
C-08 Blocker's Home for Unimaginative Hitters,25,C-06 SpongeBall Spikepants,17,C-16,StarCenter Multisport - Farmers Branch (Court 7),"Fri, Mar 6 2026",7:45 PM,Spring
C-08 Blocker's Home for Unimaginative Hitters,24,C-06 SpongeBall Spikepants,22,C-16,StarCenter Multisport - Farmers Branch (Court 7),"Fri, Mar 6 2026",7:45 PM,Spring
C-10 Courage the Cowardly Dig,25,C-01 Avatar: Net Benders,20,C-05,StarCenter Multisport - Farmers Branch (Court 5),"Fri, Mar 6 2026",8:30 PM,Spring
C-10 Courage the Cowardly Dig,12,C-01 Avatar: Net Benders,21,C-05,StarCenter Multisport - Farmers Branch (Court 5),"Fri, Mar 6 2026",8:30 PM,Spring
C-14 Diva Slayers,23,"C-02 Ed, Edd n Edging!",25,C-13,StarCenter Multisport - Farmers Branch (Court 6),"Fri, Mar 6 2026",8:30 PM,Spring
C-14 Diva Slayers,25,"C-02 Ed, Edd n Edging!",10,C-13,StarCenter Multisport - Farmers Branch (Court 6),"Fri, Mar 6 2026",8:30 PM,Spring
C-08 Blocker's Home for Unimaginative Hitters,25,C-16 The IncrediBalls,13,C-06,StarCenter Multisport - Farmers Branch (Court 7),"Fri, Mar 6 2026",8:30 PM,Spring
C-08 Blocker's Home for Unimaginative Hitters,25,C-16 The IncrediBalls,9,C-06,StarCenter Multisport - Farmers Branch (Court 7),"Fri, Mar 6 2026",8:30 PM,Spring
C-17 Scooby Do Me,25,C-15 Powerpuff Passers,14,C-18,StarCenter Multisport - Farmers Branch (Court 5),"Fri, Mar 6 2026",9:15 PM,Spring
C-17 Scooby Do Me,17,C-15 Powerpuff Passers,22,C-18,StarCenter Multisport - Farmers Branch (Court 5),"Fri, Mar 6 2026",9:15 PM,Spring
C-04 Peppa Dig,15,C-12 The Magic Spikebus,25,C-07,StarCenter Multisport - Farmers Branch (Court 6),"Fri, Mar 6 2026",9:15 PM,Spring
C-04 Peppa Dig,13,C-12 The Magic Spikebus,25,C-07,StarCenter Multisport - Farmers Branch (Court 6),"Fri, Mar 6 2026",9:15 PM,Spring
"C-03 Sugar, Spike and",25,C-11 Trans Performers,18,C-09,StarCenter Multisport - Farmers Branch (Court 7),"Fri, Mar 6 2026",9:15 PM,Spring
"C-03 Sugar, Spike and",19,C-11 Trans Performers,22,C-09,StarCenter Multisport - Farmers Branch (Court 7),"Fri, Mar 6 2026",9:15 PM,Spring
C-18 Straw Hat Striker,20,C-17 Scooby Do Me,25,C-15,StarCenter Multisport - Farmers Branch (Court 5),"Fri, Mar 6 2026",10:00 PM,Spring
C-18 Straw Hat Striker,19,C-17 Scooby Do Me,25,C-15,StarCenter Multisport - Farmers Branch (Court 5),"Fri, Mar 6 2026",10:00 PM,Spring
C-07 Sailor Spikers,25,C-04 Peppa Dig,20,C-12,StarCenter Multisport - Farmers Branch (Court 6),"Fri, Mar 6 2026",10:00 PM,Spring
C-07 Sailor Spikers,21,C-04 Peppa Dig,17,C-12,StarCenter Multisport - Farmers Branch (Court 6),"Fri, Mar 6 2026",10:00 PM,Spring
C-09 The Netsons,18,"C-03 Sugar, Spike and",25,C-11,StarCenter Multisport - Farmers Branch (Court 7),"Fri, Mar 6 2026",10:00 PM,Spring
C-09 The Netsons,20,"C-03 Sugar, Spike and",20,C-11,StarCenter Multisport - Farmers Branch (Court 7),"Fri, Mar 6 2026",10:00 PM,Spring
C-18 Straw Hat Striker,25,C-15 Powerpuff Passers,18,C-17,StarCenter Multisport - Farmers Branch (Court 5),"Fri, Mar 6 2026",10:45 PM,Spring
C-18 Straw Hat Striker,25,C-15 Powerpuff Passers,17,C-17,StarCenter Multisport - Farmers Branch (Court 5),"Fri, Mar 6 2026",10:45 PM,Spring
C-07 Sailor Spikers,16,C-12 The Magic Spikebus,25,C-04,StarCenter Multisport - Farmers Branch (Court 6),"Fri, Mar 6 2026",10:45 PM,Spring
C-07 Sailor Spikers,16,C-12 The Magic Spikebus,25,C-04,StarCenter Multisport - Farmers Branch (Court 6),"Fri, Mar 6 2026",10:45 PM,Spring
C-09 The Netsons,25,C-11 Trans Performers,23,C-03,StarCenter Multisport - Farmers Branch (Court 7),"Fri, Mar 6 2026",10:45 PM,Spring
C-09 The Netsons,22,C-11 Trans Performers,17,C-03,StarCenter Multisport - Farmers Branch (Court 7),"Fri, Mar 6 2026",10:45 PM,Spring
"C-03 Sugar, Spike and",25,C-10 Courage the Cowardly Dig,23,C-08,StarCenter Multisport - Farmers Branch (Court 5),"Fri, Mar 20 2026",7:00 PM,Spring
"C-03 Sugar, Spike and",15,C-10 Courage the Cowardly Dig,24,C-08,StarCenter Multisport - Farmers Branch (Court 5),"Fri, Mar 20 2026",7:00 PM,Spring
C-18 Straw Hat Striker,25,C-16 The IncrediBalls,20,C-12,StarCenter Multisport - Farmers Branch (Court 6),"Fri, Mar 20 2026",7:00 PM,Spring
C-18 Straw Hat Striker,21,C-16 The IncrediBalls,24,C-12,StarCenter Multisport - Farmers Branch (Court 6),"Fri, Mar 20 2026",7:00 PM,Spring
C-14 Diva Slayers,25,C-07 Sailor Spikers,20,C-05,StarCenter Multisport - Farmers Branch (Court 7),"Fri, Mar 20 2026",7:00 PM,Spring
C-14 Diva Slayers,24,C-07 Sailor Spikers,19,C-05,StarCenter Multisport - Farmers Branch (Court 7),"Fri, Mar 20 2026",7:00 PM,Spring
C-08 Blocker's Home for Unimaginative Hitters,25,"C-03 Sugar, Spike and",18,C-10,StarCenter Multisport - Farmers Branch (Court 5),"Fri, Mar 20 2026",7:45 PM,Spring
C-08 Blocker's Home for Unimaginative Hitters,23,"C-03 Sugar, Spike and",20,C-10,StarCenter Multisport - Farmers Branch (Court 5),"Fri, Mar 20 2026",7:45 PM,Spring
C-12 The Magic Spikebus,25,C-18 Straw Hat Striker,16,C-16,StarCenter Multisport - Farmers Branch (Court 6),"Fri, Mar 20 2026",7:45 PM,Spring
C-12 The Magic Spikebus,15,C-18 Straw Hat Striker,25,C-16,StarCenter Multisport - Farmers Branch (Court 6),"Fri, Mar 20 2026",7:45 PM,Spring
C-05 Dragon Ballz Deep,21,C-14 Diva Slayers,25,C-07,StarCenter Multisport - Farmers Branch (Court 7),"Fri, Mar 20 2026",7:45 PM,Spring
C-05 Dragon Ballz Deep,17,C-14 Diva Slayers,21,C-07,StarCenter Multisport - Farmers Branch (Court 7),"Fri, Mar 20 2026",7:45 PM,Spring
C-08 Blocker's Home for Unimaginative Hitters,23,C-10 Courage the Cowardly Dig,25,C-03,StarCenter Multisport - Farmers Branch (Court 5),"Fri, Mar 20 2026",8:30 PM,Spring
C-08 Blocker's Home for Unimaginative Hitters,16,C-10 Courage the Cowardly Dig,20,C-03,StarCenter Multisport - Farmers Branch (Court 5),"Fri, Mar 20 2026",8:30 PM,Spring
C-12 The Magic Spikebus,20,C-16 The IncrediBalls,25,C-18,StarCenter Multisport - Farmers Branch (Court 6),"Fri, Mar 20 2026",8:30 PM,Spring
C-12 The Magic Spikebus,23,C-16 The IncrediBalls,20,C-18,StarCenter Multisport - Farmers Branch (Court 6),"Fri, Mar 20 2026",8:30 PM,Spring
C-05 Dragon Ballz Deep,24,C-07 Sailor Spikers,26,C-14,StarCenter Multisport - Farmers Branch (Court 7),"Fri, Mar 20 2026",8:30 PM,Spring
C-05 Dragon Ballz Deep,20,C-07 Sailor Spikers,18,C-14,StarCenter Multisport - Farmers Branch (Court 7),"Fri, Mar 20 2026",8:30 PM,Spring
C-11 Trans Performers,19,"C-02 Ed, Edd n Edging!",25,C-17,StarCenter Multisport - Farmers Branch (Court 5),"Fri, Mar 20 2026",9:15 PM,Spring
C-11 Trans Performers,25,"C-02 Ed, Edd n Edging!",21,C-17,StarCenter Multisport - Farmers Branch (Court 5),"Fri, Mar 20 2026",9:15 PM,Spring
C-13 Thunder Kills,25,C-09 The Netsons,10,C-15,StarCenter Multisport - Farmers Branch (Court 6),"Fri, Mar 20 2026",9:15 PM,Spring
C-13 Thunder Kills,25,C-09 The Netsons,19,C-15,StarCenter Multisport - Farmers Branch (Court 6),"Fri, Mar 20 2026",9:15 PM,Spring
C-04 Peppa Dig,25,C-01 Avatar: Net Benders,11,C-06,StarCenter Multisport - Farmers Branch (Court 7),"Fri, Mar 20 2026",9:15 PM,Spring
C-04 Peppa Dig,25,C-01 Avatar: Net Benders,16,C-06,StarCenter Multisport - Farmers Branch (Court 7),"Fri, Mar 20 2026",9:15 PM,Spring
C-17 Scooby Do Me,27,C-11 Trans Performers,26,C-02,StarCenter Multisport - Farmers Branch (Court 5),"Fri, Mar 20 2026",10:00 PM,Spring
C-17 Scooby Do Me,15,C-11 Trans Performers,19,C-02,StarCenter Multisport - Farmers Branch (Court 5),"Fri, Mar 20 2026",10:00 PM,Spring
C-15 Powerpuff Passers,18,C-13 Thunder Kills,25,C-09,StarCenter Multisport - Farmers Branch (Court 6),"Fri, Mar 20 2026",10:00 PM,Spring
C-15 Powerpuff Passers,10,C-13 Thunder Kills,25,C-09,StarCenter Multisport - Farmers Branch (Court 6),"Fri, Mar 20 2026",10:00 PM,Spring
C-06 SpongeBall Spikepants,25,C-04 Peppa Dig,16,C-01,StarCenter Multisport - Farmers Branch (Court 7),"Fri, Mar 20 2026",10:00 PM,Spring
C-06 SpongeBall Spikepants,25,C-04 Peppa Dig,17,C-01,StarCenter Multisport - Farmers Branch (Court 7),"Fri, Mar 20 2026",10:00 PM,Spring
C-17 Scooby Do Me,25,"C-02 Ed, Edd n Edging!",15,C-11,StarCenter Multisport - Farmers Branch (Court 5),"Fri, Mar 20 2026",10:45 PM,Spring
C-17 Scooby Do Me,6,"C-02 Ed, Edd n Edging!",25,C-11,StarCenter Multisport - Farmers Branch (Court 5),"Fri, Mar 20 2026",10:45 PM,Spring
C-15 Powerpuff Passers,0,C-09 The Netsons,25,C-13,StarCenter Multisport - Farmers Branch (Court 6),"Fri, Mar 20 2026",10:45 PM,Spring
C-15 Powerpuff Passers,0,C-09 The Netsons,25,C-13,StarCenter Multisport - Farmers Branch (Court 6),"Fri, Mar 20 2026",10:45 PM,Spring
C-06 SpongeBall Spikepants,25,C-01 Avatar: Net Benders,16,C-04,StarCenter Multisport - Farmers Branch (Court 7),"Fri, Mar 20 2026",10:45 PM,Spring
C-06 SpongeBall Spikepants,25,C-01 Avatar: Net Benders,17,C-04,StarCenter Multisport - Farmers Branch (Court 7),"Fri, Mar 20 2026",10:45 PM,Spring
C-07 Sailor Spikers,10,C-06 SpongeBall Spikepants,25,C-10,StarCenter Multisport - Farmers Branch (Court 5),"Fri, Mar 27 2026",7:00 PM,Spring
C-07 Sailor Spikers,18,C-06 SpongeBall Spikepants,25,C-10,StarCenter Multisport - Farmers Branch (Court 5),"Fri, Mar 27 2026",7:00 PM,Spring
C-14 Diva Slayers,15,C-09 The Netsons,25,C-03,StarCenter Multisport - Farmers Branch (Court 6),"Fri, Mar 27 2026",7:00 PM,Spring
C-14 Diva Slayers,25,C-09 The Netsons,16,C-03,StarCenter Multisport - Farmers Branch (Court 6),"Fri, Mar 27 2026",7:00 PM,Spring
C-11 Trans Performers,24,C-05 Dragon Ballz Deep,26,C-13,StarCenter Multisport - Farmers Branch (Court 7),"Fri, Mar 27 2026",7:00 PM,Spring
C-11 Trans Performers,18,C-05 Dragon Ballz Deep,17,C-13,StarCenter Multisport - Farmers Branch (Court 7),"Fri, Mar 27 2026",7:00 PM,Spring
C-10 Courage the Cowardly Dig,25,C-07 Sailor Spikers,20,C-06,StarCenter Multisport - Farmers Branch (Court 5),"Fri, Mar 27 2026",7:45 PM,Spring
C-10 Courage the Cowardly Dig,25,C-07 Sailor Spikers,21,C-06,StarCenter Multisport - Farmers Branch (Court 5),"Fri, Mar 27 2026",7:45 PM,Spring
"C-03 Sugar, Spike and",20,C-14 Diva Slayers,25,C-09,StarCenter Multisport - Farmers Branch (Court 6),"Fri, Mar 27 2026",7:45 PM,Spring
"C-03 Sugar, Spike and",23,C-14 Diva Slayers,15,C-09,StarCenter Multisport - Farmers Branch (Court 6),"Fri, Mar 27 2026",7:45 PM,Spring
C-13 Thunder Kills,17,C-11 Trans Performers,25,C-05,StarCenter Multisport - Farmers Branch (Court 7),"Fri, Mar 27 2026",7:45 PM,Spring
C-13 Thunder Kills,25,C-11 Trans Performers,23,C-05,StarCenter Multisport - Farmers Branch (Court 7),"Fri, Mar 27 2026",7:45 PM,Spring
C-10 Courage the Cowardly Dig,21,C-06 SpongeBall Spikepants,25,C-07,StarCenter Multisport - Farmers Branch (Court 5),"Fri, Mar 27 2026",8:30 PM,Spring
C-10 Courage the Cowardly Dig,25,C-06 SpongeBall Spikepants,21,C-07,StarCenter Multisport - Farmers Branch (Court 5),"Fri, Mar 27 2026",8:30 PM,Spring
"C-03 Sugar, Spike and",25,C-09 The Netsons,19,C-14,StarCenter Multisport - Farmers Branch (Court 6),"Fri, Mar 27 2026",8:30 PM,Spring
"C-03 Sugar, Spike and",23,C-09 The Netsons,20,C-14,StarCenter Multisport - Farmers Branch (Court 6),"Fri, Mar 27 2026",8:30 PM,Spring
C-13 Thunder Kills,25,C-05 Dragon Ballz Deep,20,C-11,StarCenter Multisport - Farmers Branch (Court 7),"Fri, Mar 27 2026",8:30 PM,Spring
C-13 Thunder Kills,25,C-05 Dragon Ballz Deep,20,C-11,StarCenter Multisport - Farmers Branch (Court 7),"Fri, Mar 27 2026",8:30 PM,Spring
C-18 Straw Hat Striker,22,C-17 Scooby Do Me,25,C-01,StarCenter Multisport - Farmers Branch (Court 5),"Fri, Mar 27 2026",9:15 PM,Spring
C-18 Straw Hat Striker,21,C-17 Scooby Do Me,22,C-01,StarCenter Multisport - Farmers Branch (Court 5),"Fri, Mar 27 2026",9:15 PM,Spring
C-12 The Magic Spikebus,25,C-08 Blocker's Home for Unimaginative Hitters,22,C-02,StarCenter Multisport - Farmers Branch (Court 6),"Fri, Mar 27 2026",9:15 PM,Spring
C-12 The Magic Spikebus,13,C-08 Blocker's Home for Unimaginative Hitters,22,C-02,StarCenter Multisport - Farmers Branch (Court 6),"Fri, Mar 27 2026",9:15 PM,Spring
C-16 The IncrediBalls,25,C-15 Powerpuff Passers,0,C-04,StarCenter Multisport - Farmers Branch (Court 7),"Fri, Mar 27 2026",9:15 PM,Spring
C-16 The IncrediBalls,25,C-15 Powerpuff Passers,0,C-04,StarCenter Multisport - Farmers Branch (Court 7),"Fri, Mar 27 2026",9:15 PM,Spring
C-01 Avatar: Net Benders,25,C-18 Straw Hat Striker,13,C-17,StarCenter Multisport - Farmers Branch (Court 5),"Fri, Mar 27 2026",10:00 PM,Spring
C-01 Avatar: Net Benders,24,C-18 Straw Hat Striker,20,C-17,StarCenter Multisport - Farmers Branch (Court 5),"Fri, Mar 27 2026",10:00 PM,Spring
"C-02 Ed, Edd n Edging!",27,C-12 The Magic Spikebus,25,C-08,StarCenter Multisport - Farmers Branch (Court 6),"Fri, Mar 27 2026",10:00 PM,Spring
"C-02 Ed, Edd n Edging!",4,C-12 The Magic Spikebus,15,C-08,StarCenter Multisport - Farmers Branch (Court 6),"Fri, Mar 27 2026",10:00 PM,Spring
C-04 Peppa Dig,25,C-16 The IncrediBalls,23,C-15,StarCenter Multisport - Farmers Branch (Court 7),"Fri, Mar 27 2026",10:00 PM,Spring
C-04 Peppa Dig,22,C-16 The IncrediBalls,25,C-15,StarCenter Multisport - Farmers Branch (Court 7),"Fri, Mar 27 2026",10:00 PM,Spring
C-01 Avatar: Net Benders,25,C-17 Scooby Do Me,18,C-18,StarCenter Multisport - Farmers Branch (Court 5),"Fri, Mar 27 2026",10:45 PM,Spring
C-01 Avatar: Net Benders,14,C-17 Scooby Do Me,20,C-18,StarCenter Multisport - Farmers Branch (Court 5),"Fri, Mar 27 2026",10:45 PM,Spring
"C-02 Ed, Edd n Edging!",20,C-08 Blocker's Home for Unimaginative Hitters,25,C-12,StarCenter Multisport - Farmers Branch (Court 6),"Fri, Mar 27 2026",10:45 PM,Spring
"C-02 Ed, Edd n Edging!",10,C-08 Blocker's Home for Unimaginative Hitters,24,C-12,StarCenter Multisport - Farmers Branch (Court 6),"Fri, Mar 27 2026",10:45 PM,Spring
C-04 Peppa Dig,25,C-15 Powerpuff Passers,0,C-16,StarCenter Multisport - Farmers Branch (Court 7),"Fri, Mar 27 2026",10:45 PM,Spring
C-04 Peppa Dig,25,C-15 Powerpuff Passers,0,C-16,StarCenter Multisport - Farmers Branch (Court 7),"Fri, Mar 27 2026",10:45 PM,Spring
C-15 Powerpuff Passers,17,C-12 The Magic Spikebus,25,C-05,StarCenter Multisport - Farmers Branch (Court 5),"Fri, Apr 10 2026",7:00 PM,Spring
C-15 Powerpuff Passers,11,C-12 The Magic Spikebus,25,C-05,StarCenter Multisport - Farmers Branch (Court 5),"Fri, Apr 10 2026",7:00 PM,Spring
C-17 Scooby Do Me,5,C-10 Courage the Cowardly Dig,25,C-03,StarCenter Multisport - Farmers Branch (Court 6),"Fri, Apr 10 2026",7:00 PM,Spring
C-17 Scooby Do Me,19,C-10 Courage the Cowardly Dig,25,C-03,StarCenter Multisport - Farmers Branch (Court 6),"Fri, Apr 10 2026",7:00 PM,Spring
C-18 Straw Hat Striker,12,C-14 Diva Slayers,25,C-02,StarCenter Multisport - Farmers Branch (Court 7),"Fri, Apr 10 2026",7:00 PM,Spring
C-18 Straw Hat Striker,19,C-14 Diva Slayers,25,C-02,StarCenter Multisport - Farmers Branch (Court 7),"Fri, Apr 10 2026",7:00 PM,Spring
C-05 Dragon Ballz Deep,25,C-15 Powerpuff Passers,22,C-12,StarCenter Multisport - Farmers Branch (Court 5),"Fri, Apr 10 2026",7:45 PM,Spring
C-05 Dragon Ballz Deep,20,C-15 Powerpuff Passers,18,C-12,StarCenter Multisport - Farmers Branch (Court 5),"Fri, Apr 10 2026",7:45 PM,Spring
"C-03 Sugar, Spike and",13,C-17 Scooby Do Me,25,C-10,StarCenter Multisport - Farmers Branch (Court 6),"Fri, Apr 10 2026",7:45 PM,Spring
"C-03 Sugar, Spike and",19,C-17 Scooby Do Me,25,C-10,StarCenter Multisport - Farmers Branch (Court 6),"Fri, Apr 10 2026",7:45 PM,Spring
"C-02 Ed, Edd n Edging!",25,C-18 Straw Hat Striker,21,C-14,StarCenter Multisport - Farmers Branch (Court 7),"Fri, Apr 10 2026",7:45 PM,Spring
"C-02 Ed, Edd n Edging!",21,C-18 Straw Hat Striker,20,C-14,StarCenter Multisport - Farmers Branch (Court 7),"Fri, Apr 10 2026",7:45 PM,Spring
C-05 Dragon Ballz Deep,16,C-12 The Magic Spikebus,25,C-15,StarCenter Multisport - Farmers Branch (Court 5),"Fri, Apr 10 2026",8:30 PM,Spring
C-05 Dragon Ballz Deep,25,C-12 The Magic Spikebus,11,C-15,StarCenter Multisport - Farmers Branch (Court 5),"Fri, Apr 10 2026",8:30 PM,Spring
"C-03 Sugar, Spike and",22,C-10 Courage the Cowardly Dig,25,C-17,StarCenter Multisport - Farmers Branch (Court 6),"Fri, Apr 10 2026",8:30 PM,Spring
"C-03 Sugar, Spike and",16,C-10 Courage the Cowardly Dig,25,C-17,StarCenter Multisport - Farmers Branch (Court 6),"Fri, Apr 10 2026",8:30 PM,Spring
"C-02 Ed, Edd n Edging!",25,C-14 Diva Slayers,20,C-18,StarCenter Multisport - Farmers Branch (Court 7),"Fri, Apr 10 2026",8:30 PM,Spring
"C-02 Ed, Edd n Edging!",22,C-14 Diva Slayers,25,C-18,StarCenter Multisport - Farmers Branch (Court 7),"Fri, Apr 10 2026",8:30 PM,Spring
C-01 Avatar: Net Benders,25,C-08 Blocker's Home for Unimaginative Hitters,21,C-04,StarCenter Multisport - Farmers Branch (Court 5),"Fri, Apr 10 2026",9:15 PM,Spring
C-01 Avatar: Net Benders,20,C-08 Blocker's Home for Unimaginative Hitters,21,C-04,StarCenter Multisport - Farmers Branch (Court 5),"Fri, Apr 10 2026",9:15 PM,Spring
C-07 Sailor Spikers,19,C-16 The IncrediBalls,25,C-11,StarCenter Multisport - Farmers Branch (Court 6),"Fri, Apr 10 2026",9:15 PM,Spring
C-07 Sailor Spikers,18,C-16 The IncrediBalls,25,C-11,StarCenter Multisport - Farmers Branch (Court 6),"Fri, Apr 10 2026",9:15 PM,Spring
C-09 The Netsons,20,C-06 SpongeBall Spikepants,25,C-13,StarCenter Multisport - Farmers Branch (Court 7),"Fri, Apr 10 2026",9:15 PM,Spring
C-09 The Netsons,16,C-06 SpongeBall Spikepants,18,C-13,StarCenter Multisport - Farmers Branch (Court 7),"Fri, Apr 10 2026",9:15 PM,Spring
C-04 Peppa Dig,25,C-01 Avatar: Net Benders,21,C-08,StarCenter Multisport - Farmers Branch (Court 5),"Fri, Apr 10 2026",10:00 PM,Spring
C-04 Peppa Dig,24,C-01 Avatar: Net Benders,18,C-08,StarCenter Multisport - Farmers Branch (Court 5),"Fri, Apr 10 2026",10:00 PM,Spring
C-11 Trans Performers,25,C-07 Sailor Spikers,14,C-16,StarCenter Multisport - Farmers Branch (Court 6),"Fri, Apr 10 2026",10:00 PM,Spring
C-11 Trans Performers,24,C-07 Sailor Spikers,24,C-16,StarCenter Multisport - Farmers Branch (Court 6),"Fri, Apr 10 2026",10:00 PM,Spring
C-13 Thunder Kills,26,C-09 The Netsons,24,C-06,StarCenter Multisport - Farmers Branch (Court 7),"Fri, Apr 10 2026",10:00 PM,Spring
C-13 Thunder Kills,18,C-09 The Netsons,11,C-06,StarCenter Multisport - Farmers Branch (Court 7),"Fri, Apr 10 2026",10:00 PM,Spring
C-04 Peppa Dig,25,C-08 Blocker's Home for Unimaginative Hitters,22,C-01,StarCenter Multisport - Farmers Branch (Court 5),"Fri, Apr 10 2026",10:45 PM,Spring
C-04 Peppa Dig,23,C-08 Blocker's Home for Unimaginative Hitters,12,C-01,StarCenter Multisport - Farmers Branch (Court 5),"Fri, Apr 10 2026",10:45 PM,Spring
C-11 Trans Performers,22,C-16 The IncrediBalls,25,C-07,StarCenter Multisport - Farmers Branch (Court 6),"Fri, Apr 10 2026",10:45 PM,Spring
C-11 Trans Performers,18,C-16 The IncrediBalls,13,C-07,StarCenter Multisport - Farmers Branch (Court 6),"Fri, Apr 10 2026",10:45 PM,Spring
C-13 Thunder Kills,23,C-06 SpongeBall Spikepants,25,C-09,StarCenter Multisport - Farmers Branch (Court 7),"Fri, Apr 10 2026",10:45 PM,Spring
C-13 Thunder Kills,11,C-06 SpongeBall Spikepants,21,C-09,StarCenter Multisport - Farmers Branch (Court 7),"Fri, Apr 10 2026",10:45 PM,Spring
C-11 Trans Performers,23,C-06 SpongeBall Spikepants,25,C-13,StarCenter Multisport - North Lake (Court 5),"Fri, Apr 17 2026",7:00 PM,Spring
C-11 Trans Performers,15,C-06 SpongeBall Spikepants,14,C-13,StarCenter Multisport - North Lake (Court 5),"Fri, Apr 17 2026",7:00 PM,Spring
C-10 Courage the Cowardly Dig,25,C-17 Scooby Do Me,19,C-15,StarCenter Multisport - North Lake (Court 6),"Fri, Apr 17 2026",7:00 PM,Spring
C-10 Courage the Cowardly Dig,23,C-17 Scooby Do Me,18,C-15,StarCenter Multisport - North Lake (Court 6),"Fri, Apr 17 2026",7:00 PM,Spring
C-04 Peppa Dig,12,"C-03 Sugar, Spike and",25,C-18,StarCenter Multisport - North Lake (Court 7),"Fri, Apr 17 2026",7:00 PM,Spring
C-04 Peppa Dig,17,"C-03 Sugar, Spike and",25,C-18,StarCenter Multisport - North Lake (Court 7),"Fri, Apr 17 2026",7:00 PM,Spring
C-13 Thunder Kills,25,C-11 Trans Performers,15,C-06,StarCenter Multisport - North Lake (Court 5),"Fri, Apr 17 2026",7:45 PM,Spring
C-13 Thunder Kills,23,C-11 Trans Performers,21,C-06,StarCenter Multisport - North Lake (Court 5),"Fri, Apr 17 2026",7:45 PM,Spring
C-15 Powerpuff Passers,26,C-10 Courage the Cowardly Dig,24,C-17,StarCenter Multisport - North Lake (Court 6),"Fri, Apr 17 2026",7:45 PM,Spring
C-15 Powerpuff Passers,16,C-10 Courage the Cowardly Dig,14,C-17,StarCenter Multisport - North Lake (Court 6),"Fri, Apr 17 2026",7:45 PM,Spring
C-18 Straw Hat Striker,16,C-04 Peppa Dig,25,C-03,StarCenter Multisport - North Lake (Court 7),"Fri, Apr 17 2026",7:45 PM,Spring
C-18 Straw Hat Striker,25,C-04 Peppa Dig,20,C-03,StarCenter Multisport - North Lake (Court 7),"Fri, Apr 17 2026",7:45 PM,Spring
C-13 Thunder Kills,25,C-06 SpongeBall Spikepants,21,C-11,StarCenter Multisport - North Lake (Court 5),"Fri, Apr 17 2026",8:30 PM,Spring
C-13 Thunder Kills,17,C-06 SpongeBall Spikepants,13,C-11,StarCenter Multisport - North Lake (Court 5),"Fri, Apr 17 2026",8:30 PM,Spring
C-15 Powerpuff Passers,19,C-17 Scooby Do Me,25,C-10,StarCenter Multisport - North Lake (Court 6),"Fri, Apr 17 2026",8:30 PM,Spring
C-15 Powerpuff Passers,21,C-17 Scooby Do Me,17,C-10,StarCenter Multisport - North Lake (Court 6),"Fri, Apr 17 2026",8:30 PM,Spring
C-18 Straw Hat Striker,25,"C-03 Sugar, Spike and",20,C-04,StarCenter Multisport - North Lake (Court 7),"Fri, Apr 17 2026",8:30 PM,Spring
C-18 Straw Hat Striker,16,"C-03 Sugar, Spike and",22,C-04,StarCenter Multisport - North Lake (Court 7),"Fri, Apr 17 2026",8:30 PM,Spring
C-14 Diva Slayers,14,C-12 The Magic Spikebus,25,C-16,StarCenter Multisport - North Lake (Court 5),"Fri, Apr 17 2026",9:15 PM,Spring
C-14 Diva Slayers,25,C-12 The Magic Spikebus,14,C-16,StarCenter Multisport - North Lake (Court 5),"Fri, Apr 17 2026",9:15 PM,Spring
C-05 Dragon Ballz Deep,27,"C-02 Ed, Edd n Edging!",26,C-09,StarCenter Multisport - North Lake (Court 6),"Fri, Apr 17 2026",9:15 PM,Spring
C-05 Dragon Ballz Deep,13,"C-02 Ed, Edd n Edging!",13,C-09,StarCenter Multisport - North Lake (Court 6),"Fri, Apr 17 2026",9:15 PM,Spring
C-08 Blocker's Home for Unimaginative Hitters,18,C-07 Sailor Spikers,25,C-01,StarCenter Multisport - North Lake (Court 7),"Fri, Apr 17 2026",9:15 PM,Spring
C-08 Blocker's Home for Unimaginative Hitters,15,C-07 Sailor Spikers,10,C-01,StarCenter Multisport - North Lake (Court 7),"Fri, Apr 17 2026",9:15 PM,Spring
C-16 The IncrediBalls,27,C-14 Diva Slayers,26,C-12,StarCenter Multisport - North Lake (Court 5),"Fri, Apr 17 2026",10:00 PM,Spring
C-16 The IncrediBalls,15,C-14 Diva Slayers,16,C-12,StarCenter Multisport - North Lake (Court 5),"Fri, Apr 17 2026",10:00 PM,Spring
C-09 The Netsons,27,C-05 Dragon Ballz Deep,26,C-02,StarCenter Multisport - North Lake (Court 6),"Fri, Apr 17 2026",10:00 PM,Spring
C-09 The Netsons,16,C-05 Dragon Ballz Deep,19,C-02,StarCenter Multisport - North Lake (Court 6),"Fri, Apr 17 2026",10:00 PM,Spring
C-01 Avatar: Net Benders,21,C-08 Blocker's Home for Unimaginative Hitters,25,C-07,StarCenter Multisport - North Lake (Court 7),"Fri, Apr 17 2026",10:00 PM,Spring
C-01 Avatar: Net Benders,12,C-08 Blocker's Home for Unimaginative Hitters,25,C-07,StarCenter Multisport - North Lake (Court 7),"Fri, Apr 17 2026",10:00 PM,Spring
C-16 The IncrediBalls,25,C-12 The Magic Spikebus,17,C-14,StarCenter Multisport - North Lake (Court 5),"Fri, Apr 17 2026",10:45 PM,Spring
C-16 The IncrediBalls,22,C-12 The Magic Spikebus,24,C-14,StarCenter Multisport - North Lake (Court 5),"Fri, Apr 17 2026",10:45 PM,Spring
C-09 The Netsons,25,"C-02 Ed, Edd n Edging!",17,C-05,StarCenter Multisport - North Lake (Court 6),"Fri, Apr 17 2026",10:45 PM,Spring
C-09 The Netsons,8,"C-02 Ed, Edd n Edging!",13,C-05,StarCenter Multisport - North Lake (Court 6),"Fri, Apr 17 2026",10:45 PM,Spring
C-01 Avatar: Net Benders,25,C-07 Sailor Spikers,23,C-08,StarCenter Multisport - North Lake (Court 7),"Fri, Apr 17 2026",10:45 PM,Spring
C-01 Avatar: Net Benders,21,C-07 Sailor Spikers,20,C-08,StarCenter Multisport - North Lake (Court 7),"Fri, Apr 17 2026",10:45 PM,Spring
C-14 Diva Slayers,25,C-11 Trans Performers,13,C-16,StarCenter Multisport - Farmers Branch (Court 5),"Fri, Apr 24 2026",7:00 PM,Spring
C-14 Diva Slayers,25,C-11 Trans Performers,21,C-16,StarCenter Multisport - Farmers Branch (Court 5),"Fri, Apr 24 2026",7:00 PM,Spring
C-13 Thunder Kills,25,C-08 Blocker's Home for Unimaginative Hitters,20,C-15,StarCenter Multisport - Farmers Branch (Court 6),"Fri, Apr 24 2026",7:00 PM,Spring
C-13 Thunder Kills,19,C-08 Blocker's Home for Unimaginative Hitters,18,C-15,StarCenter Multisport - Farmers Branch (Court 6),"Fri, Apr 24 2026",7:00 PM,Spring
"C-03 Sugar, Spike and",22,C-01 Avatar: Net Benders,25,C-06,StarCenter Multisport - Farmers Branch (Court 7),"Fri, Apr 24 2026",7:00 PM,Spring
"C-03 Sugar, Spike and",17,C-01 Avatar: Net Benders,20,C-06,StarCenter Multisport - Farmers Branch (Court 7),"Fri, Apr 24 2026",7:00 PM,Spring
C-16 The IncrediBalls,17,C-14 Diva Slayers,25,C-11,StarCenter Multisport - Farmers Branch (Court 5),"Fri, Apr 24 2026",7:45 PM,Spring
C-16 The IncrediBalls,25,C-14 Diva Slayers,17,C-11,StarCenter Multisport - Farmers Branch (Court 5),"Fri, Apr 24 2026",7:45 PM,Spring
C-15 Powerpuff Passers,17,C-13 Thunder Kills,25,C-08,StarCenter Multisport - Farmers Branch (Court 6),"Fri, Apr 24 2026",7:45 PM,Spring
C-15 Powerpuff Passers,12,C-13 Thunder Kills,25,C-08,StarCenter Multisport - Farmers Branch (Court 6),"Fri, Apr 24 2026",7:45 PM,Spring
C-06 SpongeBall Spikepants,25,"C-03 Sugar, Spike and",23,C-01,StarCenter Multisport - Farmers Branch (Court 7),"Fri, Apr 24 2026",7:45 PM,Spring
C-06 SpongeBall Spikepants,18,"C-03 Sugar, Spike and",19,C-01,StarCenter Multisport - Farmers Branch (Court 7),"Fri, Apr 24 2026",7:45 PM,Spring
C-16 The IncrediBalls,10,C-11 Trans Performers,25,C-14,StarCenter Multisport - Farmers Branch (Court 5),"Fri, Apr 24 2026",8:30 PM,Spring
C-16 The IncrediBalls,26,C-11 Trans Performers,24,C-14,StarCenter Multisport - Farmers Branch (Court 5),"Fri, Apr 24 2026",8:30 PM,Spring
C-15 Powerpuff Passers,25,C-08 Blocker's Home for Unimaginative Hitters,22,C-13,StarCenter Multisport - Farmers Branch (Court 6),"Fri, Apr 24 2026",8:30 PM,Spring
C-15 Powerpuff Passers,17,C-08 Blocker's Home for Unimaginative Hitters,19,C-13,StarCenter Multisport - Farmers Branch (Court 6),"Fri, Apr 24 2026",8:30 PM,Spring
C-06 SpongeBall Spikepants,25,C-01 Avatar: Net Benders,17,C-03,StarCenter Multisport - Farmers Branch (Court 7),"Fri, Apr 24 2026",8:30 PM,Spring
C-06 SpongeBall Spikepants,16,C-01 Avatar: Net Benders,13,C-03,StarCenter Multisport - Farmers Branch (Court 7),"Fri, Apr 24 2026",8:30 PM,Spring
C-09 The Netsons,25,C-05 Dragon Ballz Deep,11,C-18,StarCenter Multisport - Farmers Branch (Court 5),"Fri, Apr 24 2026",9:15 PM,Spring
C-09 The Netsons,25,C-05 Dragon Ballz Deep,11,C-18,StarCenter Multisport - Farmers Branch (Court 5),"Fri, Apr 24 2026",9:15 PM,Spring
C-10 Courage the Cowardly Dig,25,C-04 Peppa Dig,27,C-02,StarCenter Multisport - Farmers Branch (Court 6),"Fri, Apr 24 2026",9:15 PM,Spring
C-10 Courage the Cowardly Dig,22,C-04 Peppa Dig,13,C-02,StarCenter Multisport - Farmers Branch (Court 6),"Fri, Apr 24 2026",9:15 PM,Spring
C-07 Sailor Spikers,22,C-17 Scooby Do Me,25,C-12,StarCenter Multisport - Farmers Branch (Court 7),"Fri, Apr 24 2026",9:15 PM,Spring
C-07 Sailor Spikers,12,C-17 Scooby Do Me,12,C-12,StarCenter Multisport - Farmers Branch (Court 7),"Fri, Apr 24 2026",9:15 PM,Spring
C-18 Straw Hat Striker,25,C-09 The Netsons,23,C-05,StarCenter Multisport - Farmers Branch (Court 5),"Fri, Apr 24 2026",10:00 PM,Spring
C-18 Straw Hat Striker,24,C-09 The Netsons,18,C-05,StarCenter Multisport - Farmers Branch (Court 5),"Fri, Apr 24 2026",10:00 PM,Spring
"C-02 Ed, Edd n Edging!",24,C-10 Courage the Cowardly Dig,26,C-04,StarCenter Multisport - Farmers Branch (Court 6),"Fri, Apr 24 2026",10:00 PM,Spring
"C-02 Ed, Edd n Edging!",14,C-10 Courage the Cowardly Dig,18,C-04,StarCenter Multisport - Farmers Branch (Court 6),"Fri, Apr 24 2026",10:00 PM,Spring
C-12 The Magic Spikebus,21,C-07 Sailor Spikers,25,C-17,StarCenter Multisport - Farmers Branch (Court 7),"Fri, Apr 24 2026",10:00 PM,Spring
C-12 The Magic Spikebus,13,C-07 Sailor Spikers,13,C-17,StarCenter Multisport - Farmers Branch (Court 7),"Fri, Apr 24 2026",10:00 PM,Spring
C-18 Straw Hat Striker,25,C-05 Dragon Ballz Deep,14,C-09,StarCenter Multisport - Farmers Branch (Court 5),"Fri, Apr 24 2026",10:45 PM,Spring
C-18 Straw Hat Striker,11,C-05 Dragon Ballz Deep,25,C-09,StarCenter Multisport - Farmers Branch (Court 5),"Fri, Apr 24 2026",10:45 PM,Spring
"C-02 Ed, Edd n Edging!",13,C-04 Peppa Dig,25,C-10,StarCenter Multisport - Farmers Branch (Court 6),"Fri, Apr 24 2026",10:45 PM,Spring
"C-02 Ed, Edd n Edging!",24,C-04 Peppa Dig,14,C-10,StarCenter Multisport - Farmers Branch (Court 6),"Fri, Apr 24 2026",10:45 PM,Spring
C-12 The Magic Spikebus,25,C-17 Scooby Do Me,23,C-07,StarCenter Multisport - Farmers Branch (Court 7),"Fri, Apr 24 2026",10:45 PM,Spring
C-12 The Magic Spikebus,20,C-17 Scooby Do Me,16,C-07,StarCenter Multisport - Farmers Branch (Court 7),"Fri, Apr 24 2026",10:45 PM,Spring
"C-02 Ed, Edd n Edging!",,C-16 The IncrediBalls,,C-07,StarCenter Multisport - Farmers Branch (Court 5),"Fri, May 1 2026",7:00 PM,Spring
"C-02 Ed, Edd n Edging!",,C-16 The IncrediBalls,,C-07,StarCenter Multisport - Farmers Branch (Court 5),"Fri, May 1 2026",7:00 PM,Spring
C-15 Powerpuff Passers,,C-14 Diva Slayers,,C-01,StarCenter Multisport - Farmers Branch (Court 6),"Fri, May 1 2026",7:00 PM,Spring
C-15 Powerpuff Passers,,C-14 Diva Slayers,,C-01,StarCenter Multisport - Farmers Branch (Court 6),"Fri, May 1 2026",7:00 PM,Spring
C-17 Scooby Do Me,,C-13 Thunder Kills,,C-08,StarCenter Multisport - Farmers Branch (Court 7),"Fri, May 1 2026",7:00 PM,Spring
C-17 Scooby Do Me,,C-13 Thunder Kills,,C-08,StarCenter Multisport - Farmers Branch (Court 7),"Fri, May 1 2026",7:00 PM,Spring
C-07 Sailor Spikers,,"C-02 Ed, Edd n Edging!",,C-16,StarCenter Multisport - Farmers Branch (Court 5),"Fri, May 1 2026",7:45 PM,Spring
C-07 Sailor Spikers,,"C-02 Ed, Edd n Edging!",,C-16,StarCenter Multisport - Farmers Branch (Court 5),"Fri, May 1 2026",7:45 PM,Spring
C-01 Avatar: Net Benders,,C-15 Powerpuff Passers,,C-14,StarCenter Multisport - Farmers Branch (Court 6),"Fri, May 1 2026",7:45 PM,Spring
C-01 Avatar: Net Benders,,C-15 Powerpuff Passers,,C-14,StarCenter Multisport - Farmers Branch (Court 6),"Fri, May 1 2026",7:45 PM,Spring
C-08 Blocker's Home for Unimaginative Hitters,,C-17 Scooby Do Me,,C-13,StarCenter Multisport - Farmers Branch (Court 7),"Fri, May 1 2026",7:45 PM,Spring
C-08 Blocker's Home for Unimaginative Hitters,,C-17 Scooby Do Me,,C-13,StarCenter Multisport - Farmers Branch (Court 7),"Fri, May 1 2026",7:45 PM,Spring
C-07 Sailor Spikers,,C-16 The IncrediBalls,,C-02,StarCenter Multisport - Farmers Branch (Court 5),"Fri, May 1 2026",8:30 PM,Spring
C-07 Sailor Spikers,,C-16 The IncrediBalls,,C-02,StarCenter Multisport - Farmers Branch (Court 5),"Fri, May 1 2026",8:30 PM,Spring
C-01 Avatar: Net Benders,,C-14 Diva Slayers,,C-15,StarCenter Multisport - Farmers Branch (Court 6),"Fri, May 1 2026",8:30 PM,Spring
C-01 Avatar: Net Benders,,C-14 Diva Slayers,,C-15,StarCenter Multisport - Farmers Branch (Court 6),"Fri, May 1 2026",8:30 PM,Spring
C-08 Blocker's Home for Unimaginative Hitters,,C-13 Thunder Kills,,C-17,StarCenter Multisport - Farmers Branch (Court 7),"Fri, May 1 2026",8:30 PM,Spring
C-08 Blocker's Home for Unimaginative Hitters,,C-13 Thunder Kills,,C-17,StarCenter Multisport - Farmers Branch (Court 7),"Fri, May 1 2026",8:30 PM,Spring
C-05 Dragon Ballz Deep,,C-04 Peppa Dig,,C-11,StarCenter Multisport - Farmers Branch (Court 5),"Fri, May 1 2026",9:15 PM,Spring
C-05 Dragon Ballz Deep,,C-04 Peppa Dig,,C-11,StarCenter Multisport - Farmers Branch (Court 5),"Fri, May 1 2026",9:15 PM,Spring
C-06 SpongeBall Spikepants,,"C-03 Sugar, Spike and",,C-12,StarCenter Multisport - Farmers Branch (Court 6),"Fri, May 1 2026",9:15 PM,Spring
C-06 SpongeBall Spikepants,,"C-03 Sugar, Spike and",,C-12,StarCenter Multisport - Farmers Branch (Court 6),"Fri, May 1 2026",9:15 PM,Spring
C-09 The Netsons,,C-18 Straw Hat Striker,,C-10,StarCenter Multisport - Farmers Branch (Court 7),"Fri, May 1 2026",9:15 PM,Spring
C-09 The Netsons,,C-18 Straw Hat Striker,,C-10,StarCenter Multisport - Farmers Branch (Court 7),"Fri, May 1 2026",9:15 PM,Spring
C-11 Trans Performers,,C-05 Dragon Ballz Deep,,C-04,StarCenter Multisport - Farmers Branch (Court 5),"Fri, May 1 2026",10:00 PM,Spring
C-11 Trans Performers,,C-05 Dragon Ballz Deep,,C-04,StarCenter Multisport - Farmers Branch (Court 5),"Fri, May 1 2026",10:00 PM,Spring
C-12 The Magic Spikebus,,C-06 SpongeBall Spikepants,,C-03,StarCenter Multisport - Farmers Branch (Court 6),"Fri, May 1 2026",10:00 PM,Spring
C-12 The Magic Spikebus,,C-06 SpongeBall Spikepants,,C-03,StarCenter Multisport - Farmers Branch (Court 6),"Fri, May 1 2026",10:00 PM,Spring
C-10 Courage the Cowardly Dig,,C-09 The Netsons,,C-18,StarCenter Multisport - Farmers Branch (Court 7),"Fri, May 1 2026",10:00 PM,Spring
C-10 Courage the Cowardly Dig,,C-09 The Netsons,,C-18,StarCenter Multisport - Farmers Branch (Court 7),"Fri, May 1 2026",10:00 PM,Spring
C-11 Trans Performers,,C-04 Peppa Dig,,C-05,StarCenter Multisport - Farmers Branch (Court 5),"Fri, May 1 2026",10:45 PM,Spring
C-11 Trans Performers,,C-04 Peppa Dig,,C-05,StarCenter Multisport - Farmers Branch (Court 5),"Fri, May 1 2026",10:45 PM,Spring
C-12 The Magic Spikebus,,"C-03 Sugar, Spike and",,C-06,StarCenter Multisport - Farmers Branch (Court 6),"Fri, May 1 2026",10:45 PM,Spring
C-12 The Magic Spikebus,,"C-03 Sugar, Spike and",,C-06,StarCenter Multisport - Farmers Branch (Court 6),"Fri, May 1 2026",10:45 PM,Spring
C-10 Courage the Cowardly Dig,,C-18 Straw Hat Striker,,C-09,StarCenter Multisport - Farmers Branch (Court 7),"Fri, May 1 2026",10:45 PM,Spring
C-10 Courage the Cowardly Dig,,C-18 Straw Hat Striker,,C-09,StarCenter Multisport - Farmers Branch (Court 7),"Fri, May 1 2026",10:45 PM,Spring
E-04-Pump & Dump,25,E-01-Squatty Hawties,19,E-05,StarCenter Multisport - Farmers Branch (Court 16),"Fri, Jan 30 2026",7:00 PM,Spring
E-04-Pump & Dump,26,E-01-Squatty Hawties,25,E-05,StarCenter Multisport - Farmers Branch (Court 16),"Fri, Jan 30 2026",7:00 PM,Spring
"E-05-Spot Me Outside, How Bout That",20,E-04-Pump & Dump,25,E-01,StarCenter Multisport - Farmers Branch (Court 16),"Fri, Jan 30 2026",7:45 PM,Spring
"E-05-Spot Me Outside, How Bout That",21,E-04-Pump & Dump,25,E-01,StarCenter Multisport - Farmers Branch (Court 16),"Fri, Jan 30 2026",7:45 PM,Spring
"E-05-Spot Me Outside, How Bout That",25,E-01-Squatty Hawties,20,E-04,StarCenter Multisport - Farmers Branch (Court 16),"Fri, Jan 30 2026",8:30 PM,Spring
"E-05-Spot Me Outside, How Bout That",25,E-01-Squatty Hawties,21,E-04,StarCenter Multisport - Farmers Branch (Court 16),"Fri, Jan 30 2026",8:30 PM,Spring
E-03- Steel Buns,25,E-02-Pull Up (But Don’t Pull Out),17,E-06,StarCenter Multisport - Farmers Branch (Court 16),"Fri, Jan 30 2026",9:15 PM,Spring
E-03- Steel Buns,25,E-02-Pull Up (But Don’t Pull Out),21,E-06,StarCenter Multisport - Farmers Branch (Court 16),"Fri, Jan 30 2026",9:15 PM,Spring
E-06-Kegel Crushers,25,E-03- Steel Buns,22,E-02,StarCenter Multisport - Farmers Branch (Court 16),"Fri, Jan 30 2026",10:00 PM,Spring
E-06-Kegel Crushers,22,E-03- Steel Buns,21,E-02,StarCenter Multisport - Farmers Branch (Court 16),"Fri, Jan 30 2026",10:00 PM,Spring
E-06-Kegel Crushers,22,E-02-Pull Up (But Don’t Pull Out),25,E-03,StarCenter Multisport - Farmers Branch (Court 16),"Fri, Jan 30 2026",10:45 PM,Spring
E-06-Kegel Crushers,25,E-02-Pull Up (But Don’t Pull Out),17,E-03,StarCenter Multisport - Farmers Branch (Court 16),"Fri, Jan 30 2026",10:45 PM,Spring
"E-05-Spot Me Outside, How Bout That",25,E-02-Pull Up (But Don’t Pull Out),27,E-06,StarCenter Multisport - Farmers Branch (Court 16),"Fri, Feb 6 2026",7:00 PM,Spring
"E-05-Spot Me Outside, How Bout That",19,E-02-Pull Up (But Don’t Pull Out),24,E-06,StarCenter Multisport - Farmers Branch (Court 16),"Fri, Feb 6 2026",7:00 PM,Spring
E-06-Kegel Crushers,23,"E-05-Spot Me Outside, How Bout That",25,E-02,StarCenter Multisport - Farmers Branch (Court 16),"Fri, Feb 6 2026",7:45 PM,Spring
E-06-Kegel Crushers,19,"E-05-Spot Me Outside, How Bout That",14,E-02,StarCenter Multisport - Farmers Branch (Court 16),"Fri, Feb 6 2026",7:45 PM,Spring
E-06-Kegel Crushers,25,E-02-Pull Up (But Don’t Pull Out),22,E-05,StarCenter Multisport - Farmers Branch (Court 16),"Fri, Feb 6 2026",8:30 PM,Spring
E-06-Kegel Crushers,16,E-02-Pull Up (But Don’t Pull Out),21,E-05,StarCenter Multisport - Farmers Branch (Court 16),"Fri, Feb 6 2026",8:30 PM,Spring
E-03- Steel Buns,16,E-01-Squatty Hawties,25,E-04,StarCenter Multisport - Farmers Branch (Court 16),"Fri, Feb 6 2026",9:15 PM,Spring
E-03- Steel Buns,15,E-01-Squatty Hawties,24,E-04,StarCenter Multisport - Farmers Branch (Court 16),"Fri, Feb 6 2026",9:15 PM,Spring
E-04-Pump & Dump,25,E-03- Steel Buns,15,E-01,StarCenter Multisport - Farmers Branch (Court 16),"Fri, Feb 6 2026",10:00 PM,Spring
E-04-Pump & Dump,25,E-03- Steel Buns,21,E-01,StarCenter Multisport - Farmers Branch (Court 16),"Fri, Feb 6 2026",10:00 PM,Spring
E-04-Pump & Dump,26,E-01-Squatty Hawties,27,E-03,StarCenter Multisport - Farmers Branch (Court 16),"Fri, Feb 6 2026",10:45 PM,Spring
E-04-Pump & Dump,24,E-01-Squatty Hawties,12,E-03,StarCenter Multisport - Farmers Branch (Court 16),"Fri, Feb 6 2026",10:45 PM,Spring
E-04-Pump & Dump,25,E-02-Pull Up (But Don’t Pull Out),15,E-05,StarCenter Multisport - Farmers Branch (Court 16),"Fri, Feb 20 2026",7:00 PM,Spring
E-04-Pump & Dump,20,E-02-Pull Up (But Don’t Pull Out),25,E-05,StarCenter Multisport - Farmers Branch (Court 16),"Fri, Feb 20 2026",7:00 PM,Spring
"E-05-Spot Me Outside, How Bout That",18,E-04-Pump & Dump,25,E-02,StarCenter Multisport - Farmers Branch (Court 16),"Fri, Feb 20 2026",7:45 PM,Spring
"E-05-Spot Me Outside, How Bout That",20,E-04-Pump & Dump,25,E-02,StarCenter Multisport - Farmers Branch (Court 16),"Fri, Feb 20 2026",7:45 PM,Spring
"E-05-Spot Me Outside, How Bout That",25,E-02-Pull Up (But Don’t Pull Out),11,E-04,StarCenter Multisport - Farmers Branch (Court 16),"Fri, Feb 20 2026",8:30 PM,Spring
"E-05-Spot Me Outside, How Bout That",24,E-02-Pull Up (But Don’t Pull Out),26,E-04,StarCenter Multisport - Farmers Branch (Court 16),"Fri, Feb 20 2026",8:30 PM,Spring
E-03- Steel Buns,25,E-01-Squatty Hawties,22,E-06,StarCenter Multisport - Farmers Branch (Court 16),"Fri, Feb 20 2026",9:15 PM,Spring
E-03- Steel Buns,25,E-01-Squatty Hawties,22,E-06,StarCenter Multisport - Farmers Branch (Court 16),"Fri, Feb 20 2026",9:15 PM,Spring
E-06-Kegel Crushers,25,E-03- Steel Buns,20,E-01,StarCenter Multisport - Farmers Branch (Court 16),"Fri, Feb 20 2026",10:00 PM,Spring
E-06-Kegel Crushers,13,E-03- Steel Buns,25,E-01,StarCenter Multisport - Farmers Branch (Court 16),"Fri, Feb 20 2026",10:00 PM,Spring
E-06-Kegel Crushers,25,E-01-Squatty Hawties,10,E-03,StarCenter Multisport - Farmers Branch (Court 16),"Fri, Feb 20 2026",10:45 PM,Spring
E-06-Kegel Crushers,25,E-01-Squatty Hawties,22,E-03,StarCenter Multisport - Farmers Branch (Court 16),"Fri, Feb 20 2026",10:45 PM,Spring
E-03- Steel Buns,25,E-02-Pull Up (But Don’t Pull Out),0,E-04,StarCenter Multisport - Farmers Branch (Court 16),"Fri, Feb 27 2026",7:00 PM,Spring
E-03- Steel Buns,25,E-02-Pull Up (But Don’t Pull Out),0,E-04,StarCenter Multisport - Farmers Branch (Court 16),"Fri, Feb 27 2026",7:00 PM,Spring
E-04-Pump & Dump,14,E-03- Steel Buns,25,E-02,StarCenter Multisport - Farmers Branch (Court 16),"Fri, Feb 27 2026",7:45 PM,Spring
E-04-Pump & Dump,25,E-03- Steel Buns,21,E-02,StarCenter Multisport - Farmers Branch (Court 16),"Fri, Feb 27 2026",7:45 PM,Spring
E-04-Pump & Dump,25,E-02-Pull Up (But Don’t Pull Out),0,E-03,StarCenter Multisport - Farmers Branch (Court 16),"Fri, Feb 27 2026",8:30 PM,Spring
E-04-Pump & Dump,25,E-02-Pull Up (But Don’t Pull Out),0,E-03,StarCenter Multisport - Farmers Branch (Court 16),"Fri, Feb 27 2026",8:30 PM,Spring
"E-05-Spot Me Outside, How Bout That",25,E-01-Squatty Hawties,0,E-06,StarCenter Multisport - Farmers Branch (Court 16),"Fri, Feb 27 2026",9:15 PM,Spring
"E-05-Spot Me Outside, How Bout That",25,E-01-Squatty Hawties,0,E-06,StarCenter Multisport - Farmers Branch (Court 16),"Fri, Feb 27 2026",9:15 PM,Spring
E-06-Kegel Crushers,25,"E-05-Spot Me Outside, How Bout That",23,E-01,StarCenter Multisport - Farmers Branch (Court 16),"Fri, Feb 27 2026",10:00 PM,Spring
E-06-Kegel Crushers,20,"E-05-Spot Me Outside, How Bout That",25,E-01,StarCenter Multisport - Farmers Branch (Court 16),"Fri, Feb 27 2026",10:00 PM,Spring
E-06-Kegel Crushers,25,E-01-Squatty Hawties,0,E-05,StarCenter Multisport - Farmers Branch (Court 16),"Fri, Feb 27 2026",10:45 PM,Spring
E-06-Kegel Crushers,25,E-01-Squatty Hawties,0,E-05,StarCenter Multisport - Farmers Branch (Court 16),"Fri, Feb 27 2026",10:45 PM,Spring
E-03- Steel Buns,26,E-01-Squatty Hawties,24,E-04,StarCenter Multisport - Farmers Branch (Court 16),"Fri, Mar 6 2026",7:00 PM,Spring
E-03- Steel Buns,17,E-01-Squatty Hawties,20,E-04,StarCenter Multisport - Farmers Branch (Court 16),"Fri, Mar 6 2026",7:00 PM,Spring
E-04-Pump & Dump,24,E-03- Steel Buns,26,E-01,StarCenter Multisport - Farmers Branch (Court 16),"Fri, Mar 6 2026",7:45 PM,Spring
E-04-Pump & Dump,22,E-03- Steel Buns,23,E-01,StarCenter Multisport - Farmers Branch (Court 16),"Fri, Mar 6 2026",7:45 PM,Spring
E-04-Pump & Dump,23,E-01-Squatty Hawties,25,E-03,StarCenter Multisport - Farmers Branch (Court 16),"Fri, Mar 6 2026",8:30 PM,Spring
E-04-Pump & Dump,20,E-01-Squatty Hawties,18,E-03,StarCenter Multisport - Farmers Branch (Court 16),"Fri, Mar 6 2026",8:30 PM,Spring
"E-05-Spot Me Outside, How Bout That",25,E-02-Pull Up (But Don’t Pull Out),19,E-06,StarCenter Multisport - Farmers Branch (Court 16),"Fri, Mar 6 2026",9:15 PM,Spring
"E-05-Spot Me Outside, How Bout That",22,E-02-Pull Up (But Don’t Pull Out),25,E-06,StarCenter Multisport - Farmers Branch (Court 16),"Fri, Mar 6 2026",9:15 PM,Spring
E-06-Kegel Crushers,20,"E-05-Spot Me Outside, How Bout That",25,E-02,StarCenter Multisport - Farmers Branch (Court 16),"Fri, Mar 6 2026",10:00 PM,Spring
E-06-Kegel Crushers,18,"E-05-Spot Me Outside, How Bout That",25,E-02,StarCenter Multisport - Farmers Branch (Court 16),"Fri, Mar 6 2026",10:00 PM,Spring
E-06-Kegel Crushers,20,E-02-Pull Up (But Don’t Pull Out),25,E-05,StarCenter Multisport - Farmers Branch (Court 16),"Fri, Mar 6 2026",10:45 PM,Spring
E-06-Kegel Crushers,20,E-02-Pull Up (But Don’t Pull Out),25,E-05,StarCenter Multisport - Farmers Branch (Court 16),"Fri, Mar 6 2026",10:45 PM,Spring
E-03- Steel Buns,16,E-01-Squatty Hawties,25,E-06,StarCenter Multisport - Farmers Branch (Court 16),"Fri, Mar 20 2026",7:00 PM,Spring
E-03- Steel Buns,24,E-01-Squatty Hawties,21,E-06,StarCenter Multisport - Farmers Branch (Court 16),"Fri, Mar 20 2026",7:00 PM,Spring
E-06-Kegel Crushers,27,E-03- Steel Buns,26,E-01,StarCenter Multisport - Farmers Branch (Court 16),"Fri, Mar 20 2026",7:45 PM,Spring
E-06-Kegel Crushers,19,E-03- Steel Buns,18,E-01,StarCenter Multisport - Farmers Branch (Court 16),"Fri, Mar 20 2026",7:45 PM,Spring
E-06-Kegel Crushers,25,E-01-Squatty Hawties,20,E-03,StarCenter Multisport - Farmers Branch (Court 16),"Fri, Mar 20 2026",8:30 PM,Spring
E-06-Kegel Crushers,23,E-01-Squatty Hawties,19,E-03,StarCenter Multisport - Farmers Branch (Court 16),"Fri, Mar 20 2026",8:30 PM,Spring
E-04-Pump & Dump,22,E-02-Pull Up (But Don’t Pull Out),25,E-05,StarCenter Multisport - Farmers Branch (Court 16),"Fri, Mar 20 2026",9:15 PM,Spring
E-04-Pump & Dump,14,E-02-Pull Up (But Don’t Pull Out),14,E-05,StarCenter Multisport - Farmers Branch (Court 16),"Fri, Mar 20 2026",9:15 PM,Spring
"E-05-Spot Me Outside, How Bout That",27,E-04-Pump & Dump,25,E-02,StarCenter Multisport - Farmers Branch (Court 16),"Fri, Mar 20 2026",10:00 PM,Spring
"E-05-Spot Me Outside, How Bout That",19,E-04-Pump & Dump,18,E-02,StarCenter Multisport - Farmers Branch (Court 16),"Fri, Mar 20 2026",10:00 PM,Spring
"E-05-Spot Me Outside, How Bout That",27,E-02-Pull Up (But Don’t Pull Out),25,E-04,StarCenter Multisport - Farmers Branch (Court 16),"Fri, Mar 20 2026",10:45 PM,Spring
"E-05-Spot Me Outside, How Bout That",16,E-02-Pull Up (But Don’t Pull Out),25,E-04,StarCenter Multisport - Farmers Branch (Court 16),"Fri, Mar 20 2026",10:45 PM,Spring
"E-05-Spot Me Outside, How Bout That",25,E-01-Squatty Hawties,14,E-06,StarCenter Multisport - Farmers Branch (Court 16),"Fri, Mar 27 2026",7:00 PM,Spring
"E-05-Spot Me Outside, How Bout That",25,E-01-Squatty Hawties,20,E-06,StarCenter Multisport - Farmers Branch (Court 16),"Fri, Mar 27 2026",7:00 PM,Spring
E-06-Kegel Crushers,21,"E-05-Spot Me Outside, How Bout That",25,E-01,StarCenter Multisport - Farmers Branch (Court 16),"Fri, Mar 27 2026",7:45 PM,Spring
E-06-Kegel Crushers,18,"E-05-Spot Me Outside, How Bout That",25,E-01,StarCenter Multisport - Farmers Branch (Court 16),"Fri, Mar 27 2026",7:45 PM,Spring
E-06-Kegel Crushers,25,E-01-Squatty Hawties,19,E-05,StarCenter Multisport - Farmers Branch (Court 16),"Fri, Mar 27 2026",8:30 PM,Spring
E-06-Kegel Crushers,25,E-01-Squatty Hawties,14,E-05,StarCenter Multisport - Farmers Branch (Court 16),"Fri, Mar 27 2026",8:30 PM,Spring
E-03- Steel Buns,25,E-02-Pull Up (But Don’t Pull Out),19,E-04,StarCenter Multisport - Farmers Branch (Court 16),"Fri, Mar 27 2026",9:15 PM,Spring
E-03- Steel Buns,18,E-02-Pull Up (But Don’t Pull Out),25,E-04,StarCenter Multisport - Farmers Branch (Court 16),"Fri, Mar 27 2026",9:15 PM,Spring
E-04-Pump & Dump,25,E-03- Steel Buns,19,E-02,StarCenter Multisport - Farmers Branch (Court 16),"Fri, Mar 27 2026",10:00 PM,Spring
E-04-Pump & Dump,17,E-03- Steel Buns,24,E-02,StarCenter Multisport - Farmers Branch (Court 16),"Fri, Mar 27 2026",10:00 PM,Spring
E-04-Pump & Dump,25,E-02-Pull Up (But Don’t Pull Out),22,E-03,StarCenter Multisport - Farmers Branch (Court 16),"Fri, Mar 27 2026",10:45 PM,Spring
E-04-Pump & Dump,20,E-02-Pull Up (But Don’t Pull Out),17,E-03,StarCenter Multisport - Farmers Branch (Court 16),"Fri, Mar 27 2026",10:45 PM,Spring
E-03- Steel Buns,25,E-02-Pull Up (But Don’t Pull Out),21,E-06,StarCenter Multisport - Farmers Branch (Court 16),"Fri, Apr 10 2026",7:00 PM,Spring
E-03- Steel Buns,25,E-02-Pull Up (But Don’t Pull Out),17,E-06,StarCenter Multisport - Farmers Branch (Court 16),"Fri, Apr 10 2026",7:00 PM,Spring
E-06-Kegel Crushers,23,E-03- Steel Buns,25,E-02,StarCenter Multisport - Farmers Branch (Court 16),"Fri, Apr 10 2026",7:45 PM,Spring
E-06-Kegel Crushers,12,E-03- Steel Buns,19,E-02,StarCenter Multisport - Farmers Branch (Court 16),"Fri, Apr 10 2026",7:45 PM,Spring
E-06-Kegel Crushers,25,E-02-Pull Up (But Don’t Pull Out),17,E-03,StarCenter Multisport - Farmers Branch (Court 16),"Fri, Apr 10 2026",8:30 PM,Spring
E-06-Kegel Crushers,19,E-02-Pull Up (But Don’t Pull Out),25,E-03,StarCenter Multisport - Farmers Branch (Court 16),"Fri, Apr 10 2026",8:30 PM,Spring
E-04-Pump & Dump,25,E-01-Squatty Hawties,0,E-05,StarCenter Multisport - Farmers Branch (Court 16),"Fri, Apr 10 2026",9:15 PM,Spring
E-04-Pump & Dump,25,E-01-Squatty Hawties,0,E-05,StarCenter Multisport - Farmers Branch (Court 16),"Fri, Apr 10 2026",9:15 PM,Spring
"E-05-Spot Me Outside, How Bout That",21,E-04-Pump & Dump,25,E-01,StarCenter Multisport - Farmers Branch (Court 16),"Fri, Apr 10 2026",10:00 PM,Spring
"E-05-Spot Me Outside, How Bout That",25,E-04-Pump & Dump,21,E-01,StarCenter Multisport - Farmers Branch (Court 16),"Fri, Apr 10 2026",10:00 PM,Spring
"E-05-Spot Me Outside, How Bout That",25,E-01-Squatty Hawties,0,E-04,StarCenter Multisport - Farmers Branch (Court 16),"Fri, Apr 10 2026",10:45 PM,Spring
"E-05-Spot Me Outside, How Bout That",25,E-01-Squatty Hawties,0,E-04,StarCenter Multisport - Farmers Branch (Court 16),"Fri, Apr 10 2026",10:45 PM,Spring
E-04-Pump & Dump,25,E-02-Pull Up (But Don’t Pull Out),0,E-05,StarCenter Multisport - North Lake (Court 16),"Fri, Apr 17 2026",7:00 PM,Spring
E-04-Pump & Dump,25,E-02-Pull Up (But Don’t Pull Out),0,E-05,StarCenter Multisport - North Lake (Court 16),"Fri, Apr 17 2026",7:00 PM,Spring
"E-05-Spot Me Outside, How Bout That",25,E-04-Pump & Dump,21,E-02,StarCenter Multisport - North Lake (Court 16),"Fri, Apr 17 2026",7:45 PM,Spring
"E-05-Spot Me Outside, How Bout That",25,E-04-Pump & Dump,23,E-02,StarCenter Multisport - North Lake (Court 16),"Fri, Apr 17 2026",7:45 PM,Spring
"E-05-Spot Me Outside, How Bout That",25,E-02-Pull Up (But Don’t Pull Out),0,E-04,StarCenter Multisport - North Lake (Court 16),"Fri, Apr 17 2026",8:30 PM,Spring
"E-05-Spot Me Outside, How Bout That",25,E-02-Pull Up (But Don’t Pull Out),0,E-04,StarCenter Multisport - North Lake (Court 16),"Fri, Apr 17 2026",8:30 PM,Spring
E-03- Steel Buns,25,E-01-Squatty Hawties,14,E-06,StarCenter Multisport - North Lake (Court 16),"Fri, Apr 17 2026",9:15 PM,Spring
E-03- Steel Buns,20,E-01-Squatty Hawties,25,E-06,StarCenter Multisport - North Lake (Court 16),"Fri, Apr 17 2026",9:15 PM,Spring
E-06-Kegel Crushers,26,E-03- Steel Buns,24,E-01,StarCenter Multisport - North Lake (Court 16),"Fri, Apr 17 2026",10:00 PM,Spring
E-06-Kegel Crushers,25,E-03- Steel Buns,19,E-01,StarCenter Multisport - North Lake (Court 16),"Fri, Apr 17 2026",10:00 PM,Spring
E-06-Kegel Crushers,11,E-01-Squatty Hawties,25,E-03,StarCenter Multisport - North Lake (Court 16),"Fri, Apr 17 2026",10:45 PM,Spring
E-06-Kegel Crushers,21,E-01-Squatty Hawties,25,E-03,StarCenter Multisport - North Lake (Court 16),"Fri, Apr 17 2026",10:45 PM,Spring
E-04-Pump & Dump,25,E-01-Squatty Hawties,21,E-06,StarCenter Multisport - Farmers Branch (Court 16),"Fri, Apr 24 2026",7:00 PM,Spring
E-04-Pump & Dump,22,E-01-Squatty Hawties,21,E-06,StarCenter Multisport - Farmers Branch (Court 16),"Fri, Apr 24 2026",7:00 PM,Spring
E-06-Kegel Crushers,19,E-04-Pump & Dump,25,E-01,StarCenter Multisport - Farmers Branch (Court 16),"Fri, Apr 24 2026",7:45 PM,Spring
E-06-Kegel Crushers,19,E-04-Pump & Dump,23,E-01,StarCenter Multisport - Farmers Branch (Court 16),"Fri, Apr 24 2026",7:45 PM,Spring
E-06-Kegel Crushers,25,E-01-Squatty Hawties,21,E-04,StarCenter Multisport - Farmers Branch (Court 16),"Fri, Apr 24 2026",8:30 PM,Spring
E-06-Kegel Crushers,25,E-01-Squatty Hawties,18,E-04,StarCenter Multisport - Farmers Branch (Court 16),"Fri, Apr 24 2026",8:30 PM,Spring
E-03- Steel Buns,16,E-02-Pull Up (But Don’t Pull Out),25,E-05,StarCenter Multisport - Farmers Branch (Court 16),"Fri, Apr 24 2026",9:15 PM,Spring
E-03- Steel Buns,25,E-02-Pull Up (But Don’t Pull Out),22,E-05,StarCenter Multisport - Farmers Branch (Court 16),"Fri, Apr 24 2026",9:15 PM,Spring
"E-05-Spot Me Outside, How Bout That",25,E-03- Steel Buns,20,E-02,StarCenter Multisport - Farmers Branch (Court 16),"Fri, Apr 24 2026",10:00 PM,Spring
"E-05-Spot Me Outside, How Bout That",25,E-03- Steel Buns,14,E-02,StarCenter Multisport - Farmers Branch (Court 16),"Fri, Apr 24 2026",10:00 PM,Spring
"E-05-Spot Me Outside, How Bout That",25,E-02-Pull Up (But Don’t Pull Out),21,E-03,StarCenter Multisport - Farmers Branch (Court 16),"Fri, Apr 24 2026",10:45 PM,Spring
"E-05-Spot Me Outside, How Bout That",25,E-02-Pull Up (But Don’t Pull Out),23,E-03,StarCenter Multisport - Farmers Branch (Court 16),"Fri, Apr 24 2026",10:45 PM,Spring
E-03- Steel Buns,,E-01-Squatty Hawties,,E-06,StarCenter Multisport - Farmers Branch (Court 16),"Fri, May 1 2026",7:00 PM,Spring
E-03- Steel Buns,,E-01-Squatty Hawties,,E-06,StarCenter Multisport - Farmers Branch (Court 16),"Fri, May 1 2026",7:00 PM,Spring
E-06-Kegel Crushers,,E-03- Steel Buns,,E-01,StarCenter Multisport - Farmers Branch (Court 16),"Fri, May 1 2026",7:45 PM,Spring
E-06-Kegel Crushers,,E-03- Steel Buns,,E-01,StarCenter Multisport - Farmers Branch (Court 16),"Fri, May 1 2026",7:45 PM,Spring
E-06-Kegel Crushers,,E-01-Squatty Hawties,,E-03,StarCenter Multisport - Farmers Branch (Court 16),"Fri, May 1 2026",8:30 PM,Spring
E-06-Kegel Crushers,,E-01-Squatty Hawties,,E-03,StarCenter Multisport - Farmers Branch (Court 16),"Fri, May 1 2026",8:30 PM,Spring
E-04-Pump & Dump,,E-02-Pull Up (But Don’t Pull Out),,E-05,StarCenter Multisport - Farmers Branch (Court 16),"Fri, May 1 2026",9:15 PM,Spring
E-04-Pump & Dump,,E-02-Pull Up (But Don’t Pull Out),,E-05,StarCenter Multisport - Farmers Branch (Court 16),"Fri, May 1 2026",9:15 PM,Spring
"E-05-Spot Me Outside, How Bout That",,E-04-Pump & Dump,,E-02,StarCenter Multisport - Farmers Branch (Court 16),"Fri, May 1 2026",10:00 PM,Spring
"E-05-Spot Me Outside, How Bout That",,E-04-Pump & Dump,,E-02,StarCenter Multisport - Farmers Branch (Court 16),"Fri, May 1 2026",10:00 PM,Spring
"E-05-Spot Me Outside, How Bout That",,E-02-Pull Up (But Don’t Pull Out),,E-04,StarCenter Multisport - Farmers Branch (Court 16),"Fri, May 1 2026",10:45 PM,Spring
"E-05-Spot Me Outside, How Bout That",,E-02-Pull Up (But Don’t Pull Out),,E-04,StarCenter Multisport - Farmers Branch (Court 16),"Fri, May 1 2026",10:45 PM,Spring
I-10 Volley pong,26,I-14 Super Spike Bros,24,,StarCenter Multisport - Farmers Branch (Court 2),"Fri, Jan 30 2026",7:00 PM,Spring
I-10 Volley pong,22,I-14 Super Spike Bros,14,,StarCenter Multisport - Farmers Branch (Court 2),"Fri, Jan 30 2026",7:00 PM,Spring
I-13 Play Station Spikers,23,I-04 Hyrule Hitters,25,,StarCenter Multisport - Farmers Branch (Court 3),"Fri, Jan 30 2026",7:00 PM,Spring
I-13 Play Station Spikers,20,I-04 Hyrule Hitters,17,,StarCenter Multisport - Farmers Branch (Court 3),"Fri, Jan 30 2026",7:00 PM,Spring
I-07 Ace Invaders,25,I-06 Spyro Spikers,20,,StarCenter Multisport - Farmers Branch (Court 4),"Fri, Jan 30 2026",7:00 PM,Spring
I-07 Ace Invaders,20,I-06 Spyro Spikers,25,,StarCenter Multisport - Farmers Branch (Court 4),"Fri, Jan 30 2026",7:00 PM,Spring
I-12 Arcade Spikers,25,I-10 Volley pong,22,,StarCenter Multisport - Farmers Branch (Court 2),"Fri, Jan 30 2026",7:45 PM,Spring
I-12 Arcade Spikers,20,I-10 Volley pong,21,,StarCenter Multisport - Farmers Branch (Court 2),"Fri, Jan 30 2026",7:45 PM,Spring
I-02 Rainbow Road Runners,19,I-13 Play Station Spikers,25,,StarCenter Multisport - Farmers Branch (Court 3),"Fri, Jan 30 2026",7:45 PM,Spring
I-02 Rainbow Road Runners,25,I-13 Play Station Spikers,8,,StarCenter Multisport - Farmers Branch (Court 3),"Fri, Jan 30 2026",7:45 PM,Spring
I-05 It's On Like Donkey Kong,19,I-07 Ace Invaders,25,,StarCenter Multisport - Farmers Branch (Court 4),"Fri, Jan 30 2026",7:45 PM,Spring
I-05 It's On Like Donkey Kong,23,I-07 Ace Invaders,25,,StarCenter Multisport - Farmers Branch (Court 4),"Fri, Jan 30 2026",7:45 PM,Spring
I-12 Arcade Spikers,12,I-14 Super Spike Bros,25,,StarCenter Multisport - Farmers Branch (Court 2),"Fri, Jan 30 2026",8:30 PM,Spring
I-12 Arcade Spikers,10,I-14 Super Spike Bros,25,,StarCenter Multisport - Farmers Branch (Court 2),"Fri, Jan 30 2026",8:30 PM,Spring
I-02 Rainbow Road Runners,25,I-04 Hyrule Hitters,19,,StarCenter Multisport - Farmers Branch (Court 3),"Fri, Jan 30 2026",8:30 PM,Spring
I-02 Rainbow Road Runners,25,I-04 Hyrule Hitters,16,,StarCenter Multisport - Farmers Branch (Court 3),"Fri, Jan 30 2026",8:30 PM,Spring
I-05 It's On Like Donkey Kong,25,I-06 Spyro Spikers,22,,StarCenter Multisport - Farmers Branch (Court 4),"Fri, Jan 30 2026",8:30 PM,Spring
I-05 It's On Like Donkey Kong,20,I-06 Spyro Spikers,25,,StarCenter Multisport - Farmers Branch (Court 4),"Fri, Jan 30 2026",8:30 PM,Spring
I-11 Kirby s Dream Spikers,25,I-08 Street Spikers,27,,StarCenter Multisport - Farmers Branch (Court 3),"Fri, Jan 30 2026",9:15 PM,Spring
I-11 Kirby s Dream Spikers,19,I-08 Street Spikers,21,,StarCenter Multisport - Farmers Branch (Court 3),"Fri, Jan 30 2026",9:15 PM,Spring
I-09 Super Smash Serves,23,I-03 Super Sets Bros,25,,StarCenter Multisport - Farmers Branch (Court 4),"Fri, Jan 30 2026",9:15 PM,Spring
I-09 Super Smash Serves,18,I-03 Super Sets Bros,25,,StarCenter Multisport - Farmers Branch (Court 4),"Fri, Jan 30 2026",9:15 PM,Spring
I-01 Slay Station,26,I-11 Kirby s Dream Spikers,24,,StarCenter Multisport - Farmers Branch (Court 3),"Fri, Jan 30 2026",10:00 PM,Spring
I-01 Slay Station,13,I-11 Kirby s Dream Spikers,25,,StarCenter Multisport - Farmers Branch (Court 3),"Fri, Jan 30 2026",10:00 PM,Spring
I-15 Waka Waka,21,I-09 Super Smash Serves,25,,StarCenter Multisport - Farmers Branch (Court 4),"Fri, Jan 30 2026",10:00 PM,Spring
I-15 Waka Waka,21,I-09 Super Smash Serves,20,,StarCenter Multisport - Farmers Branch (Court 4),"Fri, Jan 30 2026",10:00 PM,Spring
I-01 Slay Station,20,I-08 Street Spikers,25,,StarCenter Multisport - Farmers Branch (Court 3),"Fri, Jan 30 2026",10:45 PM,Spring
I-01 Slay Station,20,I-08 Street Spikers,25,,StarCenter Multisport - Farmers Branch (Court 3),"Fri, Jan 30 2026",10:45 PM,Spring
I-15 Waka Waka,25,I-03 Super Sets Bros,19,,StarCenter Multisport - Farmers Branch (Court 4),"Fri, Jan 30 2026",10:45 PM,Spring
I-15 Waka Waka,16,I-03 Super Sets Bros,25,,StarCenter Multisport - Farmers Branch (Court 4),"Fri, Jan 30 2026",10:45 PM,Spring
I-08 Street Spikers,25,I-02 Rainbow Road Runners,27,,StarCenter Multisport - Farmers Branch (Court 3),"Fri, Feb 6 2026",7:00 PM,Spring
I-08 Street Spikers,22,I-02 Rainbow Road Runners,21,,StarCenter Multisport - Farmers Branch (Court 3),"Fri, Feb 6 2026",7:00 PM,Spring
I-06 Spyro Spikers,25,I-11 Kirby s Dream Spikers,14,,StarCenter Multisport - Farmers Branch (Court 4),"Fri, Feb 6 2026",7:00 PM,Spring
I-06 Spyro Spikers,25,I-11 Kirby s Dream Spikers,19,,StarCenter Multisport - Farmers Branch (Court 4),"Fri, Feb 6 2026",7:00 PM,Spring
I-09 Super Smash Serves,17,I-08 Street Spikers,25,,StarCenter Multisport - Farmers Branch (Court 3),"Fri, Feb 6 2026",7:45 PM,Spring
I-09 Super Smash Serves,25,I-08 Street Spikers,17,,StarCenter Multisport - Farmers Branch (Court 3),"Fri, Feb 6 2026",7:45 PM,Spring
I-10 Volley pong,13,I-06 Spyro Spikers,25,,StarCenter Multisport - Farmers Branch (Court 4),"Fri, Feb 6 2026",7:45 PM,Spring
I-10 Volley pong,20,I-06 Spyro Spikers,23,,StarCenter Multisport - Farmers Branch (Court 4),"Fri, Feb 6 2026",7:45 PM,Spring
I-09 Super Smash Serves,25,I-02 Rainbow Road Runners,16,,StarCenter Multisport - Farmers Branch (Court 3),"Fri, Feb 6 2026",8:30 PM,Spring
I-09 Super Smash Serves,15,I-02 Rainbow Road Runners,25,,StarCenter Multisport - Farmers Branch (Court 3),"Fri, Feb 6 2026",8:30 PM,Spring
I-10 Volley pong,25,I-11 Kirby s Dream Spikers,16,,StarCenter Multisport - Farmers Branch (Court 4),"Fri, Feb 6 2026",8:30 PM,Spring
I-10 Volley pong,25,I-11 Kirby s Dream Spikers,23,,StarCenter Multisport - Farmers Branch (Court 4),"Fri, Feb 6 2026",8:30 PM,Spring
I-07 Ace Invaders,16,I-15 Waka Waka,25,,StarCenter Multisport - Farmers Branch (Court 2),"Fri, Feb 6 2026",9:15 PM,Spring
I-07 Ace Invaders,17,I-15 Waka Waka,25,,StarCenter Multisport - Farmers Branch (Court 2),"Fri, Feb 6 2026",9:15 PM,Spring
I-04 Hyrule Hitters,25,I-01 Slay Station,13,,StarCenter Multisport - Farmers Branch (Court 3),"Fri, Feb 6 2026",9:15 PM,Spring
I-04 Hyrule Hitters,25,I-01 Slay Station,18,,StarCenter Multisport - Farmers Branch (Court 3),"Fri, Feb 6 2026",9:15 PM,Spring
I-05 It's On Like Donkey Kong,25,I-03 Super Sets Bros,16,,StarCenter Multisport - Farmers Branch (Court 4),"Fri, Feb 6 2026",9:15 PM,Spring
I-05 It's On Like Donkey Kong,11,I-03 Super Sets Bros,25,,StarCenter Multisport - Farmers Branch (Court 4),"Fri, Feb 6 2026",9:15 PM,Spring
I-12 Arcade Spikers,15,I-07 Ace Invaders,25,,StarCenter Multisport - Farmers Branch (Court 2),"Fri, Feb 6 2026",10:00 PM,Spring
I-12 Arcade Spikers,25,I-07 Ace Invaders,17,,StarCenter Multisport - Farmers Branch (Court 2),"Fri, Feb 6 2026",10:00 PM,Spring
I-14 Super Spike Bros,25,I-04 Hyrule Hitters,20,,StarCenter Multisport - Farmers Branch (Court 3),"Fri, Feb 6 2026",10:00 PM,Spring
I-14 Super Spike Bros,25,I-04 Hyrule Hitters,22,,StarCenter Multisport - Farmers Branch (Court 3),"Fri, Feb 6 2026",10:00 PM,Spring
I-13 Play Station Spikers,26,I-05 It's On Like Donkey Kong,27,,StarCenter Multisport - Farmers Branch (Court 4),"Fri, Feb 6 2026",10:00 PM,Spring
I-13 Play Station Spikers,9,I-05 It's On Like Donkey Kong,22,,StarCenter Multisport - Farmers Branch (Court 4),"Fri, Feb 6 2026",10:00 PM,Spring
I-12 Arcade Spikers,25,I-15 Waka Waka,19,,StarCenter Multisport - Farmers Branch (Court 2),"Fri, Feb 6 2026",10:45 PM,Spring
I-12 Arcade Spikers,13,I-15 Waka Waka,25,,StarCenter Multisport - Farmers Branch (Court 2),"Fri, Feb 6 2026",10:45 PM,Spring
I-14 Super Spike Bros,25,I-01 Slay Station,12,,StarCenter Multisport - Farmers Branch (Court 3),"Fri, Feb 6 2026",10:45 PM,Spring
I-14 Super Spike Bros,25,I-01 Slay Station,12,,StarCenter Multisport - Farmers Branch (Court 3),"Fri, Feb 6 2026",10:45 PM,Spring
I-13 Play Station Spikers,21,I-03 Super Sets Bros,25,,StarCenter Multisport - Farmers Branch (Court 4),"Fri, Feb 6 2026",10:45 PM,Spring
I-13 Play Station Spikers,18,I-03 Super Sets Bros,22,,StarCenter Multisport - Farmers Branch (Court 4),"Fri, Feb 6 2026",10:45 PM,Spring
I-05 It's On Like Donkey Kong,25,I-11 Kirby s Dream Spikers,22,,StarCenter Multisport - Farmers Branch (Court 2),"Fri, Feb 20 2026",7:00 PM,Spring
I-05 It's On Like Donkey Kong,22,I-11 Kirby s Dream Spikers,25,,StarCenter Multisport - Farmers Branch (Court 2),"Fri, Feb 20 2026",7:00 PM,Spring
I-15 Waka Waka,25,I-13 Play Station Spikers,19,,StarCenter Multisport - Farmers Branch (Court 3),"Fri, Feb 20 2026",7:00 PM,Spring
I-15 Waka Waka,24,I-13 Play Station Spikers,17,,StarCenter Multisport - Farmers Branch (Court 3),"Fri, Feb 20 2026",7:00 PM,Spring
I-02 Rainbow Road Runners,21,I-14 Super Spike Bros,25,,StarCenter Multisport - Farmers Branch (Court 4),"Fri, Feb 20 2026",7:00 PM,Spring
I-02 Rainbow Road Runners,25,I-14 Super Spike Bros,25,,StarCenter Multisport - Farmers Branch (Court 4),"Fri, Feb 20 2026",7:00 PM,Spring
I-09 Super Smash Serves,20,I-05 It's On Like Donkey Kong,25,,StarCenter Multisport - Farmers Branch (Court 2),"Fri, Feb 20 2026",7:45 PM,Spring
I-09 Super Smash Serves,11,I-05 It's On Like Donkey Kong,25,,StarCenter Multisport - Farmers Branch (Court 2),"Fri, Feb 20 2026",7:45 PM,Spring
I-01 Slay Station,25,I-15 Waka Waka,17,,StarCenter Multisport - Farmers Branch (Court 3),"Fri, Feb 20 2026",7:45 PM,Spring
I-01 Slay Station,24,I-15 Waka Waka,22,,StarCenter Multisport - Farmers Branch (Court 3),"Fri, Feb 20 2026",7:45 PM,Spring
I-03 Super Sets Bros,25,I-02 Rainbow Road Runners,16,,StarCenter Multisport - Farmers Branch (Court 4),"Fri, Feb 20 2026",7:45 PM,Spring
I-03 Super Sets Bros,25,I-02 Rainbow Road Runners,23,,StarCenter Multisport - Farmers Branch (Court 4),"Fri, Feb 20 2026",7:45 PM,Spring
I-09 Super Smash Serves,27,I-11 Kirby s Dream Spikers,25,,StarCenter Multisport - Farmers Branch (Court 2),"Fri, Feb 20 2026",8:30 PM,Spring
I-09 Super Smash Serves,22,I-11 Kirby s Dream Spikers,14,,StarCenter Multisport - Farmers Branch (Court 2),"Fri, Feb 20 2026",8:30 PM,Spring
I-01 Slay Station,19,I-13 Play Station Spikers,25,,StarCenter Multisport - Farmers Branch (Court 3),"Fri, Feb 20 2026",8:30 PM,Spring
I-01 Slay Station,25,I-13 Play Station Spikers,16,,StarCenter Multisport - Farmers Branch (Court 3),"Fri, Feb 20 2026",8:30 PM,Spring
I-03 Super Sets Bros,25,I-14 Super Spike Bros,27,,StarCenter Multisport - Farmers Branch (Court 4),"Fri, Feb 20 2026",8:30 PM,Spring
I-03 Super Sets Bros,11,I-14 Super Spike Bros,25,,StarCenter Multisport - Farmers Branch (Court 4),"Fri, Feb 20 2026",8:30 PM,Spring
I-10 Volley pong,25,I-07 Ace Invaders,18,,StarCenter Multisport - Farmers Branch (Court 3),"Fri, Feb 20 2026",9:15 PM,Spring
I-10 Volley pong,25,I-07 Ace Invaders,22,,StarCenter Multisport - Farmers Branch (Court 3),"Fri, Feb 20 2026",9:15 PM,Spring
I-08 Street Spikers,23,I-06 Spyro Spikers,25,,StarCenter Multisport - Farmers Branch (Court 4),"Fri, Feb 20 2026",9:15 PM,Spring
I-08 Street Spikers,23,I-06 Spyro Spikers,21,,StarCenter Multisport - Farmers Branch (Court 4),"Fri, Feb 20 2026",9:15 PM,Spring
I-04 Hyrule Hitters,23,I-10 Volley pong,25,,StarCenter Multisport - Farmers Branch (Court 3),"Fri, Feb 20 2026",10:00 PM,Spring
I-04 Hyrule Hitters,18,I-10 Volley pong,25,,StarCenter Multisport - Farmers Branch (Court 3),"Fri, Feb 20 2026",10:00 PM,Spring
I-12 Arcade Spikers,13,I-08 Street Spikers,25,,StarCenter Multisport - Farmers Branch (Court 4),"Fri, Feb 20 2026",10:00 PM,Spring
I-12 Arcade Spikers,25,I-08 Street Spikers,14,,StarCenter Multisport - Farmers Branch (Court 4),"Fri, Feb 20 2026",10:00 PM,Spring
I-04 Hyrule Hitters,25,I-07 Ace Invaders,14,,StarCenter Multisport - Farmers Branch (Court 3),"Fri, Feb 20 2026",10:45 PM,Spring
I-04 Hyrule Hitters,24,I-07 Ace Invaders,26,,StarCenter Multisport - Farmers Branch (Court 3),"Fri, Feb 20 2026",10:45 PM,Spring
I-12 Arcade Spikers,19,I-06 Spyro Spikers,25,,StarCenter Multisport - Farmers Branch (Court 4),"Fri, Feb 20 2026",10:45 PM,Spring
I-12 Arcade Spikers,25,I-06 Spyro Spikers,19,,StarCenter Multisport - Farmers Branch (Court 4),"Fri, Feb 20 2026",10:45 PM,Spring
I-01 Slay Station,25,I-12 Arcade Spikers,11,,StarCenter Multisport - Farmers Branch (Court 3),"Fri, Feb 27 2026",7:00 PM,Spring
I-01 Slay Station,25,I-12 Arcade Spikers,11,,StarCenter Multisport - Farmers Branch (Court 3),"Fri, Feb 27 2026",7:00 PM,Spring
I-14 Super Spike Bros,25,I-05 It's On Like Donkey Kong,16,,StarCenter Multisport - Farmers Branch (Court 4),"Fri, Feb 27 2026",7:00 PM,Spring
I-14 Super Spike Bros,25,I-05 It's On Like Donkey Kong,23,,StarCenter Multisport - Farmers Branch (Court 4),"Fri, Feb 27 2026",7:00 PM,Spring
I-02 Rainbow Road Runners,22,I-01 Slay Station,25,,StarCenter Multisport - Farmers Branch (Court 3),"Fri, Feb 27 2026",7:45 PM,Spring
I-02 Rainbow Road Runners,19,I-01 Slay Station,22,,StarCenter Multisport - Farmers Branch (Court 3),"Fri, Feb 27 2026",7:45 PM,Spring
I-15 Waka Waka,24,I-14 Super Spike Bros,26,,StarCenter Multisport - Farmers Branch (Court 4),"Fri, Feb 27 2026",7:45 PM,Spring
I-15 Waka Waka,18,I-14 Super Spike Bros,25,,StarCenter Multisport - Farmers Branch (Court 4),"Fri, Feb 27 2026",7:45 PM,Spring
I-02 Rainbow Road Runners,25,I-12 Arcade Spikers,13,,StarCenter Multisport - Farmers Branch (Court 3),"Fri, Feb 27 2026",8:30 PM,Spring
I-02 Rainbow Road Runners,18,I-12 Arcade Spikers,25,,StarCenter Multisport - Farmers Branch (Court 3),"Fri, Feb 27 2026",8:30 PM,Spring
I-15 Waka Waka,25,I-05 It's On Like Donkey Kong,17,,StarCenter Multisport - Farmers Branch (Court 4),"Fri, Feb 27 2026",8:30 PM,Spring
I-15 Waka Waka,24,I-05 It's On Like Donkey Kong,19,,StarCenter Multisport - Farmers Branch (Court 4),"Fri, Feb 27 2026",8:30 PM,Spring
I-10 Volley pong,25,I-08 Street Spikers,12,,StarCenter Multisport - Farmers Branch (Court 2),"Fri, Feb 27 2026",9:15 PM,Spring
I-10 Volley pong,25,I-08 Street Spikers,22,,StarCenter Multisport - Farmers Branch (Court 2),"Fri, Feb 27 2026",9:15 PM,Spring
I-04 Hyrule Hitters,25,I-03 Super Sets Bros,19,,StarCenter Multisport - Farmers Branch (Court 3),"Fri, Feb 27 2026",9:15 PM,Spring
I-04 Hyrule Hitters,14,I-03 Super Sets Bros,25,,StarCenter Multisport - Farmers Branch (Court 3),"Fri, Feb 27 2026",9:15 PM,Spring
I-09 Super Smash Serves,25,I-07 Ace Invaders,16,,StarCenter Multisport - Farmers Branch (Court 4),"Fri, Feb 27 2026",9:15 PM,Spring
I-09 Super Smash Serves,25,I-07 Ace Invaders,21,,StarCenter Multisport - Farmers Branch (Court 4),"Fri, Feb 27 2026",9:15 PM,Spring
I-11 Kirby s Dream Spikers,13,I-10 Volley pong,25,,StarCenter Multisport - Farmers Branch (Court 2),"Fri, Feb 27 2026",10:00 PM,Spring
I-11 Kirby s Dream Spikers,25,I-10 Volley pong,20,,StarCenter Multisport - Farmers Branch (Court 2),"Fri, Feb 27 2026",10:00 PM,Spring
I-06 Spyro Spikers,19,I-04 Hyrule Hitters,25,,StarCenter Multisport - Farmers Branch (Court 3),"Fri, Feb 27 2026",10:00 PM,Spring
I-06 Spyro Spikers,25,I-04 Hyrule Hitters,15,,StarCenter Multisport - Farmers Branch (Court 3),"Fri, Feb 27 2026",10:00 PM,Spring
I-13 Play Station Spikers,25,I-09 Super Smash Serves,20,,StarCenter Multisport - Farmers Branch (Court 4),"Fri, Feb 27 2026",10:00 PM,Spring
I-13 Play Station Spikers,9,I-09 Super Smash Serves,25,,StarCenter Multisport - Farmers Branch (Court 4),"Fri, Feb 27 2026",10:00 PM,Spring
I-11 Kirby s Dream Spikers,25,I-08 Street Spikers,17,,StarCenter Multisport - Farmers Branch (Court 2),"Fri, Feb 27 2026",10:45 PM,Spring
I-11 Kirby s Dream Spikers,25,I-08 Street Spikers,16,,StarCenter Multisport - Farmers Branch (Court 2),"Fri, Feb 27 2026",10:45 PM,Spring
I-06 Spyro Spikers,20,I-03 Super Sets Bros,25,,StarCenter Multisport - Farmers Branch (Court 3),"Fri, Feb 27 2026",10:45 PM,Spring
I-06 Spyro Spikers,25,I-03 Super Sets Bros,18,,StarCenter Multisport - Farmers Branch (Court 3),"Fri, Feb 27 2026",10:45 PM,Spring
I-13 Play Station Spikers,16,I-07 Ace Invaders,25,,StarCenter Multisport - Farmers Branch (Court 4),"Fri, Feb 27 2026",10:45 PM,Spring
I-13 Play Station Spikers,25,I-07 Ace Invaders,18,,StarCenter Multisport - Farmers Branch (Court 4),"Fri, Feb 27 2026",10:45 PM,Spring
I-15 Waka Waka,16,I-13 Play Station Spikers,25,,StarCenter Multisport - Farmers Branch (Court 2),"Fri, Mar 6 2026",7:00 PM,Spring
I-15 Waka Waka,22,I-13 Play Station Spikers,23,,StarCenter Multisport - Farmers Branch (Court 2),"Fri, Mar 6 2026",7:00 PM,Spring
I-01 Slay Station,25,I-10 Volley pong,19,,StarCenter Multisport - Farmers Branch (Court 3),"Fri, Mar 6 2026",7:00 PM,Spring
I-01 Slay Station,17,I-10 Volley pong,25,,StarCenter Multisport - Farmers Branch (Court 3),"Fri, Mar 6 2026",7:00 PM,Spring
I-14 Super Spike Bros,25,I-08 Street Spikers,5,,StarCenter Multisport - Farmers Branch (Court 4),"Fri, Mar 6 2026",7:00 PM,Spring
I-14 Super Spike Bros,25,I-08 Street Spikers,20,,StarCenter Multisport - Farmers Branch (Court 4),"Fri, Mar 6 2026",7:00 PM,Spring
I-06 Spyro Spikers,25,I-15 Waka Waka,9,,StarCenter Multisport - Farmers Branch (Court 2),"Fri, Mar 6 2026",7:45 PM,Spring
I-06 Spyro Spikers,25,I-15 Waka Waka,18,,StarCenter Multisport - Farmers Branch (Court 2),"Fri, Mar 6 2026",7:45 PM,Spring
I-09 Super Smash Serves,21,I-01 Slay Station,25,,StarCenter Multisport - Farmers Branch (Court 3),"Fri, Mar 6 2026",7:45 PM,Spring
I-09 Super Smash Serves,25,I-01 Slay Station,15,,StarCenter Multisport - Farmers Branch (Court 3),"Fri, Mar 6 2026",7:45 PM,Spring
I-03 Super Sets Bros,25,I-14 Super Spike Bros,21,,StarCenter Multisport - Farmers Branch (Court 4),"Fri, Mar 6 2026",7:45 PM,Spring
I-03 Super Sets Bros,20,I-14 Super Spike Bros,21,,StarCenter Multisport - Farmers Branch (Court 4),"Fri, Mar 6 2026",7:45 PM,Spring
I-06 Spyro Spikers,25,I-13 Play Station Spikers,23,,StarCenter Multisport - Farmers Branch (Court 2),"Fri, Mar 6 2026",8:30 PM,Spring
I-06 Spyro Spikers,23,I-13 Play Station Spikers,23,,StarCenter Multisport - Farmers Branch (Court 2),"Fri, Mar 6 2026",8:30 PM,Spring
I-09 Super Smash Serves,17,I-10 Volley pong,25,,StarCenter Multisport - Farmers Branch (Court 3),"Fri, Mar 6 2026",8:30 PM,Spring
I-09 Super Smash Serves,22,I-10 Volley pong,25,,StarCenter Multisport - Farmers Branch (Court 3),"Fri, Mar 6 2026",8:30 PM,Spring
I-03 Super Sets Bros,19,I-08 Street Spikers,25,,StarCenter Multisport - Farmers Branch (Court 4),"Fri, Mar 6 2026",8:30 PM,Spring
I-03 Super Sets Bros,23,I-08 Street Spikers,21,,StarCenter Multisport - Farmers Branch (Court 4),"Fri, Mar 6 2026",8:30 PM,Spring
I-02 Rainbow Road Runners,25,I-11 Kirby s Dream Spikers,23,,StarCenter Multisport - Farmers Branch (Court 3),"Fri, Mar 6 2026",9:15 PM,Spring
I-02 Rainbow Road Runners,15,I-11 Kirby s Dream Spikers,25,,StarCenter Multisport - Farmers Branch (Court 3),"Fri, Mar 6 2026",9:15 PM,Spring
I-04 Hyrule Hitters,25,I-12 Arcade Spikers,21,,StarCenter Multisport - Farmers Branch (Court 4),"Fri, Mar 6 2026",9:15 PM,Spring
I-04 Hyrule Hitters,23,I-12 Arcade Spikers,25,,StarCenter Multisport - Farmers Branch (Court 4),"Fri, Mar 6 2026",9:15 PM,Spring
I-07 Ace Invaders,20,I-02 Rainbow Road Runners,25,,StarCenter Multisport - Farmers Branch (Court 3),"Fri, Mar 6 2026",10:00 PM,Spring
I-07 Ace Invaders,19,I-02 Rainbow Road Runners,25,,StarCenter Multisport - Farmers Branch (Court 3),"Fri, Mar 6 2026",10:00 PM,Spring
I-05 It's On Like Donkey Kong,25,I-04 Hyrule Hitters,21,,StarCenter Multisport - Farmers Branch (Court 4),"Fri, Mar 6 2026",10:00 PM,Spring
I-05 It's On Like Donkey Kong,14,I-04 Hyrule Hitters,25,,StarCenter Multisport - Farmers Branch (Court 4),"Fri, Mar 6 2026",10:00 PM,Spring
I-07 Ace Invaders,13,I-11 Kirby s Dream Spikers,25,,StarCenter Multisport - Farmers Branch (Court 3),"Fri, Mar 6 2026",10:45 PM,Spring
I-07 Ace Invaders,9,I-11 Kirby s Dream Spikers,25,,StarCenter Multisport - Farmers Branch (Court 3),"Fri, Mar 6 2026",10:45 PM,Spring
I-05 It's On Like Donkey Kong,25,I-12 Arcade Spikers,22,,StarCenter Multisport - Farmers Branch (Court 4),"Fri, Mar 6 2026",10:45 PM,Spring
I-05 It's On Like Donkey Kong,11,I-12 Arcade Spikers,25,,StarCenter Multisport - Farmers Branch (Court 4),"Fri, Mar 6 2026",10:45 PM,Spring
I-11 Kirby s Dream Spikers,25,I-03 Super Sets Bros,13,,StarCenter Multisport - Farmers Branch (Court 3),"Fri, Mar 20 2026",7:00 PM,Spring
I-11 Kirby s Dream Spikers,25,I-03 Super Sets Bros,22,,StarCenter Multisport - Farmers Branch (Court 3),"Fri, Mar 20 2026",7:00 PM,Spring
I-13 Play Station Spikers,14,I-10 Volley pong,25,,StarCenter Multisport - Farmers Branch (Court 4),"Fri, Mar 20 2026",7:00 PM,Spring
I-13 Play Station Spikers,18,I-10 Volley pong,25,,StarCenter Multisport - Farmers Branch (Court 4),"Fri, Mar 20 2026",7:00 PM,Spring
I-12 Arcade Spikers,16,I-11 Kirby s Dream Spikers,25,,StarCenter Multisport - Farmers Branch (Court 3),"Fri, Mar 20 2026",7:45 PM,Spring
I-12 Arcade Spikers,25,I-11 Kirby s Dream Spikers,10,,StarCenter Multisport - Farmers Branch (Court 3),"Fri, Mar 20 2026",7:45 PM,Spring
I-07 Ace Invaders,25,I-13 Play Station Spikers,19,,StarCenter Multisport - Farmers Branch (Court 4),"Fri, Mar 20 2026",7:45 PM,Spring
I-07 Ace Invaders,23,I-13 Play Station Spikers,25,,StarCenter Multisport - Farmers Branch (Court 4),"Fri, Mar 20 2026",7:45 PM,Spring
I-12 Arcade Spikers,21,I-03 Super Sets Bros,25,,StarCenter Multisport - Farmers Branch (Court 3),"Fri, Mar 20 2026",8:30 PM,Spring
I-12 Arcade Spikers,19,I-03 Super Sets Bros,25,,StarCenter Multisport - Farmers Branch (Court 3),"Fri, Mar 20 2026",8:30 PM,Spring
I-07 Ace Invaders,26,I-10 Volley pong,27,,StarCenter Multisport - Farmers Branch (Court 4),"Fri, Mar 20 2026",8:30 PM,Spring
I-07 Ace Invaders,16,I-10 Volley pong,25,,StarCenter Multisport - Farmers Branch (Court 4),"Fri, Mar 20 2026",8:30 PM,Spring
I-14 Super Spike Bros,17,I-09 Super Smash Serves,25,,StarCenter Multisport - Farmers Branch (Court 2),"Fri, Mar 20 2026",9:15 PM,Spring
I-14 Super Spike Bros,25,I-09 Super Smash Serves,14,,StarCenter Multisport - Farmers Branch (Court 2),"Fri, Mar 20 2026",9:15 PM,Spring
I-08 Street Spikers,25,I-05 It's On Like Donkey Kong,18,,StarCenter Multisport - Farmers Branch (Court 3),"Fri, Mar 20 2026",9:15 PM,Spring
I-08 Street Spikers,25,I-05 It's On Like Donkey Kong,19,,StarCenter Multisport - Farmers Branch (Court 3),"Fri, Mar 20 2026",9:15 PM,Spring
I-06 Spyro Spikers,25,I-02 Rainbow Road Runners,11,,StarCenter Multisport - Farmers Branch (Court 4),"Fri, Mar 20 2026",9:15 PM,Spring
I-06 Spyro Spikers,25,I-02 Rainbow Road Runners,22,,StarCenter Multisport - Farmers Branch (Court 4),"Fri, Mar 20 2026",9:15 PM,Spring
I-04 Hyrule Hitters,17,I-14 Super Spike Bros,25,,StarCenter Multisport - Farmers Branch (Court 2),"Fri, Mar 20 2026",10:00 PM,Spring
I-04 Hyrule Hitters,12,I-14 Super Spike Bros,25,,StarCenter Multisport - Farmers Branch (Court 2),"Fri, Mar 20 2026",10:00 PM,Spring
I-01 Slay Station,25,I-08 Street Spikers,22,,StarCenter Multisport - Farmers Branch (Court 3),"Fri, Mar 20 2026",10:00 PM,Spring
I-01 Slay Station,18,I-08 Street Spikers,19,,StarCenter Multisport - Farmers Branch (Court 3),"Fri, Mar 20 2026",10:00 PM,Spring
I-15 Waka Waka,15,I-06 Spyro Spikers,25,,StarCenter Multisport - Farmers Branch (Court 4),"Fri, Mar 20 2026",10:00 PM,Spring
I-15 Waka Waka,12,I-06 Spyro Spikers,25,,StarCenter Multisport - Farmers Branch (Court 4),"Fri, Mar 20 2026",10:00 PM,Spring
I-04 Hyrule Hitters,25,I-09 Super Smash Serves,15,,StarCenter Multisport - Farmers Branch (Court 2),"Fri, Mar 20 2026",10:45 PM,Spring
I-04 Hyrule Hitters,24,I-09 Super Smash Serves,26,,StarCenter Multisport - Farmers Branch (Court 2),"Fri, Mar 20 2026",10:45 PM,Spring
I-01 Slay Station,22,I-05 It's On Like Donkey Kong,25,,StarCenter Multisport - Farmers Branch (Court 3),"Fri, Mar 20 2026",10:45 PM,Spring
I-01 Slay Station,25,I-05 It's On Like Donkey Kong,10,,StarCenter Multisport - Farmers Branch (Court 3),"Fri, Mar 20 2026",10:45 PM,Spring
I-15 Waka Waka,20,I-02 Rainbow Road Runners,25,,StarCenter Multisport - Farmers Branch (Court 4),"Fri, Mar 20 2026",10:45 PM,Spring
I-15 Waka Waka,17,I-02 Rainbow Road Runners,25,,StarCenter Multisport - Farmers Branch (Court 4),"Fri, Mar 20 2026",10:45 PM,Spring
I-07 Ace Invaders,25,I-05 It's On Like Donkey Kong,17,,StarCenter Multisport - Farmers Branch (Court 2),"Fri, Mar 27 2026",7:00 PM,Spring
I-07 Ace Invaders,15,I-05 It's On Like Donkey Kong,25,,StarCenter Multisport - Farmers Branch (Court 2),"Fri, Mar 27 2026",7:00 PM,Spring
I-06 Spyro Spikers,20,I-01 Slay Station,25,,StarCenter Multisport - Farmers Branch (Court 3),"Fri, Mar 27 2026",7:00 PM,Spring
I-06 Spyro Spikers,18,I-01 Slay Station,25,,StarCenter Multisport - Farmers Branch (Court 3),"Fri, Mar 27 2026",7:00 PM,Spring
I-11 Kirby s Dream Spikers,25,I-09 Super Smash Serves,11,,StarCenter Multisport - Farmers Branch (Court 4),"Fri, Mar 27 2026",7:00 PM,Spring
I-11 Kirby s Dream Spikers,25,I-09 Super Smash Serves,23,,StarCenter Multisport - Farmers Branch (Court 4),"Fri, Mar 27 2026",7:00 PM,Spring
I-08 Street Spikers,25,I-07 Ace Invaders,20,,StarCenter Multisport - Farmers Branch (Court 2),"Fri, Mar 27 2026",7:45 PM,Spring
I-08 Street Spikers,25,I-07 Ace Invaders,19,,StarCenter Multisport - Farmers Branch (Court 2),"Fri, Mar 27 2026",7:45 PM,Spring
I-14 Super Spike Bros,25,I-06 Spyro Spikers,20,,StarCenter Multisport - Farmers Branch (Court 3),"Fri, Mar 27 2026",7:45 PM,Spring
I-14 Super Spike Bros,25,I-06 Spyro Spikers,5,,StarCenter Multisport - Farmers Branch (Court 3),"Fri, Mar 27 2026",7:45 PM,Spring
I-04 Hyrule Hitters,13,I-11 Kirby s Dream Spikers,25,,StarCenter Multisport - Farmers Branch (Court 4),"Fri, Mar 27 2026",7:45 PM,Spring
I-04 Hyrule Hitters,15,I-11 Kirby s Dream Spikers,25,,StarCenter Multisport - Farmers Branch (Court 4),"Fri, Mar 27 2026",7:45 PM,Spring
I-08 Street Spikers,25,I-05 It's On Like Donkey Kong,21,,StarCenter Multisport - Farmers Branch (Court 2),"Fri, Mar 27 2026",8:30 PM,Spring
I-08 Street Spikers,25,I-05 It's On Like Donkey Kong,20,,StarCenter Multisport - Farmers Branch (Court 2),"Fri, Mar 27 2026",8:30 PM,Spring
I-14 Super Spike Bros,20,I-01 Slay Station,25,,StarCenter Multisport - Farmers Branch (Court 3),"Fri, Mar 27 2026",8:30 PM,Spring
I-14 Super Spike Bros,25,I-01 Slay Station,16,,StarCenter Multisport - Farmers Branch (Court 3),"Fri, Mar 27 2026",8:30 PM,Spring
I-04 Hyrule Hitters,25,I-09 Super Smash Serves,18,,StarCenter Multisport - Farmers Branch (Court 4),"Fri, Mar 27 2026",8:30 PM,Spring
I-04 Hyrule Hitters,8,I-09 Super Smash Serves,25,,StarCenter Multisport - Farmers Branch (Court 4),"Fri, Mar 27 2026",8:30 PM,Spring
I-12 Arcade Spikers,23,I-02 Rainbow Road Runners,25,,StarCenter Multisport - Farmers Branch (Court 3),"Fri, Mar 27 2026",9:15 PM,Spring
I-12 Arcade Spikers,24,I-02 Rainbow Road Runners,19,,StarCenter Multisport - Farmers Branch (Court 3),"Fri, Mar 27 2026",9:15 PM,Spring
I-03 Super Sets Bros,25,I-15 Waka Waka,19,,StarCenter Multisport - Farmers Branch (Court 4),"Fri, Mar 27 2026",9:15 PM,Spring
I-03 Super Sets Bros,25,I-15 Waka Waka,9,,StarCenter Multisport - Farmers Branch (Court 4),"Fri, Mar 27 2026",9:15 PM,Spring
I-13 Play Station Spikers,0,I-12 Arcade Spikers,25,,StarCenter Multisport - Farmers Branch (Court 3),"Fri, Mar 27 2026",10:00 PM,Spring
I-13 Play Station Spikers,0,I-12 Arcade Spikers,25,,StarCenter Multisport - Farmers Branch (Court 3),"Fri, Mar 27 2026",10:00 PM,Spring
I-10 Volley pong,21,I-03 Super Sets Bros,25,,StarCenter Multisport - Farmers Branch (Court 4),"Fri, Mar 27 2026",10:00 PM,Spring
I-10 Volley pong,25,I-03 Super Sets Bros,19,,StarCenter Multisport - Farmers Branch (Court 4),"Fri, Mar 27 2026",10:00 PM,Spring
I-13 Play Station Spikers,0,I-02 Rainbow Road Runners,25,,StarCenter Multisport - Farmers Branch (Court 3),"Fri, Mar 27 2026",10:45 PM,Spring
I-13 Play Station Spikers,0,I-02 Rainbow Road Runners,25,,StarCenter Multisport - Farmers Branch (Court 3),"Fri, Mar 27 2026",10:45 PM,Spring
I-10 Volley pong,25,I-15 Waka Waka,11,,StarCenter Multisport - Farmers Branch (Court 4),"Fri, Mar 27 2026",10:45 PM,Spring
I-10 Volley pong,25,I-15 Waka Waka,19,,StarCenter Multisport - Farmers Branch (Court 4),"Fri, Mar 27 2026",10:45 PM,Spring
I-05 It's On Like Donkey Kong,16,I-04 Hyrule Hitters,25,,StarCenter Multisport - Farmers Branch (Court 3),"Fri, Apr 10 2026",7:00 PM,Spring
I-05 It's On Like Donkey Kong,25,I-04 Hyrule Hitters,16,,StarCenter Multisport - Farmers Branch (Court 3),"Fri, Apr 10 2026",7:00 PM,Spring
I-12 Arcade Spikers,25,I-10 Volley pong,23,,StarCenter Multisport - Farmers Branch (Court 4),"Fri, Apr 10 2026",7:00 PM,Spring
I-12 Arcade Spikers,11,I-10 Volley pong,25,,StarCenter Multisport - Farmers Branch (Court 4),"Fri, Apr 10 2026",7:00 PM,Spring
I-06 Spyro Spikers,25,I-05 It's On Like Donkey Kong,7,,StarCenter Multisport - Farmers Branch (Court 3),"Fri, Apr 10 2026",7:45 PM,Spring
I-06 Spyro Spikers,25,I-05 It's On Like Donkey Kong,22,,StarCenter Multisport - Farmers Branch (Court 3),"Fri, Apr 10 2026",7:45 PM,Spring
I-09 Super Smash Serves,22,I-12 Arcade Spikers,25,,StarCenter Multisport - Farmers Branch (Court 4),"Fri, Apr 10 2026",7:45 PM,Spring
I-09 Super Smash Serves,25,I-12 Arcade Spikers,18,,StarCenter Multisport - Farmers Branch (Court 4),"Fri, Apr 10 2026",7:45 PM,Spring
I-06 Spyro Spikers,24,I-04 Hyrule Hitters,26,,StarCenter Multisport - Farmers Branch (Court 3),"Fri, Apr 10 2026",8:30 PM,Spring
I-06 Spyro Spikers,13,I-04 Hyrule Hitters,25,,StarCenter Multisport - Farmers Branch (Court 3),"Fri, Apr 10 2026",8:30 PM,Spring
I-09 Super Smash Serves,25,I-10 Volley pong,18,,StarCenter Multisport - Farmers Branch (Court 4),"Fri, Apr 10 2026",8:30 PM,Spring
I-09 Super Smash Serves,25,I-10 Volley pong,21,,StarCenter Multisport - Farmers Branch (Court 4),"Fri, Apr 10 2026",8:30 PM,Spring
I-03 Super Sets Bros,25,I-13 Play Station Spikers,19,,StarCenter Multisport - Farmers Branch (Court 2),"Fri, Apr 10 2026",9:15 PM,Spring
I-03 Super Sets Bros,25,I-13 Play Station Spikers,22,,StarCenter Multisport - Farmers Branch (Court 2),"Fri, Apr 10 2026",9:15 PM,Spring
I-01 Slay Station,17,I-15 Waka Waka,25,,StarCenter Multisport - Farmers Branch (Court 3),"Fri, Apr 10 2026",9:15 PM,Spring
I-01 Slay Station,20,I-15 Waka Waka,25,,StarCenter Multisport - Farmers Branch (Court 3),"Fri, Apr 10 2026",9:15 PM,Spring
I-14 Super Spike Bros,25,I-07 Ace Invaders,14,,StarCenter Multisport - Farmers Branch (Court 4),"Fri, Apr 10 2026",9:15 PM,Spring
I-14 Super Spike Bros,25,I-07 Ace Invaders,20,,StarCenter Multisport - Farmers Branch (Court 4),"Fri, Apr 10 2026",9:15 PM,Spring
I-08 Street Spikers,19,I-03 Super Sets Bros,25,,StarCenter Multisport - Farmers Branch (Court 2),"Fri, Apr 10 2026",10:00 PM,Spring
I-08 Street Spikers,25,I-03 Super Sets Bros,18,,StarCenter Multisport - Farmers Branch (Court 2),"Fri, Apr 10 2026",10:00 PM,Spring
I-11 Kirby s Dream Spikers,25,I-01 Slay Station,16,,StarCenter Multisport - Farmers Branch (Court 3),"Fri, Apr 10 2026",10:00 PM,Spring
I-11 Kirby s Dream Spikers,25,I-01 Slay Station,13,,StarCenter Multisport - Farmers Branch (Court 3),"Fri, Apr 10 2026",10:00 PM,Spring
I-02 Rainbow Road Runners,18,I-14 Super Spike Bros,25,,StarCenter Multisport - Farmers Branch (Court 4),"Fri, Apr 10 2026",10:00 PM,Spring
I-02 Rainbow Road Runners,15,I-14 Super Spike Bros,25,,StarCenter Multisport - Farmers Branch (Court 4),"Fri, Apr 10 2026",10:00 PM,Spring
I-08 Street Spikers,23,I-13 Play Station Spikers,25,,StarCenter Multisport - Farmers Branch (Court 2),"Fri, Apr 10 2026",10:45 PM,Spring
I-08 Street Spikers,25,I-13 Play Station Spikers,15,,StarCenter Multisport - Farmers Branch (Court 2),"Fri, Apr 10 2026",10:45 PM,Spring
I-11 Kirby s Dream Spikers,25,I-15 Waka Waka,17,,StarCenter Multisport - Farmers Branch (Court 3),"Fri, Apr 10 2026",10:45 PM,Spring
I-11 Kirby s Dream Spikers,25,I-15 Waka Waka,22,,StarCenter Multisport - Farmers Branch (Court 3),"Fri, Apr 10 2026",10:45 PM,Spring
I-02 Rainbow Road Runners,25,I-07 Ace Invaders,9,,StarCenter Multisport - Farmers Branch (Court 4),"Fri, Apr 10 2026",10:45 PM,Spring
I-02 Rainbow Road Runners,25,I-07 Ace Invaders,18,,StarCenter Multisport - Farmers Branch (Court 4),"Fri, Apr 10 2026",10:45 PM,Spring
I-13 Play Station Spikers,17,I-09 Super Smash Serves,25,,StarCenter Multisport - North Lake (Court 2),"Fri, Apr 17 2026",7:00 PM,Spring
I-13 Play Station Spikers,25,I-09 Super Smash Serves,25,,StarCenter Multisport - North Lake (Court 2),"Fri, Apr 17 2026",7:00 PM,Spring
I-03 Super Sets Bros,25,I-02 Rainbow Road Runners,15,,StarCenter Multisport - North Lake (Court 3),"Fri, Apr 17 2026",7:00 PM,Spring
I-03 Super Sets Bros,22,I-02 Rainbow Road Runners,25,,StarCenter Multisport - North Lake (Court 3),"Fri, Apr 17 2026",7:00 PM,Spring
I-12 Arcade Spikers,25,I-04 Hyrule Hitters,19,,StarCenter Multisport - North Lake (Court 4),"Fri, Apr 17 2026",7:00 PM,Spring
I-12 Arcade Spikers,13,I-04 Hyrule Hitters,25,,StarCenter Multisport - North Lake (Court 4),"Fri, Apr 17 2026",7:00 PM,Spring
I-08 Street Spikers,27,I-13 Play Station Spikers,25,,StarCenter Multisport - North Lake (Court 2),"Fri, Apr 17 2026",7:45 PM,Spring
I-08 Street Spikers,25,I-13 Play Station Spikers,13,,StarCenter Multisport - North Lake (Court 2),"Fri, Apr 17 2026",7:45 PM,Spring
I-11 Kirby s Dream Spikers,17,I-03 Super Sets Bros,25,,StarCenter Multisport - North Lake (Court 3),"Fri, Apr 17 2026",7:45 PM,Spring
I-11 Kirby s Dream Spikers,21,I-03 Super Sets Bros,25,,StarCenter Multisport - North Lake (Court 3),"Fri, Apr 17 2026",7:45 PM,Spring
I-15 Waka Waka,21,I-12 Arcade Spikers,25,,StarCenter Multisport - North Lake (Court 4),"Fri, Apr 17 2026",7:45 PM,Spring
I-15 Waka Waka,25,I-12 Arcade Spikers,21,,StarCenter Multisport - North Lake (Court 4),"Fri, Apr 17 2026",7:45 PM,Spring
I-08 Street Spikers,25,I-09 Super Smash Serves,8,,StarCenter Multisport - North Lake (Court 2),"Fri, Apr 17 2026",8:30 PM,Spring
I-08 Street Spikers,25,I-09 Super Smash Serves,21,,StarCenter Multisport - North Lake (Court 2),"Fri, Apr 17 2026",8:30 PM,Spring
I-11 Kirby s Dream Spikers,24,I-02 Rainbow Road Runners,26,,StarCenter Multisport - North Lake (Court 3),"Fri, Apr 17 2026",8:30 PM,Spring
I-11 Kirby s Dream Spikers,24,I-02 Rainbow Road Runners,22,,StarCenter Multisport - North Lake (Court 3),"Fri, Apr 17 2026",8:30 PM,Spring
I-15 Waka Waka,27,I-04 Hyrule Hitters,26,,StarCenter Multisport - North Lake (Court 4),"Fri, Apr 17 2026",8:30 PM,Spring
I-15 Waka Waka,18,I-04 Hyrule Hitters,22,,StarCenter Multisport - North Lake (Court 4),"Fri, Apr 17 2026",8:30 PM,Spring
I-05 It's On Like Donkey Kong,25,I-01 Slay Station,21,,StarCenter Multisport - North Lake (Court 3),"Fri, Apr 17 2026",9:15 PM,Spring
I-05 It's On Like Donkey Kong,19,I-01 Slay Station,11,,StarCenter Multisport - North Lake (Court 3),"Fri, Apr 17 2026",9:15 PM,Spring
I-07 Ace Invaders,12,I-06 Spyro Spikers,25,,StarCenter Multisport - North Lake (Court 4),"Fri, Apr 17 2026",9:15 PM,Spring
I-07 Ace Invaders,19,I-06 Spyro Spikers,25,,StarCenter Multisport - North Lake (Court 4),"Fri, Apr 17 2026",9:15 PM,Spring
I-10 Volley pong,25,I-05 It's On Like Donkey Kong,20,,StarCenter Multisport - North Lake (Court 3),"Fri, Apr 17 2026",10:00 PM,Spring
I-10 Volley pong,21,I-05 It's On Like Donkey Kong,20,,StarCenter Multisport - North Lake (Court 3),"Fri, Apr 17 2026",10:00 PM,Spring
I-14 Super Spike Bros,15,I-07 Ace Invaders,25,,StarCenter Multisport - North Lake (Court 4),"Fri, Apr 17 2026",10:00 PM,Spring
I-14 Super Spike Bros,25,I-07 Ace Invaders,18,,StarCenter Multisport - North Lake (Court 4),"Fri, Apr 17 2026",10:00 PM,Spring
I-10 Volley pong,25,I-01 Slay Station,23,,StarCenter Multisport - North Lake (Court 3),"Fri, Apr 17 2026",10:45 PM,Spring
I-10 Volley pong,25,I-01 Slay Station,13,,StarCenter Multisport - North Lake (Court 3),"Fri, Apr 17 2026",10:45 PM,Spring
I-14 Super Spike Bros,27,I-06 Spyro Spikers,26,,StarCenter Multisport - North Lake (Court 4),"Fri, Apr 17 2026",10:45 PM,Spring
I-14 Super Spike Bros,25,I-06 Spyro Spikers,14,,StarCenter Multisport - North Lake (Court 4),"Fri, Apr 17 2026",10:45 PM,Spring
I-04 Hyrule Hitters,27,I-01 Slay Station,25,,StarCenter Multisport - Farmers Branch (Court 3),"Fri, Apr 24 2026",7:00 PM,Spring
I-04 Hyrule Hitters,22,I-01 Slay Station,22,,StarCenter Multisport - Farmers Branch (Court 3),"Fri, Apr 24 2026",7:00 PM,Spring
I-03 Super Sets Bros,23,I-12 Arcade Spikers,25,,StarCenter Multisport - Farmers Branch (Court 4),"Fri, Apr 24 2026",7:00 PM,Spring
I-03 Super Sets Bros,17,I-12 Arcade Spikers,25,,StarCenter Multisport - Farmers Branch (Court 4),"Fri, Apr 24 2026",7:00 PM,Spring
I-13 Play Station Spikers,19,I-04 Hyrule Hitters,25,,StarCenter Multisport - Farmers Branch (Court 3),"Fri, Apr 24 2026",7:45 PM,Spring
I-13 Play Station Spikers,25,I-04 Hyrule Hitters,22,,StarCenter Multisport - Farmers Branch (Court 3),"Fri, Apr 24 2026",7:45 PM,Spring
I-07 Ace Invaders,25,I-03 Super Sets Bros,14,,StarCenter Multisport - Farmers Branch (Court 4),"Fri, Apr 24 2026",7:45 PM,Spring
I-07 Ace Invaders,25,I-03 Super Sets Bros,19,,StarCenter Multisport - Farmers Branch (Court 4),"Fri, Apr 24 2026",7:45 PM,Spring
I-13 Play Station Spikers,21,I-01 Slay Station,25,,StarCenter Multisport - Farmers Branch (Court 3),"Fri, Apr 24 2026",8:30 PM,Spring
I-13 Play Station Spikers,23,I-01 Slay Station,25,,StarCenter Multisport - Farmers Branch (Court 3),"Fri, Apr 24 2026",8:30 PM,Spring
I-07 Ace Invaders,22,I-12 Arcade Spikers,25,,StarCenter Multisport - Farmers Branch (Court 4),"Fri, Apr 24 2026",8:30 PM,Spring
I-07 Ace Invaders,25,I-12 Arcade Spikers,22,,StarCenter Multisport - Farmers Branch (Court 4),"Fri, Apr 24 2026",8:30 PM,Spring
I-15 Waka Waka,6,I-14 Super Spike Bros,25,,StarCenter Multisport - Farmers Branch (Court 2),"Fri, Apr 24 2026",9:15 PM,Spring
I-15 Waka Waka,21,I-14 Super Spike Bros,25,,StarCenter Multisport - Farmers Branch (Court 2),"Fri, Apr 24 2026",9:15 PM,Spring
I-09 Super Smash Serves,25,I-05 It's On Like Donkey Kong,14,,StarCenter Multisport - Farmers Branch (Court 3),"Fri, Apr 24 2026",9:15 PM,Spring
I-09 Super Smash Serves,22,I-05 It's On Like Donkey Kong,16,,StarCenter Multisport - Farmers Branch (Court 3),"Fri, Apr 24 2026",9:15 PM,Spring
I-08 Street Spikers,18,I-06 Spyro Spikers,25,,StarCenter Multisport - Farmers Branch (Court 4),"Fri, Apr 24 2026",9:15 PM,Spring
I-08 Street Spikers,25,I-06 Spyro Spikers,21,,StarCenter Multisport - Farmers Branch (Court 4),"Fri, Apr 24 2026",9:15 PM,Spring
I-11 Kirby s Dream Spikers,25,I-15 Waka Waka,27,,StarCenter Multisport - Farmers Branch (Court 2),"Fri, Apr 24 2026",10:00 PM,Spring
I-11 Kirby s Dream Spikers,19,I-15 Waka Waka,21,,StarCenter Multisport - Farmers Branch (Court 2),"Fri, Apr 24 2026",10:00 PM,Spring
I-02 Rainbow Road Runners,18,I-09 Super Smash Serves,25,,StarCenter Multisport - Farmers Branch (Court 3),"Fri, Apr 24 2026",10:00 PM,Spring
I-02 Rainbow Road Runners,14,I-09 Super Smash Serves,25,,StarCenter Multisport - Farmers Branch (Court 3),"Fri, Apr 24 2026",10:00 PM,Spring
I-10 Volley pong,25,I-08 Street Spikers,21,,StarCenter Multisport - Farmers Branch (Court 4),"Fri, Apr 24 2026",10:00 PM,Spring
I-10 Volley pong,14,I-08 Street Spikers,22,,StarCenter Multisport - Farmers Branch (Court 4),"Fri, Apr 24 2026",10:00 PM,Spring
I-11 Kirby s Dream Spikers,21,I-14 Super Spike Bros,25,,StarCenter Multisport - Farmers Branch (Court 2),"Fri, Apr 24 2026",10:45 PM,Spring
I-11 Kirby s Dream Spikers,18,I-14 Super Spike Bros,25,,StarCenter Multisport - Farmers Branch (Court 2),"Fri, Apr 24 2026",10:45 PM,Spring
I-02 Rainbow Road Runners,22,I-05 It's On Like Donkey Kong,25,,StarCenter Multisport - Farmers Branch (Court 3),"Fri, Apr 24 2026",10:45 PM,Spring
I-02 Rainbow Road Runners,12,I-05 It's On Like Donkey Kong,25,,StarCenter Multisport - Farmers Branch (Court 3),"Fri, Apr 24 2026",10:45 PM,Spring
I-10 Volley pong,25,I-06 Spyro Spikers,8,,StarCenter Multisport - Farmers Branch (Court 4),"Fri, Apr 24 2026",10:45 PM,Spring
I-10 Volley pong,25,I-06 Spyro Spikers,15,,StarCenter Multisport - Farmers Branch (Court 4),"Fri, Apr 24 2026",10:45 PM,Spring
I-01 Slay Station,,I-07 Ace Invaders,,,StarCenter Multisport - Farmers Branch (Court 3),"Fri, May 1 2026",7:00 PM,Spring
I-01 Slay Station,,I-07 Ace Invaders,,,StarCenter Multisport - Farmers Branch (Court 3),"Fri, May 1 2026",7:00 PM,Spring
I-15 Waka Waka,,I-08 Street Spikers,,,StarCenter Multisport - Farmers Branch (Court 4),"Fri, May 1 2026",7:00 PM,Spring
I-15 Waka Waka,,I-08 Street Spikers,,,StarCenter Multisport - Farmers Branch (Court 4),"Fri, May 1 2026",7:00 PM,Spring
I-03 Super Sets Bros,,I-01 Slay Station,,,StarCenter Multisport - Farmers Branch (Court 3),"Fri, May 1 2026",7:45 PM,Spring
I-03 Super Sets Bros,,I-01 Slay Station,,,StarCenter Multisport - Farmers Branch (Court 3),"Fri, May 1 2026",7:45 PM,Spring
I-04 Hyrule Hitters,,I-15 Waka Waka,,,StarCenter Multisport - Farmers Branch (Court 4),"Fri, May 1 2026",7:45 PM,Spring
I-04 Hyrule Hitters,,I-15 Waka Waka,,,StarCenter Multisport - Farmers Branch (Court 4),"Fri, May 1 2026",7:45 PM,Spring
I-03 Super Sets Bros,,I-07 Ace Invaders,,,StarCenter Multisport - Farmers Branch (Court 3),"Fri, May 1 2026",8:30 PM,Spring
I-03 Super Sets Bros,,I-07 Ace Invaders,,,StarCenter Multisport - Farmers Branch (Court 3),"Fri, May 1 2026",8:30 PM,Spring
I-04 Hyrule Hitters,,I-08 Street Spikers,,,StarCenter Multisport - Farmers Branch (Court 4),"Fri, May 1 2026",8:30 PM,Spring
I-04 Hyrule Hitters,,I-08 Street Spikers,,,StarCenter Multisport - Farmers Branch (Court 4),"Fri, May 1 2026",8:30 PM,Spring
I-13 Play Station Spikers,,I-11 Kirby s Dream Spikers,,,StarCenter Multisport - Farmers Branch (Court 2),"Fri, May 1 2026",9:15 PM,Spring
I-13 Play Station Spikers,,I-11 Kirby s Dream Spikers,,,StarCenter Multisport - Farmers Branch (Court 2),"Fri, May 1 2026",9:15 PM,Spring
I-02 Rainbow Road Runners,,I-10 Volley pong,,,StarCenter Multisport - Farmers Branch (Court 3),"Fri, May 1 2026",9:15 PM,Spring
I-02 Rainbow Road Runners,,I-10 Volley pong,,,StarCenter Multisport - Farmers Branch (Court 3),"Fri, May 1 2026",9:15 PM,Spring
I-12 Arcade Spikers,,I-09 Super Smash Serves,,,StarCenter Multisport - Farmers Branch (Court 4),"Fri, May 1 2026",9:15 PM,Spring
I-12 Arcade Spikers,,I-09 Super Smash Serves,,,StarCenter Multisport - Farmers Branch (Court 4),"Fri, May 1 2026",9:15 PM,Spring
I-14 Super Spike Bros,,I-13 Play Station Spikers,,,StarCenter Multisport - Farmers Branch (Court 2),"Fri, May 1 2026",10:00 PM,Spring
I-14 Super Spike Bros,,I-13 Play Station Spikers,,,StarCenter Multisport - Farmers Branch (Court 2),"Fri, May 1 2026",10:00 PM,Spring
I-05 It's On Like Donkey Kong,,I-02 Rainbow Road Runners,,,StarCenter Multisport - Farmers Branch (Court 3),"Fri, May 1 2026",10:00 PM,Spring
I-05 It's On Like Donkey Kong,,I-02 Rainbow Road Runners,,,StarCenter Multisport - Farmers Branch (Court 3),"Fri, May 1 2026",10:00 PM,Spring
I-06 Spyro Spikers,,I-12 Arcade Spikers,,,StarCenter Multisport - Farmers Branch (Court 4),"Fri, May 1 2026",10:00 PM,Spring
I-06 Spyro Spikers,,I-12 Arcade Spikers,,,StarCenter Multisport - Farmers Branch (Court 4),"Fri, May 1 2026",10:00 PM,Spring
I-14 Super Spike Bros,,I-11 Kirby s Dream Spikers,,,StarCenter Multisport - Farmers Branch (Court 2),"Fri, May 1 2026",10:45 PM,Spring
I-14 Super Spike Bros,,I-11 Kirby s Dream Spikers,,,StarCenter Multisport - Farmers Branch (Court 2),"Fri, May 1 2026",10:45 PM,Spring
I-05 It's On Like Donkey Kong,,I-10 Volley pong,,,StarCenter Multisport - Farmers Branch (Court 3),"Fri, May 1 2026",10:45 PM,Spring
I-05 It's On Like Donkey Kong,,I-10 Volley pong,,,StarCenter Multisport - Farmers Branch (Court 3),"Fri, May 1 2026",10:45 PM,Spring
I-06 Spyro Spikers,,I-09 Super Smash Serves,,,StarCenter Multisport - Farmers Branch (Court 4),"Fri, May 1 2026",10:45 PM,Spring
I-06 Spyro Spikers,,I-09 Super Smash Serves,,,StarCenter Multisport - Farmers Branch (Court 4),"Fri, May 1 2026",10:45 PM,Spring
P-04 Aperol Spikez,17,P-01 Matcha and Serve,25,P-07,StarCenter Multisport - Farmers Branch (Court 15),"Fri, Jan 30 2026",7:00 PM,Spring
P-04 Aperol Spikez,25,P-01 Matcha and Serve,21,P-07,StarCenter Multisport - Farmers Branch (Court 15),"Fri, Jan 30 2026",7:00 PM,Spring
P-07 Whiskey Business,25,P-04 Aperol Spikez,20,P-01,StarCenter Multisport - Farmers Branch (Court 15),"Fri, Jan 30 2026",7:45 PM,Spring
P-07 Whiskey Business,25,P-04 Aperol Spikez,14,P-01,StarCenter Multisport - Farmers Branch (Court 15),"Fri, Jan 30 2026",7:45 PM,Spring
P-07 Whiskey Business,25,P-01 Matcha and Serve,10,P-04,StarCenter Multisport - Farmers Branch (Court 15),"Fri, Jan 30 2026",8:30 PM,Spring
P-07 Whiskey Business,25,P-01 Matcha and Serve,15,P-04,StarCenter Multisport - Farmers Branch (Court 15),"Fri, Jan 30 2026",8:30 PM,Spring
P-05 Pour Decisions,25,P-02 Serve Me Daddy,16,P-08,StarCenter Multisport - Farmers Branch (Court 14),"Fri, Jan 30 2026",9:15 PM,Spring
P-05 Pour Decisions,19,P-02 Serve Me Daddy,22,P-08,StarCenter Multisport - Farmers Branch (Court 14),"Fri, Jan 30 2026",9:15 PM,Spring
P-06 Six on the Beach,25,P-03 Serving Neat and Naked,13,P-09,StarCenter Multisport - Farmers Branch (Court 15),"Fri, Jan 30 2026",9:15 PM,Spring
P-06 Six on the Beach,25,P-03 Serving Neat and Naked,20,P-09,StarCenter Multisport - Farmers Branch (Court 15),"Fri, Jan 30 2026",9:15 PM,Spring
P-08 Baddie baddie shot o’clock,23,P-05 Pour Decisions,25,P-02,StarCenter Multisport - Farmers Branch (Court 14),"Fri, Jan 30 2026",10:00 PM,Spring
P-08 Baddie baddie shot o’clock,25,P-05 Pour Decisions,18,P-02,StarCenter Multisport - Farmers Branch (Court 14),"Fri, Jan 30 2026",10:00 PM,Spring
P-09 Don Julio’s,20,P-06 Six on the Beach,25,P-03,StarCenter Multisport - Farmers Branch (Court 15),"Fri, Jan 30 2026",10:00 PM,Spring
P-09 Don Julio’s,18,P-06 Six on the Beach,16,P-03,StarCenter Multisport - Farmers Branch (Court 15),"Fri, Jan 30 2026",10:00 PM,Spring
P-08 Baddie baddie shot o’clock,25,P-02 Serve Me Daddy,19,P-05,StarCenter Multisport - Farmers Branch (Court 14),"Fri, Jan 30 2026",10:45 PM,Spring
P-08 Baddie baddie shot o’clock,25,P-02 Serve Me Daddy,19,P-05,StarCenter Multisport - Farmers Branch (Court 14),"Fri, Jan 30 2026",10:45 PM,Spring
P-09 Don Julio’s,25,P-03 Serving Neat and Naked,14,P-06,StarCenter Multisport - Farmers Branch (Court 15),"Fri, Jan 30 2026",10:45 PM,Spring
P-09 Don Julio’s,25,P-03 Serving Neat and Naked,10,P-06,StarCenter Multisport - Farmers Branch (Court 15),"Fri, Jan 30 2026",10:45 PM,Spring
P-06 Six on the Beach,23,P-02 Serve Me Daddy,25,P-07,StarCenter Multisport - Farmers Branch (Court 14),"Fri, Feb 6 2026",7:00 PM,Spring
P-06 Six on the Beach,22,P-02 Serve Me Daddy,17,P-07,StarCenter Multisport - Farmers Branch (Court 14),"Fri, Feb 6 2026",7:00 PM,Spring
P-05 Pour Decisions,15,P-01 Matcha and Serve,25,P-09,StarCenter Multisport - Farmers Branch (Court 15),"Fri, Feb 6 2026",7:00 PM,Spring
P-05 Pour Decisions,22,P-01 Matcha and Serve,25,P-09,StarCenter Multisport - Farmers Branch (Court 15),"Fri, Feb 6 2026",7:00 PM,Spring
P-07 Whiskey Business,21,P-06 Six on the Beach,25,P-02,StarCenter Multisport - Farmers Branch (Court 14),"Fri, Feb 6 2026",7:45 PM,Spring
P-07 Whiskey Business,15,P-06 Six on the Beach,22,P-02,StarCenter Multisport - Farmers Branch (Court 14),"Fri, Feb 6 2026",7:45 PM,Spring
P-09 Don Julio’s,25,P-05 Pour Decisions,19,P-01,StarCenter Multisport - Farmers Branch (Court 15),"Fri, Feb 6 2026",7:45 PM,Spring
P-09 Don Julio’s,25,P-05 Pour Decisions,12,P-01,StarCenter Multisport - Farmers Branch (Court 15),"Fri, Feb 6 2026",7:45 PM,Spring
P-07 Whiskey Business,25,P-02 Serve Me Daddy,15,P-06,StarCenter Multisport - Farmers Branch (Court 14),"Fri, Feb 6 2026",8:30 PM,Spring
P-07 Whiskey Business,25,P-02 Serve Me Daddy,13,P-06,StarCenter Multisport - Farmers Branch (Court 14),"Fri, Feb 6 2026",8:30 PM,Spring
P-09 Don Julio’s,25,P-01 Matcha and Serve,20,P-05,StarCenter Multisport - Farmers Branch (Court 15),"Fri, Feb 6 2026",8:30 PM,Spring
P-09 Don Julio’s,19,P-01 Matcha and Serve,19,P-05,StarCenter Multisport - Farmers Branch (Court 15),"Fri, Feb 6 2026",8:30 PM,Spring
P-04 Aperol Spikez,21,P-03 Serving Neat and Naked,25,P-08,StarCenter Multisport - Farmers Branch (Court 15),"Fri, Feb 6 2026",9:15 PM,Spring
P-04 Aperol Spikez,25,P-03 Serving Neat and Naked,16,P-08,StarCenter Multisport - Farmers Branch (Court 15),"Fri, Feb 6 2026",9:15 PM,Spring
P-08 Baddie baddie shot o’clock,25,P-04 Aperol Spikez,20,P-03,StarCenter Multisport - Farmers Branch (Court 15),"Fri, Feb 6 2026",10:00 PM,Spring
P-08 Baddie baddie shot o’clock,20,P-04 Aperol Spikez,25,P-03,StarCenter Multisport - Farmers Branch (Court 15),"Fri, Feb 6 2026",10:00 PM,Spring
P-08 Baddie baddie shot o’clock,25,P-03 Serving Neat and Naked,16,P-04,StarCenter Multisport - Farmers Branch (Court 15),"Fri, Feb 6 2026",10:45 PM,Spring
P-08 Baddie baddie shot o’clock,25,P-03 Serving Neat and Naked,13,P-04,StarCenter Multisport - Farmers Branch (Court 15),"Fri, Feb 6 2026",10:45 PM,Spring
P-05 Pour Decisions,25,P-03 Serving Neat and Naked,16,P-07,StarCenter Multisport - Farmers Branch (Court 15),"Fri, Feb 20 2026",7:00 PM,Spring
P-05 Pour Decisions,21,P-03 Serving Neat and Naked,25,P-07,StarCenter Multisport - Farmers Branch (Court 15),"Fri, Feb 20 2026",7:00 PM,Spring
P-07 Whiskey Business,25,P-05 Pour Decisions,15,P-03,StarCenter Multisport - Farmers Branch (Court 15),"Fri, Feb 20 2026",7:45 PM,Spring
P-07 Whiskey Business,25,P-05 Pour Decisions,16,P-03,StarCenter Multisport - Farmers Branch (Court 15),"Fri, Feb 20 2026",7:45 PM,Spring
P-07 Whiskey Business,25,P-03 Serving Neat and Naked,13,P-05,StarCenter Multisport - Farmers Branch (Court 15),"Fri, Feb 20 2026",8:30 PM,Spring
P-07 Whiskey Business,25,P-03 Serving Neat and Naked,16,P-05,StarCenter Multisport - Farmers Branch (Court 15),"Fri, Feb 20 2026",8:30 PM,Spring
P-04 Aperol Spikez,11,P-02 Serve Me Daddy,25,P-09,StarCenter Multisport - Farmers Branch (Court 14),"Fri, Feb 20 2026",9:15 PM,Spring
P-04 Aperol Spikez,18,P-02 Serve Me Daddy,25,P-09,StarCenter Multisport - Farmers Branch (Court 14),"Fri, Feb 20 2026",9:15 PM,Spring
P-06 Six on the Beach,25,P-01 Matcha and Serve,21,P-08,StarCenter Multisport - Farmers Branch (Court 15),"Fri, Feb 20 2026",9:15 PM,Spring
P-06 Six on the Beach,17,P-01 Matcha and Serve,10,P-08,StarCenter Multisport - Farmers Branch (Court 15),"Fri, Feb 20 2026",9:15 PM,Spring
P-09 Don Julio’s,25,P-04 Aperol Spikez,15,P-02,StarCenter Multisport - Farmers Branch (Court 14),"Fri, Feb 20 2026",10:00 PM,Spring
P-09 Don Julio’s,25,P-04 Aperol Spikez,8,P-02,StarCenter Multisport - Farmers Branch (Court 14),"Fri, Feb 20 2026",10:00 PM,Spring
P-08 Baddie baddie shot o’clock,21,P-06 Six on the Beach,25,P-01,StarCenter Multisport - Farmers Branch (Court 15),"Fri, Feb 20 2026",10:00 PM,Spring
P-08 Baddie baddie shot o’clock,15,P-06 Six on the Beach,14,P-01,StarCenter Multisport - Farmers Branch (Court 15),"Fri, Feb 20 2026",10:00 PM,Spring
P-09 Don Julio’s,25,P-02 Serve Me Daddy,9,P-04,StarCenter Multisport - Farmers Branch (Court 14),"Fri, Feb 20 2026",10:45 PM,Spring
P-09 Don Julio’s,16,P-02 Serve Me Daddy,25,P-04,StarCenter Multisport - Farmers Branch (Court 14),"Fri, Feb 20 2026",10:45 PM,Spring
P-08 Baddie baddie shot o’clock,23,P-01 Matcha and Serve,25,P-06,StarCenter Multisport - Farmers Branch (Court 15),"Fri, Feb 20 2026",10:45 PM,Spring
P-08 Baddie baddie shot o’clock,21,P-01 Matcha and Serve,18,P-06,StarCenter Multisport - Farmers Branch (Court 15),"Fri, Feb 20 2026",10:45 PM,Spring
P-05 Pour Decisions,25,P-04 Aperol Spikez,27,P-06,StarCenter Multisport - Farmers Branch (Court 14),"Fri, Feb 27 2026",7:00 PM,Spring
P-05 Pour Decisions,21,P-04 Aperol Spikez,22,P-06,StarCenter Multisport - Farmers Branch (Court 14),"Fri, Feb 27 2026",7:00 PM,Spring
P-08 Baddie baddie shot o’clock,17,P-07 Whiskey Business,25,P-09,StarCenter Multisport - Farmers Branch (Court 15),"Fri, Feb 27 2026",7:00 PM,Spring
P-08 Baddie baddie shot o’clock,17,P-07 Whiskey Business,16,P-09,StarCenter Multisport - Farmers Branch (Court 15),"Fri, Feb 27 2026",7:00 PM,Spring
P-06 Six on the Beach,25,P-05 Pour Decisions,22,P-04,StarCenter Multisport - Farmers Branch (Court 14),"Fri, Feb 27 2026",7:45 PM,Spring
P-06 Six on the Beach,25,P-05 Pour Decisions,13,P-04,StarCenter Multisport - Farmers Branch (Court 14),"Fri, Feb 27 2026",7:45 PM,Spring
P-09 Don Julio’s,27,P-08 Baddie baddie shot o’clock,25,P-07,StarCenter Multisport - Farmers Branch (Court 15),"Fri, Feb 27 2026",7:45 PM,Spring
P-09 Don Julio’s,15,P-08 Baddie baddie shot o’clock,10,P-07,StarCenter Multisport - Farmers Branch (Court 15),"Fri, Feb 27 2026",7:45 PM,Spring
P-06 Six on the Beach,25,P-04 Aperol Spikez,16,P-05,StarCenter Multisport - Farmers Branch (Court 14),"Fri, Feb 27 2026",8:30 PM,Spring
P-06 Six on the Beach,23,P-04 Aperol Spikez,24,P-05,StarCenter Multisport - Farmers Branch (Court 14),"Fri, Feb 27 2026",8:30 PM,Spring
P-09 Don Julio’s,24,P-07 Whiskey Business,26,P-08,StarCenter Multisport - Farmers Branch (Court 15),"Fri, Feb 27 2026",8:30 PM,Spring
P-09 Don Julio’s,20,P-07 Whiskey Business,20,P-08,StarCenter Multisport - Farmers Branch (Court 15),"Fri, Feb 27 2026",8:30 PM,Spring
P-02 Serve Me Daddy,14,P-01 Matcha and Serve,25,P-03,StarCenter Multisport - Farmers Branch (Court 15),"Fri, Feb 27 2026",9:15 PM,Spring
P-02 Serve Me Daddy,25,P-01 Matcha and Serve,13,P-03,StarCenter Multisport - Farmers Branch (Court 15),"Fri, Feb 27 2026",9:15 PM,Spring
P-03 Serving Neat and Naked,25,P-02 Serve Me Daddy,19,P-01,StarCenter Multisport - Farmers Branch (Court 15),"Fri, Feb 27 2026",10:00 PM,Spring
P-03 Serving Neat and Naked,21,P-02 Serve Me Daddy,25,P-01,StarCenter Multisport - Farmers Branch (Court 15),"Fri, Feb 27 2026",10:00 PM,Spring
P-03 Serving Neat and Naked,25,P-01 Matcha and Serve,11,P-02,StarCenter Multisport - Farmers Branch (Court 15),"Fri, Feb 27 2026",10:45 PM,Spring
P-03 Serving Neat and Naked,25,P-01 Matcha and Serve,15,P-02,StarCenter Multisport - Farmers Branch (Court 15),"Fri, Feb 27 2026",10:45 PM,Spring
P-06 Six on the Beach,24,P-03 Serving Neat and Naked,26,P-09,StarCenter Multisport - Farmers Branch (Court 15),"Fri, Mar 6 2026",7:00 PM,Spring
P-06 Six on the Beach,7,P-03 Serving Neat and Naked,11,P-09,StarCenter Multisport - Farmers Branch (Court 15),"Fri, Mar 6 2026",7:00 PM,Spring
P-09 Don Julio’s,25,P-06 Six on the Beach,12,P-03,StarCenter Multisport - Farmers Branch (Court 15),"Fri, Mar 6 2026",7:45 PM,Spring
P-09 Don Julio’s,25,P-06 Six on the Beach,14,P-03,StarCenter Multisport - Farmers Branch (Court 15),"Fri, Mar 6 2026",7:45 PM,Spring
P-09 Don Julio’s,25,P-03 Serving Neat and Naked,11,P-06,StarCenter Multisport - Farmers Branch (Court 15),"Fri, Mar 6 2026",8:30 PM,Spring
P-09 Don Julio’s,24,P-03 Serving Neat and Naked,26,P-06,StarCenter Multisport - Farmers Branch (Court 15),"Fri, Mar 6 2026",8:30 PM,Spring
P-04 Aperol Spikez,25,P-01 Matcha and Serve,18,P-07,StarCenter Multisport - Farmers Branch (Court 14),"Fri, Mar 6 2026",9:15 PM,Spring
P-04 Aperol Spikez,18,P-01 Matcha and Serve,25,P-07,StarCenter Multisport - Farmers Branch (Court 14),"Fri, Mar 6 2026",9:15 PM,Spring
P-05 Pour Decisions,12,P-02 Serve Me Daddy,25,P-08,StarCenter Multisport - Farmers Branch (Court 15),"Fri, Mar 6 2026",9:15 PM,Spring
P-05 Pour Decisions,21,P-02 Serve Me Daddy,25,P-08,StarCenter Multisport - Farmers Branch (Court 15),"Fri, Mar 6 2026",9:15 PM,Spring
P-07 Whiskey Business,25,P-04 Aperol Spikez,15,P-01,StarCenter Multisport - Farmers Branch (Court 14),"Fri, Mar 6 2026",10:00 PM,Spring
P-07 Whiskey Business,23,P-04 Aperol Spikez,25,P-01,StarCenter Multisport - Farmers Branch (Court 14),"Fri, Mar 6 2026",10:00 PM,Spring
P-08 Baddie baddie shot o’clock,25,P-05 Pour Decisions,22,P-02,StarCenter Multisport - Farmers Branch (Court 15),"Fri, Mar 6 2026",10:00 PM,Spring
P-08 Baddie baddie shot o’clock,25,P-05 Pour Decisions,13,P-02,StarCenter Multisport - Farmers Branch (Court 15),"Fri, Mar 6 2026",10:00 PM,Spring
P-07 Whiskey Business,25,P-01 Matcha and Serve,13,P-04,StarCenter Multisport - Farmers Branch (Court 14),"Fri, Mar 6 2026",10:45 PM,Spring
P-07 Whiskey Business,25,P-01 Matcha and Serve,18,P-04,StarCenter Multisport - Farmers Branch (Court 14),"Fri, Mar 6 2026",10:45 PM,Spring
P-08 Baddie baddie shot o’clock,25,P-02 Serve Me Daddy,17,P-05,StarCenter Multisport - Farmers Branch (Court 15),"Fri, Mar 6 2026",10:45 PM,Spring
P-08 Baddie baddie shot o’clock,25,P-02 Serve Me Daddy,23,P-05,StarCenter Multisport - Farmers Branch (Court 15),"Fri, Mar 6 2026",10:45 PM,Spring
P-05 Pour Decisions,13,P-01 Matcha and Serve,25,P-09,StarCenter Multisport - Farmers Branch (Court 14),"Fri, Mar 20 2026",7:00 PM,Spring
P-05 Pour Decisions,18,P-01 Matcha and Serve,23,P-09,StarCenter Multisport - Farmers Branch (Court 14),"Fri, Mar 20 2026",7:00 PM,Spring
P-04 Aperol Spikez,25,P-03 Serving Neat and Naked,23,P-08,StarCenter Multisport - Farmers Branch (Court 15),"Fri, Mar 20 2026",7:00 PM,Spring
P-04 Aperol Spikez,23,P-03 Serving Neat and Naked,23,P-08,StarCenter Multisport - Farmers Branch (Court 15),"Fri, Mar 20 2026",7:00 PM,Spring
P-09 Don Julio’s,25,P-05 Pour Decisions,11,P-01,StarCenter Multisport - Farmers Branch (Court 14),"Fri, Mar 20 2026",7:45 PM,Spring
P-09 Don Julio’s,25,P-05 Pour Decisions,6,P-01,StarCenter Multisport - Farmers Branch (Court 14),"Fri, Mar 20 2026",7:45 PM,Spring
P-08 Baddie baddie shot o’clock,17,P-04 Aperol Spikez,25,P-03,StarCenter Multisport - Farmers Branch (Court 15),"Fri, Mar 20 2026",7:45 PM,Spring
P-08 Baddie baddie shot o’clock,25,P-04 Aperol Spikez,23,P-03,StarCenter Multisport - Farmers Branch (Court 15),"Fri, Mar 20 2026",7:45 PM,Spring
P-09 Don Julio’s,25,P-01 Matcha and Serve,6,P-05,StarCenter Multisport - Farmers Branch (Court 14),"Fri, Mar 20 2026",8:30 PM,Spring
P-09 Don Julio’s,25,P-01 Matcha and Serve,13,P-05,StarCenter Multisport - Farmers Branch (Court 14),"Fri, Mar 20 2026",8:30 PM,Spring
P-08 Baddie baddie shot o’clock,25,P-03 Serving Neat and Naked,23,P-04,StarCenter Multisport - Farmers Branch (Court 15),"Fri, Mar 20 2026",8:30 PM,Spring
P-08 Baddie baddie shot o’clock,25,P-03 Serving Neat and Naked,20,P-04,StarCenter Multisport - Farmers Branch (Court 15),"Fri, Mar 20 2026",8:30 PM,Spring
P-06 Six on the Beach,25,P-02 Serve Me Daddy,23,P-07,StarCenter Multisport - Farmers Branch (Court 15),"Fri, Mar 20 2026",9:15 PM,Spring
P-06 Six on the Beach,22,P-02 Serve Me Daddy,18,P-07,StarCenter Multisport - Farmers Branch (Court 15),"Fri, Mar 20 2026",9:15 PM,Spring
P-07 Whiskey Business,25,P-06 Six on the Beach,11,P-02,StarCenter Multisport - Farmers Branch (Court 15),"Fri, Mar 20 2026",10:00 PM,Spring
P-07 Whiskey Business,25,P-06 Six on the Beach,16,P-02,StarCenter Multisport - Farmers Branch (Court 15),"Fri, Mar 20 2026",10:00 PM,Spring
P-07 Whiskey Business,19,P-02 Serve Me Daddy,25,P-06,StarCenter Multisport - Farmers Branch (Court 15),"Fri, Mar 20 2026",10:45 PM,Spring
P-07 Whiskey Business,25,P-02 Serve Me Daddy,16,P-06,StarCenter Multisport - Farmers Branch (Court 15),"Fri, Mar 20 2026",10:45 PM,Spring
P-06 Six on the Beach,16,P-01 Matcha and Serve,25,P-08,StarCenter Multisport - Farmers Branch (Court 15),"Fri, Mar 27 2026",7:00 PM,Spring
P-06 Six on the Beach,16,P-01 Matcha and Serve,17,P-08,StarCenter Multisport - Farmers Branch (Court 15),"Fri, Mar 27 2026",7:00 PM,Spring
P-08 Baddie baddie shot o’clock,19,P-06 Six on the Beach,25,P-01,StarCenter Multisport - Farmers Branch (Court 15),"Fri, Mar 27 2026",7:45 PM,Spring
P-08 Baddie baddie shot o’clock,20,P-06 Six on the Beach,22,P-01,StarCenter Multisport - Farmers Branch (Court 15),"Fri, Mar 27 2026",7:45 PM,Spring
P-08 Baddie baddie shot o’clock,19,P-01 Matcha and Serve,25,P-06,StarCenter Multisport - Farmers Branch (Court 15),"Fri, Mar 27 2026",8:30 PM,Spring
P-08 Baddie baddie shot o’clock,24,P-01 Matcha and Serve,22,P-06,StarCenter Multisport - Farmers Branch (Court 15),"Fri, Mar 27 2026",8:30 PM,Spring
P-05 Pour Decisions,0,P-03 Serving Neat and Naked,25,P-07,StarCenter Multisport - Farmers Branch (Court 14),"Fri, Mar 27 2026",9:15 PM,Spring
P-05 Pour Decisions,0,P-03 Serving Neat and Naked,25,P-07,StarCenter Multisport - Farmers Branch (Court 14),"Fri, Mar 27 2026",9:15 PM,Spring
P-04 Aperol Spikez,23,P-02 Serve Me Daddy,25,P-09,StarCenter Multisport - Farmers Branch (Court 15),"Fri, Mar 27 2026",9:15 PM,Spring
P-04 Aperol Spikez,20,P-02 Serve Me Daddy,17,P-09,StarCenter Multisport - Farmers Branch (Court 15),"Fri, Mar 27 2026",9:15 PM,Spring
P-07 Whiskey Business,25,P-05 Pour Decisions,0,P-03,StarCenter Multisport - Farmers Branch (Court 14),"Fri, Mar 27 2026",10:00 PM,Spring
P-07 Whiskey Business,25,P-05 Pour Decisions,0,P-03,StarCenter Multisport - Farmers Branch (Court 14),"Fri, Mar 27 2026",10:00 PM,Spring
P-09 Don Julio’s,22,P-04 Aperol Spikez,25,P-02,StarCenter Multisport - Farmers Branch (Court 15),"Fri, Mar 27 2026",10:00 PM,Spring
P-09 Don Julio’s,25,P-04 Aperol Spikez,14,P-02,StarCenter Multisport - Farmers Branch (Court 15),"Fri, Mar 27 2026",10:00 PM,Spring
P-07 Whiskey Business,25,P-03 Serving Neat and Naked,15,P-05,StarCenter Multisport - Farmers Branch (Court 14),"Fri, Mar 27 2026",10:45 PM,Spring
P-07 Whiskey Business,23,P-03 Serving Neat and Naked,25,P-05,StarCenter Multisport - Farmers Branch (Court 14),"Fri, Mar 27 2026",10:45 PM,Spring
P-09 Don Julio’s,25,P-02 Serve Me Daddy,14,P-04,StarCenter Multisport - Farmers Branch (Court 15),"Fri, Mar 27 2026",10:45 PM,Spring
P-09 Don Julio’s,27,P-02 Serve Me Daddy,25,P-04,StarCenter Multisport - Farmers Branch (Court 15),"Fri, Mar 27 2026",10:45 PM,Spring
P-08 Baddie baddie shot o’clock,10,P-07 Whiskey Business,25,P-09,StarCenter Multisport - Farmers Branch (Court 14),"Fri, Apr 10 2026",7:00 PM,Spring
P-08 Baddie baddie shot o’clock,24,P-07 Whiskey Business,25,P-09,StarCenter Multisport - Farmers Branch (Court 14),"Fri, Apr 10 2026",7:00 PM,Spring
P-02 Serve Me Daddy,25,P-01 Matcha and Serve,14,P-03,StarCenter Multisport - Farmers Branch (Court 15),"Fri, Apr 10 2026",7:00 PM,Spring
P-02 Serve Me Daddy,25,P-01 Matcha and Serve,21,P-03,StarCenter Multisport - Farmers Branch (Court 15),"Fri, Apr 10 2026",7:00 PM,Spring
P-09 Don Julio’s,14,P-08 Baddie baddie shot o’clock,25,P-07,StarCenter Multisport - Farmers Branch (Court 14),"Fri, Apr 10 2026",7:45 PM,Spring
P-09 Don Julio’s,22,P-08 Baddie baddie shot o’clock,22,P-07,StarCenter Multisport - Farmers Branch (Court 14),"Fri, Apr 10 2026",7:45 PM,Spring
P-03 Serving Neat and Naked,26,P-02 Serve Me Daddy,24,P-01,StarCenter Multisport - Farmers Branch (Court 15),"Fri, Apr 10 2026",7:45 PM,Spring
P-03 Serving Neat and Naked,14,P-02 Serve Me Daddy,16,P-01,StarCenter Multisport - Farmers Branch (Court 15),"Fri, Apr 10 2026",7:45 PM,Spring
P-09 Don Julio’s,25,P-07 Whiskey Business,23,P-08,StarCenter Multisport - Farmers Branch (Court 14),"Fri, Apr 10 2026",8:30 PM,Spring
P-09 Don Julio’s,17,P-07 Whiskey Business,16,P-08,StarCenter Multisport - Farmers Branch (Court 14),"Fri, Apr 10 2026",8:30 PM,Spring
P-03 Serving Neat and Naked,25,P-01 Matcha and Serve,21,P-02,StarCenter Multisport - Farmers Branch (Court 15),"Fri, Apr 10 2026",8:30 PM,Spring
P-03 Serving Neat and Naked,25,P-01 Matcha and Serve,17,P-02,StarCenter Multisport - Farmers Branch (Court 15),"Fri, Apr 10 2026",8:30 PM,Spring
P-05 Pour Decisions,17,P-04 Aperol Spikez,25,P-06,StarCenter Multisport - Farmers Branch (Court 15),"Fri, Apr 10 2026",9:15 PM,Spring
P-05 Pour Decisions,21,P-04 Aperol Spikez,25,P-06,StarCenter Multisport - Farmers Branch (Court 15),"Fri, Apr 10 2026",9:15 PM,Spring
P-06 Six on the Beach,25,P-05 Pour Decisions,19,P-04,StarCenter Multisport - Farmers Branch (Court 15),"Fri, Apr 10 2026",10:00 PM,Spring
P-06 Six on the Beach,20,P-05 Pour Decisions,25,P-04,StarCenter Multisport - Farmers Branch (Court 15),"Fri, Apr 10 2026",10:00 PM,Spring
P-06 Six on the Beach,25,P-04 Aperol Spikez,20,P-05,StarCenter Multisport - Farmers Branch (Court 15),"Fri, Apr 10 2026",10:45 PM,Spring
P-06 Six on the Beach,17,P-04 Aperol Spikez,25,P-05,StarCenter Multisport - Farmers Branch (Court 15),"Fri, Apr 10 2026",10:45 PM,Spring
P-05 Pour Decisions,0,P-02 Serve Me Daddy,25,P-08,StarCenter Multisport - North Lake (Court 15),"Fri, Apr 17 2026",7:00 PM,Spring
P-05 Pour Decisions,0,P-02 Serve Me Daddy,25,P-08,StarCenter Multisport - North Lake (Court 15),"Fri, Apr 17 2026",7:00 PM,Spring
P-08 Baddie baddie shot o’clock,25,P-05 Pour Decisions,0,P-02,StarCenter Multisport - North Lake (Court 15),"Fri, Apr 17 2026",7:45 PM,Spring
P-08 Baddie baddie shot o’clock,25,P-05 Pour Decisions,0,P-02,StarCenter Multisport - North Lake (Court 15),"Fri, Apr 17 2026",7:45 PM,Spring
P-08 Baddie baddie shot o’clock,25,P-02 Serve Me Daddy,23,P-05,StarCenter Multisport - North Lake (Court 15),"Fri, Apr 17 2026",8:30 PM,Spring
P-08 Baddie baddie shot o’clock,25,P-02 Serve Me Daddy,13,P-05,StarCenter Multisport - North Lake (Court 15),"Fri, Apr 17 2026",8:30 PM,Spring
P-06 Six on the Beach,27,P-03 Serving Neat and Naked,26,P-09,StarCenter Multisport - North Lake (Court 14),"Fri, Apr 17 2026",9:15 PM,Spring
P-06 Six on the Beach,6,P-03 Serving Neat and Naked,11,P-09,StarCenter Multisport - North Lake (Court 14),"Fri, Apr 17 2026",9:15 PM,Spring
P-04 Aperol Spikez,25,P-01 Matcha and Serve,0,P-07,StarCenter Multisport - North Lake (Court 15),"Fri, Apr 17 2026",9:15 PM,Spring
P-04 Aperol Spikez,25,P-01 Matcha and Serve,0,P-07,StarCenter Multisport - North Lake (Court 15),"Fri, Apr 17 2026",9:15 PM,Spring
P-09 Don Julio’s,20,P-06 Six on the Beach,25,P-03,StarCenter Multisport - North Lake (Court 14),"Fri, Apr 17 2026",10:00 PM,Spring
P-09 Don Julio’s,16,P-06 Six on the Beach,19,P-03,StarCenter Multisport - North Lake (Court 14),"Fri, Apr 17 2026",10:00 PM,Spring
P-07 Whiskey Business,25,P-04 Aperol Spikez,15,P-01,StarCenter Multisport - North Lake (Court 15),"Fri, Apr 17 2026",10:00 PM,Spring
P-07 Whiskey Business,25,P-04 Aperol Spikez,19,P-01,StarCenter Multisport - North Lake (Court 15),"Fri, Apr 17 2026",10:00 PM,Spring
P-09 Don Julio’s,25,P-03 Serving Neat and Naked,13,P-06,StarCenter Multisport - North Lake (Court 14),"Fri, Apr 17 2026",10:45 PM,Spring
P-09 Don Julio’s,25,P-03 Serving Neat and Naked,19,P-06,StarCenter Multisport - North Lake (Court 14),"Fri, Apr 17 2026",10:45 PM,Spring
P-07 Whiskey Business,25,P-01 Matcha and Serve,0,P-04,StarCenter Multisport - North Lake (Court 15),"Fri, Apr 17 2026",10:45 PM,Spring
P-07 Whiskey Business,25,P-01 Matcha and Serve,0,P-04,StarCenter Multisport - North Lake (Court 15),"Fri, Apr 17 2026",10:45 PM,Spring
P-04 Aperol Spikez,25,P-03 Serving Neat and Naked,15,P-08,StarCenter Multisport - Farmers Branch (Court 14),"Fri, Apr 24 2026",7:00 PM,Spring
P-04 Aperol Spikez,25,P-03 Serving Neat and Naked,15,P-08,StarCenter Multisport - Farmers Branch (Court 14),"Fri, Apr 24 2026",7:00 PM,Spring
P-06 Six on the Beach,15,P-02 Serve Me Daddy,25,P-07,StarCenter Multisport - Farmers Branch (Court 15),"Fri, Apr 24 2026",7:00 PM,Spring
P-06 Six on the Beach,16,P-02 Serve Me Daddy,20,P-07,StarCenter Multisport - Farmers Branch (Court 15),"Fri, Apr 24 2026",7:00 PM,Spring
P-08 Baddie baddie shot o’clock,25,P-04 Aperol Spikez,15,P-03,StarCenter Multisport - Farmers Branch (Court 14),"Fri, Apr 24 2026",7:45 PM,Spring
P-08 Baddie baddie shot o’clock,25,P-04 Aperol Spikez,18,P-03,StarCenter Multisport - Farmers Branch (Court 14),"Fri, Apr 24 2026",7:45 PM,Spring
P-07 Whiskey Business,25,P-06 Six on the Beach,22,P-02,StarCenter Multisport - Farmers Branch (Court 15),"Fri, Apr 24 2026",7:45 PM,Spring
P-07 Whiskey Business,22,P-06 Six on the Beach,19,P-02,StarCenter Multisport - Farmers Branch (Court 15),"Fri, Apr 24 2026",7:45 PM,Spring
P-08 Baddie baddie shot o’clock,25,P-03 Serving Neat and Naked,22,P-04,StarCenter Multisport - Farmers Branch (Court 14),"Fri, Apr 24 2026",8:30 PM,Spring
P-08 Baddie baddie shot o’clock,25,P-03 Serving Neat and Naked,16,P-04,StarCenter Multisport - Farmers Branch (Court 14),"Fri, Apr 24 2026",8:30 PM,Spring
P-07 Whiskey Business,20,P-02 Serve Me Daddy,25,P-06,StarCenter Multisport - Farmers Branch (Court 15),"Fri, Apr 24 2026",8:30 PM,Spring
P-07 Whiskey Business,17,P-02 Serve Me Daddy,19,P-06,StarCenter Multisport - Farmers Branch (Court 15),"Fri, Apr 24 2026",8:30 PM,Spring
P-05 Pour Decisions,21,P-01 Matcha and Serve,25,P-09,StarCenter Multisport - Farmers Branch (Court 15),"Fri, Apr 24 2026",9:15 PM,Spring
P-05 Pour Decisions,19,P-01 Matcha and Serve,23,P-09,StarCenter Multisport - Farmers Branch (Court 15),"Fri, Apr 24 2026",9:15 PM,Spring
P-09 Don Julio’s,25,P-05 Pour Decisions,19,P-01,StarCenter Multisport - Farmers Branch (Court 15),"Fri, Apr 24 2026",10:00 PM,Spring
P-09 Don Julio’s,25,P-05 Pour Decisions,12,P-01,StarCenter Multisport - Farmers Branch (Court 15),"Fri, Apr 24 2026",10:00 PM,Spring
P-09 Don Julio’s,25,P-01 Matcha and Serve,12,P-05,StarCenter Multisport - Farmers Branch (Court 15),"Fri, Apr 24 2026",10:45 PM,Spring
P-09 Don Julio’s,22,P-01 Matcha and Serve,25,P-05,StarCenter Multisport - Farmers Branch (Court 15),"Fri, Apr 24 2026",10:45 PM,Spring
P-02 Serve Me Daddy,,P-01 Matcha and Serve,,P-03,StarCenter Multisport - Farmers Branch (Court 14),"Fri, May 1 2026",7:00 PM,Spring
P-02 Serve Me Daddy,,P-01 Matcha and Serve,,P-03,StarCenter Multisport - Farmers Branch (Court 14),"Fri, May 1 2026",7:00 PM,Spring
P-05 Pour Decisions,,P-04 Aperol Spikez,,P-06,StarCenter Multisport - Farmers Branch (Court 15),"Fri, May 1 2026",7:00 PM,Spring
P-05 Pour Decisions,,P-04 Aperol Spikez,,P-06,StarCenter Multisport - Farmers Branch (Court 15),"Fri, May 1 2026",7:00 PM,Spring
P-03 Serving Neat and Naked,,P-02 Serve Me Daddy,,P-01,StarCenter Multisport - Farmers Branch (Court 14),"Fri, May 1 2026",7:45 PM,Spring
P-03 Serving Neat and Naked,,P-02 Serve Me Daddy,,P-01,StarCenter Multisport - Farmers Branch (Court 14),"Fri, May 1 2026",7:45 PM,Spring
P-06 Six on the Beach,,P-05 Pour Decisions,,P-04,StarCenter Multisport - Farmers Branch (Court 15),"Fri, May 1 2026",7:45 PM,Spring
P-06 Six on the Beach,,P-05 Pour Decisions,,P-04,StarCenter Multisport - Farmers Branch (Court 15),"Fri, May 1 2026",7:45 PM,Spring
P-03 Serving Neat and Naked,,P-01 Matcha and Serve,,P-02,StarCenter Multisport - Farmers Branch (Court 14),"Fri, May 1 2026",8:30 PM,Spring
P-03 Serving Neat and Naked,,P-01 Matcha and Serve,,P-02,StarCenter Multisport - Farmers Branch (Court 14),"Fri, May 1 2026",8:30 PM,Spring
P-06 Six on the Beach,,P-04 Aperol Spikez,,P-05,StarCenter Multisport - Farmers Branch (Court 15),"Fri, May 1 2026",8:30 PM,Spring
P-06 Six on the Beach,,P-04 Aperol Spikez,,P-05,StarCenter Multisport - Farmers Branch (Court 15),"Fri, May 1 2026",8:30 PM,Spring
P-08 Baddie baddie shot o’clock,,P-07 Whiskey Business,,P-09,StarCenter Multisport - Farmers Branch (Court 15),"Fri, May 1 2026",9:15 PM,Spring
P-08 Baddie baddie shot o’clock,,P-07 Whiskey Business,,P-09,StarCenter Multisport - Farmers Branch (Court 15),"Fri, May 1 2026",9:15 PM,Spring
P-09 Don Julio’s,,P-08 Baddie baddie shot o’clock,,P-07,StarCenter Multisport - Farmers Branch (Court 15),"Fri, May 1 2026",10:00 PM,Spring
P-09 Don Julio’s,,P-08 Baddie baddie shot o’clock,,P-07,StarCenter Multisport - Farmers Branch (Court 15),"Fri, May 1 2026",10:00 PM,Spring
P-09 Don Julio’s,,P-07 Whiskey Business,,P-08,StarCenter Multisport - Farmers Branch (Court 15),"Fri, May 1 2026",10:45 PM,Spring
P-09 Don Julio’s,,P-07 Whiskey Business,,P-08,StarCenter Multisport - Farmers Branch (Court 15),"Fri, May 1 2026",10:45 PM,Spring
R-08 Spikesus,12,R-06 Pegasets,25,,StarCenter Multisport - Farmers Branch (Court 1),"Fri, Jan 30 2026",7:00 PM,Spring
R-08 Spikesus,23,R-06 Pegasets,25,,StarCenter Multisport - Farmers Branch (Court 1),"Fri, Jan 30 2026",7:00 PM,Spring
R-01 Dragon Slayers,20,R-08 Spikesus,25,,StarCenter Multisport - Farmers Branch (Court 1),"Fri, Jan 30 2026",7:45 PM,Spring
R-01 Dragon Slayers,21,R-08 Spikesus,25,,StarCenter Multisport - Farmers Branch (Court 1),"Fri, Jan 30 2026",7:45 PM,Spring
R-01 Dragon Slayers,20,R-06 Pegasets,25,,StarCenter Multisport - Farmers Branch (Court 1),"Fri, Jan 30 2026",8:30 PM,Spring
R-01 Dragon Slayers,18,R-06 Pegasets,25,,StarCenter Multisport - Farmers Branch (Court 1),"Fri, Jan 30 2026",8:30 PM,Spring
R-02 KrakenBalls,27,R-09 Volley Valkyries,25,,StarCenter Multisport - Farmers Branch (Court 1),"Fri, Jan 30 2026",9:15 PM,Spring
R-02 KrakenBalls,18,R-09 Volley Valkyries,17,,StarCenter Multisport - Farmers Branch (Court 1),"Fri, Jan 30 2026",9:15 PM,Spring
R-07 Blockness Monsters,25,R-04 Digfoot,20,,StarCenter Multisport - Farmers Branch (Court 2),"Fri, Jan 30 2026",9:15 PM,Spring
R-07 Blockness Monsters,23,R-04 Digfoot,18,,StarCenter Multisport - Farmers Branch (Court 2),"Fri, Jan 30 2026",9:15 PM,Spring
R-05 Blockunawa,25,R-02 KrakenBalls,27,,StarCenter Multisport - Farmers Branch (Court 1),"Fri, Jan 30 2026",10:00 PM,Spring
R-05 Blockunawa,9,R-02 KrakenBalls,25,,StarCenter Multisport - Farmers Branch (Court 1),"Fri, Jan 30 2026",10:00 PM,Spring
R-03 Serverus,14,R-07 Blockness Monsters,25,,StarCenter Multisport - Farmers Branch (Court 2),"Fri, Jan 30 2026",10:00 PM,Spring
R-03 Serverus,13,R-07 Blockness Monsters,25,,StarCenter Multisport - Farmers Branch (Court 2),"Fri, Jan 30 2026",10:00 PM,Spring
R-05 Blockunawa,18,R-09 Volley Valkyries,25,,StarCenter Multisport - Farmers Branch (Court 1),"Fri, Jan 30 2026",10:45 PM,Spring
R-05 Blockunawa,18,R-09 Volley Valkyries,25,,StarCenter Multisport - Farmers Branch (Court 1),"Fri, Jan 30 2026",10:45 PM,Spring
R-03 Serverus,27,R-04 Digfoot,26,,StarCenter Multisport - Farmers Branch (Court 2),"Fri, Jan 30 2026",10:45 PM,Spring
R-03 Serverus,25,R-04 Digfoot,15,,StarCenter Multisport - Farmers Branch (Court 2),"Fri, Jan 30 2026",10:45 PM,Spring
R-03 Serverus,17,R-01 Dragon Slayers,25,,StarCenter Multisport - Farmers Branch (Court 1),"Fri, Feb 6 2026",7:00 PM,Spring
R-03 Serverus,13,R-01 Dragon Slayers,25,,StarCenter Multisport - Farmers Branch (Court 1),"Fri, Feb 6 2026",7:00 PM,Spring
R-09 Volley Valkyries,25,R-07 Blockness Monsters,16,,StarCenter Multisport - Farmers Branch (Court 2),"Fri, Feb 6 2026",7:00 PM,Spring
R-09 Volley Valkyries,25,R-07 Blockness Monsters,13,,StarCenter Multisport - Farmers Branch (Court 2),"Fri, Feb 6 2026",7:00 PM,Spring
R-05 Blockunawa,25,R-03 Serverus,16,,StarCenter Multisport - Farmers Branch (Court 1),"Fri, Feb 6 2026",7:45 PM,Spring
R-05 Blockunawa,25,R-03 Serverus,16,,StarCenter Multisport - Farmers Branch (Court 1),"Fri, Feb 6 2026",7:45 PM,Spring
R-06 Pegasets,18,R-09 Volley Valkyries,25,,StarCenter Multisport - Farmers Branch (Court 2),"Fri, Feb 6 2026",7:45 PM,Spring
R-06 Pegasets,23,R-09 Volley Valkyries,25,,StarCenter Multisport - Farmers Branch (Court 2),"Fri, Feb 6 2026",7:45 PM,Spring
R-05 Blockunawa,25,R-01 Dragon Slayers,21,,StarCenter Multisport - Farmers Branch (Court 1),"Fri, Feb 6 2026",8:30 PM,Spring
R-05 Blockunawa,24,R-01 Dragon Slayers,25,,StarCenter Multisport - Farmers Branch (Court 1),"Fri, Feb 6 2026",8:30 PM,Spring
R-06 Pegasets,25,R-07 Blockness Monsters,22,,StarCenter Multisport - Farmers Branch (Court 2),"Fri, Feb 6 2026",8:30 PM,Spring
R-06 Pegasets,25,R-07 Blockness Monsters,22,,StarCenter Multisport - Farmers Branch (Court 2),"Fri, Feb 6 2026",8:30 PM,Spring
R-02 KrakenBalls,25,R-08 Spikesus,23,,StarCenter Multisport - Farmers Branch (Court 1),"Fri, Feb 6 2026",9:15 PM,Spring
R-02 KrakenBalls,22,R-08 Spikesus,25,,StarCenter Multisport - Farmers Branch (Court 1),"Fri, Feb 6 2026",9:15 PM,Spring
R-04 Digfoot,16,R-02 KrakenBalls,25,,StarCenter Multisport - Farmers Branch (Court 1),"Fri, Feb 6 2026",10:00 PM,Spring
R-04 Digfoot,14,R-02 KrakenBalls,25,,StarCenter Multisport - Farmers Branch (Court 1),"Fri, Feb 6 2026",10:00 PM,Spring
R-04 Digfoot,15,R-08 Spikesus,25,,StarCenter Multisport - Farmers Branch (Court 1),"Fri, Feb 6 2026",10:45 PM,Spring
R-04 Digfoot,13,R-08 Spikesus,25,,StarCenter Multisport - Farmers Branch (Court 1),"Fri, Feb 6 2026",10:45 PM,Spring
R-04 Digfoot,19,R-01 Dragon Slayers,25,,StarCenter Multisport - Farmers Branch (Court 1),"Fri, Feb 20 2026",7:00 PM,Spring
R-04 Digfoot,18,R-01 Dragon Slayers,25,,StarCenter Multisport - Farmers Branch (Court 1),"Fri, Feb 20 2026",7:00 PM,Spring
R-09 Volley Valkyries,25,R-04 Digfoot,20,,StarCenter Multisport - Farmers Branch (Court 1),"Fri, Feb 20 2026",7:45 PM,Spring
R-09 Volley Valkyries,23,R-04 Digfoot,25,,StarCenter Multisport - Farmers Branch (Court 1),"Fri, Feb 20 2026",7:45 PM,Spring
R-09 Volley Valkyries,25,R-01 Dragon Slayers,21,,StarCenter Multisport - Farmers Branch (Court 1),"Fri, Feb 20 2026",8:30 PM,Spring
R-09 Volley Valkyries,23,R-01 Dragon Slayers,17,,StarCenter Multisport - Farmers Branch (Court 1),"Fri, Feb 20 2026",8:30 PM,Spring
R-02 KrakenBalls,18,R-06 Pegasets,25,,StarCenter Multisport - Farmers Branch (Court 1),"Fri, Feb 20 2026",9:15 PM,Spring
R-02 KrakenBalls,21,R-06 Pegasets,25,,StarCenter Multisport - Farmers Branch (Court 1),"Fri, Feb 20 2026",9:15 PM,Spring
R-08 Spikesus,25,R-07 Blockness Monsters,10,,StarCenter Multisport - Farmers Branch (Court 2),"Fri, Feb 20 2026",9:15 PM,Spring
R-08 Spikesus,17,R-07 Blockness Monsters,25,,StarCenter Multisport - Farmers Branch (Court 2),"Fri, Feb 20 2026",9:15 PM,Spring
R-03 Serverus,20,R-02 KrakenBalls,25,,StarCenter Multisport - Farmers Branch (Court 1),"Fri, Feb 20 2026",10:00 PM,Spring
R-03 Serverus,20,R-02 KrakenBalls,25,,StarCenter Multisport - Farmers Branch (Court 1),"Fri, Feb 20 2026",10:00 PM,Spring
R-05 Blockunawa,17,R-08 Spikesus,25,,StarCenter Multisport - Farmers Branch (Court 2),"Fri, Feb 20 2026",10:00 PM,Spring
R-05 Blockunawa,16,R-08 Spikesus,25,,StarCenter Multisport - Farmers Branch (Court 2),"Fri, Feb 20 2026",10:00 PM,Spring
R-03 Serverus,12,R-06 Pegasets,25,,StarCenter Multisport - Farmers Branch (Court 1),"Fri, Feb 20 2026",10:45 PM,Spring
R-03 Serverus,6,R-06 Pegasets,25,,StarCenter Multisport - Farmers Branch (Court 1),"Fri, Feb 20 2026",10:45 PM,Spring
R-05 Blockunawa,25,R-07 Blockness Monsters,23,,StarCenter Multisport - Farmers Branch (Court 2),"Fri, Feb 20 2026",10:45 PM,Spring
R-05 Blockunawa,25,R-07 Blockness Monsters,23,,StarCenter Multisport - Farmers Branch (Court 2),"Fri, Feb 20 2026",10:45 PM,Spring
R-04 Digfoot,9,R-02 KrakenBalls,25,,StarCenter Multisport - Farmers Branch (Court 1),"Fri, Feb 27 2026",7:00 PM,Spring
R-04 Digfoot,11,R-02 KrakenBalls,25,,StarCenter Multisport - Farmers Branch (Court 1),"Fri, Feb 27 2026",7:00 PM,Spring
R-08 Spikesus,16,R-03 Serverus,25,,StarCenter Multisport - Farmers Branch (Court 2),"Fri, Feb 27 2026",7:00 PM,Spring
R-08 Spikesus,25,R-03 Serverus,12,,StarCenter Multisport - Farmers Branch (Court 2),"Fri, Feb 27 2026",7:00 PM,Spring
R-07 Blockness Monsters,19,R-04 Digfoot,25,,StarCenter Multisport - Farmers Branch (Court 1),"Fri, Feb 27 2026",7:45 PM,Spring
R-07 Blockness Monsters,6,R-04 Digfoot,25,,StarCenter Multisport - Farmers Branch (Court 1),"Fri, Feb 27 2026",7:45 PM,Spring
R-09 Volley Valkyries,25,R-08 Spikesus,18,,StarCenter Multisport - Farmers Branch (Court 2),"Fri, Feb 27 2026",7:45 PM,Spring
R-09 Volley Valkyries,25,R-08 Spikesus,9,,StarCenter Multisport - Farmers Branch (Court 2),"Fri, Feb 27 2026",7:45 PM,Spring
R-07 Blockness Monsters,25,R-02 KrakenBalls,14,,StarCenter Multisport - Farmers Branch (Court 1),"Fri, Feb 27 2026",8:30 PM,Spring
R-07 Blockness Monsters,25,R-02 KrakenBalls,18,,StarCenter Multisport - Farmers Branch (Court 1),"Fri, Feb 27 2026",8:30 PM,Spring
R-09 Volley Valkyries,25,R-03 Serverus,15,,StarCenter Multisport - Farmers Branch (Court 2),"Fri, Feb 27 2026",8:30 PM,Spring
R-09 Volley Valkyries,25,R-03 Serverus,17,,StarCenter Multisport - Farmers Branch (Court 2),"Fri, Feb 27 2026",8:30 PM,Spring
R-01 Dragon Slayers,10,R-06 Pegasets,25,,StarCenter Multisport - Farmers Branch (Court 1),"Fri, Feb 27 2026",9:15 PM,Spring
R-01 Dragon Slayers,25,R-06 Pegasets,27,,StarCenter Multisport - Farmers Branch (Court 1),"Fri, Feb 27 2026",9:15 PM,Spring
R-05 Blockunawa,25,R-01 Dragon Slayers,21,,StarCenter Multisport - Farmers Branch (Court 1),"Fri, Feb 27 2026",10:00 PM,Spring
R-05 Blockunawa,10,R-01 Dragon Slayers,25,,StarCenter Multisport - Farmers Branch (Court 1),"Fri, Feb 27 2026",10:00 PM,Spring
R-05 Blockunawa,25,R-06 Pegasets,23,,StarCenter Multisport - Farmers Branch (Court 1),"Fri, Feb 27 2026",10:45 PM,Spring
R-05 Blockunawa,14,R-06 Pegasets,25,,StarCenter Multisport - Farmers Branch (Court 1),"Fri, Feb 27 2026",10:45 PM,Spring
R-05 Blockunawa,25,R-02 KrakenBalls,21,,StarCenter Multisport - Farmers Branch (Court 1),"Fri, Mar 6 2026",7:00 PM,Spring
R-05 Blockunawa,25,R-02 KrakenBalls,22,,StarCenter Multisport - Farmers Branch (Court 1),"Fri, Mar 6 2026",7:00 PM,Spring
R-08 Spikesus,27,R-05 Blockunawa,25,,StarCenter Multisport - Farmers Branch (Court 1),"Fri, Mar 6 2026",7:45 PM,Spring
R-08 Spikesus,13,R-05 Blockunawa,25,,StarCenter Multisport - Farmers Branch (Court 1),"Fri, Mar 6 2026",7:45 PM,Spring
R-08 Spikesus,25,R-02 KrakenBalls,19,,StarCenter Multisport - Farmers Branch (Court 1),"Fri, Mar 6 2026",8:30 PM,Spring
R-08 Spikesus,25,R-02 KrakenBalls,23,,StarCenter Multisport - Farmers Branch (Court 1),"Fri, Mar 6 2026",8:30 PM,Spring
R-09 Volley Valkyries,25,R-04 Digfoot,15,,StarCenter Multisport - Farmers Branch (Court 1),"Fri, Mar 6 2026",9:15 PM,Spring
R-09 Volley Valkyries,25,R-04 Digfoot,16,,StarCenter Multisport - Farmers Branch (Court 1),"Fri, Mar 6 2026",9:15 PM,Spring
R-06 Pegasets,25,R-03 Serverus,20,,StarCenter Multisport - Farmers Branch (Court 2),"Fri, Mar 6 2026",9:15 PM,Spring
R-06 Pegasets,17,R-03 Serverus,25,,StarCenter Multisport - Farmers Branch (Court 2),"Fri, Mar 6 2026",9:15 PM,Spring
R-01 Dragon Slayers,24,R-09 Volley Valkyries,26,,StarCenter Multisport - Farmers Branch (Court 1),"Fri, Mar 6 2026",10:00 PM,Spring
R-01 Dragon Slayers,18,R-09 Volley Valkyries,20,,StarCenter Multisport - Farmers Branch (Court 1),"Fri, Mar 6 2026",10:00 PM,Spring
R-07 Blockness Monsters,23,R-06 Pegasets,25,,StarCenter Multisport - Farmers Branch (Court 2),"Fri, Mar 6 2026",10:00 PM,Spring
R-07 Blockness Monsters,19,R-06 Pegasets,21,,StarCenter Multisport - Farmers Branch (Court 2),"Fri, Mar 6 2026",10:00 PM,Spring
R-01 Dragon Slayers,25,R-04 Digfoot,15,,StarCenter Multisport - Farmers Branch (Court 1),"Fri, Mar 6 2026",10:45 PM,Spring
R-01 Dragon Slayers,25,R-04 Digfoot,22,,StarCenter Multisport - Farmers Branch (Court 1),"Fri, Mar 6 2026",10:45 PM,Spring
R-07 Blockness Monsters,25,R-03 Serverus,19,,StarCenter Multisport - Farmers Branch (Court 2),"Fri, Mar 6 2026",10:45 PM,Spring
R-07 Blockness Monsters,25,R-03 Serverus,21,,StarCenter Multisport - Farmers Branch (Court 2),"Fri, Mar 6 2026",10:45 PM,Spring
R-06 Pegasets,25,R-02 KrakenBalls,18,,StarCenter Multisport - Farmers Branch (Court 1),"Fri, Mar 20 2026",7:00 PM,Spring
R-06 Pegasets,25,R-02 KrakenBalls,16,,StarCenter Multisport - Farmers Branch (Court 1),"Fri, Mar 20 2026",7:00 PM,Spring
R-03 Serverus,25,R-05 Blockunawa,21,,StarCenter Multisport - Farmers Branch (Court 2),"Fri, Mar 20 2026",7:00 PM,Spring
R-03 Serverus,22,R-05 Blockunawa,23,,StarCenter Multisport - Farmers Branch (Court 2),"Fri, Mar 20 2026",7:00 PM,Spring
R-09 Volley Valkyries,25,R-06 Pegasets,15,,StarCenter Multisport - Farmers Branch (Court 1),"Fri, Mar 20 2026",7:45 PM,Spring
R-09 Volley Valkyries,25,R-06 Pegasets,17,,StarCenter Multisport - Farmers Branch (Court 1),"Fri, Mar 20 2026",7:45 PM,Spring
R-04 Digfoot,19,R-03 Serverus,25,,StarCenter Multisport - Farmers Branch (Court 2),"Fri, Mar 20 2026",7:45 PM,Spring
R-04 Digfoot,25,R-03 Serverus,22,,StarCenter Multisport - Farmers Branch (Court 2),"Fri, Mar 20 2026",7:45 PM,Spring
R-09 Volley Valkyries,25,R-02 KrakenBalls,18,,StarCenter Multisport - Farmers Branch (Court 1),"Fri, Mar 20 2026",8:30 PM,Spring
R-09 Volley Valkyries,25,R-02 KrakenBalls,15,,StarCenter Multisport - Farmers Branch (Court 1),"Fri, Mar 20 2026",8:30 PM,Spring
R-04 Digfoot,19,R-05 Blockunawa,25,,StarCenter Multisport - Farmers Branch (Court 2),"Fri, Mar 20 2026",8:30 PM,Spring
R-04 Digfoot,25,R-05 Blockunawa,21,,StarCenter Multisport - Farmers Branch (Court 2),"Fri, Mar 20 2026",8:30 PM,Spring
R-07 Blockness Monsters,12,R-01 Dragon Slayers,25,,StarCenter Multisport - Farmers Branch (Court 1),"Fri, Mar 20 2026",9:15 PM,Spring
R-07 Blockness Monsters,16,R-01 Dragon Slayers,25,,StarCenter Multisport - Farmers Branch (Court 1),"Fri, Mar 20 2026",9:15 PM,Spring
R-08 Spikesus,26,R-07 Blockness Monsters,24,,StarCenter Multisport - Farmers Branch (Court 1),"Fri, Mar 20 2026",10:00 PM,Spring
R-08 Spikesus,19,R-07 Blockness Monsters,25,,StarCenter Multisport - Farmers Branch (Court 1),"Fri, Mar 20 2026",10:00 PM,Spring
R-08 Spikesus,21,R-01 Dragon Slayers,25,,StarCenter Multisport - Farmers Branch (Court 1),"Fri, Mar 20 2026",10:45 PM,Spring
R-08 Spikesus,25,R-01 Dragon Slayers,22,,StarCenter Multisport - Farmers Branch (Court 1),"Fri, Mar 20 2026",10:45 PM,Spring
R-03 Serverus,25,R-02 KrakenBalls,27,,StarCenter Multisport - Farmers Branch (Court 1),"Fri, Mar 27 2026",7:00 PM,Spring
R-03 Serverus,25,R-02 KrakenBalls,23,,StarCenter Multisport - Farmers Branch (Court 1),"Fri, Mar 27 2026",7:00 PM,Spring
R-01 Dragon Slayers,25,R-03 Serverus,10,,StarCenter Multisport - Farmers Branch (Court 1),"Fri, Mar 27 2026",7:45 PM,Spring
R-01 Dragon Slayers,25,R-03 Serverus,18,,StarCenter Multisport - Farmers Branch (Court 1),"Fri, Mar 27 2026",7:45 PM,Spring
R-01 Dragon Slayers,25,R-02 KrakenBalls,15,,StarCenter Multisport - Farmers Branch (Court 1),"Fri, Mar 27 2026",8:30 PM,Spring
R-01 Dragon Slayers,25,R-02 KrakenBalls,23,,StarCenter Multisport - Farmers Branch (Court 1),"Fri, Mar 27 2026",8:30 PM,Spring
R-04 Digfoot,21,R-08 Spikesus,25,,StarCenter Multisport - Farmers Branch (Court 1),"Fri, Mar 27 2026",9:15 PM,Spring
R-04 Digfoot,9,R-08 Spikesus,25,,StarCenter Multisport - Farmers Branch (Court 1),"Fri, Mar 27 2026",9:15 PM,Spring
R-07 Blockness Monsters,12,R-05 Blockunawa,25,,StarCenter Multisport - Farmers Branch (Court 2),"Fri, Mar 27 2026",9:15 PM,Spring
R-07 Blockness Monsters,25,R-05 Blockunawa,19,,StarCenter Multisport - Farmers Branch (Court 2),"Fri, Mar 27 2026",9:15 PM,Spring
R-06 Pegasets,25,R-04 Digfoot,13,,StarCenter Multisport - Farmers Branch (Court 1),"Fri, Mar 27 2026",10:00 PM,Spring
R-06 Pegasets,25,R-04 Digfoot,14,,StarCenter Multisport - Farmers Branch (Court 1),"Fri, Mar 27 2026",10:00 PM,Spring
R-09 Volley Valkyries,25,R-07 Blockness Monsters,19,,StarCenter Multisport - Farmers Branch (Court 2),"Fri, Mar 27 2026",10:00 PM,Spring
R-09 Volley Valkyries,21,R-07 Blockness Monsters,24,,StarCenter Multisport - Farmers Branch (Court 2),"Fri, Mar 27 2026",10:00 PM,Spring
R-06 Pegasets,25,R-08 Spikesus,16,,StarCenter Multisport - Farmers Branch (Court 1),"Fri, Mar 27 2026",10:45 PM,Spring
R-06 Pegasets,25,R-08 Spikesus,16,,StarCenter Multisport - Farmers Branch (Court 1),"Fri, Mar 27 2026",10:45 PM,Spring
R-09 Volley Valkyries,21,R-05 Blockunawa,25,,StarCenter Multisport - Farmers Branch (Court 2),"Fri, Mar 27 2026",10:45 PM,Spring
R-09 Volley Valkyries,25,R-05 Blockunawa,16,,StarCenter Multisport - Farmers Branch (Court 2),"Fri, Mar 27 2026",10:45 PM,Spring
R-04 Digfoot,25,R-03 Serverus,17,,StarCenter Multisport - Farmers Branch (Court 1),"Fri, Apr 10 2026",7:00 PM,Spring
R-04 Digfoot,25,R-03 Serverus,21,,StarCenter Multisport - Farmers Branch (Court 1),"Fri, Apr 10 2026",7:00 PM,Spring
R-06 Pegasets,25,R-09 Volley Valkyries,22,,StarCenter Multisport - Farmers Branch (Court 2),"Fri, Apr 10 2026",7:00 PM,Spring
R-06 Pegasets,12,R-09 Volley Valkyries,25,,StarCenter Multisport - Farmers Branch (Court 2),"Fri, Apr 10 2026",7:00 PM,Spring
R-07 Blockness Monsters,25,R-04 Digfoot,21,,StarCenter Multisport - Farmers Branch (Court 1),"Fri, Apr 10 2026",7:45 PM,Spring
R-07 Blockness Monsters,25,R-04 Digfoot,12,,StarCenter Multisport - Farmers Branch (Court 1),"Fri, Apr 10 2026",7:45 PM,Spring
R-08 Spikesus,20,R-06 Pegasets,25,,StarCenter Multisport - Farmers Branch (Court 2),"Fri, Apr 10 2026",7:45 PM,Spring
R-08 Spikesus,15,R-06 Pegasets,25,,StarCenter Multisport - Farmers Branch (Court 2),"Fri, Apr 10 2026",7:45 PM,Spring
R-07 Blockness Monsters,25,R-03 Serverus,11,,StarCenter Multisport - Farmers Branch (Court 1),"Fri, Apr 10 2026",8:30 PM,Spring
R-07 Blockness Monsters,21,R-03 Serverus,25,,StarCenter Multisport - Farmers Branch (Court 1),"Fri, Apr 10 2026",8:30 PM,Spring
R-08 Spikesus,17,R-09 Volley Valkyries,25,,StarCenter Multisport - Farmers Branch (Court 2),"Fri, Apr 10 2026",8:30 PM,Spring
R-08 Spikesus,18,R-09 Volley Valkyries,25,,StarCenter Multisport - Farmers Branch (Court 2),"Fri, Apr 10 2026",8:30 PM,Spring
R-01 Dragon Slayers,26,R-05 Blockunawa,24,,StarCenter Multisport - Farmers Branch (Court 1),"Fri, Apr 10 2026",9:15 PM,Spring
R-01 Dragon Slayers,20,R-05 Blockunawa,24,,StarCenter Multisport - Farmers Branch (Court 1),"Fri, Apr 10 2026",9:15 PM,Spring
R-02 KrakenBalls,25,R-01 Dragon Slayers,23,,StarCenter Multisport - Farmers Branch (Court 1),"Fri, Apr 10 2026",10:00 PM,Spring
R-02 KrakenBalls,25,R-01 Dragon Slayers,21,,StarCenter Multisport - Farmers Branch (Court 1),"Fri, Apr 10 2026",10:00 PM,Spring
R-02 KrakenBalls,18,R-05 Blockunawa,25,,StarCenter Multisport - Farmers Branch (Court 1),"Fri, Apr 10 2026",10:45 PM,Spring
R-02 KrakenBalls,25,R-05 Blockunawa,15,,StarCenter Multisport - Farmers Branch (Court 1),"Fri, Apr 10 2026",10:45 PM,Spring
R-05 Blockunawa,12,R-09 Volley Valkyries,25,,StarCenter Multisport - North Lake (Court 1),"Fri, Apr 17 2026",7:00 PM,Spring
R-05 Blockunawa,20,R-09 Volley Valkyries,25,,StarCenter Multisport - North Lake (Court 1),"Fri, Apr 17 2026",7:00 PM,Spring
R-07 Blockness Monsters,17,R-05 Blockunawa,25,,StarCenter Multisport - North Lake (Court 1),"Fri, Apr 17 2026",7:45 PM,Spring
R-07 Blockness Monsters,25,R-05 Blockunawa,14,,StarCenter Multisport - North Lake (Court 1),"Fri, Apr 17 2026",7:45 PM,Spring
R-07 Blockness Monsters,26,R-09 Volley Valkyries,27,,StarCenter Multisport - North Lake (Court 1),"Fri, Apr 17 2026",8:30 PM,Spring
R-07 Blockness Monsters,21,R-09 Volley Valkyries,12,,StarCenter Multisport - North Lake (Court 1),"Fri, Apr 17 2026",8:30 PM,Spring
R-03 Serverus,20,R-01 Dragon Slayers,25,,StarCenter Multisport - North Lake (Court 1),"Fri, Apr 17 2026",9:15 PM,Spring
R-03 Serverus,18,R-01 Dragon Slayers,25,,StarCenter Multisport - North Lake (Court 1),"Fri, Apr 17 2026",9:15 PM,Spring
R-06 Pegasets,25,R-04 Digfoot,23,,StarCenter Multisport - North Lake (Court 2),"Fri, Apr 17 2026",9:15 PM,Spring
R-06 Pegasets,18,R-04 Digfoot,23,,StarCenter Multisport - North Lake (Court 2),"Fri, Apr 17 2026",9:15 PM,Spring
R-08 Spikesus,22,R-03 Serverus,25,,StarCenter Multisport - North Lake (Court 1),"Fri, Apr 17 2026",10:00 PM,Spring
R-08 Spikesus,25,R-03 Serverus,14,,StarCenter Multisport - North Lake (Court 1),"Fri, Apr 17 2026",10:00 PM,Spring
R-02 KrakenBalls,25,R-06 Pegasets,17,,StarCenter Multisport - North Lake (Court 2),"Fri, Apr 17 2026",10:00 PM,Spring
R-02 KrakenBalls,25,R-06 Pegasets,7,,StarCenter Multisport - North Lake (Court 2),"Fri, Apr 17 2026",10:00 PM,Spring
R-08 Spikesus,14,R-01 Dragon Slayers,25,,StarCenter Multisport - North Lake (Court 1),"Fri, Apr 17 2026",10:45 PM,Spring
R-08 Spikesus,24,R-01 Dragon Slayers,26,,StarCenter Multisport - North Lake (Court 1),"Fri, Apr 17 2026",10:45 PM,Spring
R-02 KrakenBalls,25,R-04 Digfoot,14,,StarCenter Multisport - North Lake (Court 2),"Fri, Apr 17 2026",10:45 PM,Spring
R-02 KrakenBalls,25,R-04 Digfoot,14,,StarCenter Multisport - North Lake (Court 2),"Fri, Apr 17 2026",10:45 PM,Spring
R-07 Blockness Monsters,25,R-06 Pegasets,22,,StarCenter Multisport - Farmers Branch (Court 1),"Fri, Apr 24 2026",7:00 PM,Spring
R-07 Blockness Monsters,14,R-06 Pegasets,25,,StarCenter Multisport - Farmers Branch (Court 1),"Fri, Apr 24 2026",7:00 PM,Spring
R-08 Spikesus,27,R-05 Blockunawa,26,,StarCenter Multisport - Farmers Branch (Court 2),"Fri, Apr 24 2026",7:00 PM,Spring
R-08 Spikesus,15,R-05 Blockunawa,25,,StarCenter Multisport - Farmers Branch (Court 2),"Fri, Apr 24 2026",7:00 PM,Spring
R-01 Dragon Slayers,15,R-07 Blockness Monsters,25,,StarCenter Multisport - Farmers Branch (Court 1),"Fri, Apr 24 2026",7:45 PM,Spring
R-01 Dragon Slayers,23,R-07 Blockness Monsters,25,,StarCenter Multisport - Farmers Branch (Court 1),"Fri, Apr 24 2026",7:45 PM,Spring
R-04 Digfoot,22,R-08 Spikesus,25,,StarCenter Multisport - Farmers Branch (Court 2),"Fri, Apr 24 2026",7:45 PM,Spring
R-04 Digfoot,23,R-08 Spikesus,25,,StarCenter Multisport - Farmers Branch (Court 2),"Fri, Apr 24 2026",7:45 PM,Spring
R-01 Dragon Slayers,23,R-06 Pegasets,25,,StarCenter Multisport - Farmers Branch (Court 1),"Fri, Apr 24 2026",8:30 PM,Spring
R-01 Dragon Slayers,21,R-06 Pegasets,23,,StarCenter Multisport - Farmers Branch (Court 1),"Fri, Apr 24 2026",8:30 PM,Spring
R-04 Digfoot,20,R-05 Blockunawa,25,,StarCenter Multisport - Farmers Branch (Court 2),"Fri, Apr 24 2026",8:30 PM,Spring
R-04 Digfoot,24,R-05 Blockunawa,26,,StarCenter Multisport - Farmers Branch (Court 2),"Fri, Apr 24 2026",8:30 PM,Spring
R-09 Volley Valkyries,25,R-03 Serverus,11,,StarCenter Multisport - Farmers Branch (Court 1),"Fri, Apr 24 2026",9:15 PM,Spring
R-09 Volley Valkyries,25,R-03 Serverus,6,,StarCenter Multisport - Farmers Branch (Court 1),"Fri, Apr 24 2026",9:15 PM,Spring
R-02 KrakenBalls,26,R-09 Volley Valkyries,24,,StarCenter Multisport - Farmers Branch (Court 1),"Fri, Apr 24 2026",10:00 PM,Spring
R-02 KrakenBalls,19,R-09 Volley Valkyries,22,,StarCenter Multisport - Farmers Branch (Court 1),"Fri, Apr 24 2026",10:00 PM,Spring
R-02 KrakenBalls,25,R-03 Serverus,16,,StarCenter Multisport - Farmers Branch (Court 1),"Fri, Apr 24 2026",10:45 PM,Spring
R-02 KrakenBalls,25,R-03 Serverus,14,,StarCenter Multisport - Farmers Branch (Court 1),"Fri, Apr 24 2026",10:45 PM,Spring
R-01 Dragon Slayers,,R-07 Blockness Monsters,,,StarCenter Multisport - Farmers Branch (Court 1),"Fri, May 1 2026",7:00 PM,Spring
R-01 Dragon Slayers,,R-07 Blockness Monsters,,,StarCenter Multisport - Farmers Branch (Court 1),"Fri, May 1 2026",7:00 PM,Spring
R-05 Blockunawa,,R-04 Digfoot,,,StarCenter Multisport - Farmers Branch (Court 2),"Fri, May 1 2026",7:00 PM,Spring
R-05 Blockunawa,,R-04 Digfoot,,,StarCenter Multisport - Farmers Branch (Court 2),"Fri, May 1 2026",7:00 PM,Spring
R-02 KrakenBalls,,R-01 Dragon Slayers,,,StarCenter Multisport - Farmers Branch (Court 1),"Fri, May 1 2026",7:45 PM,Spring
R-02 KrakenBalls,,R-01 Dragon Slayers,,,StarCenter Multisport - Farmers Branch (Court 1),"Fri, May 1 2026",7:45 PM,Spring
R-06 Pegasets,,R-05 Blockunawa,,,StarCenter Multisport - Farmers Branch (Court 2),"Fri, May 1 2026",7:45 PM,Spring
R-06 Pegasets,,R-05 Blockunawa,,,StarCenter Multisport - Farmers Branch (Court 2),"Fri, May 1 2026",7:45 PM,Spring
R-02 KrakenBalls,,R-07 Blockness Monsters,,,StarCenter Multisport - Farmers Branch (Court 1),"Fri, May 1 2026",8:30 PM,Spring
R-02 KrakenBalls,,R-07 Blockness Monsters,,,StarCenter Multisport - Farmers Branch (Court 1),"Fri, May 1 2026",8:30 PM,Spring
R-06 Pegasets,,R-04 Digfoot,,,StarCenter Multisport - Farmers Branch (Court 2),"Fri, May 1 2026",8:30 PM,Spring
R-06 Pegasets,,R-04 Digfoot,,,StarCenter Multisport - Farmers Branch (Court 2),"Fri, May 1 2026",8:30 PM,Spring
R-09 Volley Valkyries,,R-08 Spikesus,,,StarCenter Multisport - Farmers Branch (Court 1),"Fri, May 1 2026",9:15 PM,Spring
R-09 Volley Valkyries,,R-08 Spikesus,,,StarCenter Multisport - Farmers Branch (Court 1),"Fri, May 1 2026",9:15 PM,Spring
R-03 Serverus,,R-09 Volley Valkyries,,,StarCenter Multisport - Farmers Branch (Court 1),"Fri, May 1 2026",10:00 PM,Spring
R-03 Serverus,,R-09 Volley Valkyries,,,StarCenter Multisport - Farmers Branch (Court 1),"Fri, May 1 2026",10:00 PM,Spring
R-03 Serverus,,R-08 Spikesus,,,StarCenter Multisport - Farmers Branch (Court 1),"Fri, May 1 2026",10:45 PM,Spring
R-03 Serverus,,R-08 Spikesus,,,StarCenter Multisport - Farmers Branch (Court 1),"Fri, May 1 2026",10:45 PM,Spring
S-12 - Anti-Block Heroes,16,S-11 - Cap'n C*nt,25,S-08,StarCenter Multisport - Farmers Branch (Court 8),"Fri, Jan 30 2026",7:00 PM,Spring
S-12 - Anti-Block Heroes,12,S-11 - Cap'n C*nt,25,S-08,StarCenter Multisport - Farmers Branch (Court 8),"Fri, Jan 30 2026",7:00 PM,Spring
S-16 - Frosted Tips,25,S-13 - Ace Krispies,20,S-10,StarCenter Multisport - Farmers Branch (Court 9),"Fri, Jan 30 2026",7:00 PM,Spring
S-16 - Frosted Tips,20,S-13 - Ace Krispies,18,S-10,StarCenter Multisport - Farmers Branch (Court 9),"Fri, Jan 30 2026",7:00 PM,Spring
S-17 - Honey Bunches of Floats,26,S-14 - Chex Appeal,24,S-04,StarCenter Multisport - Farmers Branch (Court 10),"Fri, Jan 30 2026",7:00 PM,Spring
S-17 - Honey Bunches of Floats,15,S-14 - Chex Appeal,25,S-04,StarCenter Multisport - Farmers Branch (Court 10),"Fri, Jan 30 2026",7:00 PM,Spring
S-08 - Cereal Killers,20,S-12 - Anti-Block Heroes,25,S-11,StarCenter Multisport - Farmers Branch (Court 8),"Fri, Jan 30 2026",7:45 PM,Spring
S-08 - Cereal Killers,16,S-12 - Anti-Block Heroes,12,S-11,StarCenter Multisport - Farmers Branch (Court 8),"Fri, Jan 30 2026",7:45 PM,Spring
S-10 - Count Blockula,25,S-16 - Frosted Tips,15,S-13,StarCenter Multisport - Farmers Branch (Court 9),"Fri, Jan 30 2026",7:45 PM,Spring
S-10 - Count Blockula,25,S-16 - Frosted Tips,14,S-13,StarCenter Multisport - Farmers Branch (Court 9),"Fri, Jan 30 2026",7:45 PM,Spring
S-04 - Sets With Me,26,S-17 - Honey Bunches of Floats,24,S-14,StarCenter Multisport - Farmers Branch (Court 10),"Fri, Jan 30 2026",7:45 PM,Spring
S-04 - Sets With Me,23,S-17 - Honey Bunches of Floats,12,S-14,StarCenter Multisport - Farmers Branch (Court 10),"Fri, Jan 30 2026",7:45 PM,Spring
S-08 - Cereal Killers,25,S-11 - Cap'n C*nt,18,S-12,StarCenter Multisport - Farmers Branch (Court 8),"Fri, Jan 30 2026",8:30 PM,Spring
S-08 - Cereal Killers,22,S-11 - Cap'n C*nt,21,S-12,StarCenter Multisport - Farmers Branch (Court 8),"Fri, Jan 30 2026",8:30 PM,Spring
S-10 - Count Blockula,25,S-13 - Ace Krispies,13,S-16,StarCenter Multisport - Farmers Branch (Court 9),"Fri, Jan 30 2026",8:30 PM,Spring
S-10 - Count Blockula,25,S-13 - Ace Krispies,13,S-16,StarCenter Multisport - Farmers Branch (Court 9),"Fri, Jan 30 2026",8:30 PM,Spring
S-04 - Sets With Me,25,S-14 - Chex Appeal,21,S-17,StarCenter Multisport - Farmers Branch (Court 10),"Fri, Jan 30 2026",8:30 PM,Spring
S-04 - Sets With Me,12,S-14 - Chex Appeal,16,S-17,StarCenter Multisport - Farmers Branch (Court 10),"Fri, Jan 30 2026",8:30 PM,Spring
S-15 - Kanine Krunchies,22,S-07 - Heavy Is The Crown,25,S-03,StarCenter Multisport - Farmers Branch (Court 8),"Fri, Jan 30 2026",9:15 PM,Spring
S-15 - Kanine Krunchies,20,S-07 - Heavy Is The Crown,6,S-03,StarCenter Multisport - Farmers Branch (Court 8),"Fri, Jan 30 2026",9:15 PM,Spring
S-01 - Oops I Hit It Again,17,S-09 - Honey Nut Cheeri-Hoes,25,S-02,StarCenter Multisport - Farmers Branch (Court 9),"Fri, Jan 30 2026",9:15 PM,Spring
S-01 - Oops I Hit It Again,18,S-09 - Honey Nut Cheeri-Hoes,25,S-02,StarCenter Multisport - Farmers Branch (Court 9),"Fri, Jan 30 2026",9:15 PM,Spring
"S-05 - My Set, My Quick (Spike It!)",17,S-18 - Spike Krispies,25,S-06,StarCenter Multisport - Farmers Branch (Court 10),"Fri, Jan 30 2026",9:15 PM,Spring
"S-05 - My Set, My Quick (Spike It!)",21,S-18 - Spike Krispies,23,S-06,StarCenter Multisport - Farmers Branch (Court 10),"Fri, Jan 30 2026",9:15 PM,Spring
S-03 - Call Me If You Get Blocked,8,S-15 - Kanine Krunchies,25,S-07,StarCenter Multisport - Farmers Branch (Court 8),"Fri, Jan 30 2026",10:00 PM,Spring
S-03 - Call Me If You Get Blocked,22,S-15 - Kanine Krunchies,25,S-07,StarCenter Multisport - Farmers Branch (Court 8),"Fri, Jan 30 2026",10:00 PM,Spring
S-02 - I Write Sets Not Tragedies,23,S-01 - Oops I Hit It Again,25,S-09,StarCenter Multisport - Farmers Branch (Court 9),"Fri, Jan 30 2026",10:00 PM,Spring
S-02 - I Write Sets Not Tragedies,25,S-01 - Oops I Hit It Again,23,S-09,StarCenter Multisport - Farmers Branch (Court 9),"Fri, Jan 30 2026",10:00 PM,Spring
S-06 - Frosted Freaks,25,"S-05 - My Set, My Quick (Spike It!)",17,S-18,StarCenter Multisport - Farmers Branch (Court 10),"Fri, Jan 30 2026",10:00 PM,Spring
S-06 - Frosted Freaks,25,"S-05 - My Set, My Quick (Spike It!)",16,S-18,StarCenter Multisport - Farmers Branch (Court 10),"Fri, Jan 30 2026",10:00 PM,Spring
S-03 - Call Me If You Get Blocked,23,S-07 - Heavy Is The Crown,25,S-15,StarCenter Multisport - Farmers Branch (Court 8),"Fri, Jan 30 2026",10:45 PM,Spring
S-03 - Call Me If You Get Blocked,13,S-07 - Heavy Is The Crown,17,S-15,StarCenter Multisport - Farmers Branch (Court 8),"Fri, Jan 30 2026",10:45 PM,Spring
S-02 - I Write Sets Not Tragedies,23,S-09 - Honey Nut Cheeri-Hoes,25,S-01,StarCenter Multisport - Farmers Branch (Court 9),"Fri, Jan 30 2026",10:45 PM,Spring
S-02 - I Write Sets Not Tragedies,18,S-09 - Honey Nut Cheeri-Hoes,15,S-01,StarCenter Multisport - Farmers Branch (Court 9),"Fri, Jan 30 2026",10:45 PM,Spring
S-06 - Frosted Freaks,22,S-18 - Spike Krispies,25,S-05,StarCenter Multisport - Farmers Branch (Court 10),"Fri, Jan 30 2026",10:45 PM,Spring
S-06 - Frosted Freaks,15,S-18 - Spike Krispies,18,S-05,StarCenter Multisport - Farmers Branch (Court 10),"Fri, Jan 30 2026",10:45 PM,Spring
S-15 - Kanine Krunchies,22,S-08 - Cereal Killers,25,S-05,StarCenter Multisport - Farmers Branch (Court 8),"Fri, Feb 6 2026",7:00 PM,Spring
S-15 - Kanine Krunchies,25,S-08 - Cereal Killers,17,S-05,StarCenter Multisport - Farmers Branch (Court 8),"Fri, Feb 6 2026",7:00 PM,Spring
S-06 - Frosted Freaks,22,S-14 - Chex Appeal,25,S-11,StarCenter Multisport - Farmers Branch (Court 9),"Fri, Feb 6 2026",7:00 PM,Spring
S-06 - Frosted Freaks,25,S-14 - Chex Appeal,20,S-11,StarCenter Multisport - Farmers Branch (Court 9),"Fri, Feb 6 2026",7:00 PM,Spring
S-16 - Frosted Tips,25,S-03 - Call Me If You Get Blocked,11,S-01,StarCenter Multisport - Farmers Branch (Court 10),"Fri, Feb 6 2026",7:00 PM,Spring
S-16 - Frosted Tips,22,S-03 - Call Me If You Get Blocked,18,S-01,StarCenter Multisport - Farmers Branch (Court 10),"Fri, Feb 6 2026",7:00 PM,Spring
"S-05 - My Set, My Quick (Spike It!)",17,S-15 - Kanine Krunchies,25,S-08,StarCenter Multisport - Farmers Branch (Court 8),"Fri, Feb 6 2026",7:45 PM,Spring
"S-05 - My Set, My Quick (Spike It!)",19,S-15 - Kanine Krunchies,25,S-08,StarCenter Multisport - Farmers Branch (Court 8),"Fri, Feb 6 2026",7:45 PM,Spring
S-11 - Cap'n C*nt,25,S-06 - Frosted Freaks,19,S-14,StarCenter Multisport - Farmers Branch (Court 9),"Fri, Feb 6 2026",7:45 PM,Spring
S-11 - Cap'n C*nt,25,S-06 - Frosted Freaks,19,S-14,StarCenter Multisport - Farmers Branch (Court 9),"Fri, Feb 6 2026",7:45 PM,Spring
S-01 - Oops I Hit It Again,17,S-16 - Frosted Tips,25,S-03,StarCenter Multisport - Farmers Branch (Court 10),"Fri, Feb 6 2026",7:45 PM,Spring
S-01 - Oops I Hit It Again,17,S-16 - Frosted Tips,25,S-03,StarCenter Multisport - Farmers Branch (Court 10),"Fri, Feb 6 2026",7:45 PM,Spring
"S-05 - My Set, My Quick (Spike It!)",25,S-08 - Cereal Killers,22,S-15,StarCenter Multisport - Farmers Branch (Court 8),"Fri, Feb 6 2026",8:30 PM,Spring
"S-05 - My Set, My Quick (Spike It!)",23,S-08 - Cereal Killers,24,S-15,StarCenter Multisport - Farmers Branch (Court 8),"Fri, Feb 6 2026",8:30 PM,Spring
S-11 - Cap'n C*nt,25,S-14 - Chex Appeal,17,S-06,StarCenter Multisport - Farmers Branch (Court 9),"Fri, Feb 6 2026",8:30 PM,Spring
S-11 - Cap'n C*nt,21,S-14 - Chex Appeal,17,S-06,StarCenter Multisport - Farmers Branch (Court 9),"Fri, Feb 6 2026",8:30 PM,Spring
S-01 - Oops I Hit It Again,25,S-03 - Call Me If You Get Blocked,16,S-16,StarCenter Multisport - Farmers Branch (Court 10),"Fri, Feb 6 2026",8:30 PM,Spring
S-01 - Oops I Hit It Again,17,S-03 - Call Me If You Get Blocked,24,S-16,StarCenter Multisport - Farmers Branch (Court 10),"Fri, Feb 6 2026",8:30 PM,Spring
S-18 - Spike Krispies,26,S-13 - Ace Krispies,27,S-07,StarCenter Multisport - Farmers Branch (Court 8),"Fri, Feb 6 2026",9:15 PM,Spring
S-18 - Spike Krispies,13,S-13 - Ace Krispies,11,S-07,StarCenter Multisport - Farmers Branch (Court 8),"Fri, Feb 6 2026",9:15 PM,Spring
S-02 - I Write Sets Not Tragedies,16,S-10 - Count Blockula,25,S-04,StarCenter Multisport - Farmers Branch (Court 9),"Fri, Feb 6 2026",9:15 PM,Spring
S-02 - I Write Sets Not Tragedies,22,S-10 - Count Blockula,19,S-04,StarCenter Multisport - Farmers Branch (Court 9),"Fri, Feb 6 2026",9:15 PM,Spring
S-12 - Anti-Block Heroes,16,S-09 - Honey Nut Cheeri-Hoes,25,S-17,StarCenter Multisport - Farmers Branch (Court 10),"Fri, Feb 6 2026",9:15 PM,Spring
S-12 - Anti-Block Heroes,21,S-09 - Honey Nut Cheeri-Hoes,17,S-17,StarCenter Multisport - Farmers Branch (Court 10),"Fri, Feb 6 2026",9:15 PM,Spring
S-07 - Heavy Is The Crown,25,S-18 - Spike Krispies,20,S-13,StarCenter Multisport - Farmers Branch (Court 8),"Fri, Feb 6 2026",10:00 PM,Spring
S-07 - Heavy Is The Crown,20,S-18 - Spike Krispies,16,S-13,StarCenter Multisport - Farmers Branch (Court 8),"Fri, Feb 6 2026",10:00 PM,Spring
S-04 - Sets With Me,25,S-02 - I Write Sets Not Tragedies,20,S-10,StarCenter Multisport - Farmers Branch (Court 9),"Fri, Feb 6 2026",10:00 PM,Spring
S-04 - Sets With Me,21,S-02 - I Write Sets Not Tragedies,22,S-10,StarCenter Multisport - Farmers Branch (Court 9),"Fri, Feb 6 2026",10:00 PM,Spring
S-17 - Honey Bunches of Floats,10,S-12 - Anti-Block Heroes,25,S-09,StarCenter Multisport - Farmers Branch (Court 10),"Fri, Feb 6 2026",10:00 PM,Spring
S-17 - Honey Bunches of Floats,22,S-12 - Anti-Block Heroes,25,S-09,StarCenter Multisport - Farmers Branch (Court 10),"Fri, Feb 6 2026",10:00 PM,Spring
S-07 - Heavy Is The Crown,25,S-13 - Ace Krispies,13,S-18,StarCenter Multisport - Farmers Branch (Court 8),"Fri, Feb 6 2026",10:45 PM,Spring
S-07 - Heavy Is The Crown,18,S-13 - Ace Krispies,25,S-18,StarCenter Multisport - Farmers Branch (Court 8),"Fri, Feb 6 2026",10:45 PM,Spring
S-04 - Sets With Me,25,S-10 - Count Blockula,21,S-02,StarCenter Multisport - Farmers Branch (Court 9),"Fri, Feb 6 2026",10:45 PM,Spring
S-04 - Sets With Me,13,S-10 - Count Blockula,23,S-02,StarCenter Multisport - Farmers Branch (Court 9),"Fri, Feb 6 2026",10:45 PM,Spring
S-17 - Honey Bunches of Floats,12,S-09 - Honey Nut Cheeri-Hoes,25,S-12,StarCenter Multisport - Farmers Branch (Court 10),"Fri, Feb 6 2026",10:45 PM,Spring
S-17 - Honey Bunches of Floats,23,S-09 - Honey Nut Cheeri-Hoes,19,S-12,StarCenter Multisport - Farmers Branch (Court 10),"Fri, Feb 6 2026",10:45 PM,Spring
S-08 - Cereal Killers,22,S-18 - Spike Krispies,25,S-14,StarCenter Multisport - Farmers Branch (Court 8),"Fri, Feb 20 2026",7:00 PM,Spring
S-08 - Cereal Killers,13,S-18 - Spike Krispies,18,S-14,StarCenter Multisport - Farmers Branch (Court 8),"Fri, Feb 20 2026",7:00 PM,Spring
S-07 - Heavy Is The Crown,26,S-06 - Frosted Freaks,27,S-17,StarCenter Multisport - Farmers Branch (Court 9),"Fri, Feb 20 2026",7:00 PM,Spring
S-07 - Heavy Is The Crown,17,S-06 - Frosted Freaks,13,S-17,StarCenter Multisport - Farmers Branch (Court 9),"Fri, Feb 20 2026",7:00 PM,Spring
S-02 - I Write Sets Not Tragedies,25,"S-05 - My Set, My Quick (Spike It!)",19,S-03,StarCenter Multisport - Farmers Branch (Court 10),"Fri, Feb 20 2026",7:00 PM,Spring
S-02 - I Write Sets Not Tragedies,25,"S-05 - My Set, My Quick (Spike It!)",16,S-03,StarCenter Multisport - Farmers Branch (Court 10),"Fri, Feb 20 2026",7:00 PM,Spring
S-14 - Chex Appeal,23,S-08 - Cereal Killers,25,S-18,StarCenter Multisport - Farmers Branch (Court 8),"Fri, Feb 20 2026",7:45 PM,Spring
S-14 - Chex Appeal,20,S-08 - Cereal Killers,18,S-18,StarCenter Multisport - Farmers Branch (Court 8),"Fri, Feb 20 2026",7:45 PM,Spring
S-17 - Honey Bunches of Floats,10,S-07 - Heavy Is The Crown,25,S-06,StarCenter Multisport - Farmers Branch (Court 9),"Fri, Feb 20 2026",7:45 PM,Spring
S-17 - Honey Bunches of Floats,19,S-07 - Heavy Is The Crown,25,S-06,StarCenter Multisport - Farmers Branch (Court 9),"Fri, Feb 20 2026",7:45 PM,Spring
S-03 - Call Me If You Get Blocked,22,S-02 - I Write Sets Not Tragedies,25,S-05,StarCenter Multisport - Farmers Branch (Court 10),"Fri, Feb 20 2026",7:45 PM,Spring
S-03 - Call Me If You Get Blocked,11,S-02 - I Write Sets Not Tragedies,25,S-05,StarCenter Multisport - Farmers Branch (Court 10),"Fri, Feb 20 2026",7:45 PM,Spring
S-14 - Chex Appeal,25,S-18 - Spike Krispies,20,S-08,StarCenter Multisport - Farmers Branch (Court 8),"Fri, Feb 20 2026",8:30 PM,Spring
S-14 - Chex Appeal,18,S-18 - Spike Krispies,19,S-08,StarCenter Multisport - Farmers Branch (Court 8),"Fri, Feb 20 2026",8:30 PM,Spring
S-17 - Honey Bunches of Floats,25,S-06 - Frosted Freaks,16,S-07,StarCenter Multisport - Farmers Branch (Court 9),"Fri, Feb 20 2026",8:30 PM,Spring
S-17 - Honey Bunches of Floats,24,S-06 - Frosted Freaks,26,S-07,StarCenter Multisport - Farmers Branch (Court 9),"Fri, Feb 20 2026",8:30 PM,Spring
S-03 - Call Me If You Get Blocked,22,"S-05 - My Set, My Quick (Spike It!)",25,S-02,StarCenter Multisport - Farmers Branch (Court 10),"Fri, Feb 20 2026",8:30 PM,Spring
S-03 - Call Me If You Get Blocked,17,"S-05 - My Set, My Quick (Spike It!)",25,S-02,StarCenter Multisport - Farmers Branch (Court 10),"Fri, Feb 20 2026",8:30 PM,Spring
S-09 - Honey Nut Cheeri-Hoes,13,S-04 - Sets With Me,25,S-16,StarCenter Multisport - Farmers Branch (Court 8),"Fri, Feb 20 2026",9:15 PM,Spring
S-09 - Honey Nut Cheeri-Hoes,17,S-04 - Sets With Me,25,S-16,StarCenter Multisport - Farmers Branch (Court 8),"Fri, Feb 20 2026",9:15 PM,Spring
S-10 - Count Blockula,16,S-15 - Kanine Krunchies,25,S-11,StarCenter Multisport - Farmers Branch (Court 9),"Fri, Feb 20 2026",9:15 PM,Spring
S-10 - Count Blockula,15,S-15 - Kanine Krunchies,25,S-11,StarCenter Multisport - Farmers Branch (Court 9),"Fri, Feb 20 2026",9:15 PM,Spring
S-01 - Oops I Hit It Again,25,S-13 - Ace Krispies,27,S-12,StarCenter Multisport - Farmers Branch (Court 10),"Fri, Feb 20 2026",9:15 PM,Spring
S-01 - Oops I Hit It Again,20,S-13 - Ace Krispies,5,S-12,StarCenter Multisport - Farmers Branch (Court 10),"Fri, Feb 20 2026",9:15 PM,Spring
S-16 - Frosted Tips,25,S-09 - Honey Nut Cheeri-Hoes,27,S-04,StarCenter Multisport - Farmers Branch (Court 8),"Fri, Feb 20 2026",10:00 PM,Spring
S-16 - Frosted Tips,18,S-09 - Honey Nut Cheeri-Hoes,15,S-04,StarCenter Multisport - Farmers Branch (Court 8),"Fri, Feb 20 2026",10:00 PM,Spring
S-11 - Cap'n C*nt,18,S-10 - Count Blockula,25,S-15,StarCenter Multisport - Farmers Branch (Court 9),"Fri, Feb 20 2026",10:00 PM,Spring
S-11 - Cap'n C*nt,20,S-10 - Count Blockula,25,S-15,StarCenter Multisport - Farmers Branch (Court 9),"Fri, Feb 20 2026",10:00 PM,Spring
S-12 - Anti-Block Heroes,26,S-01 - Oops I Hit It Again,27,S-13,StarCenter Multisport - Farmers Branch (Court 10),"Fri, Feb 20 2026",10:00 PM,Spring
S-12 - Anti-Block Heroes,16,S-01 - Oops I Hit It Again,20,S-13,StarCenter Multisport - Farmers Branch (Court 10),"Fri, Feb 20 2026",10:00 PM,Spring
S-16 - Frosted Tips,22,S-04 - Sets With Me,25,S-09,StarCenter Multisport - Farmers Branch (Court 8),"Fri, Feb 20 2026",10:45 PM,Spring
S-16 - Frosted Tips,15,S-04 - Sets With Me,20,S-09,StarCenter Multisport - Farmers Branch (Court 8),"Fri, Feb 20 2026",10:45 PM,Spring
S-11 - Cap'n C*nt,20,S-15 - Kanine Krunchies,25,S-10,StarCenter Multisport - Farmers Branch (Court 9),"Fri, Feb 20 2026",10:45 PM,Spring
S-11 - Cap'n C*nt,25,S-15 - Kanine Krunchies,15,S-10,StarCenter Multisport - Farmers Branch (Court 9),"Fri, Feb 20 2026",10:45 PM,Spring
S-12 - Anti-Block Heroes,20,S-13 - Ace Krispies,25,S-01,StarCenter Multisport - Farmers Branch (Court 10),"Fri, Feb 20 2026",10:45 PM,Spring
S-12 - Anti-Block Heroes,19,S-13 - Ace Krispies,25,S-01,StarCenter Multisport - Farmers Branch (Court 10),"Fri, Feb 20 2026",10:45 PM,Spring
S-16 - Frosted Tips,25,"S-05 - My Set, My Quick (Spike It!)",23,S-17,StarCenter Multisport - Farmers Branch (Court 8),"Fri, Feb 27 2026",7:00 PM,Spring
S-16 - Frosted Tips,16,"S-05 - My Set, My Quick (Spike It!)",21,S-17,StarCenter Multisport - Farmers Branch (Court 8),"Fri, Feb 27 2026",7:00 PM,Spring
S-08 - Cereal Killers,16,S-07 - Heavy Is The Crown,25,S-09,StarCenter Multisport - Farmers Branch (Court 9),"Fri, Feb 27 2026",7:00 PM,Spring
S-08 - Cereal Killers,22,S-07 - Heavy Is The Crown,21,S-09,StarCenter Multisport - Farmers Branch (Court 9),"Fri, Feb 27 2026",7:00 PM,Spring
S-12 - Anti-Block Heroes,24,S-10 - Count Blockula,26,S-14,StarCenter Multisport - Farmers Branch (Court 10),"Fri, Feb 27 2026",7:00 PM,Spring
S-12 - Anti-Block Heroes,21,S-10 - Count Blockula,19,S-14,StarCenter Multisport - Farmers Branch (Court 10),"Fri, Feb 27 2026",7:00 PM,Spring
S-17 - Honey Bunches of Floats,24,S-16 - Frosted Tips,26,S-05,StarCenter Multisport - Farmers Branch (Court 8),"Fri, Feb 27 2026",7:45 PM,Spring
S-17 - Honey Bunches of Floats,10,S-16 - Frosted Tips,20,S-05,StarCenter Multisport - Farmers Branch (Court 8),"Fri, Feb 27 2026",7:45 PM,Spring
S-09 - Honey Nut Cheeri-Hoes,25,S-08 - Cereal Killers,16,S-07,StarCenter Multisport - Farmers Branch (Court 9),"Fri, Feb 27 2026",7:45 PM,Spring
S-09 - Honey Nut Cheeri-Hoes,20,S-08 - Cereal Killers,25,S-07,StarCenter Multisport - Farmers Branch (Court 9),"Fri, Feb 27 2026",7:45 PM,Spring
S-14 - Chex Appeal,10,S-12 - Anti-Block Heroes,25,S-10,StarCenter Multisport - Farmers Branch (Court 10),"Fri, Feb 27 2026",7:45 PM,Spring
S-14 - Chex Appeal,25,S-12 - Anti-Block Heroes,23,S-10,StarCenter Multisport - Farmers Branch (Court 10),"Fri, Feb 27 2026",7:45 PM,Spring
S-17 - Honey Bunches of Floats,17,"S-05 - My Set, My Quick (Spike It!)",25,S-16,StarCenter Multisport - Farmers Branch (Court 8),"Fri, Feb 27 2026",8:30 PM,Spring
S-17 - Honey Bunches of Floats,23,"S-05 - My Set, My Quick (Spike It!)",18,S-16,StarCenter Multisport - Farmers Branch (Court 8),"Fri, Feb 27 2026",8:30 PM,Spring
S-09 - Honey Nut Cheeri-Hoes,21,S-07 - Heavy Is The Crown,25,S-08,StarCenter Multisport - Farmers Branch (Court 9),"Fri, Feb 27 2026",8:30 PM,Spring
S-09 - Honey Nut Cheeri-Hoes,20,S-07 - Heavy Is The Crown,25,S-08,StarCenter Multisport - Farmers Branch (Court 9),"Fri, Feb 27 2026",8:30 PM,Spring
S-14 - Chex Appeal,21,S-10 - Count Blockula,25,S-12,StarCenter Multisport - Farmers Branch (Court 10),"Fri, Feb 27 2026",8:30 PM,Spring
S-14 - Chex Appeal,16,S-10 - Count Blockula,25,S-12,StarCenter Multisport - Farmers Branch (Court 10),"Fri, Feb 27 2026",8:30 PM,Spring
S-11 - Cap'n C*nt,17,S-01 - Oops I Hit It Again,25,S-18,StarCenter Multisport - Farmers Branch (Court 8),"Fri, Feb 27 2026",9:15 PM,Spring
S-11 - Cap'n C*nt,13,S-01 - Oops I Hit It Again,25,S-18,StarCenter Multisport - Farmers Branch (Court 8),"Fri, Feb 27 2026",9:15 PM,Spring
S-06 - Frosted Freaks,22,S-02 - I Write Sets Not Tragedies,25,S-15,StarCenter Multisport - Farmers Branch (Court 9),"Fri, Feb 27 2026",9:15 PM,Spring
S-06 - Frosted Freaks,18,S-02 - I Write Sets Not Tragedies,19,S-15,StarCenter Multisport - Farmers Branch (Court 9),"Fri, Feb 27 2026",9:15 PM,Spring
S-04 - Sets With Me,25,S-03 - Call Me If You Get Blocked,19,S-13,StarCenter Multisport - Farmers Branch (Court 10),"Fri, Feb 27 2026",9:15 PM,Spring
S-04 - Sets With Me,18,S-03 - Call Me If You Get Blocked,25,S-13,StarCenter Multisport - Farmers Branch (Court 10),"Fri, Feb 27 2026",9:15 PM,Spring
S-18 - Spike Krispies,19,S-11 - Cap'n C*nt,25,S-01,StarCenter Multisport - Farmers Branch (Court 8),"Fri, Feb 27 2026",10:00 PM,Spring
S-18 - Spike Krispies,17,S-11 - Cap'n C*nt,25,S-01,StarCenter Multisport - Farmers Branch (Court 8),"Fri, Feb 27 2026",10:00 PM,Spring
S-15 - Kanine Krunchies,25,S-06 - Frosted Freaks,23,S-02,StarCenter Multisport - Farmers Branch (Court 9),"Fri, Feb 27 2026",10:00 PM,Spring
S-15 - Kanine Krunchies,25,S-06 - Frosted Freaks,18,S-02,StarCenter Multisport - Farmers Branch (Court 9),"Fri, Feb 27 2026",10:00 PM,Spring
S-13 - Ace Krispies,23,S-04 - Sets With Me,25,S-03,StarCenter Multisport - Farmers Branch (Court 10),"Fri, Feb 27 2026",10:00 PM,Spring
S-13 - Ace Krispies,13,S-04 - Sets With Me,18,S-03,StarCenter Multisport - Farmers Branch (Court 10),"Fri, Feb 27 2026",10:00 PM,Spring
S-18 - Spike Krispies,22,S-01 - Oops I Hit It Again,25,S-11,StarCenter Multisport - Farmers Branch (Court 8),"Fri, Feb 27 2026",10:45 PM,Spring
S-18 - Spike Krispies,15,S-01 - Oops I Hit It Again,13,S-11,StarCenter Multisport - Farmers Branch (Court 8),"Fri, Feb 27 2026",10:45 PM,Spring
S-15 - Kanine Krunchies,18,S-02 - I Write Sets Not Tragedies,25,S-06,StarCenter Multisport - Farmers Branch (Court 9),"Fri, Feb 27 2026",10:45 PM,Spring
S-15 - Kanine Krunchies,22,S-02 - I Write Sets Not Tragedies,23,S-06,StarCenter Multisport - Farmers Branch (Court 9),"Fri, Feb 27 2026",10:45 PM,Spring
S-13 - Ace Krispies,17,S-03 - Call Me If You Get Blocked,25,S-04,StarCenter Multisport - Farmers Branch (Court 10),"Fri, Feb 27 2026",10:45 PM,Spring
S-13 - Ace Krispies,25,S-03 - Call Me If You Get Blocked,22,S-04,StarCenter Multisport - Farmers Branch (Court 10),"Fri, Feb 27 2026",10:45 PM,Spring
"S-05 - My Set, My Quick (Spike It!)",26,S-01 - Oops I Hit It Again,27,S-10,StarCenter Multisport - Farmers Branch (Court 8),"Fri, Mar 6 2026",7:00 PM,Spring
"S-05 - My Set, My Quick (Spike It!)",22,S-01 - Oops I Hit It Again,23,S-10,StarCenter Multisport - Farmers Branch (Court 8),"Fri, Mar 6 2026",7:00 PM,Spring
S-13 - Ace Krispies,25,S-02 - I Write Sets Not Tragedies,22,S-14,StarCenter Multisport - Farmers Branch (Court 9),"Fri, Mar 6 2026",7:00 PM,Spring
S-13 - Ace Krispies,15,S-02 - I Write Sets Not Tragedies,25,S-14,StarCenter Multisport - Farmers Branch (Court 9),"Fri, Mar 6 2026",7:00 PM,Spring
S-06 - Frosted Freaks,25,S-16 - Frosted Tips,23,S-08,StarCenter Multisport - Farmers Branch (Court 10),"Fri, Mar 6 2026",7:00 PM,Spring
S-06 - Frosted Freaks,19,S-16 - Frosted Tips,25,S-08,StarCenter Multisport - Farmers Branch (Court 10),"Fri, Mar 6 2026",7:00 PM,Spring
S-10 - Count Blockula,25,"S-05 - My Set, My Quick (Spike It!)",14,S-01,StarCenter Multisport - Farmers Branch (Court 8),"Fri, Mar 6 2026",7:45 PM,Spring
S-10 - Count Blockula,25,"S-05 - My Set, My Quick (Spike It!)",13,S-01,StarCenter Multisport - Farmers Branch (Court 8),"Fri, Mar 6 2026",7:45 PM,Spring
S-14 - Chex Appeal,21,S-13 - Ace Krispies,25,S-02,StarCenter Multisport - Farmers Branch (Court 9),"Fri, Mar 6 2026",7:45 PM,Spring
S-14 - Chex Appeal,21,S-13 - Ace Krispies,21,S-02,StarCenter Multisport - Farmers Branch (Court 9),"Fri, Mar 6 2026",7:45 PM,Spring
S-08 - Cereal Killers,25,S-06 - Frosted Freaks,18,S-16,StarCenter Multisport - Farmers Branch (Court 10),"Fri, Mar 6 2026",7:45 PM,Spring
S-08 - Cereal Killers,20,S-06 - Frosted Freaks,22,S-16,StarCenter Multisport - Farmers Branch (Court 10),"Fri, Mar 6 2026",7:45 PM,Spring
S-10 - Count Blockula,25,S-01 - Oops I Hit It Again,13,S-05,StarCenter Multisport - Farmers Branch (Court 8),"Fri, Mar 6 2026",8:30 PM,Spring
S-10 - Count Blockula,23,S-01 - Oops I Hit It Again,25,S-05,StarCenter Multisport - Farmers Branch (Court 8),"Fri, Mar 6 2026",8:30 PM,Spring
S-14 - Chex Appeal,25,S-02 - I Write Sets Not Tragedies,17,S-13,StarCenter Multisport - Farmers Branch (Court 9),"Fri, Mar 6 2026",8:30 PM,Spring
S-14 - Chex Appeal,17,S-02 - I Write Sets Not Tragedies,25,S-13,StarCenter Multisport - Farmers Branch (Court 9),"Fri, Mar 6 2026",8:30 PM,Spring
S-08 - Cereal Killers,25,S-16 - Frosted Tips,15,S-06,StarCenter Multisport - Farmers Branch (Court 10),"Fri, Mar 6 2026",8:30 PM,Spring
S-08 - Cereal Killers,24,S-16 - Frosted Tips,18,S-06,StarCenter Multisport - Farmers Branch (Court 10),"Fri, Mar 6 2026",8:30 PM,Spring
S-17 - Honey Bunches of Floats,11,S-15 - Kanine Krunchies,25,S-18,StarCenter Multisport - Farmers Branch (Court 8),"Fri, Mar 6 2026",9:15 PM,Spring
S-17 - Honey Bunches of Floats,19,S-15 - Kanine Krunchies,25,S-18,StarCenter Multisport - Farmers Branch (Court 8),"Fri, Mar 6 2026",9:15 PM,Spring
S-04 - Sets With Me,11,S-12 - Anti-Block Heroes,25,S-07,StarCenter Multisport - Farmers Branch (Court 9),"Fri, Mar 6 2026",9:15 PM,Spring
S-04 - Sets With Me,20,S-12 - Anti-Block Heroes,22,S-07,StarCenter Multisport - Farmers Branch (Court 9),"Fri, Mar 6 2026",9:15 PM,Spring
S-03 - Call Me If You Get Blocked,12,S-11 - Cap'n C*nt,25,S-09,StarCenter Multisport - Farmers Branch (Court 10),"Fri, Mar 6 2026",9:15 PM,Spring
S-03 - Call Me If You Get Blocked,21,S-11 - Cap'n C*nt,23,S-09,StarCenter Multisport - Farmers Branch (Court 10),"Fri, Mar 6 2026",9:15 PM,Spring
S-18 - Spike Krispies,18,S-17 - Honey Bunches of Floats,25,S-15,StarCenter Multisport - Farmers Branch (Court 8),"Fri, Mar 6 2026",10:00 PM,Spring
S-18 - Spike Krispies,19,S-17 - Honey Bunches of Floats,25,S-15,StarCenter Multisport - Farmers Branch (Court 8),"Fri, Mar 6 2026",10:00 PM,Spring
S-07 - Heavy Is The Crown,21,S-04 - Sets With Me,25,S-12,StarCenter Multisport - Farmers Branch (Court 9),"Fri, Mar 6 2026",10:00 PM,Spring
S-07 - Heavy Is The Crown,17,S-04 - Sets With Me,21,S-12,StarCenter Multisport - Farmers Branch (Court 9),"Fri, Mar 6 2026",10:00 PM,Spring
S-09 - Honey Nut Cheeri-Hoes,20,S-03 - Call Me If You Get Blocked,25,S-11,StarCenter Multisport - Farmers Branch (Court 10),"Fri, Mar 6 2026",10:00 PM,Spring
S-09 - Honey Nut Cheeri-Hoes,16,S-03 - Call Me If You Get Blocked,21,S-11,StarCenter Multisport - Farmers Branch (Court 10),"Fri, Mar 6 2026",10:00 PM,Spring
S-18 - Spike Krispies,16,S-15 - Kanine Krunchies,25,S-17,StarCenter Multisport - Farmers Branch (Court 8),"Fri, Mar 6 2026",10:45 PM,Spring
S-18 - Spike Krispies,23,S-15 - Kanine Krunchies,25,S-17,StarCenter Multisport - Farmers Branch (Court 8),"Fri, Mar 6 2026",10:45 PM,Spring
S-07 - Heavy Is The Crown,19,S-12 - Anti-Block Heroes,25,S-04,StarCenter Multisport - Farmers Branch (Court 9),"Fri, Mar 6 2026",10:45 PM,Spring
S-07 - Heavy Is The Crown,14,S-12 - Anti-Block Heroes,19,S-04,StarCenter Multisport - Farmers Branch (Court 9),"Fri, Mar 6 2026",10:45 PM,Spring
S-09 - Honey Nut Cheeri-Hoes,12,S-11 - Cap'n C*nt,25,S-03,StarCenter Multisport - Farmers Branch (Court 10),"Fri, Mar 6 2026",10:45 PM,Spring
S-09 - Honey Nut Cheeri-Hoes,17,S-11 - Cap'n C*nt,25,S-03,StarCenter Multisport - Farmers Branch (Court 10),"Fri, Mar 6 2026",10:45 PM,Spring
S-03 - Call Me If You Get Blocked,21,S-10 - Count Blockula,25,S-08,StarCenter Multisport - Farmers Branch (Court 8),"Fri, Mar 20 2026",7:00 PM,Spring
S-03 - Call Me If You Get Blocked,22,S-10 - Count Blockula,25,S-08,StarCenter Multisport - Farmers Branch (Court 8),"Fri, Mar 20 2026",7:00 PM,Spring
S-18 - Spike Krispies,25,S-16 - Frosted Tips,0,S-12,StarCenter Multisport - Farmers Branch (Court 9),"Fri, Mar 20 2026",7:00 PM,Spring
S-18 - Spike Krispies,25,S-16 - Frosted Tips,0,S-12,StarCenter Multisport - Farmers Branch (Court 9),"Fri, Mar 20 2026",7:00 PM,Spring
S-14 - Chex Appeal,19,S-07 - Heavy Is The Crown,25,S-05,StarCenter Multisport - Farmers Branch (Court 10),"Fri, Mar 20 2026",7:00 PM,Spring
S-14 - Chex Appeal,13,S-07 - Heavy Is The Crown,17,S-05,StarCenter Multisport - Farmers Branch (Court 10),"Fri, Mar 20 2026",7:00 PM,Spring
S-08 - Cereal Killers,19,S-03 - Call Me If You Get Blocked,25,S-10,StarCenter Multisport - Farmers Branch (Court 8),"Fri, Mar 20 2026",7:45 PM,Spring
S-08 - Cereal Killers,22,S-03 - Call Me If You Get Blocked,23,S-10,StarCenter Multisport - Farmers Branch (Court 8),"Fri, Mar 20 2026",7:45 PM,Spring
S-12 - Anti-Block Heroes,19,S-18 - Spike Krispies,25,S-16,StarCenter Multisport - Farmers Branch (Court 9),"Fri, Mar 20 2026",7:45 PM,Spring
S-12 - Anti-Block Heroes,18,S-18 - Spike Krispies,15,S-16,StarCenter Multisport - Farmers Branch (Court 9),"Fri, Mar 20 2026",7:45 PM,Spring
"S-05 - My Set, My Quick (Spike It!)",26,S-14 - Chex Appeal,27,S-07,StarCenter Multisport - Farmers Branch (Court 10),"Fri, Mar 20 2026",7:45 PM,Spring
"S-05 - My Set, My Quick (Spike It!)",16,S-14 - Chex Appeal,12,S-07,StarCenter Multisport - Farmers Branch (Court 10),"Fri, Mar 20 2026",7:45 PM,Spring
S-08 - Cereal Killers,16,S-10 - Count Blockula,25,S-03,StarCenter Multisport - Farmers Branch (Court 8),"Fri, Mar 20 2026",8:30 PM,Spring
S-08 - Cereal Killers,21,S-10 - Count Blockula,25,S-03,StarCenter Multisport - Farmers Branch (Court 8),"Fri, Mar 20 2026",8:30 PM,Spring
S-12 - Anti-Block Heroes,25,S-16 - Frosted Tips,0,S-18,StarCenter Multisport - Farmers Branch (Court 9),"Fri, Mar 20 2026",8:30 PM,Spring
S-12 - Anti-Block Heroes,25,S-16 - Frosted Tips,0,S-18,StarCenter Multisport - Farmers Branch (Court 9),"Fri, Mar 20 2026",8:30 PM,Spring
"S-05 - My Set, My Quick (Spike It!)",25,S-07 - Heavy Is The Crown,21,S-14,StarCenter Multisport - Farmers Branch (Court 10),"Fri, Mar 20 2026",8:30 PM,Spring
"S-05 - My Set, My Quick (Spike It!)",20,S-07 - Heavy Is The Crown,14,S-14,StarCenter Multisport - Farmers Branch (Court 10),"Fri, Mar 20 2026",8:30 PM,Spring
S-11 - Cap'n C*nt,21,S-02 - I Write Sets Not Tragedies,25,S-17,StarCenter Multisport - Farmers Branch (Court 8),"Fri, Mar 20 2026",9:15 PM,Spring
S-11 - Cap'n C*nt,15,S-02 - I Write Sets Not Tragedies,17,S-17,StarCenter Multisport - Farmers Branch (Court 8),"Fri, Mar 20 2026",9:15 PM,Spring
S-13 - Ace Krispies,26,S-09 - Honey Nut Cheeri-Hoes,27,S-15,StarCenter Multisport - Farmers Branch (Court 9),"Fri, Mar 20 2026",9:15 PM,Spring
S-13 - Ace Krispies,10,S-09 - Honey Nut Cheeri-Hoes,25,S-15,StarCenter Multisport - Farmers Branch (Court 9),"Fri, Mar 20 2026",9:15 PM,Spring
S-04 - Sets With Me,26,S-01 - Oops I Hit It Again,24,S-06,StarCenter Multisport - Farmers Branch (Court 10),"Fri, Mar 20 2026",9:15 PM,Spring
S-04 - Sets With Me,14,S-01 - Oops I Hit It Again,10,S-06,StarCenter Multisport - Farmers Branch (Court 10),"Fri, Mar 20 2026",9:15 PM,Spring
S-17 - Honey Bunches of Floats,9,S-11 - Cap'n C*nt,25,S-02,StarCenter Multisport - Farmers Branch (Court 8),"Fri, Mar 20 2026",10:00 PM,Spring
S-17 - Honey Bunches of Floats,11,S-11 - Cap'n C*nt,25,S-02,StarCenter Multisport - Farmers Branch (Court 8),"Fri, Mar 20 2026",10:00 PM,Spring
S-15 - Kanine Krunchies,25,S-13 - Ace Krispies,17,S-09,StarCenter Multisport - Farmers Branch (Court 9),"Fri, Mar 20 2026",10:00 PM,Spring
S-15 - Kanine Krunchies,25,S-13 - Ace Krispies,17,S-09,StarCenter Multisport - Farmers Branch (Court 9),"Fri, Mar 20 2026",10:00 PM,Spring
S-06 - Frosted Freaks,17,S-04 - Sets With Me,25,S-01,StarCenter Multisport - Farmers Branch (Court 10),"Fri, Mar 20 2026",10:00 PM,Spring
S-06 - Frosted Freaks,25,S-04 - Sets With Me,21,S-01,StarCenter Multisport - Farmers Branch (Court 10),"Fri, Mar 20 2026",10:00 PM,Spring
S-17 - Honey Bunches of Floats,21,S-02 - I Write Sets Not Tragedies,25,S-11,StarCenter Multisport - Farmers Branch (Court 8),"Fri, Mar 20 2026",10:45 PM,Spring
S-17 - Honey Bunches of Floats,21,S-02 - I Write Sets Not Tragedies,25,S-11,StarCenter Multisport - Farmers Branch (Court 8),"Fri, Mar 20 2026",10:45 PM,Spring
S-15 - Kanine Krunchies,25,S-09 - Honey Nut Cheeri-Hoes,15,S-13,StarCenter Multisport - Farmers Branch (Court 9),"Fri, Mar 20 2026",10:45 PM,Spring
S-15 - Kanine Krunchies,25,S-09 - Honey Nut Cheeri-Hoes,13,S-13,StarCenter Multisport - Farmers Branch (Court 9),"Fri, Mar 20 2026",10:45 PM,Spring
S-06 - Frosted Freaks,25,S-01 - Oops I Hit It Again,19,S-04,StarCenter Multisport - Farmers Branch (Court 10),"Fri, Mar 20 2026",10:45 PM,Spring
S-06 - Frosted Freaks,22,S-01 - Oops I Hit It Again,24,S-04,StarCenter Multisport - Farmers Branch (Court 10),"Fri, Mar 20 2026",10:45 PM,Spring
S-07 - Heavy Is The Crown,20,S-06 - Frosted Freaks,25,S-10,StarCenter Multisport - Farmers Branch (Court 8),"Fri, Mar 27 2026",7:00 PM,Spring
S-07 - Heavy Is The Crown,25,S-06 - Frosted Freaks,16,S-10,StarCenter Multisport - Farmers Branch (Court 8),"Fri, Mar 27 2026",7:00 PM,Spring
S-14 - Chex Appeal,25,S-09 - Honey Nut Cheeri-Hoes,23,S-03,StarCenter Multisport - Farmers Branch (Court 9),"Fri, Mar 27 2026",7:00 PM,Spring
S-14 - Chex Appeal,15,S-09 - Honey Nut Cheeri-Hoes,22,S-03,StarCenter Multisport - Farmers Branch (Court 9),"Fri, Mar 27 2026",7:00 PM,Spring
S-11 - Cap'n C*nt,25,"S-05 - My Set, My Quick (Spike It!)",22,S-13,StarCenter Multisport - Farmers Branch (Court 10),"Fri, Mar 27 2026",7:00 PM,Spring
S-11 - Cap'n C*nt,14,"S-05 - My Set, My Quick (Spike It!)",18,S-13,StarCenter Multisport - Farmers Branch (Court 10),"Fri, Mar 27 2026",7:00 PM,Spring
S-10 - Count Blockula,26,S-07 - Heavy Is The Crown,24,S-06,StarCenter Multisport - Farmers Branch (Court 8),"Fri, Mar 27 2026",7:45 PM,Spring
S-10 - Count Blockula,15,S-07 - Heavy Is The Crown,19,S-06,StarCenter Multisport - Farmers Branch (Court 8),"Fri, Mar 27 2026",7:45 PM,Spring
S-03 - Call Me If You Get Blocked,27,S-14 - Chex Appeal,25,S-09,StarCenter Multisport - Farmers Branch (Court 9),"Fri, Mar 27 2026",7:45 PM,Spring
S-03 - Call Me If You Get Blocked,19,S-14 - Chex Appeal,13,S-09,StarCenter Multisport - Farmers Branch (Court 9),"Fri, Mar 27 2026",7:45 PM,Spring
S-13 - Ace Krispies,21,S-11 - Cap'n C*nt,25,S-05,StarCenter Multisport - Farmers Branch (Court 10),"Fri, Mar 27 2026",7:45 PM,Spring
S-13 - Ace Krispies,20,S-11 - Cap'n C*nt,19,S-05,StarCenter Multisport - Farmers Branch (Court 10),"Fri, Mar 27 2026",7:45 PM,Spring
S-10 - Count Blockula,25,S-06 - Frosted Freaks,17,S-07,StarCenter Multisport - Farmers Branch (Court 8),"Fri, Mar 27 2026",8:30 PM,Spring
S-10 - Count Blockula,25,S-06 - Frosted Freaks,22,S-07,StarCenter Multisport - Farmers Branch (Court 8),"Fri, Mar 27 2026",8:30 PM,Spring
S-03 - Call Me If You Get Blocked,25,S-09 - Honey Nut Cheeri-Hoes,17,S-14,StarCenter Multisport - Farmers Branch (Court 9),"Fri, Mar 27 2026",8:30 PM,Spring
S-03 - Call Me If You Get Blocked,25,S-09 - Honey Nut Cheeri-Hoes,19,S-14,StarCenter Multisport - Farmers Branch (Court 9),"Fri, Mar 27 2026",8:30 PM,Spring
S-13 - Ace Krispies,25,"S-05 - My Set, My Quick (Spike It!)",17,S-11,StarCenter Multisport - Farmers Branch (Court 10),"Fri, Mar 27 2026",8:30 PM,Spring
S-13 - Ace Krispies,25,"S-05 - My Set, My Quick (Spike It!)",16,S-11,StarCenter Multisport - Farmers Branch (Court 10),"Fri, Mar 27 2026",8:30 PM,Spring
S-18 - Spike Krispies,25,S-17 - Honey Bunches of Floats,15,S-01,StarCenter Multisport - Farmers Branch (Court 8),"Fri, Mar 27 2026",9:15 PM,Spring
S-18 - Spike Krispies,25,S-17 - Honey Bunches of Floats,10,S-01,StarCenter Multisport - Farmers Branch (Court 8),"Fri, Mar 27 2026",9:15 PM,Spring
S-12 - Anti-Block Heroes,21,S-08 - Cereal Killers,25,S-02,StarCenter Multisport - Farmers Branch (Court 9),"Fri, Mar 27 2026",9:15 PM,Spring
S-12 - Anti-Block Heroes,16,S-08 - Cereal Killers,25,S-02,StarCenter Multisport - Farmers Branch (Court 9),"Fri, Mar 27 2026",9:15 PM,Spring
S-16 - Frosted Tips,19,S-15 - Kanine Krunchies,25,S-04,StarCenter Multisport - Farmers Branch (Court 10),"Fri, Mar 27 2026",9:15 PM,Spring
S-16 - Frosted Tips,15,S-15 - Kanine Krunchies,25,S-04,StarCenter Multisport - Farmers Branch (Court 10),"Fri, Mar 27 2026",9:15 PM,Spring
S-01 - Oops I Hit It Again,25,S-18 - Spike Krispies,15,S-17,StarCenter Multisport - Farmers Branch (Court 8),"Fri, Mar 27 2026",10:00 PM,Spring
S-01 - Oops I Hit It Again,13,S-18 - Spike Krispies,25,S-17,StarCenter Multisport - Farmers Branch (Court 8),"Fri, Mar 27 2026",10:00 PM,Spring
S-02 - I Write Sets Not Tragedies,25,S-12 - Anti-Block Heroes,14,S-08,StarCenter Multisport - Farmers Branch (Court 9),"Fri, Mar 27 2026",10:00 PM,Spring
S-02 - I Write Sets Not Tragedies,25,S-12 - Anti-Block Heroes,14,S-08,StarCenter Multisport - Farmers Branch (Court 9),"Fri, Mar 27 2026",10:00 PM,Spring
S-04 - Sets With Me,16,S-16 - Frosted Tips,25,S-15,StarCenter Multisport - Farmers Branch (Court 10),"Fri, Mar 27 2026",10:00 PM,Spring
S-04 - Sets With Me,17,S-16 - Frosted Tips,18,S-15,StarCenter Multisport - Farmers Branch (Court 10),"Fri, Mar 27 2026",10:00 PM,Spring
S-01 - Oops I Hit It Again,22,S-17 - Honey Bunches of Floats,25,S-18,StarCenter Multisport - Farmers Branch (Court 8),"Fri, Mar 27 2026",10:45 PM,Spring
S-01 - Oops I Hit It Again,23,S-17 - Honey Bunches of Floats,23,S-18,StarCenter Multisport - Farmers Branch (Court 8),"Fri, Mar 27 2026",10:45 PM,Spring
S-02 - I Write Sets Not Tragedies,25,S-08 - Cereal Killers,14,S-12,StarCenter Multisport - Farmers Branch (Court 9),"Fri, Mar 27 2026",10:45 PM,Spring
S-02 - I Write Sets Not Tragedies,12,S-08 - Cereal Killers,25,S-12,StarCenter Multisport - Farmers Branch (Court 9),"Fri, Mar 27 2026",10:45 PM,Spring
S-04 - Sets With Me,21,S-15 - Kanine Krunchies,25,S-16,StarCenter Multisport - Farmers Branch (Court 10),"Fri, Mar 27 2026",10:45 PM,Spring
S-04 - Sets With Me,10,S-15 - Kanine Krunchies,24,S-16,StarCenter Multisport - Farmers Branch (Court 10),"Fri, Mar 27 2026",10:45 PM,Spring
S-18 - Spike Krispies,23,S-14 - Chex Appeal,25,S-02,StarCenter Multisport - Farmers Branch (Court 10),"Fri, Apr 10 2026",7:00 PM,Spring
S-18 - Spike Krispies,19,S-14 - Chex Appeal,10,S-02,StarCenter Multisport - Farmers Branch (Court 10),"Fri, Apr 10 2026",7:00 PM,Spring
S-15 - Kanine Krunchies,25,S-12 - Anti-Block Heroes,19,S-05,StarCenter Multisport - Farmers Branch (Court 8),"Fri, Apr 10 2026",7:00 PM,Spring
S-15 - Kanine Krunchies,25,S-12 - Anti-Block Heroes,18,S-05,StarCenter Multisport - Farmers Branch (Court 8),"Fri, Apr 10 2026",7:00 PM,Spring
S-17 - Honey Bunches of Floats,15,S-10 - Count Blockula,25,S-03,StarCenter Multisport - Farmers Branch (Court 9),"Fri, Apr 10 2026",7:00 PM,Spring
S-17 - Honey Bunches of Floats,25,S-10 - Count Blockula,21,S-03,StarCenter Multisport - Farmers Branch (Court 9),"Fri, Apr 10 2026",7:00 PM,Spring
S-02 - I Write Sets Not Tragedies,17,S-18 - Spike Krispies,25,S-14,StarCenter Multisport - Farmers Branch (Court 10),"Fri, Apr 10 2026",7:45 PM,Spring
S-02 - I Write Sets Not Tragedies,24,S-18 - Spike Krispies,19,S-14,StarCenter Multisport - Farmers Branch (Court 10),"Fri, Apr 10 2026",7:45 PM,Spring
"S-05 - My Set, My Quick (Spike It!)",14,S-15 - Kanine Krunchies,25,S-12,StarCenter Multisport - Farmers Branch (Court 8),"Fri, Apr 10 2026",7:45 PM,Spring
"S-05 - My Set, My Quick (Spike It!)",19,S-15 - Kanine Krunchies,25,S-12,StarCenter Multisport - Farmers Branch (Court 8),"Fri, Apr 10 2026",7:45 PM,Spring
S-03 - Call Me If You Get Blocked,25,S-17 - Honey Bunches of Floats,23,S-10,StarCenter Multisport - Farmers Branch (Court 9),"Fri, Apr 10 2026",7:45 PM,Spring
S-03 - Call Me If You Get Blocked,15,S-17 - Honey Bunches of Floats,21,S-10,StarCenter Multisport - Farmers Branch (Court 9),"Fri, Apr 10 2026",7:45 PM,Spring
S-02 - I Write Sets Not Tragedies,25,S-14 - Chex Appeal,23,S-18,StarCenter Multisport - Farmers Branch (Court 10),"Fri, Apr 10 2026",8:30 PM,Spring
S-02 - I Write Sets Not Tragedies,16,S-14 - Chex Appeal,15,S-18,StarCenter Multisport - Farmers Branch (Court 10),"Fri, Apr 10 2026",8:30 PM,Spring
"S-05 - My Set, My Quick (Spike It!)",25,S-12 - Anti-Block Heroes,17,S-15,StarCenter Multisport - Farmers Branch (Court 8),"Fri, Apr 10 2026",8:30 PM,Spring
"S-05 - My Set, My Quick (Spike It!)",25,S-12 - Anti-Block Heroes,17,S-15,StarCenter Multisport - Farmers Branch (Court 8),"Fri, Apr 10 2026",8:30 PM,Spring
S-03 - Call Me If You Get Blocked,23,S-10 - Count Blockula,25,S-17,StarCenter Multisport - Farmers Branch (Court 9),"Fri, Apr 10 2026",8:30 PM,Spring
S-03 - Call Me If You Get Blocked,18,S-10 - Count Blockula,17,S-17,StarCenter Multisport - Farmers Branch (Court 9),"Fri, Apr 10 2026",8:30 PM,Spring
S-09 - Honey Nut Cheeri-Hoes,21,S-06 - Frosted Freaks,25,S-13,StarCenter Multisport - Farmers Branch (Court 10),"Fri, Apr 10 2026",9:15 PM,Spring
S-09 - Honey Nut Cheeri-Hoes,20,S-06 - Frosted Freaks,16,S-13,StarCenter Multisport - Farmers Branch (Court 10),"Fri, Apr 10 2026",9:15 PM,Spring
S-01 - Oops I Hit It Again,19,S-08 - Cereal Killers,25,S-04,StarCenter Multisport - Farmers Branch (Court 8),"Fri, Apr 10 2026",9:15 PM,Spring
S-01 - Oops I Hit It Again,22,S-08 - Cereal Killers,19,S-04,StarCenter Multisport - Farmers Branch (Court 8),"Fri, Apr 10 2026",9:15 PM,Spring
S-07 - Heavy Is The Crown,25,S-16 - Frosted Tips,15,S-11,StarCenter Multisport - Farmers Branch (Court 9),"Fri, Apr 10 2026",9:15 PM,Spring
S-07 - Heavy Is The Crown,17,S-16 - Frosted Tips,20,S-11,StarCenter Multisport - Farmers Branch (Court 9),"Fri, Apr 10 2026",9:15 PM,Spring
S-13 - Ace Krispies,21,S-09 - Honey Nut Cheeri-Hoes,25,S-06,StarCenter Multisport - Farmers Branch (Court 10),"Fri, Apr 10 2026",10:00 PM,Spring
S-13 - Ace Krispies,17,S-09 - Honey Nut Cheeri-Hoes,24,S-06,StarCenter Multisport - Farmers Branch (Court 10),"Fri, Apr 10 2026",10:00 PM,Spring
S-04 - Sets With Me,16,S-01 - Oops I Hit It Again,25,S-08,StarCenter Multisport - Farmers Branch (Court 8),"Fri, Apr 10 2026",10:00 PM,Spring
S-04 - Sets With Me,25,S-01 - Oops I Hit It Again,12,S-08,StarCenter Multisport - Farmers Branch (Court 8),"Fri, Apr 10 2026",10:00 PM,Spring
S-11 - Cap'n C*nt,21,S-07 - Heavy Is The Crown,25,S-16,StarCenter Multisport - Farmers Branch (Court 9),"Fri, Apr 10 2026",10:00 PM,Spring
S-11 - Cap'n C*nt,23,S-07 - Heavy Is The Crown,18,S-16,StarCenter Multisport - Farmers Branch (Court 9),"Fri, Apr 10 2026",10:00 PM,Spring
S-13 - Ace Krispies,20,S-06 - Frosted Freaks,25,S-09,StarCenter Multisport - Farmers Branch (Court 10),"Fri, Apr 10 2026",10:45 PM,Spring
S-13 - Ace Krispies,23,S-06 - Frosted Freaks,21,S-09,StarCenter Multisport - Farmers Branch (Court 10),"Fri, Apr 10 2026",10:45 PM,Spring
S-04 - Sets With Me,25,S-08 - Cereal Killers,16,S-01,StarCenter Multisport - Farmers Branch (Court 8),"Fri, Apr 10 2026",10:45 PM,Spring
S-04 - Sets With Me,25,S-08 - Cereal Killers,22,S-01,StarCenter Multisport - Farmers Branch (Court 8),"Fri, Apr 10 2026",10:45 PM,Spring
S-11 - Cap'n C*nt,25,S-16 - Frosted Tips,15,S-07,StarCenter Multisport - Farmers Branch (Court 9),"Fri, Apr 10 2026",10:45 PM,Spring
S-11 - Cap'n C*nt,17,S-16 - Frosted Tips,20,S-07,StarCenter Multisport - Farmers Branch (Court 9),"Fri, Apr 10 2026",10:45 PM,Spring
S-11 - Cap'n C*nt,15,S-06 - Frosted Freaks,25,S-13,StarCenter Multisport - North Lake (Court 8),"Fri, Apr 17 2026",7:00 PM,Spring
S-11 - Cap'n C*nt,23,S-06 - Frosted Freaks,18,S-13,StarCenter Multisport - North Lake (Court 8),"Fri, Apr 17 2026",7:00 PM,Spring
S-10 - Count Blockula,25,S-17 - Honey Bunches of Floats,12,S-15,StarCenter Multisport - North Lake (Court 9),"Fri, Apr 17 2026",7:00 PM,Spring
S-10 - Count Blockula,22,S-17 - Honey Bunches of Floats,18,S-15,StarCenter Multisport - North Lake (Court 9),"Fri, Apr 17 2026",7:00 PM,Spring
S-04 - Sets With Me,25,S-03 - Call Me If You Get Blocked,18,S-18,StarCenter Multisport - North Lake (Court 10),"Fri, Apr 17 2026",7:00 PM,Spring
S-04 - Sets With Me,15,S-03 - Call Me If You Get Blocked,19,S-18,StarCenter Multisport - North Lake (Court 10),"Fri, Apr 17 2026",7:00 PM,Spring
S-13 - Ace Krispies,13,S-11 - Cap'n C*nt,25,S-06,StarCenter Multisport - North Lake (Court 8),"Fri, Apr 17 2026",7:45 PM,Spring
S-13 - Ace Krispies,13,S-11 - Cap'n C*nt,25,S-06,StarCenter Multisport - North Lake (Court 8),"Fri, Apr 17 2026",7:45 PM,Spring
S-15 - Kanine Krunchies,17,S-10 - Count Blockula,25,S-17,StarCenter Multisport - North Lake (Court 9),"Fri, Apr 17 2026",7:45 PM,Spring
S-15 - Kanine Krunchies,22,S-10 - Count Blockula,22,S-17,StarCenter Multisport - North Lake (Court 9),"Fri, Apr 17 2026",7:45 PM,Spring
S-18 - Spike Krispies,10,S-04 - Sets With Me,25,S-03,StarCenter Multisport - North Lake (Court 10),"Fri, Apr 17 2026",7:45 PM,Spring
S-18 - Spike Krispies,16,S-04 - Sets With Me,22,S-03,StarCenter Multisport - North Lake (Court 10),"Fri, Apr 17 2026",7:45 PM,Spring
S-13 - Ace Krispies,25,S-06 - Frosted Freaks,21,S-11,StarCenter Multisport - North Lake (Court 8),"Fri, Apr 17 2026",8:30 PM,Spring
S-13 - Ace Krispies,15,S-06 - Frosted Freaks,25,S-11,StarCenter Multisport - North Lake (Court 8),"Fri, Apr 17 2026",8:30 PM,Spring
S-15 - Kanine Krunchies,25,S-17 - Honey Bunches of Floats,11,S-10,StarCenter Multisport - North Lake (Court 9),"Fri, Apr 17 2026",8:30 PM,Spring
S-15 - Kanine Krunchies,25,S-17 - Honey Bunches of Floats,17,S-10,StarCenter Multisport - North Lake (Court 9),"Fri, Apr 17 2026",8:30 PM,Spring
S-18 - Spike Krispies,25,S-03 - Call Me If You Get Blocked,13,S-04,StarCenter Multisport - North Lake (Court 10),"Fri, Apr 17 2026",8:30 PM,Spring
S-18 - Spike Krispies,17,S-03 - Call Me If You Get Blocked,22,S-04,StarCenter Multisport - North Lake (Court 10),"Fri, Apr 17 2026",8:30 PM,Spring
S-14 - Chex Appeal,20,S-12 - Anti-Block Heroes,25,S-16,StarCenter Multisport - North Lake (Court 8),"Fri, Apr 17 2026",9:15 PM,Spring
S-14 - Chex Appeal,19,S-12 - Anti-Block Heroes,25,S-16,StarCenter Multisport - North Lake (Court 8),"Fri, Apr 17 2026",9:15 PM,Spring
"S-05 - My Set, My Quick (Spike It!)",20,S-02 - I Write Sets Not Tragedies,25,S-09,StarCenter Multisport - North Lake (Court 9),"Fri, Apr 17 2026",9:15 PM,Spring
"S-05 - My Set, My Quick (Spike It!)",13,S-02 - I Write Sets Not Tragedies,25,S-09,StarCenter Multisport - North Lake (Court 9),"Fri, Apr 17 2026",9:15 PM,Spring
S-08 - Cereal Killers,25,S-07 - Heavy Is The Crown,20,S-01,StarCenter Multisport - North Lake (Court 10),"Fri, Apr 17 2026",9:15 PM,Spring
S-08 - Cereal Killers,19,S-07 - Heavy Is The Crown,20,S-01,StarCenter Multisport - North Lake (Court 10),"Fri, Apr 17 2026",9:15 PM,Spring
S-16 - Frosted Tips,25,S-14 - Chex Appeal,21,S-12,StarCenter Multisport - North Lake (Court 8),"Fri, Apr 17 2026",10:00 PM,Spring
S-16 - Frosted Tips,12,S-14 - Chex Appeal,24,S-12,StarCenter Multisport - North Lake (Court 8),"Fri, Apr 17 2026",10:00 PM,Spring
S-09 - Honey Nut Cheeri-Hoes,25,"S-05 - My Set, My Quick (Spike It!)",18,S-02,StarCenter Multisport - North Lake (Court 9),"Fri, Apr 17 2026",10:00 PM,Spring
S-09 - Honey Nut Cheeri-Hoes,25,"S-05 - My Set, My Quick (Spike It!)",19,S-02,StarCenter Multisport - North Lake (Court 9),"Fri, Apr 17 2026",10:00 PM,Spring
S-01 - Oops I Hit It Again,23,S-08 - Cereal Killers,25,S-07,StarCenter Multisport - North Lake (Court 10),"Fri, Apr 17 2026",10:00 PM,Spring
S-01 - Oops I Hit It Again,14,S-08 - Cereal Killers,18,S-07,StarCenter Multisport - North Lake (Court 10),"Fri, Apr 17 2026",10:00 PM,Spring
S-16 - Frosted Tips,25,S-12 - Anti-Block Heroes,17,S-14,StarCenter Multisport - North Lake (Court 8),"Fri, Apr 17 2026",10:45 PM,Spring
S-16 - Frosted Tips,21,S-12 - Anti-Block Heroes,22,S-14,StarCenter Multisport - North Lake (Court 8),"Fri, Apr 17 2026",10:45 PM,Spring
S-09 - Honey Nut Cheeri-Hoes,23,S-02 - I Write Sets Not Tragedies,25,S-05,StarCenter Multisport - North Lake (Court 9),"Fri, Apr 17 2026",10:45 PM,Spring
S-09 - Honey Nut Cheeri-Hoes,23,S-02 - I Write Sets Not Tragedies,25,S-05,StarCenter Multisport - North Lake (Court 9),"Fri, Apr 17 2026",10:45 PM,Spring
S-01 - Oops I Hit It Again,25,S-07 - Heavy Is The Crown,18,S-08,StarCenter Multisport - North Lake (Court 10),"Fri, Apr 17 2026",10:45 PM,Spring
S-01 - Oops I Hit It Again,22,S-07 - Heavy Is The Crown,17,S-08,StarCenter Multisport - North Lake (Court 10),"Fri, Apr 17 2026",10:45 PM,Spring
S-14 - Chex Appeal,16,S-11 - Cap'n C*nt,25,S-16,StarCenter Multisport - Farmers Branch (Court 8),"Fri, Apr 24 2026",7:00 PM,Spring
S-14 - Chex Appeal,16,S-11 - Cap'n C*nt,22,S-16,StarCenter Multisport - Farmers Branch (Court 8),"Fri, Apr 24 2026",7:00 PM,Spring
S-13 - Ace Krispies,17,S-08 - Cereal Killers,25,S-15,StarCenter Multisport - Farmers Branch (Court 9),"Fri, Apr 24 2026",7:00 PM,Spring
S-13 - Ace Krispies,25,S-08 - Cereal Killers,20,S-15,StarCenter Multisport - Farmers Branch (Court 9),"Fri, Apr 24 2026",7:00 PM,Spring
S-03 - Call Me If You Get Blocked,25,S-01 - Oops I Hit It Again,18,S-06,StarCenter Multisport - Farmers Branch (Court 10),"Fri, Apr 24 2026",7:00 PM,Spring
S-03 - Call Me If You Get Blocked,17,S-01 - Oops I Hit It Again,23,S-06,StarCenter Multisport - Farmers Branch (Court 10),"Fri, Apr 24 2026",7:00 PM,Spring
S-16 - Frosted Tips,25,S-14 - Chex Appeal,14,S-11,StarCenter Multisport - Farmers Branch (Court 8),"Fri, Apr 24 2026",7:45 PM,Spring
S-16 - Frosted Tips,25,S-14 - Chex Appeal,13,S-11,StarCenter Multisport - Farmers Branch (Court 8),"Fri, Apr 24 2026",7:45 PM,Spring
S-15 - Kanine Krunchies,25,S-13 - Ace Krispies,12,S-08,StarCenter Multisport - Farmers Branch (Court 9),"Fri, Apr 24 2026",7:45 PM,Spring
S-15 - Kanine Krunchies,25,S-13 - Ace Krispies,15,S-08,StarCenter Multisport - Farmers Branch (Court 9),"Fri, Apr 24 2026",7:45 PM,Spring
S-06 - Frosted Freaks,23,S-03 - Call Me If You Get Blocked,25,S-01,StarCenter Multisport - Farmers Branch (Court 10),"Fri, Apr 24 2026",7:45 PM,Spring
S-06 - Frosted Freaks,25,S-03 - Call Me If You Get Blocked,17,S-01,StarCenter Multisport - Farmers Branch (Court 10),"Fri, Apr 24 2026",7:45 PM,Spring
S-16 - Frosted Tips,14,S-11 - Cap'n C*nt,25,S-14,StarCenter Multisport - Farmers Branch (Court 8),"Fri, Apr 24 2026",8:30 PM,Spring
S-16 - Frosted Tips,23,S-11 - Cap'n C*nt,21,S-14,StarCenter Multisport - Farmers Branch (Court 8),"Fri, Apr 24 2026",8:30 PM,Spring
S-15 - Kanine Krunchies,25,S-08 - Cereal Killers,20,S-13,StarCenter Multisport - Farmers Branch (Court 9),"Fri, Apr 24 2026",8:30 PM,Spring
S-15 - Kanine Krunchies,25,S-08 - Cereal Killers,16,S-13,StarCenter Multisport - Farmers Branch (Court 9),"Fri, Apr 24 2026",8:30 PM,Spring
S-06 - Frosted Freaks,15,S-01 - Oops I Hit It Again,25,S-03,StarCenter Multisport - Farmers Branch (Court 10),"Fri, Apr 24 2026",8:30 PM,Spring
S-06 - Frosted Freaks,25,S-01 - Oops I Hit It Again,20,S-03,StarCenter Multisport - Farmers Branch (Court 10),"Fri, Apr 24 2026",8:30 PM,Spring
S-09 - Honey Nut Cheeri-Hoes,18,"S-05 - My Set, My Quick (Spike It!)",25,S-18,StarCenter Multisport - Farmers Branch (Court 8),"Fri, Apr 24 2026",9:15 PM,Spring
S-09 - Honey Nut Cheeri-Hoes,21,"S-05 - My Set, My Quick (Spike It!)",22,S-18,StarCenter Multisport - Farmers Branch (Court 8),"Fri, Apr 24 2026",9:15 PM,Spring
S-10 - Count Blockula,25,S-04 - Sets With Me,23,S-02,StarCenter Multisport - Farmers Branch (Court 9),"Fri, Apr 24 2026",9:15 PM,Spring
S-10 - Count Blockula,25,S-04 - Sets With Me,18,S-02,StarCenter Multisport - Farmers Branch (Court 9),"Fri, Apr 24 2026",9:15 PM,Spring
S-07 - Heavy Is The Crown,22,S-17 - Honey Bunches of Floats,25,S-12,StarCenter Multisport - Farmers Branch (Court 10),"Fri, Apr 24 2026",9:15 PM,Spring
S-07 - Heavy Is The Crown,21,S-17 - Honey Bunches of Floats,18,S-12,StarCenter Multisport - Farmers Branch (Court 10),"Fri, Apr 24 2026",9:15 PM,Spring
S-18 - Spike Krispies,17,S-09 - Honey Nut Cheeri-Hoes,25,S-05,StarCenter Multisport - Farmers Branch (Court 8),"Fri, Apr 24 2026",10:00 PM,Spring
S-18 - Spike Krispies,25,S-09 - Honey Nut Cheeri-Hoes,23,S-05,StarCenter Multisport - Farmers Branch (Court 8),"Fri, Apr 24 2026",10:00 PM,Spring
S-02 - I Write Sets Not Tragedies,18,S-10 - Count Blockula,25,S-04,StarCenter Multisport - Farmers Branch (Court 9),"Fri, Apr 24 2026",10:00 PM,Spring
S-02 - I Write Sets Not Tragedies,15,S-10 - Count Blockula,25,S-04,StarCenter Multisport - Farmers Branch (Court 9),"Fri, Apr 24 2026",10:00 PM,Spring
S-12 - Anti-Block Heroes,21,S-07 - Heavy Is The Crown,25,S-17,StarCenter Multisport - Farmers Branch (Court 10),"Fri, Apr 24 2026",10:00 PM,Spring
S-12 - Anti-Block Heroes,20,S-07 - Heavy Is The Crown,12,S-17,StarCenter Multisport - Farmers Branch (Court 10),"Fri, Apr 24 2026",10:00 PM,Spring
S-18 - Spike Krispies,23,"S-05 - My Set, My Quick (Spike It!)",25,S-09,StarCenter Multisport - Farmers Branch (Court 8),"Fri, Apr 24 2026",10:45 PM,Spring
S-18 - Spike Krispies,20,"S-05 - My Set, My Quick (Spike It!)",22,S-09,StarCenter Multisport - Farmers Branch (Court 8),"Fri, Apr 24 2026",10:45 PM,Spring
S-02 - I Write Sets Not Tragedies,25,S-04 - Sets With Me,23,S-10,StarCenter Multisport - Farmers Branch (Court 9),"Fri, Apr 24 2026",10:45 PM,Spring
S-02 - I Write Sets Not Tragedies,19,S-04 - Sets With Me,21,S-10,StarCenter Multisport - Farmers Branch (Court 9),"Fri, Apr 24 2026",10:45 PM,Spring
S-12 - Anti-Block Heroes,25,S-17 - Honey Bunches of Floats,15,S-07,StarCenter Multisport - Farmers Branch (Court 10),"Fri, Apr 24 2026",10:45 PM,Spring
S-12 - Anti-Block Heroes,25,S-17 - Honey Bunches of Floats,21,S-07,StarCenter Multisport - Farmers Branch (Court 10),"Fri, Apr 24 2026",10:45 PM,Spring
S-02 - I Write Sets Not Tragedies,,S-16 - Frosted Tips,,S-07,StarCenter Multisport - Farmers Branch (Court 8),"Fri, May 1 2026",7:00 PM,Spring
S-02 - I Write Sets Not Tragedies,,S-16 - Frosted Tips,,S-07,StarCenter Multisport - Farmers Branch (Court 8),"Fri, May 1 2026",7:00 PM,Spring
S-15 - Kanine Krunchies,,S-14 - Chex Appeal,,S-01,StarCenter Multisport - Farmers Branch (Court 9),"Fri, May 1 2026",7:00 PM,Spring
S-15 - Kanine Krunchies,,S-14 - Chex Appeal,,S-01,StarCenter Multisport - Farmers Branch (Court 9),"Fri, May 1 2026",7:00 PM,Spring
S-17 - Honey Bunches of Floats,,S-13 - Ace Krispies,,S-08,StarCenter Multisport - Farmers Branch (Court 10),"Fri, May 1 2026",7:00 PM,Spring
S-17 - Honey Bunches of Floats,,S-13 - Ace Krispies,,S-08,StarCenter Multisport - Farmers Branch (Court 10),"Fri, May 1 2026",7:00 PM,Spring
S-07 - Heavy Is The Crown,,S-02 - I Write Sets Not Tragedies,,S-16,StarCenter Multisport - Farmers Branch (Court 8),"Fri, May 1 2026",7:45 PM,Spring
S-07 - Heavy Is The Crown,,S-02 - I Write Sets Not Tragedies,,S-16,StarCenter Multisport - Farmers Branch (Court 8),"Fri, May 1 2026",7:45 PM,Spring
S-01 - Oops I Hit It Again,,S-15 - Kanine Krunchies,,S-14,StarCenter Multisport - Farmers Branch (Court 9),"Fri, May 1 2026",7:45 PM,Spring
S-01 - Oops I Hit It Again,,S-15 - Kanine Krunchies,,S-14,StarCenter Multisport - Farmers Branch (Court 9),"Fri, May 1 2026",7:45 PM,Spring
S-08 - Cereal Killers,,S-17 - Honey Bunches of Floats,,S-13,StarCenter Multisport - Farmers Branch (Court 10),"Fri, May 1 2026",7:45 PM,Spring
S-08 - Cereal Killers,,S-17 - Honey Bunches of Floats,,S-13,StarCenter Multisport - Farmers Branch (Court 10),"Fri, May 1 2026",7:45 PM,Spring
S-07 - Heavy Is The Crown,,S-16 - Frosted Tips,,S-02,StarCenter Multisport - Farmers Branch (Court 8),"Fri, May 1 2026",8:30 PM,Spring
S-07 - Heavy Is The Crown,,S-16 - Frosted Tips,,S-02,StarCenter Multisport - Farmers Branch (Court 8),"Fri, May 1 2026",8:30 PM,Spring
S-01 - Oops I Hit It Again,,S-14 - Chex Appeal,,S-15,StarCenter Multisport - Farmers Branch (Court 9),"Fri, May 1 2026",8:30 PM,Spring
S-01 - Oops I Hit It Again,,S-14 - Chex Appeal,,S-15,StarCenter Multisport - Farmers Branch (Court 9),"Fri, May 1 2026",8:30 PM,Spring
S-08 - Cereal Killers,,S-13 - Ace Krispies,,S-17,StarCenter Multisport - Farmers Branch (Court 10),"Fri, May 1 2026",8:30 PM,Spring
S-08 - Cereal Killers,,S-13 - Ace Krispies,,S-17,StarCenter Multisport - Farmers Branch (Court 10),"Fri, May 1 2026",8:30 PM,Spring
"S-05 - My Set, My Quick (Spike It!)",,S-04 - Sets With Me,,S-11,StarCenter Multisport - Farmers Branch (Court 8),"Fri, May 1 2026",9:15 PM,Spring
"S-05 - My Set, My Quick (Spike It!)",,S-04 - Sets With Me,,S-11,StarCenter Multisport - Farmers Branch (Court 8),"Fri, May 1 2026",9:15 PM,Spring
S-06 - Frosted Freaks,,S-03 - Call Me If You Get Blocked,,S-12,StarCenter Multisport - Farmers Branch (Court 9),"Fri, May 1 2026",9:15 PM,Spring
S-06 - Frosted Freaks,,S-03 - Call Me If You Get Blocked,,S-12,StarCenter Multisport - Farmers Branch (Court 9),"Fri, May 1 2026",9:15 PM,Spring
S-09 - Honey Nut Cheeri-Hoes,,S-18 - Spike Krispies,,S-10,StarCenter Multisport - Farmers Branch (Court 10),"Fri, May 1 2026",9:15 PM,Spring
S-09 - Honey Nut Cheeri-Hoes,,S-18 - Spike Krispies,,S-10,StarCenter Multisport - Farmers Branch (Court 10),"Fri, May 1 2026",9:15 PM,Spring
S-11 - Cap'n C*nt,,"S-05 - My Set, My Quick (Spike It!)",,S-04,StarCenter Multisport - Farmers Branch (Court 8),"Fri, May 1 2026",10:00 PM,Spring
S-11 - Cap'n C*nt,,"S-05 - My Set, My Quick (Spike It!)",,S-04,StarCenter Multisport - Farmers Branch (Court 8),"Fri, May 1 2026",10:00 PM,Spring
S-12 - Anti-Block Heroes,,S-06 - Frosted Freaks,,S-03,StarCenter Multisport - Farmers Branch (Court 9),"Fri, May 1 2026",10:00 PM,Spring
S-12 - Anti-Block Heroes,,S-06 - Frosted Freaks,,S-03,StarCenter Multisport - Farmers Branch (Court 9),"Fri, May 1 2026",10:00 PM,Spring
S-10 - Count Blockula,,S-09 - Honey Nut Cheeri-Hoes,,S-18,StarCenter Multisport - Farmers Branch (Court 10),"Fri, May 1 2026",10:00 PM,Spring
S-10 - Count Blockula,,S-09 - Honey Nut Cheeri-Hoes,,S-18,StarCenter Multisport - Farmers Branch (Court 10),"Fri, May 1 2026",10:00 PM,Spring
S-11 - Cap'n C*nt,,S-04 - Sets With Me,,S-05,StarCenter Multisport - Farmers Branch (Court 8),"Fri, May 1 2026",10:45 PM,Spring
S-11 - Cap'n C*nt,,S-04 - Sets With Me,,S-05,StarCenter Multisport - Farmers Branch (Court 8),"Fri, May 1 2026",10:45 PM,Spring
S-12 - Anti-Block Heroes,,S-03 - Call Me If You Get Blocked,,S-06,StarCenter Multisport - Farmers Branch (Court 9),"Fri, May 1 2026",10:45 PM,Spring
S-12 - Anti-Block Heroes,,S-03 - Call Me If You Get Blocked,,S-06,StarCenter Multisport - Farmers Branch (Court 9),"Fri, May 1 2026",10:45 PM,Spring
S-10 - Count Blockula,,S-18 - Spike Krispies,,S-09,StarCenter Multisport - Farmers Branch (Court 10),"Fri, May 1 2026",10:45 PM,Spring
S-10 - Count Blockula,,S-18 - Spike Krispies,,S-09,StarCenter Multisport - Farmers Branch (Court 10),"Fri, May 1 2026",10:45 PM,Spring
